time,coin,sz,side,payment,rate
12/22/2025 - 01:00:00,AIXBT,342,Short,0.000125,0.0000125
12/22/2025 - 01:00:00,BNB,0.012,Long,-0.000308,0.0000059946
12/22/2025 - 01:00:00,BTC,0.00012,Long,0.000044,-7.335e-7
12/22/2025 - 01:00:00,ICP,3.3,Short,0.000629,0.0000125
12/22/2025 - 01:00:00,JTO,28,Short,-0.000375,-0.0000372466
12/22/2025 - 01:00:00,ME,45.8,Short,-0.002412,-0.0000490098
12/22/2025 - 01:00:00,TNSR,117.6833333333,Short,-0.00181,-0.000030642
12/22/2025 - 01:00:00,TRX,35.8333333333,Long,-0.000745,0.0000122329
12/22/2025 - 01:00:00,XRP,6,Long,-0.000144,0.0000125
12/23/2025 - 01:00:00,AVAX,0.83,Long,-0.000255,0.0000050492
12/23/2025 - 01:00:00,BNB,0.0125,Long,0.000618,-0.0000024688
12/23/2025 - 01:00:00,BTC,0.000125,Long,-0.001879,0.0000071964
12/23/2025 - 01:00:00,ETC,0.83,Long,0.000185,-0.0000037195
12/23/2025 - 01:00:00,ETH,0.0035,Long,-0.000231,0.0000112804
12/23/2025 - 01:00:00,HMSTR,48310,Short,-0.000641,-0.0000127294
12/23/2025 - 01:00:00,ICP,3.4416666667,Short,0.003088,0.0000125
12/23/2025 - 01:00:00,ME,58.2583333333,Short,-0.010607,-0.0000380391
12/23/2025 - 01:00:00,TNSR,148.125,Short,-0.021699,-0.0000749329
12/23/2025 - 01:00:00,TRX,37.5,Long,-0.001709,0.0000067004
12/23/2025 - 01:00:00,XLM,47,Long,-0.000635,0.0000125
12/24/2025 - 01:00:00,ATOM,5.15,Long,-0.00063,0.0000125
12/24/2025 - 01:00:00,AVAX,0.83,Long,0.000853,-0.0000036018
12/24/2025 - 01:00:00,BNB,0.012,Long,0.001118,-0.0000046532
12/24/2025 - 01:00:00,BTC,0.000145,Long,-0.00369,0.0000121729
12/24/2025 - 01:00:00,ETC,0.83,Long,0.004517,-0.000019047
12/24/2025 - 01:00:00,HMSTR,48310,Short,-0.011086,-0.0000467579
12/24/2025 - 01:00:00,ICP,3.3,Short,0.002853,0.0000121176
12/24/2025 - 01:00:00,ME,106.0583333333,Short,0.003195,0.0000063254
12/24/2025 - 01:00:00,TNSR,264.5541666667,Short,-0.036471,-0.0000724376
12/24/2025 - 01:00:00,TON,6.8,Long,-0.000631,0.0000125
12/24/2025 - 01:00:00,TRX,36,Long,-0.002148,0.0000088341
12/24/2025 - 01:00:00,XLM,47,Long,-0.001227,0.000005101
12/24/2025 - 01:00:00,ZEC,0.03,Short,0.000842,0.0000126403
12/25/2025 - 01:00:00,ATOM,5.15,Long,-0.002733,0.0000111105
12/25/2025 - 01:00:00,AVAX,0.83,Long,-0.003042,0.0000125
12/25/2025 - 01:00:00,BNB,0.0145,Long,0.000208,-7.283e-7
12/25/2025 - 01:00:00,BTC,0.000265,Long,-0.00697,0.0000125
12/25/2025 - 01:00:00,ETC,0.83,Long,0.003527,-0.000014818
12/25/2025 - 01:00:00,HMSTR,48310,Short,-0.000145,-5.603e-7
12/25/2025 - 01:00:00,ICP,3.3,Short,0.003016,0.0000125
12/25/2025 - 01:00:00,ME,155.8833333333,Short,-0.016605,-0.0000214645
12/25/2025 - 01:00:00,MOVE,264,Short,-0.016874,-0.0003345958
12/25/2025 - 01:00:00,TNSR,364.7,Short,-0.154165,-0.0001990714
12/25/2025 - 01:00:00,TON,8.1958333333,Long,-0.003704,0.0000125
12/25/2025 - 01:00:00,TRX,36,Long,-0.000193,7.924e-7
12/25/2025 - 01:00:00,XLM,47,Long,-0.001712,0.0000071439
12/25/2025 - 01:00:00,YGG,152,Short,0.000383,0.0000077038
12/25/2025 - 01:00:00,ZEC,0.03,Short,0.006276,0.0000196174
12/26/2025 - 01:00:00,ATOM,5.15,Long,-0.002799,0.0000112069
12/26/2025 - 01:00:00,AVAX,0.83,Long,-0.00126,0.0000050324
12/26/2025 - 01:00:00,BCH,0.017,Long,-0.000231,0.0000046067
12/26/2025 - 01:00:00,BNB,0.024,Long,0.000705,-0.0000015043
12/26/2025 - 01:00:00,BTC,0.000385,Long,-0.009355,0.0000115201
12/26/2025 - 01:00:00,ETC,0.83,Long,0.007932,-0.0000338548
12/26/2025 - 01:00:00,HMSTR,48310,Short,-0.078383,-0.0002808884
12/26/2025 - 01:00:00,ICP,3.3,Short,0.002968,0.0000125
12/26/2025 - 01:00:00,IP,7,Short,-0.000255,-0.0000050338
12/26/2025 - 01:00:00,ME,204.6375,Short,-0.00913,-0.0000091822
12/26/2025 - 01:00:00,MOVE,324,Short,-0.03923,-0.0001424469
12/26/2025 - 01:00:00,TNSR,364.7,Short,-0.360178,-0.0004866188
12/26/2025 - 01:00:00,TON,14.875,Long,-0.0068,0.0000125
12/26/2025 - 01:00:00,TRX,36,Long,0.000194,-8.181e-7
12/26/2025 - 01:00:00,XLM,47,Long,0.00226,-0.0000094514
12/26/2025 - 01:00:00,YGG,152,Short,-0.005978,-0.0000247916
12/26/2025 - 01:00:00,ZEC,0.03,Short,0.008717,0.0000272695
12/27/2025 - 01:00:00,ALGO,85,Long,-0.000627,0.0000125
12/27/2025 - 01:00:00,ATOM,6.16875,Long,-0.003275,0.0000108395
12/27/2025 - 01:00:00,AVAX,0.83,Long,-0.003094,0.0000125
12/27/2025 - 01:00:00,BANANA,1.4,Short,-0.001505,-0.0000297194
12/27/2025 - 01:00:00,BCH,0.017,Long,-0.002796,0.000011262
12/27/2025 - 01:00:00,BNB,0.024,Long,-0.002994,0.0000061908
12/27/2025 - 01:00:00,BTC,0.000505,Long,-0.013246,0.0000125
12/27/2025 - 01:00:00,ETC,0.83,Long,0.006013,-0.0000257489
12/27/2025 - 01:00:00,HMSTR,57779.7916666667,Short,-0.012802,-0.0000405591
12/27/2025 - 01:00:00,ICP,3.3,Short,0.002997,0.0000125
12/27/2025 - 01:00:00,IP,7,Short,-0.021698,-0.0000855896
12/27/2025 - 01:00:00,ME,244.3,Short,-0.092017,-0.0000753999
12/27/2025 - 01:00:00,MOVE,610.9583333333,Short,-0.126475,-0.0002379374
12/27/2025 - 01:00:00,TNSR,364.7,Short,-0.142837,-0.0001955022
12/27/2025 - 01:00:00,TON,20.1,Long,-0.009482,0.0000125
12/27/2025 - 01:00:00,TRX,36,Long,-0.001224,0.0000050417
12/27/2025 - 01:00:00,XLM,47,Long,-0.000816,0.0000033629
12/27/2025 - 01:00:00,YGG,152,Short,0.000023,2.075e-7
12/27/2025 - 01:00:00,ZEC,0.03,Short,0.005278,0.0000150508
12/28/2025 - 01:00:00,ALGO,85,Long,-0.00305,0.0000125
12/28/2025 - 01:00:00,ATOM,10.04,Long,0.003498,-0.0000070069
12/28/2025 - 01:00:00,AVAX,0.83,Long,-0.002938,0.0000116435
12/28/2025 - 01:00:00,BANANA,2.025,Short,-0.02768,-0.0000800347
12/28/2025 - 01:00:00,BCH,0.023875,Long,-0.001613,0.000004528
12/28/2025 - 01:00:00,BNB,0.024,Long,-0.00612,0.0000125
12/28/2025 - 01:00:00,BTC,0.0006,Long,-0.014628,0.0000115852
12/28/2025 - 01:00:00,ETC,0.83,Long,-0.001974,0.0000081812
12/28/2025 - 01:00:00,HMSTR,93765,Short,0.006035,0.0000123024
12/28/2025 - 01:00:00,ICP,3.3,Short,0.003028,0.0000125
12/28/2025 - 01:00:00,IP,7,Short,0.001577,0.0000060378
12/28/2025 - 01:00:00,MAVIA,388.2,Short,0.001246,0.0000125
12/28/2025 - 01:00:00,ME,244.3,Short,-0.037744,-0.0000308074
12/28/2025 - 01:00:00,MOVE,951.0416666667,Short,-0.028778,-0.0000352491
12/28/2025 - 01:00:00,TNSR,364.7,Short,-0.204467,-0.0002865196
12/28/2025 - 01:00:00,TON,22.6416666667,Long,-0.011107,0.0000125
12/28/2025 - 01:00:00,TRX,51,Long,-0.004337,0.0000125
12/28/2025 - 01:00:00,XLM,47,Long,-0.001702,0.0000067763
12/28/2025 - 01:00:00,YGG,152,Short,0.0028,0.0000117336
12/28/2025 - 01:00:00,ZEC,0.03,Short,0.005505,0.0000146888
12/29/2025 - 01:00:00,ALGO,85,Long,-0.003027,0.000012467
12/29/2025 - 01:00:00,ATOM,10.04,Long,0.006026,-0.0000122787
12/29/2025 - 01:00:00,AVAX,0.83,Long,-0.002255,0.0000088543
12/29/2025 - 01:00:00,BANANA,3.5875,Short,-0.004769,-0.0000076346
12/29/2025 - 01:00:00,BCH,0.0407916667,Long,0.00003,1.3e-7
12/29/2025 - 01:00:00,BNB,0.02025,Long,-0.003264,0.0000117346
12/29/2025 - 01:00:00,BTC,0.00045,Long,-0.008007,0.0000125
12/29/2025 - 01:00:00,ETC,0.83,Long,-0.000176,6.189e-7
12/29/2025 - 01:00:00,HMSTR,93765,Short,0.005925,0.0000125
12/29/2025 - 01:00:00,ICP,3.3,Short,0.00139,0.0000125
12/29/2025 - 01:00:00,IP,7,Short,0.003337,0.0000125
12/29/2025 - 01:00:00,MAVIA,283.0083333333,Short,0.012908,0.0000348769
12/29/2025 - 01:00:00,ME,183.14375,Short,-0.004479,-0.0000072944
12/29/2025 - 01:00:00,MOVE,1299.2916666667,Short,-0.019656,-0.0000177582
12/29/2025 - 01:00:00,STRK,124,Short,0.000619,0.0000125
12/29/2025 - 01:00:00,TNSR,364.7,Short,-0.115611,-0.0003581969
12/29/2025 - 01:00:00,TON,32.3,Long,-0.015961,0.0000125
12/29/2025 - 01:00:00,TRX,85.5,Long,-0.004857,0.0000125
12/29/2025 - 01:00:00,XLM,47,Long,0.000696,-0.0000027947
12/29/2025 - 01:00:00,YGG,152,Short,0.00261,0.0000108823
12/29/2025 - 01:00:00,ZEC,0.03,Short,0.003168,0.0000083596
12/30/2025 - 01:00:00,ALGO,85,Long,-0.002956,0.0000125
12/30/2025 - 01:00:00,ATOM,10.04,Long,-0.000689,0.0000014525
12/30/2025 - 01:00:00,AVAX,0.83,Long,-0.002292,0.0000092476
12/30/2025 - 01:00:00,BANANA,2.9,Short,-0.000287,-6.338e-7
12/30/2025 - 01:00:00,BCH,0.033,Long,-0.005919,0.0000125
12/30/2025 - 01:00:00,BNB,0.0145,Long,-0.003718,0.0000125
12/30/2025 - 01:00:00,BTC,0.000145,Long,-0.003734,0.0000122446
12/30/2025 - 01:00:00,EIGEN,27.48,Short,-0.003692,-0.0000746015
12/30/2025 - 01:00:00,ETC,0.83,Long,0.001898,-0.0000079978
12/30/2025 - 01:00:00,GMT,614,Short,0.000614,0.0000125
12/30/2025 - 01:00:00,HMSTR,93765,Short,0.005863,0.0000125
12/30/2025 - 01:00:00,IP,7,Short,0.003194,0.0000125
12/30/2025 - 01:00:00,MAVIA,194,Short,0.006091,0.0000229245
12/30/2025 - 01:00:00,ME,48.6,Short,0.000115,5.036e-7
12/30/2025 - 01:00:00,MOVE,1395,Short,0.009911,0.0000085692
12/30/2025 - 01:00:00,STRK,150.25,Short,0.002617,0.0000091027
12/30/2025 - 01:00:00,TON,32.3,Long,-0.01551,0.0000125
12/30/2025 - 01:00:00,TRX,43.5,Long,-0.003718,0.0000125
12/30/2025 - 01:00:00,XLM,47,Long,0.003271,-0.0000136263
12/30/2025 - 01:00:00,YGG,152,Short,0.002368,0.0000101853
12/30/2025 - 01:00:00,ZEC,0.03,Short,0.002921,0.0000076007
12/31/2025 - 01:00:00,AIXBT,303,Short,0.000633,0.0000125
12/31/2025 - 01:00:00,ALGO,85,Long,-0.002865,0.0000125
12/31/2025 - 01:00:00,ATOM,10.04,Long,0.011942,-0.0000253949
12/31/2025 - 01:00:00,AVAX,0.83,Long,-0.002162,0.0000086694
12/31/2025 - 01:00:00,BANANA,2.9,Short,0.005765,0.0000123324
12/31/2025 - 01:00:00,BCH,0.033,Long,-0.005667,0.0000119902
12/31/2025 - 01:00:00,BNB,0.0265,Long,-0.006855,0.0000125
12/31/2025 - 01:00:00,BTC,0.000265,Long,-0.007001,0.0000125
12/31/2025 - 01:00:00,EIGEN,27.48,Short,-0.007132,-0.0000303868
12/31/2025 - 01:00:00,ETC,0.83,Long,0.006743,-0.0000291316
12/31/2025 - 01:00:00,ETH,0.0034,Long,-0.00063,0.0000125
12/31/2025 - 01:00:00,GMT,750.875,Short,0.003292,0.0000117747
12/31/2025 - 01:00:00,HMSTR,93765,Short,0.00588,0.0000125
12/31/2025 - 01:00:00,IP,7,Short,0.003469,0.0000125
12/31/2025 - 01:00:00,MAVIA,194,Short,0.016327,0.000061443
12/31/2025 - 01:00:00,ME,48.6,Short,0.002189,0.0000092968
12/31/2025 - 01:00:00,MOVE,1395,Short,0.013818,0.0000120262
12/31/2025 - 01:00:00,STRK,250,Short,0.00292,0.0000061894
12/31/2025 - 01:00:00,TNSR,130,Short,-0.002178,-0.0000431012
12/31/2025 - 01:00:00,TON,32.3,Long,-0.015791,0.0000125
12/31/2025 - 01:00:00,TRX,72,Long,-0.005538,0.0000112933
12/31/2025 - 01:00:00,XLM,47,Long,0.008484,-0.0000367926
12/31/2025 - 01:00:00,YGG,152,Short,-0.002601,-0.0000112075
12/31/2025 - 01:00:00,ZEC,0.03,Short,-0.002052,-0.0000055706
1/1/2026 - 01:00:00,AIXBT,303,Short,0.001494,0.0000063539
1/1/2026 - 01:00:00,ALGO,85,Long,-0.002881,0.0000124258
1/1/2026 - 01:00:00,ATOM,10.04,Long,0.006277,-0.000013034
1/1/2026 - 01:00:00,AVAX,0.83,Long,-0.002025,0.0000080122
1/1/2026 - 01:00:00,BANANA,2.9,Short,0.004618,0.0000096325
1/1/2026 - 01:00:00,BCH,0.033,Long,-0.004731,0.0000100578
1/1/2026 - 01:00:00,BNB,0.0385,Long,-0.000736,8.962e-7
1/1/2026 - 01:00:00,BTC,0.000385,Long,-0.010152,0.0000125
1/1/2026 - 01:00:00,CAKE,5.1,Long,-0.00063,0.0000125
1/1/2026 - 01:00:00,EIGEN,27.48,Short,0.001997,0.0000085357
1/1/2026 - 01:00:00,ETC,0.83,Long,0.004209,-0.0000183706
1/1/2026 - 01:00:00,ETH,0.0034,Long,-0.003032,0.0000125
1/1/2026 - 01:00:00,GMT,1406.625,Short,0.000567,0.0000010005
1/1/2026 - 01:00:00,HMSTR,93765,Short,0.006107,0.0000125
1/1/2026 - 01:00:00,IP,7,Short,-0.043481,-0.00012976
1/1/2026 - 01:00:00,MAVIA,194,Short,0.039511,0.0001472473
1/1/2026 - 01:00:00,ME,48.6,Short,0.002936,0.0000125
1/1/2026 - 01:00:00,MOVE,1395,Short,0.014351,0.0000125
1/1/2026 - 01:00:00,STRK,250,Short,0.005977,0.0000125
1/1/2026 - 01:00:00,TNSR,156.7291666667,Short,-0.007414,-0.0000250135
1/1/2026 - 01:00:00,TON,32.3,Long,-0.016261,0.0000125
1/1/2026 - 01:00:00,TRX,72,Long,-0.006139,0.0000125
1/1/2026 - 01:00:00,USTC,1546,Short,-0.004865,-0.0000970331
1/1/2026 - 01:00:00,XLM,47,Long,0.008262,-0.0000358259
1/1/2026 - 01:00:00,YGG,152,Short,0.00038,0.0000016866
1/1/2026 - 01:00:00,ZEC,0.03,Short,-0.016886,-0.0000450967
1/2/2026 - 01:00:00,AIXBT,303,Short,0.003585,0.0000125
1/2/2026 - 01:00:00,ALGO,101.6666666667,Long,-0.003773,0.0000125
1/2/2026 - 01:00:00,ATOM,11.015,Long,0.005944,-0.0000106417
1/2/2026 - 01:00:00,AVAX,0.83,Long,-0.003362,0.0000125
1/2/2026 - 01:00:00,AVNT,28,Short,-0.005104,-0.0001022856
1/2/2026 - 01:00:00,BANANA,2.9,Short,-0.002369,-0.0000050456
1/2/2026 - 01:00:00,BCH,0.033,Long,0.003481,-0.0000075094
1/2/2026 - 01:00:00,BNB,0.048,Long,-0.008054,0.0000079786
1/2/2026 - 01:00:00,BTC,0.000505,Long,-0.007425,0.0000068885
1/2/2026 - 01:00:00,CAKE,5.1,Long,-0.003041,0.0000125
1/2/2026 - 01:00:00,EIGEN,27.48,Short,0.003181,0.0000125
1/2/2026 - 01:00:00,ETC,0.83,Long,-0.002497,0.0000103128
1/2/2026 - 01:00:00,ETH,0.0034,Long,-0.001964,0.0000079678
1/2/2026 - 01:00:00,GMT,1922,Short,0.007834,0.0000110164
1/2/2026 - 01:00:00,HMSTR,93765,Short,0.00621,0.0000125
1/2/2026 - 01:00:00,IP,7,Short,-0.121013,-0.0003366263
1/2/2026 - 01:00:00,MAVIA,194,Short,0.043654,0.0001556952
1/2/2026 - 01:00:00,ME,48.6,Short,0.003041,0.0000125
1/2/2026 - 01:00:00,MERL,39,Short,0.000644,0.0000125
1/2/2026 - 01:00:00,MOVE,1395,Short,0.014848,0.0000125
1/2/2026 - 01:00:00,POLYX,176,Short,-0.019348,-0.0003830357
1/2/2026 - 01:00:00,STRK,250,Short,0.006251,0.0000125
1/2/2026 - 01:00:00,TNSR,258.3,Short,-0.012891,-0.0000262659
1/2/2026 - 01:00:00,TON,32.3,Long,-0.016888,0.0000125
1/2/2026 - 01:00:00,TRX,72,Long,-0.006002,0.0000121595
1/2/2026 - 01:00:00,USTC,1546,Short,-0.013776,-0.000057459
1/2/2026 - 01:00:00,XLM,47,Long,0.000734,-0.0000033334
1/2/2026 - 01:00:00,YGG,152,Short,0.002655,0.000010621
1/2/2026 - 01:00:00,ZEC,0.03,Short,-0.025489,-0.0000714289
1/3/2026 - 01:00:00,AIXBT,303,Short,0.002907,0.0000094739
1/3/2026 - 01:00:00,ALGO,165,Long,-0.006266,0.0000125
1/3/2026 - 01:00:00,ATOM,14.72,Long,-0.001242,0.0000015651
1/3/2026 - 01:00:00,AVAX,0.83,Long,-0.00346,0.0000125
1/3/2026 - 01:00:00,AVNT,34.0416666667,Short,-0.092826,-0.000320948
1/3/2026 - 01:00:00,BANANA,2.9,Short,0.006208,0.0000124497
1/3/2026 - 01:00:00,BCH,0.033,Long,-0.006271,0.0000125
1/3/2026 - 01:00:00,BNB,0.048,Long,-0.012612,0.0000125
1/3/2026 - 01:00:00,BTC,0.0006,Long,-0.011531,0.0000089
1/3/2026 - 01:00:00,CAKE,5.1,Long,-0.003057,0.0000125
1/3/2026 - 01:00:00,EIGEN,27.48,Short,0.003522,0.0000132776
1/3/2026 - 01:00:00,ETC,0.83,Long,-0.002594,0.0000104578
1/3/2026 - 01:00:00,ETH,0.0034,Long,-0.002119,0.0000083912
1/3/2026 - 01:00:00,GMT,1922,Short,0.009097,0.0000125
1/3/2026 - 01:00:00,HMSTR,93765,Short,0.00628,0.0000125
1/3/2026 - 01:00:00,IP,7,Short,-0.052911,-0.000149236
1/3/2026 - 01:00:00,MAVIA,194,Short,0.05732,0.0002005759
1/3/2026 - 01:00:00,ME,48.6,Short,0.003094,0.0000125
1/3/2026 - 01:00:00,MERL,39,Short,-0.000351,-0.0000015054
1/3/2026 - 01:00:00,MOVE,1395,Short,0.017272,0.0000141146
1/3/2026 - 01:00:00,POLYX,176,Short,-0.048721,-0.000199165
1/3/2026 - 01:00:00,REZ,1874,Short,0.000623,0.0000125
1/3/2026 - 01:00:00,SOL,0.08,Long,-0.0006,0.0000113686
1/3/2026 - 01:00:00,STRK,250,Short,-0.002552,-0.0000049815
1/3/2026 - 01:00:00,TNSR,258.3,Short,0.006228,0.0000125
1/3/2026 - 01:00:00,TON,33.4458333333,Long,-0.018236,0.0000125
1/3/2026 - 01:00:00,TRX,72,Long,-0.006262,0.0000125
1/3/2026 - 01:00:00,TURBO,5084,Short,0.000615,0.0000122472
1/3/2026 - 01:00:00,USTC,1546,Short,-0.011498,-0.000045642
1/3/2026 - 01:00:00,XLM,47,Long,-0.003105,0.0000125
1/3/2026 - 01:00:00,XRP,6,Long,-0.000522,0.0000086713
1/3/2026 - 01:00:00,YGG,152,Short,0.003211,0.0000125
1/3/2026 - 01:00:00,ZEC,0.03,Short,0.003217,0.0000084464
1/4/2026 - 01:00:00,AIXBT,303,Short,0.003748,0.0000125
1/4/2026 - 01:00:00,ALGO,165,Long,-0.006628,0.0000125
1/4/2026 - 01:00:00,ATOM,15.6179166667,Long,0.019845,-0.0000228237
1/4/2026 - 01:00:00,AVAX,0.83,Long,0.001917,-0.0000068789
1/4/2026 - 01:00:00,AVNT,63.0416666667,Short,-0.190303,-0.0003587622
1/4/2026 - 01:00:00,BANANA,2.9,Short,0.006398,0.0000125
1/4/2026 - 01:00:00,BCH,0.033,Long,-0.006367,0.0000125
1/4/2026 - 01:00:00,BNB,0.048,Long,-0.012781,0.0000125
1/4/2026 - 01:00:00,BTC,0.0006229167,Long,-0.011372,0.000008341
1/4/2026 - 01:00:00,CAKE,5.1,Long,-0.003099,0.0000125
1/4/2026 - 01:00:00,EIGEN,27.48,Short,0.003462,0.0000125
1/4/2026 - 01:00:00,ETC,0.83,Long,-0.001151,0.0000045093
1/4/2026 - 01:00:00,ETH,0.0034,Long,-0.002264,0.0000088732
1/4/2026 - 01:00:00,GMT,1922,Short,0.007808,0.0000105133
1/4/2026 - 01:00:00,HMSTR,93765,Short,0.00882,0.0000163103
1/4/2026 - 01:00:00,IP,7,Short,-0.00542,-0.0000154472
1/4/2026 - 01:00:00,MAVIA,194,Short,0.025832,0.00008544
1/4/2026 - 01:00:00,ME,48.6,Short,0.003215,0.0000125
1/4/2026 - 01:00:00,MERL,47.3333333333,Short,-0.005795,-0.0000196469
1/4/2026 - 01:00:00,MOVE,1395,Short,0.022706,0.0000181543
1/4/2026 - 01:00:00,POLYX,176,Short,-0.036686,-0.0001457769
1/4/2026 - 01:00:00,REZ,1874,Short,0.00046,0.0000019785
1/4/2026 - 01:00:00,SOL,0.08,Long,-0.001175,0.0000045842
1/4/2026 - 01:00:00,STRK,250,Short,0.000271,4.271e-7
1/4/2026 - 01:00:00,TNSR,258.3,Short,-0.025949,-0.0000505279
1/4/2026 - 01:00:00,TON,37.8,Long,-0.0211,0.0000125
1/4/2026 - 01:00:00,TRX,79.0833333333,Long,-0.006973,0.0000125
1/4/2026 - 01:00:00,TURBO,5084,Short,0.002047,0.0000081164
1/4/2026 - 01:00:00,USTC,1848.0833333333,Short,-0.026893,-0.0000887356
1/4/2026 - 01:00:00,XLM,47,Long,-0.003247,0.0000125
1/4/2026 - 01:00:00,XRP,6,Long,-0.002511,0.0000084361
1/4/2026 - 01:00:00,YGG,152,Short,0.001832,0.0000069176
1/4/2026 - 01:00:00,ZEC,0.03,Short,0.004837,0.0000132843
1/5/2026 - 01:00:00,AIXBT,352.5833333333,Short,0.00419,0.0000117471
1/5/2026 - 01:00:00,ALGO,165,Long,-0.006756,0.0000125
1/5/2026 - 01:00:00,ATOM,19.9154166667,Long,0.010654,-0.0000095842
1/5/2026 - 01:00:00,AVAX,0.83,Long,-0.000334,0.000001153
1/5/2026 - 01:00:00,AVNT,86,Short,-0.181892,-0.0002547854
1/5/2026 - 01:00:00,BANANA,2.9,Short,0.005873,0.0000111409
1/5/2026 - 01:00:00,BCH,0.033,Long,-0.006446,0.0000125
1/5/2026 - 01:00:00,BNB,0.048,Long,-0.013,0.0000125
1/5/2026 - 01:00:00,BTC,0.00071,Long,-0.014327,0.0000090655
1/5/2026 - 01:00:00,CAKE,5.1,Long,-0.003149,0.0000125
1/5/2026 - 01:00:00,EIGEN,27.48,Short,0.003478,0.0000125
1/5/2026 - 01:00:00,ETC,0.83,Long,-0.002944,0.0000113943
1/5/2026 - 01:00:00,ETH,0.0034,Long,-0.001504,0.0000058269
1/5/2026 - 01:00:00,GMT,1922,Short,0.007731,0.000010295
1/5/2026 - 01:00:00,HMSTR,93765,Short,0.033443,0.0000608666
1/5/2026 - 01:00:00,IP,7,Short,-0.0528,-0.000147315
1/5/2026 - 01:00:00,MAVIA,194,Short,0.047885,0.0001322625
1/5/2026 - 01:00:00,ME,48.6,Short,0.003256,0.0000125
1/5/2026 - 01:00:00,MERL,87.5416666667,Short,0.006558,0.0000125
1/5/2026 - 01:00:00,MOVE,1395,Short,0.012443,0.0000097566
1/5/2026 - 01:00:00,POLYX,176,Short,-0.01479,-0.0000594027
1/5/2026 - 01:00:00,REZ,2241.0833333333,Short,-0.019817,-0.0000632872
1/5/2026 - 01:00:00,SOL,0.08,Long,-0.002143,0.0000082154
1/5/2026 - 01:00:00,STRK,250,Short,0.006751,0.0000125
1/5/2026 - 01:00:00,TNSR,258.3,Short,-0.018071,-0.0000358548
1/5/2026 - 01:00:00,TON,37.8,Long,-0.021294,0.0000125
1/5/2026 - 01:00:00,TRX,106,Long,-0.009316,0.0000125
1/5/2026 - 01:00:00,TURBO,5084,Short,-0.001499,-0.0000057717
1/5/2026 - 01:00:00,USTC,2996,Short,0.004532,0.0000091561
1/5/2026 - 01:00:00,XLM,55.9583333333,Long,-0.003978,0.0000125
1/5/2026 - 01:00:00,XRP,7.0416666667,Long,-0.002939,0.0000078799
1/5/2026 - 01:00:00,YGG,152,Short,0.003202,0.000012191
1/5/2026 - 01:00:00,ZEC,0.03,Short,0.004667,0.0000131041
1/6/2026 - 01:00:00,BTC,0.00071,Long,-0.000483,0.0000072612
1/6/2026 - 01:00:00,ETH,0.0034,Long,-0.00004,0.0000037105
1/6/2026 - 01:00:00,ATOM,23.28,Long,-0.000689,0.0000125
1/6/2026 - 01:00:00,SOL,0.08,Long,-0.000068,0.0000062461
1/6/2026 - 01:00:00,AVAX,0.83,Long,-0.000137,0.0000114407
1/6/2026 - 01:00:00,BNB,0.048,Long,-0.000546,0.0000125
1/6/2026 - 01:00:00,XRP,11,Long,-0.000322,0.0000125
1/6/2026 - 01:00:00,BCH,0.033,Long,-0.000266,0.0000125
1/6/2026 - 01:00:00,YGG,152,Short,0.000139,0.0000125
1/6/2026 - 01:00:00,TRX,106,Long,-0.000387,0.0000125
1/6/2026 - 01:00:00,BANANA,2.9,Short,0.000283,0.0000125
1/6/2026 - 01:00:00,TON,37.8,Long,-0.000895,0.0000125
1/6/2026 - 01:00:00,POLYX,176,Short,-0.000032,-0.0000030319
1/6/2026 - 01:00:00,GMT,1922,Short,0.000399,0.0000125
1/6/2026 - 01:00:00,USTC,2996,Short,-0.001042,-0.0000498923
1/6/2026 - 01:00:00,CAKE,5.1,Long,-0.000132,0.0000125
1/6/2026 - 01:00:00,ETC,0.83,Long,-0.000138,0.0000125
1/6/2026 - 01:00:00,MAVIA,194,Short,0.003114,0.0002094752
1/6/2026 - 01:00:00,STRK,250,Short,0.000283,0.0000125
1/6/2026 - 01:00:00,TNSR,258.3,Short,0.000263,0.0000125
1/6/2026 - 01:00:00,MERL,120,Short,0.000376,0.0000125
1/6/2026 - 01:00:00,EIGEN,27.48,Short,0.000155,0.0000125
1/6/2026 - 01:00:00,REZ,3636,Short,-0.018378,-0.0008735737
1/6/2026 - 01:00:00,TURBO,5084,Short,0.000137,0.0000125
1/6/2026 - 01:00:00,HMSTR,93765,Short,0.000913,0.0000391314
1/6/2026 - 01:00:00,XLM,90,Long,-0.000284,0.0000125
1/6/2026 - 01:00:00,ALGO,165,Long,-0.000287,0.0000125
1/6/2026 - 01:00:00,ME,48.6,Short,0.000138,0.0000125
1/6/2026 - 01:00:00,MOVE,1395,Short,0.001548,0.00002879
1/6/2026 - 01:00:00,AIXBT,541,Short,0.000286,0.0000125
1/6/2026 - 01:00:00,IP,7,Short,-0.000632,-0.0000418196
1/6/2026 - 01:00:00,AVNT,86,Short,-0.004116,-0.000138329
1/6/2026 - 01:00:00,ZEC,0.03,Short,0.001465,0.0000970582
1/6/2026 - 02:00:00,BTC,0.00071,Long,-0.000536,0.0000080533
1/6/2026 - 02:00:00,ETH,0.0034,Long,-0.000057,0.0000052539
1/6/2026 - 02:00:00,ATOM,23.28,Long,-0.000692,0.0000125
1/6/2026 - 02:00:00,SOL,0.08,Long,-0.000046,0.0000042405
1/6/2026 - 02:00:00,AVAX,0.83,Long,-0.000095,0.0000079495
1/6/2026 - 02:00:00,BNB,0.048,Long,-0.000545,0.0000125
1/6/2026 - 02:00:00,XRP,11,Long,-0.000326,0.0000125
1/6/2026 - 02:00:00,BCH,0.033,Long,-0.000269,0.0000125
1/6/2026 - 02:00:00,YGG,152,Short,0.000139,0.0000125
1/6/2026 - 02:00:00,TRX,106,Long,-0.000387,0.0000125
1/6/2026 - 02:00:00,BANANA,2.9,Short,0.000285,0.0000125
1/6/2026 - 02:00:00,TON,37.8,Long,-0.000897,0.0000125
1/6/2026 - 02:00:00,POLYX,176,Short,-0.000402,-0.0000382671
1/6/2026 - 02:00:00,GMT,1922,Short,0.000398,0.0000125
1/6/2026 - 02:00:00,USTC,2996,Short,-0.000281,-0.0000134769
1/6/2026 - 02:00:00,CAKE,5.1,Long,-0.000132,0.0000125
1/6/2026 - 02:00:00,ETC,0.83,Long,-0.000138,0.0000125
1/6/2026 - 02:00:00,MAVIA,194,Short,0.00222,0.0001514214
1/6/2026 - 02:00:00,STRK,250,Short,0.000282,0.0000125
1/6/2026 - 02:00:00,TNSR,258.3,Short,-0.000132,-0.0000063294
1/6/2026 - 02:00:00,MERL,120,Short,0.000373,0.0000125
1/6/2026 - 02:00:00,EIGEN,27.48,Short,0.000154,0.0000125
1/6/2026 - 02:00:00,REZ,3636,Short,-0.006052,-0.0002884824
1/6/2026 - 02:00:00,TURBO,5084,Short,0.000136,0.0000125
1/6/2026 - 02:00:00,HMSTR,93765,Short,0.002045,0.0000879464
1/6/2026 - 02:00:00,XLM,90,Long,-0.000285,0.0000125
1/6/2026 - 02:00:00,ALGO,165,Long,-0.000289,0.0000125
1/6/2026 - 02:00:00,ME,48.6,Short,0.000138,0.0000125
1/6/2026 - 02:00:00,MOVE,1395,Short,0.000671,0.0000125
1/6/2026 - 02:00:00,AIXBT,541,Short,0.000282,0.0000125
1/6/2026 - 02:00:00,IP,7,Short,-0.003117,-0.0002091522
1/6/2026 - 02:00:00,AVNT,86,Short,-0.007196,-0.0002423365
1/6/2026 - 02:00:00,ZEC,0.03,Short,0.001096,0.0000728224
1/6/2026 - 03:00:00,BTC,0.00071,Long,-0.000759,0.0000114052
1/6/2026 - 03:00:00,ETH,0.0034,Long,-0.000094,0.0000086482
1/6/2026 - 03:00:00,ATOM,23.28,Long,-0.000691,0.0000125
1/6/2026 - 03:00:00,SOL,0.08,Long,-0.000011,0.0000010416
1/6/2026 - 03:00:00,AVAX,0.83,Long,-0.000149,0.0000125
1/6/2026 - 03:00:00,BNB,0.048,Long,-0.000544,0.0000125
1/6/2026 - 03:00:00,XRP,11,Long,-0.000326,0.0000125
1/6/2026 - 03:00:00,BCH,0.033,Long,-0.000267,0.0000125
1/6/2026 - 03:00:00,YGG,152,Short,0.000138,0.0000125
1/6/2026 - 03:00:00,TRX,106,Long,-0.000387,0.0000125
1/6/2026 - 03:00:00,BANANA,2.9,Short,0.000283,0.0000125
1/6/2026 - 03:00:00,TON,37.8,Long,-0.000895,0.0000125
1/6/2026 - 03:00:00,POLYX,176,Short,0.000042,0.0000040467
1/6/2026 - 03:00:00,GMT,1922,Short,0.000396,0.0000125
1/6/2026 - 03:00:00,USTC,2996,Short,0.000259,0.0000125
1/6/2026 - 03:00:00,CAKE,5.1,Long,-0.000131,0.0000125
1/6/2026 - 03:00:00,ETC,0.83,Long,-0.000137,0.0000125
1/6/2026 - 03:00:00,MAVIA,194,Short,0.001903,0.0001337666
1/6/2026 - 03:00:00,STRK,250,Short,0.000281,0.0000125
1/6/2026 - 03:00:00,TNSR,258.3,Short,0.000212,0.0000101583
1/6/2026 - 03:00:00,MERL,120,Short,0.000381,0.0000125
1/6/2026 - 03:00:00,EIGEN,27.48,Short,0.000153,0.0000125
1/6/2026 - 03:00:00,REZ,3636,Short,-0.002976,-0.0001421221
1/6/2026 - 03:00:00,TURBO,5084,Short,0.000137,0.0000125
1/6/2026 - 03:00:00,HMSTR,93765,Short,0.00029,0.0000125
1/6/2026 - 03:00:00,XLM,90,Long,-0.000281,0.0000125
1/6/2026 - 03:00:00,ALGO,165,Long,-0.000289,0.0000125
1/6/2026 - 03:00:00,ME,48.6,Short,0.000138,0.0000125
1/6/2026 - 03:00:00,MOVE,1395,Short,0.000669,0.0000125
1/6/2026 - 03:00:00,AIXBT,541,Short,0.000283,0.0000125
1/6/2026 - 03:00:00,IP,7,Short,-0.002999,-0.0002013999
1/6/2026 - 03:00:00,AVNT,86,Short,-0.009012,-0.0003036312
1/6/2026 - 03:00:00,ZEC,0.03,Short,0.000988,0.0000660496
1/6/2026 - 04:00:00,BTC,0.00071,Long,-0.000776,0.0000116812
1/6/2026 - 04:00:00,ETH,0.0034,Long,-0.000041,0.0000037791
1/6/2026 - 04:00:00,ATOM,23.28,Long,-0.000691,0.0000125
1/6/2026 - 04:00:00,SOL,0.08,Long,-0.000068,0.0000062481
1/6/2026 - 04:00:00,AVAX,0.83,Long,-0.000093,0.0000078677
1/6/2026 - 04:00:00,BNB,0.048,Long,-0.000543,0.0000125
1/6/2026 - 04:00:00,XRP,11,Long,-0.000329,0.0000125
1/6/2026 - 04:00:00,BCH,0.033,Long,-0.000266,0.0000125
1/6/2026 - 04:00:00,YGG,152,Short,0.000139,0.0000125
1/6/2026 - 04:00:00,TRX,106,Long,-0.000388,0.0000125
1/6/2026 - 04:00:00,BANANA,2.9,Short,0.000285,0.0000125
1/6/2026 - 04:00:00,TON,37.8,Long,-0.000894,0.0000125
1/6/2026 - 04:00:00,POLYX,176,Short,0,-1.9e-8
1/6/2026 - 04:00:00,GMT,1922,Short,0.000397,0.0000125
1/6/2026 - 04:00:00,USTC,2996,Short,0.000261,0.0000125
1/6/2026 - 04:00:00,CAKE,5.1,Long,-0.000131,0.0000125
1/6/2026 - 04:00:00,ETC,0.83,Long,-0.000137,0.0000125
1/6/2026 - 04:00:00,MAVIA,194,Short,0.002015,0.0001454539
1/6/2026 - 04:00:00,STRK,250,Short,0.000282,0.0000125
1/6/2026 - 04:00:00,TNSR,258.3,Short,-0.000014,-7.009e-7
1/6/2026 - 04:00:00,MERL,120,Short,0.00038,0.0000125
1/6/2026 - 04:00:00,EIGEN,27.48,Short,0.000153,0.0000125
1/6/2026 - 04:00:00,REZ,3636,Short,-0.004357,-0.0002063584
1/6/2026 - 04:00:00,TURBO,5084,Short,0.000137,0.0000125
1/6/2026 - 04:00:00,HMSTR,93765,Short,0.000291,0.0000125
1/6/2026 - 04:00:00,XLM,90,Long,-0.000282,0.0000125
1/6/2026 - 04:00:00,ALGO,165,Long,-0.00029,0.0000125
1/6/2026 - 04:00:00,ME,48.6,Short,0.000138,0.0000125
1/6/2026 - 04:00:00,MOVE,1395,Short,0.000665,0.0000125
1/6/2026 - 04:00:00,AIXBT,541,Short,0.000288,0.0000125
1/6/2026 - 04:00:00,IP,7,Short,-0.002277,-0.0001549196
1/6/2026 - 04:00:00,AVNT,86,Short,-0.007574,-0.0002496846
1/6/2026 - 04:00:00,ZEC,0.03,Short,0.001027,0.0000682292
1/6/2026 - 05:00:00,BTC,0.00071,Long,-0.000832,0.0000125
1/6/2026 - 05:00:00,ETH,0.0034,Long,-0.00009,0.000008295
1/6/2026 - 05:00:00,ATOM,23.28,Long,-0.00035,0.0000062842
1/6/2026 - 05:00:00,SOL,0.08,Long,-0.00011,0.0000100144
1/6/2026 - 05:00:00,AVAX,0.83,Long,0.000037,-0.0000031676
1/6/2026 - 05:00:00,BNB,0.048,Long,-0.000544,0.0000125
1/6/2026 - 05:00:00,XRP,11,Long,-0.000328,0.0000125
1/6/2026 - 05:00:00,BCH,0.033,Long,-0.000266,0.0000125
1/6/2026 - 05:00:00,YGG,152,Short,0.00014,0.0000125
1/6/2026 - 05:00:00,TRX,106,Long,-0.000388,0.0000125
1/6/2026 - 05:00:00,BANANA,2.9,Short,0.000286,0.0000125
1/6/2026 - 05:00:00,TON,37.8,Long,-0.000897,0.0000125
1/6/2026 - 05:00:00,POLYX,176,Short,0.000131,0.0000125
1/6/2026 - 05:00:00,GMT,1922,Short,0.000399,0.0000125
1/6/2026 - 05:00:00,USTC,2996,Short,0.000262,0.0000125
1/6/2026 - 05:00:00,CAKE,5.1,Long,-0.000131,0.0000125
1/6/2026 - 05:00:00,ETC,0.83,Long,-0.000138,0.0000125
1/6/2026 - 05:00:00,MAVIA,194,Short,0.002023,0.0001486331
1/6/2026 - 05:00:00,STRK,250,Short,0.000283,0.0000125
1/6/2026 - 05:00:00,TNSR,258.3,Short,0.000205,0.0000098226
1/6/2026 - 05:00:00,MERL,120,Short,0.00039,0.0000125
1/6/2026 - 05:00:00,EIGEN,27.48,Short,0.000155,0.0000125
1/6/2026 - 05:00:00,REZ,3636,Short,-0.00552,-0.0002577919
1/6/2026 - 05:00:00,TURBO,5084,Short,0.000139,0.0000125
1/6/2026 - 05:00:00,HMSTR,93765,Short,0.000631,0.0000267348
1/6/2026 - 05:00:00,XLM,90,Long,-0.000282,0.0000125
1/6/2026 - 05:00:00,ALGO,165,Long,-0.000292,0.0000125
1/6/2026 - 05:00:00,ME,48.6,Short,0.000139,0.0000125
1/6/2026 - 05:00:00,MOVE,1395,Short,0.00067,0.0000125
1/6/2026 - 05:00:00,AIXBT,541,Short,0.000287,0.0000125
1/6/2026 - 05:00:00,IP,7,Short,-0.001755,-0.0001191657
1/6/2026 - 05:00:00,AVNT,86,Short,-0.006008,-0.0001999033
1/6/2026 - 05:00:00,ZEC,0.03,Short,0.000933,0.0000611279
1/6/2026 - 06:00:00,BTC,0.00071,Long,-0.000832,0.0000125
1/6/2026 - 06:00:00,ETH,0.0034,Long,-0.000097,0.0000088922
1/6/2026 - 06:00:00,ATOM,23.28,Long,-0.000695,0.0000125
1/6/2026 - 06:00:00,SOL,0.08,Long,-0.000109,0.0000099158
1/6/2026 - 06:00:00,AVAX,0.83,Long,0.000103,-0.000008642
1/6/2026 - 06:00:00,BNB,0.048,Long,-0.000544,0.0000125
1/6/2026 - 06:00:00,XRP,11,Long,-0.000328,0.0000125
1/6/2026 - 06:00:00,BCH,0.033,Long,-0.000266,0.0000125
1/6/2026 - 06:00:00,YGG,152,Short,0.000141,0.0000125
1/6/2026 - 06:00:00,TRX,106,Long,-0.000387,0.0000125
1/6/2026 - 06:00:00,BANANA,2.9,Short,0.000285,0.0000125
1/6/2026 - 06:00:00,TON,37.8,Long,-0.000899,0.0000125
1/6/2026 - 06:00:00,POLYX,176,Short,0.000132,0.0000125
1/6/2026 - 06:00:00,GMT,1922,Short,0.000398,0.0000125
1/6/2026 - 06:00:00,USTC,2996,Short,0.000262,0.0000125
1/6/2026 - 06:00:00,CAKE,5.1,Long,-0.000132,0.0000125
1/6/2026 - 06:00:00,ETC,0.83,Long,-0.000137,0.0000125
1/6/2026 - 06:00:00,MAVIA,194,Short,0.002096,0.0001531479
1/6/2026 - 06:00:00,STRK,250,Short,0.000285,0.0000125
1/6/2026 - 06:00:00,TNSR,258.3,Short,-0.000133,-0.0000063748
1/6/2026 - 06:00:00,MERL,120,Short,0.000395,0.0000125
1/6/2026 - 06:00:00,EIGEN,27.48,Short,0.000157,0.0000125
1/6/2026 - 06:00:00,REZ,3636,Short,-0.00379,-0.0001797546
1/6/2026 - 06:00:00,TURBO,5084,Short,0.000138,0.0000125
1/6/2026 - 06:00:00,HMSTR,93765,Short,0.00097,0.0000412462
1/6/2026 - 06:00:00,XLM,90,Long,-0.000282,0.0000125
1/6/2026 - 06:00:00,ALGO,165,Long,-0.000294,0.0000125
1/6/2026 - 06:00:00,ME,48.6,Short,0.000139,0.0000125
1/6/2026 - 06:00:00,MOVE,1395,Short,0.00067,0.0000125
1/6/2026 - 06:00:00,AIXBT,541,Short,0.00029,0.0000125
1/6/2026 - 06:00:00,IP,7,Short,-0.002171,-0.0001476252
1/6/2026 - 06:00:00,AVNT,86,Short,-0.00681,-0.0002255284
1/6/2026 - 06:00:00,ZEC,0.03,Short,0.000191,0.0000125
1/6/2026 - 07:00:00,BTC,0.00071,Long,-0.00083,0.0000125
1/6/2026 - 07:00:00,ETH,0.0034,Long,-0.000136,0.0000125
1/6/2026 - 07:00:00,ATOM,23.28,Long,-0.000692,0.0000125
1/6/2026 - 07:00:00,SOL,0.08,Long,-0.000138,0.0000124352
1/6/2026 - 07:00:00,AVAX,0.83,Long,0.00009,-0.0000075956
1/6/2026 - 07:00:00,BNB,0.048,Long,-0.000543,0.0000125
1/6/2026 - 07:00:00,XRP,11,Long,-0.000328,0.0000125
1/6/2026 - 07:00:00,BCH,0.033,Long,-0.000267,0.0000125
1/6/2026 - 07:00:00,YGG,152,Short,0.00014,0.0000125
1/6/2026 - 07:00:00,TRX,106,Long,-0.000388,0.0000125
1/6/2026 - 07:00:00,BANANA,2.9,Short,0.000281,0.0000125
1/6/2026 - 07:00:00,TON,37.8,Long,-0.0009,0.0000125
1/6/2026 - 07:00:00,POLYX,176,Short,-0.000072,-0.0000068167
1/6/2026 - 07:00:00,GMT,1922,Short,0.000396,0.0000125
1/6/2026 - 07:00:00,USTC,2996,Short,0.00026,0.0000125
1/6/2026 - 07:00:00,CAKE,5.1,Long,-0.000131,0.0000125
1/6/2026 - 07:00:00,ETC,0.83,Long,-0.000137,0.0000125
1/6/2026 - 07:00:00,MAVIA,194,Short,0.000172,0.0000125
1/6/2026 - 07:00:00,STRK,250,Short,0.000284,0.0000125
1/6/2026 - 07:00:00,TNSR,258.3,Short,0.00026,0.0000125
1/6/2026 - 07:00:00,MERL,120,Short,0.00039,0.0000125
1/6/2026 - 07:00:00,EIGEN,27.48,Short,0.000154,0.0000125
1/6/2026 - 07:00:00,REZ,3636,Short,-0.002998,-0.0001439219
1/6/2026 - 07:00:00,TURBO,5084,Short,0.000137,0.0000125
1/6/2026 - 07:00:00,HMSTR,93765,Short,0.001251,0.000053612
1/6/2026 - 07:00:00,XLM,90,Long,-0.000282,0.0000125
1/6/2026 - 07:00:00,ALGO,165,Long,-0.000295,0.0000125
1/6/2026 - 07:00:00,ME,48.6,Short,0.000139,0.0000125
1/6/2026 - 07:00:00,MOVE,1395,Short,0.000667,0.0000125
1/6/2026 - 07:00:00,AIXBT,541,Short,0.00028,0.0000125
1/6/2026 - 07:00:00,IP,7,Short,-0.003971,-0.0002711574
1/6/2026 - 07:00:00,AVNT,86,Short,-0.007832,-0.0002616518
1/6/2026 - 07:00:00,ZEC,0.03,Short,0.00019,0.0000125
1/6/2026 - 08:00:00,BTC,0.00071,Long,-0.00057,0.0000085744
1/6/2026 - 08:00:00,ETH,0.0034,Long,-0.000137,0.0000125
1/6/2026 - 08:00:00,ATOM,23.28,Long,-0.000158,0.0000028445
1/6/2026 - 08:00:00,SOL,0.08,Long,-0.00012,0.0000108375
1/6/2026 - 08:00:00,AVAX,0.83,Long,0.000237,-0.0000197417
1/6/2026 - 08:00:00,BNB,0.048,Long,-0.000544,0.0000125
1/6/2026 - 08:00:00,XRP,11,Long,-0.000223,0.0000085388
1/6/2026 - 08:00:00,BCH,0.033,Long,-0.000266,0.0000125
1/6/2026 - 08:00:00,YGG,152,Short,0.00014,0.0000125
1/6/2026 - 08:00:00,TRX,106,Long,-0.000388,0.0000125
1/6/2026 - 08:00:00,BANANA,2.9,Short,0.000284,0.0000125
1/6/2026 - 08:00:00,TON,37.8,Long,-0.0009,0.0000125
1/6/2026 - 08:00:00,POLYX,176,Short,0.000058,0.0000053731
1/6/2026 - 08:00:00,GMT,1922,Short,0.000397,0.0000125
1/6/2026 - 08:00:00,USTC,2996,Short,-0.000138,-0.0000066028
1/6/2026 - 08:00:00,CAKE,5.1,Long,-0.000132,0.0000125
1/6/2026 - 08:00:00,ETC,0.83,Long,-0.000138,0.0000125
1/6/2026 - 08:00:00,MAVIA,194,Short,0.000176,0.0000125
1/6/2026 - 08:00:00,STRK,250,Short,0.000283,0.0000125
1/6/2026 - 08:00:00,TNSR,258.3,Short,0.000261,0.0000125
1/6/2026 - 08:00:00,MERL,120,Short,0.000393,0.0000125
1/6/2026 - 08:00:00,EIGEN,27.48,Short,0.000152,0.0000125
1/6/2026 - 08:00:00,REZ,3636,Short,-0.001433,-0.0000684984
1/6/2026 - 08:00:00,TURBO,5084,Short,0.000137,0.0000125
1/6/2026 - 08:00:00,HMSTR,93765,Short,0.0022,0.0000938534
1/6/2026 - 08:00:00,XLM,90,Long,-0.000281,0.0000125
1/6/2026 - 08:00:00,ALGO,165,Long,-0.000295,0.0000125
1/6/2026 - 08:00:00,ME,48.6,Short,0.000139,0.0000125
1/6/2026 - 08:00:00,MOVE,1395,Short,0.000668,0.0000125
1/6/2026 - 08:00:00,AIXBT,541,Short,0.000281,0.0000125
1/6/2026 - 08:00:00,IP,7,Short,-0.004164,-0.0002833915
1/6/2026 - 08:00:00,AVNT,86,Short,-0.008121,-0.0002680615
1/6/2026 - 08:00:00,ZEC,0.03,Short,0.000189,0.0000125
1/6/2026 - 09:00:00,BTC,0.00071,Long,-0.000827,0.0000125
1/6/2026 - 09:00:00,ETH,0.0034,Long,-0.00002,0.0000019105
1/6/2026 - 09:00:00,ATOM,23.28,Long,-0.000693,0.0000125
1/6/2026 - 09:00:00,SOL,0.08,Long,-0.000044,0.000004005
1/6/2026 - 09:00:00,AVAX,0.83,Long,0.000189,-0.0000159512
1/6/2026 - 09:00:00,BNB,0.048,Long,-0.000542,0.0000125
1/6/2026 - 09:00:00,XRP,11,Long,-0.000135,0.0000052676
1/6/2026 - 09:00:00,BCH,0.033,Long,-0.000264,0.0000125
1/6/2026 - 09:00:00,YGG,152,Short,0.0001,0.0000090446
1/6/2026 - 09:00:00,TRX,106,Long,-0.000388,0.0000125
1/6/2026 - 09:00:00,BANANA,2.9,Short,0.000282,0.0000125
1/6/2026 - 09:00:00,TON,37.8,Long,-0.000899,0.0000125
1/6/2026 - 09:00:00,POLYX,176,Short,-0.000247,-0.0000233202
1/6/2026 - 09:00:00,GMT,1922,Short,0.000394,0.0000125
1/6/2026 - 09:00:00,USTC,2996,Short,0.00027,0.0000125
1/6/2026 - 09:00:00,CAKE,5.1,Long,-0.000131,0.0000125
1/6/2026 - 09:00:00,ETC,0.83,Long,-0.000135,0.0000125
1/6/2026 - 09:00:00,MAVIA,194,Short,0.001814,0.0001290248
1/6/2026 - 09:00:00,STRK,250,Short,0.000282,0.0000125
1/6/2026 - 09:00:00,TNSR,258.3,Short,0.000108,0.000005202
1/6/2026 - 09:00:00,MERL,120,Short,0.000354,0.0000114281
1/6/2026 - 09:00:00,EIGEN,27.48,Short,0.00015,0.0000125
1/6/2026 - 09:00:00,REZ,3636,Short,-0.004162,-0.0002008327
1/6/2026 - 09:00:00,TURBO,5084,Short,0.000136,0.0000125
1/6/2026 - 09:00:00,HMSTR,93765,Short,0.00252,0.0001088392
1/6/2026 - 09:00:00,XLM,90,Long,-0.000276,0.0000125
1/6/2026 - 09:00:00,ALGO,165,Long,-0.00029,0.0000125
1/6/2026 - 09:00:00,ME,48.6,Short,0.000137,0.0000125
1/6/2026 - 09:00:00,MOVE,1395,Short,0.000657,0.0000125
1/6/2026 - 09:00:00,AIXBT,541,Short,0.000281,0.0000125
1/6/2026 - 09:00:00,IP,7,Short,-0.004329,-0.0002958433
1/6/2026 - 09:00:00,AVNT,86,Short,-0.006453,-0.0002148805
1/6/2026 - 09:00:00,ZEC,0.03,Short,0.000188,0.0000125
1/6/2026 - 10:00:00,BTC,0.00071,Long,-0.000827,0.0000125
1/6/2026 - 10:00:00,ETH,0.0034,Long,-0.00012,0.0000109874
1/6/2026 - 10:00:00,ATOM,23.28,Long,-0.000692,0.0000125
1/6/2026 - 10:00:00,SOL,0.08,Long,-0.00011,0.0000100768
1/6/2026 - 10:00:00,AVAX,0.83,Long,0.000178,-0.000015052
1/6/2026 - 10:00:00,BNB,0.048,Long,-0.000544,0.0000125
1/6/2026 - 10:00:00,XRP,11,Long,-0.000278,0.0000108722
1/6/2026 - 10:00:00,BCH,0.033,Long,-0.000263,0.0000125
1/6/2026 - 10:00:00,YGG,152,Short,0.000043,0.000003902
1/6/2026 - 10:00:00,TRX,106,Long,-0.000387,0.0000125
1/6/2026 - 10:00:00,BANANA,2.9,Short,0.000292,0.0000125
1/6/2026 - 10:00:00,TON,37.8,Long,-0.0009,0.0000125
1/6/2026 - 10:00:00,POLYX,176,Short,-0.000568,-0.0000534404
1/6/2026 - 10:00:00,GMT,1922,Short,0.000393,0.0000125
1/6/2026 - 10:00:00,USTC,2996,Short,0.000266,0.0000125
1/6/2026 - 10:00:00,CAKE,5.1,Long,-0.000131,0.0000125
1/6/2026 - 10:00:00,ETC,0.83,Long,-0.000135,0.0000125
1/6/2026 - 10:00:00,MAVIA,194,Short,0.000175,0.0000125
1/6/2026 - 10:00:00,STRK,250,Short,0.000293,0.0000125
1/6/2026 - 10:00:00,TNSR,258.3,Short,-0.003693,-0.000176311
1/6/2026 - 10:00:00,MERL,120,Short,0.000139,0.0000045629
1/6/2026 - 10:00:00,EIGEN,27.48,Short,0.000151,0.0000125
1/6/2026 - 10:00:00,REZ,3636,Short,-0.002624,-0.0001277766
1/6/2026 - 10:00:00,TURBO,5084,Short,0.000135,0.0000125
1/6/2026 - 10:00:00,HMSTR,93765,Short,0.00029,0.0000125
1/6/2026 - 10:00:00,XLM,90,Long,-0.000275,0.0000125
1/6/2026 - 10:00:00,ALGO,165,Long,-0.00029,0.0000125
1/6/2026 - 10:00:00,ME,48.6,Short,0.000137,0.0000125
1/6/2026 - 10:00:00,MOVE,1395,Short,0.000656,0.0000125
1/6/2026 - 10:00:00,AIXBT,541,Short,0.000281,0.0000125
1/6/2026 - 10:00:00,IP,7,Short,-0.003779,-0.0002590201
1/6/2026 - 10:00:00,AVNT,86,Short,-0.007518,-0.0002527076
1/6/2026 - 10:00:00,ZEC,0.03,Short,0.00019,0.0000125
1/6/2026 - 11:00:00,BTC,0.00071,Long,-0.000829,0.0000125
1/6/2026 - 11:00:00,ETH,0.0034,Long,-0.000086,0.0000079
1/6/2026 - 11:00:00,ATOM,23.28,Long,-0.000269,0.0000048657
1/6/2026 - 11:00:00,SOL,0.08,Long,-0.000079,0.0000072554
1/6/2026 - 11:00:00,AVAX,0.83,Long,-0.000149,0.0000125
1/6/2026 - 11:00:00,BNB,0.048,Long,-0.000547,0.0000125
1/6/2026 - 11:00:00,XRP,11,Long,-0.000259,0.0000100356
1/6/2026 - 11:00:00,BCH,0.033,Long,-0.000263,0.0000125
1/6/2026 - 11:00:00,YGG,152,Short,0.000139,0.0000125
1/6/2026 - 11:00:00,TRX,106,Long,-0.000148,0.0000048185
1/6/2026 - 11:00:00,BANANA,2.9,Short,0.000286,0.0000125
1/6/2026 - 11:00:00,TON,37.8,Long,-0.0009,0.0000125
1/6/2026 - 11:00:00,POLYX,176,Short,-0.000184,-0.0000169923
1/6/2026 - 11:00:00,GMT,1922,Short,-0.000102,-0.0000032573
1/6/2026 - 11:00:00,USTC,2996,Short,0.000275,0.0000125
1/6/2026 - 11:00:00,CAKE,5.1,Long,-0.000132,0.0000125
1/6/2026 - 11:00:00,ETC,0.83,Long,-0.000129,0.0000119262
1/6/2026 - 11:00:00,MAVIA,194,Short,0.000694,0.0000489723
1/6/2026 - 11:00:00,STRK,250,Short,0.000134,0.0000056784
1/6/2026 - 11:00:00,TNSR,258.3,Short,-0.001143,-0.0000538875
1/6/2026 - 11:00:00,MERL,120,Short,0.000373,0.0000125
1/6/2026 - 11:00:00,EIGEN,27.48,Short,0.000151,0.0000125
1/6/2026 - 11:00:00,REZ,3636,Short,-0.002442,-0.0001191446
1/6/2026 - 11:00:00,TURBO,5084,Short,0.000136,0.0000125
1/6/2026 - 11:00:00,HMSTR,93765,Short,0.001872,0.0000801846
1/6/2026 - 11:00:00,XLM,90,Long,-0.000278,0.0000125
1/6/2026 - 11:00:00,ALGO,165,Long,-0.000291,0.0000125
1/6/2026 - 11:00:00,ME,48.6,Short,0.000137,0.0000125
1/6/2026 - 11:00:00,MOVE,1395,Short,0.000658,0.0000125
1/6/2026 - 11:00:00,AIXBT,541,Short,0.000279,0.0000125
1/6/2026 - 11:00:00,IP,7,Short,-0.003577,-0.0002453165
1/6/2026 - 11:00:00,AVNT,86,Short,-0.009636,-0.0003206829
1/6/2026 - 11:00:00,ZEC,0.03,Short,0.000192,0.0000125
1/6/2026 - 12:00:00,BTC,0.00071,Long,-0.00083,0.0000125
1/6/2026 - 12:00:00,ETH,0.0034,Long,-0.000102,0.000009376
1/6/2026 - 12:00:00,ATOM,23.28,Long,0.000394,-0.0000070746
1/6/2026 - 12:00:00,SOL,0.08,Long,-0.000103,0.0000093725
1/6/2026 - 12:00:00,AVAX,0.83,Long,-0.000149,0.0000125
1/6/2026 - 12:00:00,BNB,0.048,Long,-0.000547,0.0000125
1/6/2026 - 12:00:00,XRP,11,Long,-0.000298,0.0000115022
1/6/2026 - 12:00:00,BCH,0.033,Long,-0.000263,0.0000125
1/6/2026 - 12:00:00,YGG,152,Short,0.00014,0.0000125
1/6/2026 - 12:00:00,TRX,106,Long,0.000062,-0.0000020292
1/6/2026 - 12:00:00,BANANA,2.9,Short,0.000282,0.0000125
1/6/2026 - 12:00:00,TON,37.8,Long,-0.000903,0.0000125
1/6/2026 - 12:00:00,POLYX,176,Short,-0.002532,-0.0002237408
1/6/2026 - 12:00:00,GMT,1922,Short,-0.000399,-0.0000125757
1/6/2026 - 12:00:00,USTC,2996,Short,-0.000809,-0.0000355342
1/6/2026 - 12:00:00,CAKE,5.1,Long,-0.000132,0.0000125
1/6/2026 - 12:00:00,ETC,0.83,Long,-0.000136,0.0000125
1/6/2026 - 12:00:00,MAVIA,194,Short,0.00083,0.0000585589
1/6/2026 - 12:00:00,STRK,250,Short,0.000295,0.0000125
1/6/2026 - 12:00:00,TNSR,258.3,Short,-0.000484,-0.0000228806
1/6/2026 - 12:00:00,MERL,120,Short,0.000374,0.0000125
1/6/2026 - 12:00:00,EIGEN,27.48,Short,0.000151,0.0000125
1/6/2026 - 12:00:00,REZ,3636,Short,-0.001074,-0.0000519397
1/6/2026 - 12:00:00,TURBO,5084,Short,0.000137,0.0000125
1/6/2026 - 12:00:00,HMSTR,93765,Short,0.001396,0.0000595694
1/6/2026 - 12:00:00,XLM,90,Long,-0.000278,0.0000125
1/6/2026 - 12:00:00,ALGO,165,Long,-0.000294,0.0000125
1/6/2026 - 12:00:00,ME,48.6,Short,0.000137,0.0000125
1/6/2026 - 12:00:00,MOVE,1395,Short,0.000665,0.0000125
1/6/2026 - 12:00:00,AIXBT,541,Short,0.000283,0.0000125
1/6/2026 - 12:00:00,IP,7,Short,-0.003364,-0.000229277
1/6/2026 - 12:00:00,AVNT,86,Short,-0.006956,-0.0002323782
1/6/2026 - 12:00:00,ZEC,0.03,Short,-0.00027,-0.0000176457
1/6/2026 - 13:00:00,BTC,0.00071,Long,-0.000832,0.0000125
1/6/2026 - 13:00:00,ETH,0.0034,Long,-0.000137,0.0000125
1/6/2026 - 13:00:00,ATOM,23.28,Long,0.000647,-0.0000114828
1/6/2026 - 13:00:00,SOL,0.08,Long,-0.000139,0.0000125
1/6/2026 - 13:00:00,AVAX,0.83,Long,-0.00015,0.0000125
1/6/2026 - 13:00:00,BNB,0.048,Long,-0.000547,0.0000125
1/6/2026 - 13:00:00,XRP,11,Long,-0.000319,0.0000122135
1/6/2026 - 13:00:00,BCH,0.033,Long,-0.000263,0.0000125
1/6/2026 - 13:00:00,YGG,152,Short,0.000141,0.0000125
1/6/2026 - 13:00:00,TRX,106,Long,-0.000334,0.0000108283
1/6/2026 - 13:00:00,BANANA,2.9,Short,0.000285,0.0000125
1/6/2026 - 13:00:00,TON,37.8,Long,-0.000915,0.0000125
1/6/2026 - 13:00:00,POLYX,176,Short,-0.022645,-0.0019795207
1/6/2026 - 13:00:00,GMT,1922,Short,-0.000082,-0.0000025659
1/6/2026 - 13:00:00,USTC,2996,Short,-0.000853,-0.0000380788
1/6/2026 - 13:00:00,CAKE,5.1,Long,-0.000132,0.0000125
1/6/2026 - 13:00:00,ETC,0.83,Long,-0.000136,0.0000125
1/6/2026 - 13:00:00,MAVIA,194,Short,0.000718,0.0000504318
1/6/2026 - 13:00:00,STRK,250,Short,-0.000109,-0.0000046159
1/6/2026 - 13:00:00,TNSR,258.3,Short,-0.002587,-0.0001221321
1/6/2026 - 13:00:00,MERL,120,Short,0.000382,0.0000125
1/6/2026 - 13:00:00,EIGEN,27.48,Short,0.000153,0.0000125
1/6/2026 - 13:00:00,REZ,3636,Short,0.000259,0.0000125
1/6/2026 - 13:00:00,TURBO,5084,Short,-0.000147,-0.0000131519
1/6/2026 - 13:00:00,HMSTR,93765,Short,0.000294,0.0000125
1/6/2026 - 13:00:00,XLM,90,Long,-0.00028,0.0000125
1/6/2026 - 13:00:00,ALGO,165,Long,-0.000296,0.0000125
1/6/2026 - 13:00:00,ME,48.6,Short,0.000139,0.0000125
1/6/2026 - 13:00:00,MOVE,1395,Short,0.000671,0.0000125
1/6/2026 - 13:00:00,AIXBT,541,Short,0.000285,0.0000125
1/6/2026 - 13:00:00,IP,7,Short,-0.002483,-0.0001680221
1/6/2026 - 13:00:00,AVNT,86,Short,-0.006966,-0.0002331367
1/6/2026 - 13:00:00,ZEC,0.03,Short,-0.000405,-0.0000264575
1/6/2026 - 14:00:00,BTC,0.00071,Long,-0.000833,0.0000125
1/6/2026 - 14:00:00,ETH,0.0034,Long,-0.000137,0.0000125
1/6/2026 - 14:00:00,ATOM,23.28,Long,0.002004,-0.0000350149
1/6/2026 - 14:00:00,SOL,0.08,Long,-0.000139,0.0000125
1/6/2026 - 14:00:00,AVAX,0.83,Long,-0.000151,0.0000125
1/6/2026 - 14:00:00,BNB,0.048,Long,-0.000547,0.0000125
1/6/2026 - 14:00:00,XRP,11,Long,-0.000152,0.0000058432
1/6/2026 - 14:00:00,BCH,0.033,Long,-0.000264,0.0000125
1/6/2026 - 14:00:00,YGG,152,Short,0.000142,0.0000125
1/6/2026 - 14:00:00,TRX,106,Long,-0.000386,0.0000125
1/6/2026 - 14:00:00,BANANA,2.9,Short,0.000287,0.0000125
1/6/2026 - 14:00:00,TON,37.8,Long,-0.000915,0.0000125
1/6/2026 - 14:00:00,POLYX,176,Short,-0.010086,-0.0008606054
1/6/2026 - 14:00:00,GMT,1922,Short,0.000403,0.0000125
1/6/2026 - 14:00:00,USTC,2996,Short,0.000069,0.0000030762
1/6/2026 - 14:00:00,CAKE,5.1,Long,-0.000132,0.0000125
1/6/2026 - 14:00:00,ETC,0.83,Long,-0.000138,0.0000125
1/6/2026 - 14:00:00,MAVIA,194,Short,0.00018,0.0000125
1/6/2026 - 14:00:00,STRK,250,Short,0.000296,0.0000125
1/6/2026 - 14:00:00,TNSR,258.3,Short,-0.000403,-0.000018996
1/6/2026 - 14:00:00,MERL,120,Short,0.000379,0.0000125
1/6/2026 - 14:00:00,EIGEN,27.48,Short,0.000086,0.0000068989
1/6/2026 - 14:00:00,REZ,3636,Short,0.000259,0.0000125
1/6/2026 - 14:00:00,TURBO,5084,Short,0.000141,0.0000125
1/6/2026 - 14:00:00,HMSTR,93765,Short,0.000886,0.0000375
1/6/2026 - 14:00:00,XLM,90,Long,-0.000282,0.0000125
1/6/2026 - 14:00:00,ALGO,165,Long,-0.000298,0.0000125
1/6/2026 - 14:00:00,ME,48.6,Short,0.000141,0.0000125
1/6/2026 - 14:00:00,MOVE,1395,Short,0.000677,0.0000125
1/6/2026 - 14:00:00,AIXBT,541,Short,0.00029,0.0000125
1/6/2026 - 14:00:00,IP,7,Short,-0.001707,-0.0001162323
1/6/2026 - 14:00:00,AVNT,86,Short,-0.005102,-0.0001684417
1/6/2026 - 14:00:00,ZEC,0.03,Short,-0.000166,-0.0000106364
1/6/2026 - 15:00:00,BTC,0.00071,Long,-0.000831,0.0000125
1/6/2026 - 15:00:00,ETH,0.0034,Long,-0.000137,0.0000125
1/6/2026 - 15:00:00,ATOM,23.28,Long,0.00357,-0.0000618201
1/6/2026 - 15:00:00,SOL,0.08,Long,-0.000139,0.0000125
1/6/2026 - 15:00:00,AVAX,0.83,Long,-0.000151,0.0000125
1/6/2026 - 15:00:00,BNB,0.048,Long,-0.000548,0.0000125
1/6/2026 - 15:00:00,XRP,11,Long,-0.000135,0.0000052025
1/6/2026 - 15:00:00,BCH,0.033,Long,-0.000261,0.0000125
1/6/2026 - 15:00:00,YGG,152,Short,0.000142,0.0000125
1/6/2026 - 15:00:00,TRX,106,Long,-0.000386,0.0000125
1/6/2026 - 15:00:00,BANANA,2.9,Short,0.000291,0.0000125
1/6/2026 - 15:00:00,TON,37.8,Long,-0.000913,0.0000125
1/6/2026 - 15:00:00,POLYX,176,Short,-0.008468,-0.0007408019
1/6/2026 - 15:00:00,GMT,1922,Short,0.000401,0.0000125
1/6/2026 - 15:00:00,USTC,2996,Short,0.000283,0.0000125
1/6/2026 - 15:00:00,CAKE,5.1,Long,-0.000132,0.0000125
1/6/2026 - 15:00:00,ETC,0.83,Long,-0.000137,0.0000125
1/6/2026 - 15:00:00,MAVIA,194,Short,0.000567,0.0000389919
1/6/2026 - 15:00:00,STRK,250,Short,0.000295,0.0000125
1/6/2026 - 15:00:00,TNSR,258.3,Short,-0.000214,-0.0000100019
1/6/2026 - 15:00:00,MERL,120,Short,0.000373,0.0000125
1/6/2026 - 15:00:00,EIGEN,27.48,Short,0.000156,0.0000125
1/6/2026 - 15:00:00,REZ,3636,Short,-0.00021,-0.0000101187
1/6/2026 - 15:00:00,TURBO,5084,Short,0.000076,0.000006756
1/6/2026 - 15:00:00,HMSTR,93765,Short,0.000296,0.0000125
1/6/2026 - 15:00:00,XLM,90,Long,-0.000281,0.0000125
1/6/2026 - 15:00:00,ALGO,165,Long,-0.000296,0.0000125
1/6/2026 - 15:00:00,ME,48.6,Short,0.000141,0.0000125
1/6/2026 - 15:00:00,MOVE,1395,Short,0.00068,0.0000125
1/6/2026 - 15:00:00,AIXBT,541,Short,0.00029,0.0000125
1/6/2026 - 15:00:00,IP,7,Short,-0.001244,-0.0000844508
1/6/2026 - 15:00:00,AVNT,86,Short,-0.004485,-0.0001464954
1/6/2026 - 15:00:00,ZEC,0.03,Short,0.000194,0.0000125
1/6/2026 - 16:00:00,BTC,0.00071,Long,-0.000832,0.0000125
1/6/2026 - 16:00:00,ETH,0.0034,Long,-0.000139,0.0000125
1/6/2026 - 16:00:00,ATOM,23.28,Long,0.002694,-0.000045646
1/6/2026 - 16:00:00,SOL,0.08,Long,-0.000142,0.0000125
1/6/2026 - 16:00:00,AVAX,0.83,Long,-0.000151,0.0000125
1/6/2026 - 16:00:00,BNB,0.048,Long,-0.000552,0.0000125
1/6/2026 - 16:00:00,XRP,11,Long,-0.000327,0.0000125
1/6/2026 - 16:00:00,BCH,0.033,Long,-0.000261,0.0000125
1/6/2026 - 16:00:00,YGG,152,Short,0.000141,0.0000125
1/6/2026 - 16:00:00,TRX,106,Long,-0.000387,0.0000125
1/6/2026 - 16:00:00,BANANA,2.9,Short,0.000287,0.0000125
1/6/2026 - 16:00:00,TON,37.8,Long,-0.000909,0.0000125
1/6/2026 - 16:00:00,POLYX,176,Short,-0.003167,-0.0002723128
1/6/2026 - 16:00:00,GMT,1922,Short,0.000402,0.0000125
1/6/2026 - 16:00:00,USTC,2996,Short,0.000099,0.0000043552
1/6/2026 - 16:00:00,CAKE,5.1,Long,-0.000134,0.0000125
1/6/2026 - 16:00:00,ETC,0.83,Long,-0.000138,0.0000125
1/6/2026 - 16:00:00,MAVIA,194,Short,0.001103,0.0000754738
1/6/2026 - 16:00:00,STRK,250,Short,0.000294,0.0000125
1/6/2026 - 16:00:00,TNSR,258.3,Short,0.000265,0.0000125
1/6/2026 - 16:00:00,MERL,120,Short,0.000365,0.0000125
1/6/2026 - 16:00:00,EIGEN,27.48,Short,0.000156,0.0000125
1/6/2026 - 16:00:00,REZ,3636,Short,0.000259,0.0000125
1/6/2026 - 16:00:00,TURBO,5084,Short,0.000138,0.0000125
1/6/2026 - 16:00:00,HMSTR,93765,Short,0.002576,0.0001086244
1/6/2026 - 16:00:00,XLM,90,Long,-0.00028,0.0000125
1/6/2026 - 16:00:00,ALGO,165,Long,-0.000298,0.0000125
1/6/2026 - 16:00:00,ME,48.6,Short,0.000141,0.0000125
1/6/2026 - 16:00:00,MOVE,1395,Short,0.000676,0.0000125
1/6/2026 - 16:00:00,AIXBT,541,Short,0.000286,0.0000125
1/6/2026 - 16:00:00,IP,7,Short,-0.000581,-0.0000397509
1/6/2026 - 16:00:00,AVNT,86,Short,-0.005789,-0.0001913149
1/6/2026 - 16:00:00,ZEC,0.03,Short,0.000192,0.0000125
1/6/2026 - 17:00:00,BTC,0.00071,Long,-0.000831,0.0000125
1/6/2026 - 17:00:00,ETH,0.0034,Long,-0.000139,0.0000125
1/6/2026 - 17:00:00,ATOM,23.28,Long,-0.000721,0.0000125
1/6/2026 - 17:00:00,SOL,0.08,Long,-0.000141,0.0000125
1/6/2026 - 17:00:00,AVAX,0.83,Long,-0.00015,0.0000125
1/6/2026 - 17:00:00,BNB,0.048,Long,-0.000551,0.0000125
1/6/2026 - 17:00:00,XRP,11,Long,-0.000182,0.000007061
1/6/2026 - 17:00:00,BCH,0.033,Long,-0.00026,0.0000125
1/6/2026 - 17:00:00,YGG,152,Short,0.000139,0.0000125
1/6/2026 - 17:00:00,TRX,106,Long,0.000133,-0.0000043153
1/6/2026 - 17:00:00,BANANA,2.9,Short,0.000286,0.0000125
1/6/2026 - 17:00:00,TON,37.8,Long,-0.000897,0.0000125
1/6/2026 - 17:00:00,POLYX,176,Short,-0.001286,-0.0001129698
1/6/2026 - 17:00:00,GMT,1922,Short,0.000398,0.0000125
1/6/2026 - 17:00:00,USTC,2996,Short,0.000282,0.0000125
1/6/2026 - 17:00:00,CAKE,5.1,Long,-0.000132,0.0000125
1/6/2026 - 17:00:00,ETC,0.83,Long,-0.000137,0.0000125
1/6/2026 - 17:00:00,MAVIA,194,Short,0.001825,0.0001252773
1/6/2026 - 17:00:00,STRK,250,Short,0.000091,0.0000039134
1/6/2026 - 17:00:00,TNSR,258.3,Short,0.000023,0.0000011178
1/6/2026 - 17:00:00,MERL,120,Short,0.000368,0.0000125
1/6/2026 - 17:00:00,EIGEN,27.48,Short,0.000154,0.0000125
1/6/2026 - 17:00:00,REZ,3636,Short,-0.00011,-0.000005333
1/6/2026 - 17:00:00,TURBO,5084,Short,0.000075,0.0000068656
1/6/2026 - 17:00:00,HMSTR,93765,Short,0.000295,0.0000125
1/6/2026 - 17:00:00,XLM,90,Long,-0.000276,0.0000125
1/6/2026 - 17:00:00,ALGO,165,Long,-0.000294,0.0000125
1/6/2026 - 17:00:00,ME,48.6,Short,0.00014,0.0000125
1/6/2026 - 17:00:00,MOVE,1395,Short,0.000672,0.0000125
1/6/2026 - 17:00:00,AIXBT,541,Short,0.000284,0.0000125
1/6/2026 - 17:00:00,IP,7,Short,-0.001132,-0.0000779926
1/6/2026 - 17:00:00,AVNT,86,Short,-0.004026,-0.0001339151
1/6/2026 - 17:00:00,ZEC,0.03,Short,0.000192,0.0000125
1/6/2026 - 18:00:00,BTC,0.00071,Long,-0.000822,0.0000125
1/6/2026 - 18:00:00,ETH,0.0034,Long,-0.000138,0.0000125
1/6/2026 - 18:00:00,ATOM,23.28,Long,0.000637,-0.0000112842
1/6/2026 - 18:00:00,SOL,0.08,Long,-0.000138,0.0000125
1/6/2026 - 18:00:00,AVAX,0.83,Long,0.000216,-0.0000180231
1/6/2026 - 18:00:00,BNB,0.048,Long,-0.000544,0.0000125
1/6/2026 - 18:00:00,XRP,11,Long,-0.000187,0.0000074814
1/6/2026 - 18:00:00,BCH,0.033,Long,-0.000261,0.0000125
1/6/2026 - 18:00:00,YGG,152,Short,0.000136,0.0000125
1/6/2026 - 18:00:00,TRX,106,Long,0.000337,-0.0000108773
1/6/2026 - 18:00:00,BANANA,2.9,Short,0.00028,0.0000125
1/6/2026 - 18:00:00,TON,37.8,Long,-0.000885,0.0000125
1/6/2026 - 18:00:00,POLYX,176,Short,-0.000991,-0.0000874791
1/6/2026 - 18:00:00,GMT,1922,Short,0.000393,0.0000125
1/6/2026 - 18:00:00,USTC,2996,Short,0.000273,0.0000125
1/6/2026 - 18:00:00,CAKE,5.1,Long,-0.00013,0.0000125
1/6/2026 - 18:00:00,ETC,0.83,Long,-0.000135,0.0000125
1/6/2026 - 18:00:00,MAVIA,194,Short,0.000237,0.0000169982
1/6/2026 - 18:00:00,STRK,250,Short,-0.000101,-0.0000044557
1/6/2026 - 18:00:00,TNSR,258.3,Short,-0.000343,-0.0000164793
1/6/2026 - 18:00:00,MERL,120,Short,0.000362,0.0000125
1/6/2026 - 18:00:00,EIGEN,27.48,Short,0.000149,0.0000125
1/6/2026 - 18:00:00,REZ,3636,Short,-0.000552,-0.0000274474
1/6/2026 - 18:00:00,TURBO,5084,Short,0.000133,0.0000125
1/6/2026 - 18:00:00,HMSTR,93765,Short,0.000288,0.0000125
1/6/2026 - 18:00:00,XLM,90,Long,-0.000269,0.0000125
1/6/2026 - 18:00:00,ALGO,165,Long,-0.000286,0.0000125
1/6/2026 - 18:00:00,ME,48.6,Short,0.000137,0.0000125
1/6/2026 - 18:00:00,MOVE,1395,Short,0.000663,0.0000125
1/6/2026 - 18:00:00,AIXBT,541,Short,0.000272,0.0000125
1/6/2026 - 18:00:00,IP,7,Short,-0.002141,-0.000149874
1/6/2026 - 18:00:00,AVNT,86,Short,-0.003953,-0.0001347803
1/6/2026 - 18:00:00,ZEC,0.03,Short,0.000191,0.0000125
1/6/2026 - 19:00:00,BTC,0.00071,Long,-0.000812,0.0000125
1/6/2026 - 19:00:00,ETH,0.0034,Long,-0.000135,0.0000125
1/6/2026 - 19:00:00,ATOM,23.28,Long,0.002236,-0.0000403519
1/6/2026 - 19:00:00,SOL,0.08,Long,-0.000136,0.0000125
1/6/2026 - 19:00:00,AVAX,0.83,Long,0.000202,-0.000017016
1/6/2026 - 19:00:00,BNB,0.048,Long,-0.000536,0.0000125
1/6/2026 - 19:00:00,XRP,11,Long,-0.000303,0.0000125
1/6/2026 - 19:00:00,BCH,0.033,Long,-0.000259,0.0000125
1/6/2026 - 19:00:00,YGG,152,Short,0.000133,0.0000125
1/6/2026 - 19:00:00,TRX,106,Long,0.000356,-0.0000115328
1/6/2026 - 19:00:00,BANANA,2.9,Short,0.000274,0.0000125
1/6/2026 - 19:00:00,TON,37.8,Long,-0.000877,0.0000125
1/6/2026 - 19:00:00,POLYX,176,Short,-0.003631,-0.0003170238
1/6/2026 - 19:00:00,GMT,1922,Short,0.000385,0.0000125
1/6/2026 - 19:00:00,USTC,2996,Short,0.000267,0.0000125
1/6/2026 - 19:00:00,CAKE,5.1,Long,-0.000126,0.0000125
1/6/2026 - 19:00:00,ETC,0.83,Long,-0.000133,0.0000125
1/6/2026 - 19:00:00,MAVIA,194,Short,0.000169,0.0000125
1/6/2026 - 19:00:00,STRK,250,Short,0.000278,0.0000125
1/6/2026 - 19:00:00,TNSR,258.3,Short,-0.000479,-0.0000234033
1/6/2026 - 19:00:00,MERL,120,Short,0.000359,0.0000125
1/6/2026 - 19:00:00,EIGEN,27.48,Short,0.000144,0.0000125
1/6/2026 - 19:00:00,REZ,3636,Short,-0.00048,-0.0000243054
1/6/2026 - 19:00:00,TURBO,5084,Short,-0.000026,-0.0000025092
1/6/2026 - 19:00:00,HMSTR,93765,Short,0.000633,0.0000280139
1/6/2026 - 19:00:00,XLM,90,Long,-0.000263,0.0000125
1/6/2026 - 19:00:00,ALGO,165,Long,-0.000281,0.0000125
1/6/2026 - 19:00:00,ME,48.6,Short,0.000134,0.0000125
1/6/2026 - 19:00:00,MOVE,1395,Short,0.000647,0.0000125
1/6/2026 - 19:00:00,AIXBT,541,Short,0.000265,0.0000125
1/6/2026 - 19:00:00,IP,7,Short,-0.002338,-0.0001671658
1/6/2026 - 19:00:00,AVNT,86,Short,-0.007715,-0.0002652196
1/6/2026 - 19:00:00,ZEC,0.03,Short,0.000185,0.0000125
1/6/2026 - 20:00:00,BTC,0.00082,Long,-0.000943,0.0000125
1/6/2026 - 20:00:00,ETH,0.0034,Long,-0.000136,0.0000125
1/6/2026 - 20:00:00,ATOM,23.28,Long,0.006045,-0.000107637
1/6/2026 - 20:00:00,SOL,0.08,Long,-0.000137,0.0000125
1/6/2026 - 20:00:00,AVAX,0.83,Long,0.000058,-0.0000048728
1/6/2026 - 20:00:00,BNB,0.048,Long,-0.00054,0.0000125
1/6/2026 - 20:00:00,XRP,16,Long,-0.000449,0.0000125
1/6/2026 - 20:00:00,BCH,0.033,Long,-0.00026,0.0000125
1/6/2026 - 20:00:00,YGG,152,Short,0.000109,0.0000100865
1/6/2026 - 20:00:00,TRX,106,Long,0.000375,-0.0000121385
1/6/2026 - 20:00:00,BANANA,2.9,Short,0.000278,0.0000125
1/6/2026 - 20:00:00,TON,37.8,Long,-0.000886,0.0000125
1/6/2026 - 20:00:00,POLYX,176,Short,-0.00669,-0.0005801903
1/6/2026 - 20:00:00,GMT,1922,Short,0.000297,0.0000095267
1/6/2026 - 20:00:00,USTC,2996,Short,0.000266,0.0000125
1/6/2026 - 20:00:00,CAKE,5.1,Long,-0.000125,0.0000125
1/6/2026 - 20:00:00,ETC,0.83,Long,-0.000134,0.0000125
1/6/2026 - 20:00:00,MAVIA,194,Short,0.000171,0.0000125
1/6/2026 - 20:00:00,STRK,250,Short,-0.000334,-0.0000148717
1/6/2026 - 20:00:00,TNSR,258.3,Short,-0.000629,-0.000030592
1/6/2026 - 20:00:00,MERL,162,Short,0.000488,0.0000125
1/6/2026 - 20:00:00,EIGEN,27.48,Short,0.000146,0.0000125
1/6/2026 - 20:00:00,REZ,3636,Short,-0.00024,-0.0000119318
1/6/2026 - 20:00:00,TURBO,5084,Short,-0.000039,-0.0000038028
1/6/2026 - 20:00:00,HMSTR,134918,Short,0.000413,0.0000125
1/6/2026 - 20:00:00,XLM,133,Long,-0.000395,0.0000125
1/6/2026 - 20:00:00,ALGO,165,Long,-0.000285,0.0000125
1/6/2026 - 20:00:00,ME,48.6,Short,0.000138,0.0000125
1/6/2026 - 20:00:00,MOVE,1395,Short,0.000661,0.0000125
1/6/2026 - 20:00:00,AIXBT,792,Short,0.000399,0.0000125
1/6/2026 - 20:00:00,IP,7,Short,-0.002256,-0.0001595369
1/6/2026 - 20:00:00,AVNT,86,Short,-0.010258,-0.0003467686
1/6/2026 - 20:00:00,ZEC,0.03,Short,0.000186,0.0000125
1/6/2026 - 21:00:00,BTC,0.00082,Long,-0.000944,0.0000125
1/6/2026 - 21:00:00,ETH,0.0034,Long,-0.000137,0.0000125
1/6/2026 - 21:00:00,ATOM,23.28,Long,0.007048,-0.000125279
1/6/2026 - 21:00:00,SOL,0.08,Long,-0.000137,0.0000125
1/6/2026 - 21:00:00,AVAX,0.83,Long,-0.000109,0.0000091262
1/6/2026 - 21:00:00,BNB,0.048,Long,-0.00054,0.0000125
1/6/2026 - 21:00:00,XRP,16,Long,-0.000261,0.0000073275
1/6/2026 - 21:00:00,BCH,0.033,Long,-0.00026,0.0000125
1/6/2026 - 21:00:00,YGG,152,Short,0.000135,0.0000125
1/6/2026 - 21:00:00,TRX,106,Long,0.000255,-0.0000082588
1/6/2026 - 21:00:00,BANANA,2.9,Short,0.000278,0.0000125
1/6/2026 - 21:00:00,TON,37.8,Long,-0.00089,0.0000125
1/6/2026 - 21:00:00,POLYX,176,Short,-0.00513,-0.0004505423
1/6/2026 - 21:00:00,GMT,1922,Short,0.00039,0.0000125
1/6/2026 - 21:00:00,USTC,2996,Short,0.000265,0.0000125
1/6/2026 - 21:00:00,CAKE,5.1,Long,-0.000126,0.0000125
1/6/2026 - 21:00:00,ETC,0.83,Long,-0.000134,0.0000125
1/6/2026 - 21:00:00,MAVIA,194,Short,0.001905,0.0001389114
1/6/2026 - 21:00:00,STRK,250,Short,-0.000351,-0.0000156464
1/6/2026 - 21:00:00,TNSR,258.3,Short,-0.000778,-0.000037815
1/6/2026 - 21:00:00,MERL,162,Short,0.000492,0.0000125
1/6/2026 - 21:00:00,EIGEN,27.48,Short,0.000146,0.0000125
1/6/2026 - 21:00:00,REZ,3636,Short,-0.001345,-0.0000666882
1/6/2026 - 21:00:00,TURBO,5084,Short,0.000026,0.0000024955
1/6/2026 - 21:00:00,HMSTR,134918,Short,0.000413,0.0000125
1/6/2026 - 21:00:00,XLM,133,Long,-0.000396,0.0000125
1/6/2026 - 21:00:00,ALGO,165,Long,-0.000284,0.0000125
1/6/2026 - 21:00:00,ME,48.6,Short,0.000137,0.0000125
1/6/2026 - 21:00:00,MOVE,1395,Short,0.000659,0.0000125
1/6/2026 - 21:00:00,AIXBT,792,Short,0.000399,0.0000125
1/6/2026 - 21:00:00,IP,7,Short,-0.0019,-0.0001328968
1/6/2026 - 21:00:00,AVNT,86,Short,-0.010409,-0.0003523808
1/6/2026 - 21:00:00,ZEC,0.03,Short,0.000186,0.0000125
1/6/2026 - 22:00:00,BTC,0.00082,Long,-0.000948,0.0000125
1/6/2026 - 22:00:00,ETH,0.0034,Long,-0.000137,0.0000125
1/6/2026 - 22:00:00,ATOM,23.28,Long,0.006071,-0.0001065575
1/6/2026 - 22:00:00,SOL,0.08,Long,-0.000138,0.0000125
1/6/2026 - 22:00:00,AVAX,0.83,Long,-0.00015,0.0000125
1/6/2026 - 22:00:00,BNB,0.048,Long,-0.000543,0.0000125
1/6/2026 - 22:00:00,XRP,16,Long,-0.000451,0.0000125
1/6/2026 - 22:00:00,BCH,0.033,Long,-0.000262,0.0000125
1/6/2026 - 22:00:00,YGG,152,Short,0.000096,0.0000087051
1/6/2026 - 22:00:00,TRX,106,Long,0.000278,-0.0000089896
1/6/2026 - 22:00:00,BANANA,2.9,Short,0.000281,0.0000125
1/6/2026 - 22:00:00,TON,37.8,Long,-0.00089,0.0000125
1/6/2026 - 22:00:00,POLYX,176,Short,-0.00139,-0.0001225701
1/6/2026 - 22:00:00,GMT,1922,Short,0.000375,0.0000118936
1/6/2026 - 22:00:00,USTC,2996,Short,0.000271,0.0000125
1/6/2026 - 22:00:00,CAKE,5.1,Long,-0.000117,0.0000114704
1/6/2026 - 22:00:00,ETC,0.83,Long,-0.000135,0.0000125
1/6/2026 - 22:00:00,MAVIA,194,Short,0.000174,0.0000125
1/6/2026 - 22:00:00,STRK,250,Short,0.00012,0.0000053201
1/6/2026 - 22:00:00,TNSR,258.3,Short,-0.000741,-0.0000356374
1/6/2026 - 22:00:00,MERL,162,Short,0.000512,0.0000125
1/6/2026 - 22:00:00,EIGEN,27.48,Short,0.000149,0.0000125
1/6/2026 - 22:00:00,REZ,3636,Short,0.000147,0.0000072488
1/6/2026 - 22:00:00,TURBO,5084,Short,-0.000119,-0.00001123
1/6/2026 - 22:00:00,HMSTR,134918,Short,0.000416,0.0000125
1/6/2026 - 22:00:00,XLM,133,Long,-0.000397,0.0000125
1/6/2026 - 22:00:00,ALGO,165,Long,-0.000287,0.0000125
1/6/2026 - 22:00:00,ME,48.6,Short,0.000138,0.0000125
1/6/2026 - 22:00:00,MOVE,1395,Short,0.000671,0.0000125
1/6/2026 - 22:00:00,AIXBT,792,Short,0.000405,0.0000125
1/6/2026 - 22:00:00,IP,7,Short,-0.003161,-0.0002102016
1/6/2026 - 22:00:00,AVNT,86,Short,-0.005594,-0.0001859326
1/6/2026 - 22:00:00,ZEC,0.03,Short,0.000186,0.0000125
1/6/2026 - 23:00:00,BTC,0.00082,Long,-0.000955,0.0000125
1/6/2026 - 23:00:00,ETH,0.0034,Long,-0.000139,0.0000125
1/6/2026 - 23:00:00,ATOM,23.28,Long,0.00345,-0.000059509
1/6/2026 - 23:00:00,SOL,0.08,Long,-0.00014,0.0000125
1/6/2026 - 23:00:00,AVAX,0.83,Long,-0.00015,0.0000125
1/6/2026 - 23:00:00,BNB,0.048,Long,-0.000547,0.0000125
1/6/2026 - 23:00:00,XRP,16,Long,-0.000429,0.0000117467
1/6/2026 - 23:00:00,BCH,0.033,Long,-0.000262,0.0000125
1/6/2026 - 23:00:00,YGG,152,Short,0.000141,0.0000125
1/6/2026 - 23:00:00,TRX,106,Long,-0.000268,0.0000086308
1/6/2026 - 23:00:00,BANANA,2.9,Short,0.000285,0.0000125
1/6/2026 - 23:00:00,TON,37.8,Long,-0.000899,0.0000125
1/6/2026 - 23:00:00,POLYX,176,Short,-0.00063,-0.0000551138
1/6/2026 - 23:00:00,GMT,1922,Short,0.000403,0.0000125
1/6/2026 - 23:00:00,USTC,2996,Short,-0.001185,-0.0000536159
1/6/2026 - 23:00:00,CAKE,5.1,Long,-0.000129,0.0000125
1/6/2026 - 23:00:00,ETC,0.83,Long,-0.000138,0.0000125
1/6/2026 - 23:00:00,MAVIA,194,Short,0.000175,0.0000125
1/6/2026 - 23:00:00,STRK,250,Short,0.000288,0.0000125
1/6/2026 - 23:00:00,TNSR,258.3,Short,-0.001255,-0.0000599872
1/6/2026 - 23:00:00,MERL,162,Short,0.000512,0.0000125
1/6/2026 - 23:00:00,EIGEN,27.48,Short,0.000152,0.0000125
1/6/2026 - 23:00:00,REZ,3636,Short,-0.000401,-0.0000194442
1/6/2026 - 23:00:00,TURBO,5084,Short,0.000136,0.0000125
1/6/2026 - 23:00:00,HMSTR,134918,Short,0.000423,0.0000125
1/6/2026 - 23:00:00,XLM,133,Long,-0.000403,0.0000125
1/6/2026 - 23:00:00,ALGO,165,Long,-0.000292,0.0000125
1/6/2026 - 23:00:00,ME,48.6,Short,0.00014,0.0000125
1/6/2026 - 23:00:00,MOVE,1395,Short,0.000682,0.0000125
1/6/2026 - 23:00:00,AIXBT,792,Short,0.000416,0.0000125
1/6/2026 - 23:00:00,IP,7,Short,-0.001964,-0.0001323237
1/6/2026 - 23:00:00,AVNT,86,Short,-0.000583,-0.0000193746
1/6/2026 - 23:00:00,ZEC,0.03,Short,0.000187,0.0000125
1/7/2026 - 00:00:00,BTC,0.00082,Long,-0.000956,0.0000125
1/7/2026 - 00:00:00,ETH,0.0034,Long,-0.000139,0.0000125
1/7/2026 - 00:00:00,ATOM,23.28,Long,0.001411,-0.0000244997
1/7/2026 - 00:00:00,SOL,0.08,Long,-0.00014,0.0000125
1/7/2026 - 00:00:00,AVAX,0.83,Long,-0.00015,0.0000125
1/7/2026 - 00:00:00,BNB,0.048,Long,-0.000548,0.0000125
1/7/2026 - 00:00:00,XRP,16,Long,-0.000458,0.0000125
1/7/2026 - 00:00:00,BCH,0.033,Long,-0.000262,0.0000125
1/7/2026 - 00:00:00,YGG,152,Short,0.000139,0.0000125
1/7/2026 - 00:00:00,TRX,106,Long,-0.000388,0.0000125
1/7/2026 - 00:00:00,BANANA,2.9,Short,0.000282,0.0000125
1/7/2026 - 00:00:00,TON,37.8,Long,-0.000892,0.0000125
1/7/2026 - 00:00:00,POLYX,176,Short,-0.000471,-0.0000411149
1/7/2026 - 00:00:00,GMT,1922,Short,0.0004,0.0000125
1/7/2026 - 00:00:00,USTC,2996,Short,0.000273,0.0000125
1/7/2026 - 00:00:00,CAKE,5.1,Long,-0.000129,0.0000125
1/7/2026 - 00:00:00,ETC,0.83,Long,-0.000137,0.0000125
1/7/2026 - 00:00:00,MAVIA,194,Short,0.001488,0.0001065636
1/7/2026 - 00:00:00,STRK,250,Short,0.000287,0.0000125
1/7/2026 - 00:00:00,TNSR,258.3,Short,-0.000359,-0.0000171766
1/7/2026 - 00:00:00,MERL,162,Short,0.000509,0.0000125
1/7/2026 - 00:00:00,EIGEN,27.48,Short,0.000151,0.0000125
1/7/2026 - 00:00:00,REZ,3636,Short,-0.001746,-0.000084712
1/7/2026 - 00:00:00,TURBO,5084,Short,0.000134,0.0000125
1/7/2026 - 00:00:00,HMSTR,134918,Short,0.000421,0.0000125
1/7/2026 - 00:00:00,XLM,133,Long,-0.000402,0.0000125
1/7/2026 - 00:00:00,ALGO,165,Long,-0.000291,0.0000125
1/7/2026 - 00:00:00,ME,48.6,Short,0.000139,0.0000125
1/7/2026 - 00:00:00,MOVE,1395,Short,0.000679,0.0000125
1/7/2026 - 00:00:00,AIXBT,792,Short,0.000412,0.0000125
1/7/2026 - 00:00:00,IP,7,Short,0.000077,0.0000051984
1/7/2026 - 00:00:00,AVNT,86,Short,0.000376,0.0000125
1/7/2026 - 00:00:00,ZEC,0.03,Short,0.000187,0.0000125
1/7/2026 - 01:00:00,BTC,0.00082,Long,-0.00096,0.0000125
1/7/2026 - 01:00:00,ETH,0.0034,Long,-0.00014,0.0000125
1/7/2026 - 01:00:00,ATOM,23.28,Long,0.003791,-0.0000643424
1/7/2026 - 01:00:00,SOL,0.08,Long,-0.000141,0.0000125
1/7/2026 - 01:00:00,AVAX,0.83,Long,-0.000151,0.0000125
1/7/2026 - 01:00:00,BNB,0.048,Long,-0.00055,0.0000125
1/7/2026 - 01:00:00,XRP,16,Long,-0.000449,0.0000122051
1/7/2026 - 01:00:00,BCH,0.033,Long,-0.000263,0.0000125
1/7/2026 - 01:00:00,YGG,152,Short,0.00014,0.0000125
1/7/2026 - 01:00:00,TRX,106,Long,-0.000389,0.0000125
1/7/2026 - 01:00:00,BANANA,2.9,Short,0.000283,0.0000125
1/7/2026 - 01:00:00,TON,37.8,Long,-0.000897,0.0000125
1/7/2026 - 01:00:00,POLYX,176,Short,-0.001829,-0.0001582521
1/7/2026 - 01:00:00,GMT,1922,Short,-0.000102,-0.0000031856
1/7/2026 - 01:00:00,USTC,2996,Short,-0.000727,-0.000032938
1/7/2026 - 01:00:00,CAKE,5.1,Long,-0.00013,0.0000125
1/7/2026 - 01:00:00,ETC,0.83,Long,-0.000138,0.0000125
1/7/2026 - 01:00:00,MAVIA,194,Short,0.001185,0.0000850988
1/7/2026 - 01:00:00,STRK,250,Short,0.000289,0.0000125
1/7/2026 - 01:00:00,TNSR,258.3,Short,-0.000062,-0.0000029868
1/7/2026 - 01:00:00,MERL,162,Short,0.00051,0.0000125
1/7/2026 - 01:00:00,EIGEN,27.48,Short,0.000153,0.0000125
1/7/2026 - 01:00:00,REZ,3636,Short,-0.000402,-0.0000193755
1/7/2026 - 01:00:00,TURBO,5084,Short,0.000134,0.0000125
1/7/2026 - 01:00:00,HMSTR,134918,Short,0.00496,0.0001458997
1/7/2026 - 01:00:00,XLM,133,Long,-0.000405,0.0000125
1/7/2026 - 01:00:00,ALGO,165,Long,-0.000293,0.0000125
1/7/2026 - 01:00:00,ME,48.6,Short,0.000141,0.0000125
1/7/2026 - 01:00:00,MOVE,1395,Short,0.000684,0.0000125
1/7/2026 - 01:00:00,AIXBT,792,Short,0.000413,0.0000125
1/7/2026 - 01:00:00,IP,7,Short,0.000186,0.0000125
1/7/2026 - 01:00:00,AVNT,86,Short,0.000378,0.0000125
1/7/2026 - 01:00:00,ZEC,0.03,Short,0.000188,0.0000125
1/7/2026 - 02:00:00,BTC,0.00082,Long,-0.00095,0.0000125
1/7/2026 - 02:00:00,ETH,0.0034,Long,-0.000138,0.0000125
1/7/2026 - 02:00:00,ATOM,23.28,Long,0.000686,-0.0000118371
1/7/2026 - 02:00:00,SOL,0.08,Long,-0.000139,0.0000125
1/7/2026 - 02:00:00,AVAX,0.83,Long,-0.00015,0.0000125
1/7/2026 - 02:00:00,BNB,0.048,Long,-0.000545,0.0000125
1/7/2026 - 02:00:00,XRP,16,Long,-0.000456,0.0000125
1/7/2026 - 02:00:00,BCH,0.033,Long,0.000039,-0.0000018826
1/7/2026 - 02:00:00,YGG,152,Short,0.000137,0.0000125
1/7/2026 - 02:00:00,TRX,106,Long,-0.000389,0.0000125
1/7/2026 - 02:00:00,BANANA,2.9,Short,0.000277,0.0000125
1/7/2026 - 02:00:00,TON,37.8,Long,-0.000888,0.0000125
1/7/2026 - 02:00:00,POLYX,176,Short,-0.001816,-0.0001605433
1/7/2026 - 02:00:00,GMT,1922,Short,0.000397,0.0000125
1/7/2026 - 02:00:00,USTC,2996,Short,0.000272,0.0000125
1/7/2026 - 02:00:00,CAKE,5.1,Long,-0.000128,0.0000125
1/7/2026 - 02:00:00,ETC,0.83,Long,-0.000135,0.0000125
1/7/2026 - 02:00:00,MAVIA,194,Short,0.000172,0.0000125
1/7/2026 - 02:00:00,STRK,250,Short,0.000283,0.0000125
1/7/2026 - 02:00:00,TNSR,258.3,Short,0.000116,0.000005567
1/7/2026 - 02:00:00,MERL,162,Short,0.000504,0.0000125
1/7/2026 - 02:00:00,EIGEN,27.48,Short,0.000149,0.0000125
1/7/2026 - 02:00:00,REZ,3636,Short,-0.001111,-0.0000543977
1/7/2026 - 02:00:00,TURBO,5084,Short,0.000131,0.0000125
1/7/2026 - 02:00:00,HMSTR,134918,Short,0.000741,0.0000221566
1/7/2026 - 02:00:00,XLM,133,Long,-0.000398,0.0000125
1/7/2026 - 02:00:00,ALGO,165,Long,-0.000288,0.0000125
1/7/2026 - 02:00:00,ME,48.6,Short,0.000137,0.0000125
1/7/2026 - 02:00:00,MOVE,1395,Short,0.000666,0.0000125
1/7/2026 - 02:00:00,AIXBT,792,Short,0.000403,0.0000125
1/7/2026 - 02:00:00,IP,7,Short,-0.002857,-0.0001872908
1/7/2026 - 02:00:00,AVNT,86,Short,-0.000803,-0.0000271907
1/7/2026 - 02:00:00,ZEC,0.03,Short,0.000186,0.0000125
1/7/2026 - 03:00:00,BTC,0.00082,Long,-0.000947,0.0000125
1/7/2026 - 03:00:00,ETH,0.0034,Long,-0.000137,0.0000125
1/7/2026 - 03:00:00,ATOM,23.28,Long,0.000828,-0.0000143754
1/7/2026 - 03:00:00,SOL,0.08,Long,-0.000138,0.0000125
1/7/2026 - 03:00:00,AVAX,0.83,Long,-0.00015,0.0000125
1/7/2026 - 03:00:00,BNB,0.048,Long,-0.000544,0.0000125
1/7/2026 - 03:00:00,XRP,16,Long,-0.000453,0.0000125
1/7/2026 - 03:00:00,BCH,0.033,Long,0.000084,-0.0000040541
1/7/2026 - 03:00:00,YGG,152,Short,0.000137,0.0000125
1/7/2026 - 03:00:00,TRX,106,Long,-0.000389,0.0000125
1/7/2026 - 03:00:00,BANANA,2.9,Short,0.000273,0.0000125
1/7/2026 - 03:00:00,TON,37.8,Long,-0.000885,0.0000125
1/7/2026 - 03:00:00,POLYX,176,Short,0.000071,0.0000064721
1/7/2026 - 03:00:00,GMT,1922,Short,0.000396,0.0000125
1/7/2026 - 03:00:00,USTC,2996,Short,0.000273,0.0000125
1/7/2026 - 03:00:00,CAKE,5.1,Long,-0.000127,0.0000125
1/7/2026 - 03:00:00,ETC,0.83,Long,-0.000135,0.0000125
1/7/2026 - 03:00:00,MAVIA,194,Short,0.00017,0.0000125
1/7/2026 - 03:00:00,STRK,250,Short,0.00028,0.0000125
1/7/2026 - 03:00:00,TNSR,258.3,Short,-0.000385,-0.000018539
1/7/2026 - 03:00:00,MERL,162,Short,0.000508,0.0000125
1/7/2026 - 03:00:00,EIGEN,27.48,Short,0.000148,0.0000125
1/7/2026 - 03:00:00,REZ,3636,Short,-0.001769,-0.0000867675
1/7/2026 - 03:00:00,TURBO,5084,Short,0.00013,0.0000125
1/7/2026 - 03:00:00,HMSTR,134918,Short,0.00217,0.0000646184
1/7/2026 - 03:00:00,XLM,133,Long,-0.000396,0.0000125
1/7/2026 - 03:00:00,ALGO,165,Long,-0.000286,0.0000125
1/7/2026 - 03:00:00,ME,48.6,Short,0.000137,0.0000125
1/7/2026 - 03:00:00,MOVE,1395,Short,0.000667,0.0000125
1/7/2026 - 03:00:00,AIXBT,792,Short,0.000397,0.0000125
1/7/2026 - 03:00:00,IP,7,Short,-0.003182,-0.0002121722
1/7/2026 - 03:00:00,AVNT,86,Short,-0.005644,-0.0001936205
1/7/2026 - 03:00:00,ZEC,0.03,Short,0.000185,0.0000125
1/7/2026 - 04:00:00,BTC,0.00082,Long,-0.000952,0.0000125
1/7/2026 - 04:00:00,ETH,0.0034,Long,-0.000138,0.0000125
1/7/2026 - 04:00:00,ATOM,23.28,Long,0.001331,-0.0000232222
1/7/2026 - 04:00:00,SOL,0.08,Long,-0.000139,0.0000125
1/7/2026 - 04:00:00,AVAX,0.83,Long,0.00008,-0.0000066593
1/7/2026 - 04:00:00,BNB,0.048,Long,-0.000546,0.0000125
1/7/2026 - 04:00:00,XRP,16,Long,-0.000455,0.0000125
1/7/2026 - 04:00:00,BCH,0.033,Long,-0.000212,0.0000101177
1/7/2026 - 04:00:00,YGG,152,Short,0.000138,0.0000125
1/7/2026 - 04:00:00,TRX,106,Long,-0.00039,0.0000125
1/7/2026 - 04:00:00,BANANA,2.9,Short,0.000275,0.0000125
1/7/2026 - 04:00:00,TON,37.8,Long,-0.00089,0.0000125
1/7/2026 - 04:00:00,POLYX,176,Short,-0.000186,-0.0000165853
1/7/2026 - 04:00:00,GMT,1922,Short,0.000399,0.0000125
1/7/2026 - 04:00:00,USTC,2996,Short,0.00013,0.0000059542
1/7/2026 - 04:00:00,CAKE,5.1,Long,-0.000128,0.0000125
1/7/2026 - 04:00:00,ETC,0.83,Long,0.000016,-0.0000015547
1/7/2026 - 04:00:00,MAVIA,194,Short,0.00017,0.0000125
1/7/2026 - 04:00:00,STRK,250,Short,0.000282,0.0000125
1/7/2026 - 04:00:00,TNSR,258.3,Short,-0.000501,-0.0000241322
1/7/2026 - 04:00:00,MERL,162,Short,0.000511,0.0000125
1/7/2026 - 04:00:00,EIGEN,27.48,Short,0.000131,0.0000110157
1/7/2026 - 04:00:00,REZ,3636,Short,-0.001451,-0.0000709393
1/7/2026 - 04:00:00,TURBO,5084,Short,0.000036,0.0000034763
1/7/2026 - 04:00:00,HMSTR,134918,Short,0.000418,0.0000125
1/7/2026 - 04:00:00,XLM,133,Long,-0.000399,0.0000125
1/7/2026 - 04:00:00,ALGO,165,Long,-0.000288,0.0000125
1/7/2026 - 04:00:00,ME,48.6,Short,0.000138,0.0000125
1/7/2026 - 04:00:00,MOVE,1395,Short,0.000669,0.0000125
1/7/2026 - 04:00:00,AIXBT,792,Short,0.000401,0.0000125
1/7/2026 - 04:00:00,IP,7,Short,-0.003923,-0.0002555869
1/7/2026 - 04:00:00,AVNT,86,Short,-0.009027,-0.0003057555
1/7/2026 - 04:00:00,ZEC,0.03,Short,0.000186,0.0000125
1/7/2026 - 05:00:00,BTC,0.00082,Long,-0.001457,0.0000191482
1/7/2026 - 05:00:00,ETH,0.0034,Long,-0.000138,0.0000125
1/7/2026 - 05:00:00,ATOM,23.28,Long,0.000655,-0.0000115438
1/7/2026 - 05:00:00,SOL,0.08,Long,-0.000139,0.0000125
1/7/2026 - 05:00:00,AVAX,0.83,Long,0.000029,-0.0000024618
1/7/2026 - 05:00:00,BNB,0.048,Long,-0.000545,0.0000125
1/7/2026 - 05:00:00,XRP,16,Long,-0.000453,0.0000125
1/7/2026 - 05:00:00,BCH,0.033,Long,-0.000261,0.0000125
1/7/2026 - 05:00:00,YGG,152,Short,0.000137,0.0000125
1/7/2026 - 05:00:00,TRX,106,Long,-0.00039,0.0000125
1/7/2026 - 05:00:00,BANANA,2.9,Short,0.000274,0.0000125
1/7/2026 - 05:00:00,TON,37.8,Long,-0.000889,0.0000125
1/7/2026 - 05:00:00,POLYX,176,Short,-0.00048,-0.000043299
1/7/2026 - 05:00:00,GMT,1922,Short,0.00034,0.0000104618
1/7/2026 - 05:00:00,USTC,2996,Short,-0.000147,-0.0000067627
1/7/2026 - 05:00:00,CAKE,5.1,Long,-0.000127,0.0000125
1/7/2026 - 05:00:00,ETC,0.83,Long,-0.000135,0.0000125
1/7/2026 - 05:00:00,MAVIA,194,Short,0.000176,0.0000125
1/7/2026 - 05:00:00,STRK,250,Short,0.000282,0.0000125
1/7/2026 - 05:00:00,TNSR,258.3,Short,-0.000638,-0.0000308305
1/7/2026 - 05:00:00,MERL,162,Short,0.000505,0.0000125
1/7/2026 - 05:00:00,EIGEN,27.48,Short,0.000122,0.0000102763
1/7/2026 - 05:00:00,REZ,3636,Short,-0.001308,-0.0000641418
1/7/2026 - 05:00:00,TURBO,5084,Short,0.000131,0.0000125
1/7/2026 - 05:00:00,HMSTR,134918,Short,0.000418,0.0000125
1/7/2026 - 05:00:00,XLM,133,Long,-0.000399,0.0000125
1/7/2026 - 05:00:00,ALGO,165,Long,-0.000289,0.0000125
1/7/2026 - 05:00:00,ME,48.6,Short,0.000138,0.0000125
1/7/2026 - 05:00:00,MOVE,1395,Short,0.00067,0.0000125
1/7/2026 - 05:00:00,AIXBT,792,Short,0.000405,0.0000125
1/7/2026 - 05:00:00,IP,7,Short,-0.003124,-0.000204626
1/7/2026 - 05:00:00,AVNT,86,Short,-0.008728,-0.0002969513
1/7/2026 - 05:00:00,ZEC,0.03,Short,0.000185,0.0000125
1/7/2026 - 06:00:00,BTC,0.00082,Long,-0.001834,0.000024145
1/7/2026 - 06:00:00,ETH,0.0034,Long,-0.000138,0.0000125
1/7/2026 - 06:00:00,ATOM,23.28,Long,0.000698,-0.0000123671
1/7/2026 - 06:00:00,SOL,0.08,Long,-0.000138,0.0000125
1/7/2026 - 06:00:00,AVAX,0.83,Long,0.000222,-0.0000185288
1/7/2026 - 06:00:00,BNB,0.048,Long,-0.000546,0.0000125
1/7/2026 - 06:00:00,XRP,16,Long,-0.000451,0.0000125
1/7/2026 - 06:00:00,BCH,0.033,Long,-0.000225,0.0000107948
1/7/2026 - 06:00:00,YGG,152,Short,0.000137,0.0000125
1/7/2026 - 06:00:00,TRX,106,Long,-0.00039,0.0000125
1/7/2026 - 06:00:00,BANANA,2.9,Short,0.000273,0.0000125
1/7/2026 - 06:00:00,TON,37.8,Long,-0.000887,0.0000125
1/7/2026 - 06:00:00,POLYX,176,Short,-0.000217,-0.0000196467
1/7/2026 - 06:00:00,GMT,1922,Short,0.000403,0.0000125
1/7/2026 - 06:00:00,USTC,2996,Short,0.000267,0.0000125
1/7/2026 - 06:00:00,CAKE,5.1,Long,-0.000127,0.0000125
1/7/2026 - 06:00:00,ETC,0.83,Long,-0.000135,0.0000125
1/7/2026 - 06:00:00,MAVIA,194,Short,0.000355,0.0000257399
1/7/2026 - 06:00:00,STRK,250,Short,0.000281,0.0000125
1/7/2026 - 06:00:00,TNSR,258.3,Short,-0.000451,-0.000021794
1/7/2026 - 06:00:00,MERL,162,Short,0.000504,0.0000125
1/7/2026 - 06:00:00,EIGEN,27.48,Short,0.000148,0.0000125
1/7/2026 - 06:00:00,REZ,3636,Short,-0.001182,-0.0000583989
1/7/2026 - 06:00:00,TURBO,5084,Short,0.00013,0.0000125
1/7/2026 - 06:00:00,HMSTR,134918,Short,0.000418,0.0000125
1/7/2026 - 06:00:00,XLM,133,Long,-0.000399,0.0000125
1/7/2026 - 06:00:00,ALGO,165,Long,-0.000289,0.0000125
1/7/2026 - 06:00:00,ME,48.6,Short,0.000137,0.0000125
1/7/2026 - 06:00:00,MOVE,1395,Short,0.00067,0.0000125
1/7/2026 - 06:00:00,AIXBT,792,Short,0.000402,0.0000125
1/7/2026 - 06:00:00,IP,7,Short,-0.001522,-0.0001014306
1/7/2026 - 06:00:00,AVNT,86,Short,-0.009224,-0.0003134891
1/7/2026 - 06:00:00,ZEC,0.03,Short,0.000186,0.0000125
1/7/2026 - 07:00:00,BTC,0.00082,Long,-0.000948,0.0000125
1/7/2026 - 07:00:00,ETH,0.0034,Long,-0.000138,0.0000125
1/7/2026 - 07:00:00,ATOM,23.28,Long,0.004659,-0.0000822516
1/7/2026 - 07:00:00,SOL,0.08,Long,-0.000138,0.0000125
1/7/2026 - 07:00:00,AVAX,0.83,Long,0.000286,-0.0000238698
1/7/2026 - 07:00:00,BNB,0.048,Long,-0.000547,0.0000125
1/7/2026 - 07:00:00,XRP,16,Long,-0.00045,0.0000125
1/7/2026 - 07:00:00,BCH,0.033,Long,-0.00026,0.0000125
1/7/2026 - 07:00:00,YGG,152,Short,0.000138,0.0000125
1/7/2026 - 07:00:00,TRX,106,Long,-0.00039,0.0000125
1/7/2026 - 07:00:00,BANANA,2.9,Short,0.000275,0.0000125
1/7/2026 - 07:00:00,TON,37.8,Long,-0.000882,0.0000125
1/7/2026 - 07:00:00,POLYX,176,Short,-0.000507,-0.0000460063
1/7/2026 - 07:00:00,GMT,1922,Short,0.000402,0.0000125
1/7/2026 - 07:00:00,USTC,2996,Short,0.000268,0.0000125
1/7/2026 - 07:00:00,CAKE,5.1,Long,-0.000126,0.0000125
1/7/2026 - 07:00:00,ETC,0.83,Long,-0.000135,0.0000125
1/7/2026 - 07:00:00,MAVIA,194,Short,0.000172,0.0000125
1/7/2026 - 07:00:00,STRK,250,Short,0.000281,0.0000125
1/7/2026 - 07:00:00,TNSR,258.3,Short,-0.000466,-0.0000225736
1/7/2026 - 07:00:00,MERL,162,Short,0.000503,0.0000125
1/7/2026 - 07:00:00,EIGEN,27.48,Short,0.000148,0.0000125
1/7/2026 - 07:00:00,REZ,3636,Short,-0.00064,-0.0000316388
1/7/2026 - 07:00:00,TURBO,5084,Short,0.00013,0.0000125
1/7/2026 - 07:00:00,HMSTR,134918,Short,0.000616,0.0000184164
1/7/2026 - 07:00:00,XLM,133,Long,-0.000397,0.0000125
1/7/2026 - 07:00:00,ALGO,165,Long,-0.000287,0.0000125
1/7/2026 - 07:00:00,ME,48.6,Short,0.000137,0.0000125
1/7/2026 - 07:00:00,MOVE,1395,Short,0.000671,0.0000125
1/7/2026 - 07:00:00,AIXBT,792,Short,0.00041,0.0000125
1/7/2026 - 07:00:00,IP,7,Short,-0.001883,-0.0001265527
1/7/2026 - 07:00:00,AVNT,86,Short,-0.008714,-0.0002981927
1/7/2026 - 07:00:00,ZEC,0.03,Short,0.000184,0.0000125
1/7/2026 - 08:00:00,BTC,0.00082,Long,-0.000949,0.0000125
1/7/2026 - 08:00:00,ETH,0.0034,Long,-0.000138,0.0000125
1/7/2026 - 08:00:00,ATOM,23.28,Long,0.00513,-0.0000905648
1/7/2026 - 08:00:00,SOL,0.08,Long,-0.000138,0.0000125
1/7/2026 - 08:00:00,AVAX,0.83,Long,0.000326,-0.0000271591
1/7/2026 - 08:00:00,BNB,0.048,Long,-0.000548,0.0000125
1/7/2026 - 08:00:00,XRP,16,Long,-0.000452,0.0000125
1/7/2026 - 08:00:00,BCH,0.033,Long,-0.000207,0.0000099431
1/7/2026 - 08:00:00,YGG,152,Short,0.000137,0.0000125
1/7/2026 - 08:00:00,TRX,106,Long,-0.00039,0.0000125
1/7/2026 - 08:00:00,BANANA,2.9,Short,0.000275,0.0000125
1/7/2026 - 08:00:00,TON,37.8,Long,-0.000881,0.0000125
1/7/2026 - 08:00:00,POLYX,176,Short,0.000137,0.0000125
1/7/2026 - 08:00:00,GMT,1922,Short,0.0004,0.0000125
1/7/2026 - 08:00:00,USTC,2996,Short,0.000267,0.0000125
1/7/2026 - 08:00:00,CAKE,5.1,Long,-0.000127,0.0000125
1/7/2026 - 08:00:00,ETC,0.83,Long,-0.000135,0.0000125
1/7/2026 - 08:00:00,MAVIA,194,Short,0.000171,0.0000125
1/7/2026 - 08:00:00,STRK,250,Short,0.000281,0.0000125
1/7/2026 - 08:00:00,TNSR,258.3,Short,-0.000621,-0.000030016
1/7/2026 - 08:00:00,MERL,162,Short,0.000498,0.0000125
1/7/2026 - 08:00:00,EIGEN,27.48,Short,0.000148,0.0000125
1/7/2026 - 08:00:00,REZ,3636,Short,-0.00094,-0.0000465935
1/7/2026 - 08:00:00,TURBO,5084,Short,0.00013,0.0000125
1/7/2026 - 08:00:00,HMSTR,134918,Short,0.001181,0.000035463
1/7/2026 - 08:00:00,XLM,133,Long,-0.000398,0.0000125
1/7/2026 - 08:00:00,ALGO,165,Long,-0.000286,0.0000125
1/7/2026 - 08:00:00,ME,48.6,Short,0.000137,0.0000125
1/7/2026 - 08:00:00,MOVE,1395,Short,0.000668,0.0000125
1/7/2026 - 08:00:00,AIXBT,792,Short,0.000407,0.0000125
1/7/2026 - 08:00:00,IP,7,Short,-0.002462,-0.0001659229
1/7/2026 - 08:00:00,AVNT,86,Short,-0.011236,-0.000383939
1/7/2026 - 08:00:00,ZEC,0.03,Short,0.000184,0.0000125
1/7/2026 - 09:00:00,BTC,0.00082,Long,-0.000951,0.0000125
1/7/2026 - 09:00:00,ETH,0.0034,Long,-0.000138,0.0000125
1/7/2026 - 09:00:00,ATOM,23.28,Long,0.004425,-0.0000773856
1/7/2026 - 09:00:00,SOL,0.08,Long,-0.000139,0.0000125
1/7/2026 - 09:00:00,AVAX,0.83,Long,0.000203,-0.0000168893
1/7/2026 - 09:00:00,BNB,0.048,Long,-0.000551,0.0000125
1/7/2026 - 09:00:00,XRP,16,Long,-0.000456,0.0000125
1/7/2026 - 09:00:00,BCH,0.033,Long,-0.000137,0.0000065601
1/7/2026 - 09:00:00,YGG,152,Short,0.00014,0.0000125
1/7/2026 - 09:00:00,TRX,106,Long,-0.00039,0.0000125
1/7/2026 - 09:00:00,BANANA,2.9,Short,0.000278,0.0000125
1/7/2026 - 09:00:00,TON,37.8,Long,-0.000884,0.0000125
1/7/2026 - 09:00:00,POLYX,176,Short,-0.002291,-0.0002063501
1/7/2026 - 09:00:00,GMT,1922,Short,0.000407,0.0000125
1/7/2026 - 09:00:00,USTC,2996,Short,-0.000595,-0.0000275255
1/7/2026 - 09:00:00,CAKE,5.1,Long,-0.000127,0.0000125
1/7/2026 - 09:00:00,ETC,0.83,Long,-0.000136,0.0000125
1/7/2026 - 09:00:00,MAVIA,194,Short,0.000172,0.0000125
1/7/2026 - 09:00:00,STRK,250,Short,0.000286,0.0000125
1/7/2026 - 09:00:00,TNSR,258.3,Short,-0.000614,-0.0000294784
1/7/2026 - 09:00:00,MERL,162,Short,0.000506,0.0000125
1/7/2026 - 09:00:00,EIGEN,27.48,Short,0.000152,0.0000125
1/7/2026 - 09:00:00,REZ,3636,Short,0.000256,0.0000125
1/7/2026 - 09:00:00,TURBO,5084,Short,0.000133,0.0000125
1/7/2026 - 09:00:00,HMSTR,134918,Short,0.005357,0.0001588448
1/7/2026 - 09:00:00,XLM,133,Long,-0.000403,0.0000125
1/7/2026 - 09:00:00,ALGO,165,Long,-0.000291,0.0000125
1/7/2026 - 09:00:00,ME,48.6,Short,0.000139,0.0000125
1/7/2026 - 09:00:00,MOVE,1395,Short,0.000679,0.0000125
1/7/2026 - 09:00:00,AIXBT,792,Short,0.000414,0.0000125
1/7/2026 - 09:00:00,IP,7,Short,-0.003002,-0.0002008401
1/7/2026 - 09:00:00,AVNT,86,Short,-0.010027,-0.0003412365
1/7/2026 - 09:00:00,ZEC,0.03,Short,0.000185,0.0000125
1/7/2026 - 10:00:00,BTC,0.00082,Long,-0.00095,0.0000125
1/7/2026 - 10:00:00,ETH,0.0034,Long,-0.000138,0.0000125
1/7/2026 - 10:00:00,ATOM,23.28,Long,-0.000529,0.0000092062
1/7/2026 - 10:00:00,SOL,0.08,Long,0.000057,-0.0000051289
1/7/2026 - 10:00:00,AVAX,0.83,Long,-0.000116,0.0000097073
1/7/2026 - 10:00:00,BNB,0.048,Long,-0.00055,0.0000125
1/7/2026 - 10:00:00,XRP,16,Long,-0.000456,0.0000125
1/7/2026 - 10:00:00,BCH,0.033,Long,-0.000002,1.233e-7
1/7/2026 - 10:00:00,YGG,152,Short,0.00014,0.0000125
1/7/2026 - 10:00:00,TRX,106,Long,-0.00039,0.0000125
1/7/2026 - 10:00:00,BANANA,2.9,Short,0.000279,0.0000125
1/7/2026 - 10:00:00,TON,37.8,Long,-0.000884,0.0000125
1/7/2026 - 10:00:00,POLYX,176,Short,-0.001787,-0.000159694
1/7/2026 - 10:00:00,GMT,1922,Short,0.000407,0.0000125
1/7/2026 - 10:00:00,USTC,2996,Short,0.00027,0.0000125
1/7/2026 - 10:00:00,CAKE,5.1,Long,-0.000128,0.0000125
1/7/2026 - 10:00:00,ETC,0.83,Long,-0.000137,0.0000125
1/7/2026 - 10:00:00,MAVIA,194,Short,0.000171,0.0000125
1/7/2026 - 10:00:00,STRK,250,Short,0.000287,0.0000125
1/7/2026 - 10:00:00,TNSR,258.3,Short,-0.000392,-0.0000188372
1/7/2026 - 10:00:00,MERL,162,Short,0.000505,0.0000125
1/7/2026 - 10:00:00,EIGEN,27.48,Short,0.000152,0.0000125
1/7/2026 - 10:00:00,REZ,3636,Short,-0.000072,-0.0000035533
1/7/2026 - 10:00:00,TURBO,5084,Short,-0.000013,-0.0000012404
1/7/2026 - 10:00:00,HMSTR,134918,Short,0.002308,0.0000684432
1/7/2026 - 10:00:00,XLM,133,Long,-0.000404,0.0000125
1/7/2026 - 10:00:00,ALGO,165,Long,-0.000294,0.0000125
1/7/2026 - 10:00:00,ME,48.6,Short,0.000139,0.0000125
1/7/2026 - 10:00:00,MOVE,1395,Short,0.000681,0.0000125
1/7/2026 - 10:00:00,AIXBT,792,Short,0.00041,0.0000125
1/7/2026 - 10:00:00,IP,7,Short,-0.001829,-0.0001231032
1/7/2026 - 10:00:00,AVNT,86,Short,-0.008745,-0.0002983576
1/7/2026 - 10:00:00,ZEC,0.03,Short,0.000185,0.0000125
1/7/2026 - 11:00:00,BTC,0.00082,Long,-0.00094,0.0000125
1/7/2026 - 11:00:00,ETH,0.0034,Long,-0.000136,0.0000125
1/7/2026 - 11:00:00,ATOM,23.28,Long,-0.00008,0.0000014279
1/7/2026 - 11:00:00,SOL,0.08,Long,-0.000038,0.0000034937
1/7/2026 - 11:00:00,AVAX,0.83,Long,-0.000061,0.0000051378
1/7/2026 - 11:00:00,BNB,0.048,Long,-0.000546,0.0000125
1/7/2026 - 11:00:00,XRP,16,Long,-0.000448,0.0000125
1/7/2026 - 11:00:00,BCH,0.033,Long,-0.000126,0.0000060938
1/7/2026 - 11:00:00,YGG,152,Short,0.000136,0.0000125
1/7/2026 - 11:00:00,TRX,106,Long,-0.00039,0.0000125
1/7/2026 - 11:00:00,BANANA,2.9,Short,0.000272,0.0000125
1/7/2026 - 11:00:00,TON,37.8,Long,-0.000875,0.0000125
1/7/2026 - 11:00:00,POLYX,176,Short,-0.00037,-0.0000337623
1/7/2026 - 11:00:00,GMT,1922,Short,0.000402,0.0000125
1/7/2026 - 11:00:00,USTC,2996,Short,0.000264,0.0000125
1/7/2026 - 11:00:00,CAKE,5.1,Long,-0.000126,0.0000125
1/7/2026 - 11:00:00,ETC,0.83,Long,-0.000134,0.0000125
1/7/2026 - 11:00:00,MAVIA,194,Short,0.000165,0.0000125
1/7/2026 - 11:00:00,STRK,250,Short,0.00028,0.0000125
1/7/2026 - 11:00:00,TNSR,258.3,Short,0.000181,0.0000088768
1/7/2026 - 11:00:00,MERL,162,Short,0.000506,0.0000125
1/7/2026 - 11:00:00,EIGEN,27.48,Short,0.000147,0.0000125
1/7/2026 - 11:00:00,REZ,3636,Short,-0.000559,-0.0000278861
1/7/2026 - 11:00:00,TURBO,5084,Short,0.00013,0.0000125
1/7/2026 - 11:00:00,HMSTR,134918,Short,0.001938,0.000058898
1/7/2026 - 11:00:00,XLM,133,Long,-0.000396,0.0000125
1/7/2026 - 11:00:00,ALGO,165,Long,-0.000289,0.0000125
1/7/2026 - 11:00:00,ME,48.6,Short,0.000137,0.0000125
1/7/2026 - 11:00:00,MOVE,1395,Short,0.000663,0.0000125
1/7/2026 - 11:00:00,AIXBT,792,Short,0.000397,0.0000125
1/7/2026 - 11:00:00,IP,7,Short,-0.001736,-0.0001191313
1/7/2026 - 11:00:00,AVNT,86,Short,-0.009774,-0.0003377185
1/7/2026 - 11:00:00,ZEC,0.03,Short,0.000181,0.0000125
1/7/2026 - 12:00:00,BTC,0.00082,Long,-0.001244,0.0000165057
1/7/2026 - 12:00:00,ETH,0.0034,Long,-0.000136,0.0000125
1/7/2026 - 12:00:00,ATOM,23.28,Long,0.000848,-0.0000151066
1/7/2026 - 12:00:00,SOL,0.08,Long,-0.000137,0.0000125
1/7/2026 - 12:00:00,AVAX,0.83,Long,0.000136,-0.0000113502
1/7/2026 - 12:00:00,BNB,0.048,Long,-0.000546,0.0000125
1/7/2026 - 12:00:00,XRP,16,Long,-0.000449,0.0000125
1/7/2026 - 12:00:00,BCH,0.033,Long,-0.000259,0.0000125
1/7/2026 - 12:00:00,YGG,152,Short,0.000137,0.0000125
1/7/2026 - 12:00:00,TRX,106,Long,-0.00039,0.0000125
1/7/2026 - 12:00:00,BANANA,2.9,Short,0.000274,0.0000125
1/7/2026 - 12:00:00,TON,37.8,Long,-0.000876,0.0000125
1/7/2026 - 12:00:00,POLYX,176,Short,-0.001676,-0.0001519565
1/7/2026 - 12:00:00,GMT,1922,Short,0.000404,0.0000125
1/7/2026 - 12:00:00,USTC,2996,Short,0.000265,0.0000125
1/7/2026 - 12:00:00,CAKE,5.1,Long,-0.000126,0.0000125
1/7/2026 - 12:00:00,ETC,0.83,Long,-0.000135,0.0000125
1/7/2026 - 12:00:00,MAVIA,194,Short,0.000169,0.0000125
1/7/2026 - 12:00:00,STRK,250,Short,0.000281,0.0000125
1/7/2026 - 12:00:00,TNSR,258.3,Short,0.000257,0.0000125
1/7/2026 - 12:00:00,MERL,162,Short,0.000502,0.0000125
1/7/2026 - 12:00:00,EIGEN,27.48,Short,-0.000107,-0.0000090406
1/7/2026 - 12:00:00,REZ,3636,Short,-0.000314,-0.0000156546
1/7/2026 - 12:00:00,TURBO,5084,Short,0.000131,0.0000125
1/7/2026 - 12:00:00,HMSTR,134918,Short,0.001047,0.0000315705
1/7/2026 - 12:00:00,XLM,133,Long,-0.000395,0.0000125
1/7/2026 - 12:00:00,ALGO,165,Long,-0.000289,0.0000125
1/7/2026 - 12:00:00,ME,48.6,Short,0.000138,0.0000125
1/7/2026 - 12:00:00,MOVE,1395,Short,0.000668,0.0000125
1/7/2026 - 12:00:00,AIXBT,792,Short,0.000401,0.0000125
1/7/2026 - 12:00:00,IP,7,Short,-0.002074,-0.000141182
1/7/2026 - 12:00:00,AVNT,86,Short,-0.01268,-0.0004332946
1/7/2026 - 12:00:00,ZEC,0.03,Short,0.000183,0.0000125
1/7/2026 - 13:00:00,BTC,0.00082,Long,-0.004263,0.0000564481
1/7/2026 - 13:00:00,ETH,0.0034,Long,-0.000136,0.0000125
1/7/2026 - 13:00:00,ATOM,23.28,Long,0.003091,-0.0000549757
1/7/2026 - 13:00:00,SOL,0.08,Long,-0.000137,0.0000125
1/7/2026 - 13:00:00,AVAX,0.83,Long,0.000087,-0.0000073123
1/7/2026 - 13:00:00,BNB,0.048,Long,-0.000546,0.0000125
1/7/2026 - 13:00:00,XRP,16,Long,-0.00045,0.0000125
1/7/2026 - 13:00:00,BCH,0.033,Long,-0.00026,0.0000125
1/7/2026 - 13:00:00,YGG,152,Short,0.000137,0.0000125
1/7/2026 - 13:00:00,TRX,106,Long,-0.000391,0.0000125
1/7/2026 - 13:00:00,BANANA,2.9,Short,0.000275,0.0000125
1/7/2026 - 13:00:00,TON,37.8,Long,-0.000881,0.0000125
1/7/2026 - 13:00:00,POLYX,176,Short,-0.000374,-0.0000340936
1/7/2026 - 13:00:00,GMT,1922,Short,0.000411,0.0000125
1/7/2026 - 13:00:00,USTC,2996,Short,-0.000387,-0.0000181433
1/7/2026 - 13:00:00,CAKE,5.1,Long,-0.000126,0.0000125
1/7/2026 - 13:00:00,ETC,0.83,Long,-0.000135,0.0000125
1/7/2026 - 13:00:00,MAVIA,194,Short,0.000455,0.0000340517
1/7/2026 - 13:00:00,STRK,250,Short,0.000079,0.0000035193
1/7/2026 - 13:00:00,TNSR,258.3,Short,0.000257,0.0000125
1/7/2026 - 13:00:00,MERL,162,Short,0.000503,0.0000125
1/7/2026 - 13:00:00,EIGEN,27.48,Short,-0.000569,-0.0000479187
1/7/2026 - 13:00:00,REZ,3636,Short,-0.000872,-0.0000434241
1/7/2026 - 13:00:00,TURBO,5084,Short,-0.00003,-0.000002908
1/7/2026 - 13:00:00,HMSTR,134918,Short,0.000418,0.0000125
1/7/2026 - 13:00:00,XLM,133,Long,-0.000396,0.0000125
1/7/2026 - 13:00:00,ALGO,165,Long,-0.00029,0.0000125
1/7/2026 - 13:00:00,ME,48.6,Short,0.000138,0.0000125
1/7/2026 - 13:00:00,MOVE,1395,Short,0.000672,0.0000125
1/7/2026 - 13:00:00,AIXBT,792,Short,0.000402,0.0000125
1/7/2026 - 13:00:00,IP,7,Short,-0.001734,-0.0001173856
1/7/2026 - 13:00:00,AVNT,86,Short,-0.009985,-0.0003402244
1/7/2026 - 13:00:00,ZEC,0.03,Short,0.000183,0.0000125
1/7/2026 - 14:00:00,BTC,0.00082,Long,-0.002177,0.0000288674
1/7/2026 - 14:00:00,ETH,0.0034,Long,-0.000136,0.0000125
1/7/2026 - 14:00:00,ATOM,23.28,Long,0.001332,-0.0000238144
1/7/2026 - 14:00:00,SOL,0.08,Long,-0.000137,0.0000125
1/7/2026 - 14:00:00,AVAX,0.83,Long,0.000017,-0.0000014644
1/7/2026 - 14:00:00,BNB,0.048,Long,-0.000543,0.0000125
1/7/2026 - 14:00:00,XRP,16,Long,-0.000449,0.0000125
1/7/2026 - 14:00:00,BCH,0.033,Long,-0.000259,0.0000125
1/7/2026 - 14:00:00,YGG,152,Short,0.000136,0.0000125
1/7/2026 - 14:00:00,TRX,106,Long,-0.000392,0.0000125
1/7/2026 - 14:00:00,BANANA,2.9,Short,0.000273,0.0000125
1/7/2026 - 14:00:00,TON,37.8,Long,-0.000879,0.0000125
1/7/2026 - 14:00:00,POLYX,176,Short,-0.000646,-0.000058987
1/7/2026 - 14:00:00,GMT,1922,Short,0.000395,0.0000125
1/7/2026 - 14:00:00,USTC,2996,Short,0.000264,0.0000125
1/7/2026 - 14:00:00,CAKE,5.1,Long,-0.00001,0.0000010771
1/7/2026 - 14:00:00,ETC,0.83,Long,-0.000134,0.0000125
1/7/2026 - 14:00:00,MAVIA,194,Short,0.000165,0.0000125
1/7/2026 - 14:00:00,STRK,250,Short,0.000279,0.0000125
1/7/2026 - 14:00:00,TNSR,258.3,Short,0.000254,0.0000125
1/7/2026 - 14:00:00,MERL,162,Short,0.0005,0.0000125
1/7/2026 - 14:00:00,EIGEN,27.48,Short,-0.000126,-0.0000107798
1/7/2026 - 14:00:00,REZ,3636,Short,-0.001104,-0.0000552224
1/7/2026 - 14:00:00,TURBO,5084,Short,0.00013,0.0000125
1/7/2026 - 14:00:00,HMSTR,134918,Short,0.002249,0.0000677623
1/7/2026 - 14:00:00,XLM,133,Long,-0.000395,0.0000125
1/7/2026 - 14:00:00,ALGO,165,Long,-0.000286,0.0000125
1/7/2026 - 14:00:00,ME,48.6,Short,0.000137,0.0000125
1/7/2026 - 14:00:00,MOVE,1395,Short,0.000664,0.0000125
1/7/2026 - 14:00:00,AIXBT,792,Short,0.000396,0.0000125
1/7/2026 - 14:00:00,IP,7,Short,-0.002017,-0.00013758
1/7/2026 - 14:00:00,AVNT,86,Short,-0.008547,-0.0002956091
1/7/2026 - 14:00:00,ZEC,0.03,Short,0.000182,0.0000125
1/7/2026 - 15:00:00,BTC,0.00082,Long,-0.002031,0.0000269142
1/7/2026 - 15:00:00,ETH,0.0034,Long,-0.000136,0.0000125
1/7/2026 - 15:00:00,ATOM,23.28,Long,0.003541,-0.0000620091
1/7/2026 - 15:00:00,SOL,0.08,Long,-0.000138,0.0000125
1/7/2026 - 15:00:00,AVAX,0.83,Long,0.000111,-0.0000093709
1/7/2026 - 15:00:00,BNB,0.048,Long,-0.000542,0.0000125
1/7/2026 - 15:00:00,XRP,16,Long,-0.000448,0.0000125
1/7/2026 - 15:00:00,BCH,0.033,Long,-0.00026,0.0000125
1/7/2026 - 15:00:00,YGG,152,Short,0.000135,0.0000125
1/7/2026 - 15:00:00,TRX,106,Long,-0.000393,0.0000125
1/7/2026 - 15:00:00,BANANA,2.9,Short,0.000271,0.0000125
1/7/2026 - 15:00:00,TON,37.8,Long,-0.000879,0.0000125
1/7/2026 - 15:00:00,POLYX,176,Short,-0.001067,-0.0000974543
1/7/2026 - 15:00:00,GMT,1922,Short,0.000391,0.0000125
1/7/2026 - 15:00:00,USTC,2996,Short,0.000263,0.0000125
1/7/2026 - 15:00:00,CAKE,5.1,Long,0.000047,-0.0000047417
1/7/2026 - 15:00:00,ETC,0.83,Long,-0.000133,0.0000125
1/7/2026 - 15:00:00,MAVIA,194,Short,0.000161,0.0000125
1/7/2026 - 15:00:00,STRK,250,Short,0.000277,0.0000125
1/7/2026 - 15:00:00,TNSR,258.3,Short,0.000152,0.0000075394
1/7/2026 - 15:00:00,MERL,162,Short,0.000494,0.0000125
1/7/2026 - 15:00:00,EIGEN,27.48,Short,-0.000263,-0.0000227466
1/7/2026 - 15:00:00,REZ,3636,Short,-0.000865,-0.0000433633
1/7/2026 - 15:00:00,TURBO,5084,Short,0.000129,0.0000125
1/7/2026 - 15:00:00,HMSTR,134918,Short,0.000625,0.0000190119
1/7/2026 - 15:00:00,XLM,133,Long,-0.000394,0.0000125
1/7/2026 - 15:00:00,ALGO,165,Long,-0.000285,0.0000125
1/7/2026 - 15:00:00,ME,48.6,Short,0.000136,0.0000125
1/7/2026 - 15:00:00,MOVE,1395,Short,0.00066,0.0000125
1/7/2026 - 15:00:00,AIXBT,792,Short,0.000391,0.0000125
1/7/2026 - 15:00:00,IP,7,Short,-0.001367,-0.0000940801
1/7/2026 - 15:00:00,AVNT,86,Short,-0.007829,-0.0002724124
1/7/2026 - 15:00:00,ZEC,0.03,Short,0.00018,0.0000125
1/7/2026 - 16:00:00,BTC,0.00082,Long,-0.002997,0.0000397461
1/7/2026 - 16:00:00,ETH,0.0034,Long,-0.000135,0.0000125
1/7/2026 - 16:00:00,ATOM,23.28,Long,-0.000075,0.0000013205
1/7/2026 - 16:00:00,SOL,0.08,Long,-0.000138,0.0000125
1/7/2026 - 16:00:00,AVAX,0.83,Long,0.000195,-0.0000165472
1/7/2026 - 16:00:00,BNB,0.048,Long,-0.000542,0.0000125
1/7/2026 - 16:00:00,XRP,16,Long,-0.000445,0.0000125
1/7/2026 - 16:00:00,BCH,0.033,Long,-0.000261,0.0000125
1/7/2026 - 16:00:00,YGG,152,Short,0.000135,0.0000125
1/7/2026 - 16:00:00,TRX,106,Long,-0.000393,0.0000125
1/7/2026 - 16:00:00,BANANA,2.9,Short,0.000273,0.0000125
1/7/2026 - 16:00:00,TON,37.8,Long,-0.000884,0.0000125
1/7/2026 - 16:00:00,POLYX,176,Short,0.000135,0.0000125
1/7/2026 - 16:00:00,GMT,1922,Short,0.000392,0.0000125
1/7/2026 - 16:00:00,USTC,2996,Short,0.000262,0.0000125
1/7/2026 - 16:00:00,CAKE,5.1,Long,-0.000124,0.0000125
1/7/2026 - 16:00:00,ETC,0.83,Long,-0.000134,0.0000125
1/7/2026 - 16:00:00,MAVIA,194,Short,0.000158,0.0000125
1/7/2026 - 16:00:00,STRK,250,Short,-0.000252,-0.0000113768
1/7/2026 - 16:00:00,TNSR,258.3,Short,-0.00107,-0.0000533138
1/7/2026 - 16:00:00,MERL,162,Short,0.000494,0.0000125
1/7/2026 - 16:00:00,EIGEN,27.48,Short,-0.000177,-0.0000153782
1/7/2026 - 16:00:00,REZ,3636,Short,-0.001148,-0.0000577351
1/7/2026 - 16:00:00,TURBO,5084,Short,0.000129,0.0000125
1/7/2026 - 16:00:00,HMSTR,134918,Short,0.000411,0.0000125
1/7/2026 - 16:00:00,XLM,133,Long,-0.000394,0.0000125
1/7/2026 - 16:00:00,ALGO,165,Long,-0.000285,0.0000125
1/7/2026 - 16:00:00,ME,48.6,Short,0.000136,0.0000125
1/7/2026 - 16:00:00,MOVE,1395,Short,0.000658,0.0000125
1/7/2026 - 16:00:00,AIXBT,792,Short,0.000387,0.0000125
1/7/2026 - 16:00:00,IP,7,Short,-0.001149,-0.0000793625
1/7/2026 - 16:00:00,AVNT,86,Short,-0.009466,-0.0003316163
1/7/2026 - 16:00:00,ZEC,0.03,Short,0.000181,0.0000125
1/7/2026 - 17:00:00,BTC,0.00082,Long,-0.003589,0.0000479239
1/7/2026 - 17:00:00,ETH,0.0034,Long,-0.000134,0.0000125
1/7/2026 - 17:00:00,ATOM,23.28,Long,-0.000699,0.0000125
1/7/2026 - 17:00:00,SOL,0.08,Long,-0.000135,0.0000125
1/7/2026 - 17:00:00,AVAX,0.83,Long,0.000275,-0.0000236652
1/7/2026 - 17:00:00,BNB,0.048,Long,-0.000539,0.0000125
1/7/2026 - 17:00:00,XRP,16,Long,-0.000439,0.0000125
1/7/2026 - 17:00:00,BCH,0.033,Long,-0.000258,0.0000125
1/7/2026 - 17:00:00,YGG,152,Short,0.000132,0.0000125
1/7/2026 - 17:00:00,TRX,106,Long,-0.000392,0.0000125
1/7/2026 - 17:00:00,BANANA,2.9,Short,0.00027,0.0000125
1/7/2026 - 17:00:00,TON,37.8,Long,-0.000886,0.0000125
1/7/2026 - 17:00:00,POLYX,176,Short,0.000134,0.0000125
1/7/2026 - 17:00:00,GMT,1922,Short,0.000385,0.0000125
1/7/2026 - 17:00:00,USTC,2996,Short,0.000259,0.0000125
1/7/2026 - 17:00:00,CAKE,5.1,Long,-0.000123,0.0000125
1/7/2026 - 17:00:00,ETC,0.83,Long,-0.000132,0.0000125
1/7/2026 - 17:00:00,MAVIA,194,Short,0.000152,0.0000125
1/7/2026 - 17:00:00,STRK,250,Short,-0.000414,-0.0000190047
1/7/2026 - 17:00:00,TNSR,258.3,Short,-0.002539,-0.0001272943
1/7/2026 - 17:00:00,MERL,162,Short,0.000493,0.0000125
1/7/2026 - 17:00:00,EIGEN,27.48,Short,-0.000295,-0.0000258996
1/7/2026 - 17:00:00,REZ,3636,Short,-0.000759,-0.0000388356
1/7/2026 - 17:00:00,TURBO,5084,Short,0.000128,0.0000125
1/7/2026 - 17:00:00,HMSTR,134918,Short,0.000623,0.0000191639
1/7/2026 - 17:00:00,XLM,133,Long,-0.000388,0.0000125
1/7/2026 - 17:00:00,ALGO,165,Long,-0.00028,0.0000125
1/7/2026 - 17:00:00,ME,48.6,Short,0.000134,0.0000125
1/7/2026 - 17:00:00,MOVE,1395,Short,0.000645,0.0000125
1/7/2026 - 17:00:00,AIXBT,792,Short,0.000382,0.0000125
1/7/2026 - 17:00:00,IP,7,Short,-0.001274,-0.0000888033
1/7/2026 - 17:00:00,AVNT,86,Short,-0.008466,-0.0002998745
1/7/2026 - 17:00:00,ZEC,0.03,Short,0.00018,0.0000125
1/7/2026 - 18:00:00,BTC,0.00082,Long,-0.001785,0.0000238663
1/7/2026 - 18:00:00,ETH,0.0034,Long,-0.000134,0.0000125
1/7/2026 - 18:00:00,ATOM,23.28,Long,-0.000699,0.0000125
1/7/2026 - 18:00:00,SOL,0.08,Long,-0.000135,0.0000125
1/7/2026 - 18:00:00,AVAX,0.83,Long,0.000201,-0.000017337
1/7/2026 - 18:00:00,BNB,0.048,Long,-0.000539,0.0000125
1/7/2026 - 18:00:00,XRP,16,Long,-0.00044,0.0000125
1/7/2026 - 18:00:00,BCH,0.033,Long,-0.00026,0.0000125
1/7/2026 - 18:00:00,YGG,152,Short,0.000133,0.0000125
1/7/2026 - 18:00:00,TRX,106,Long,-0.000394,0.0000125
1/7/2026 - 18:00:00,BANANA,2.9,Short,0.000271,0.0000125
1/7/2026 - 18:00:00,TON,37.8,Long,-0.000894,0.0000125
1/7/2026 - 18:00:00,POLYX,176,Short,-0.000138,-0.0000127955
1/7/2026 - 18:00:00,GMT,1922,Short,0.000388,0.0000125
1/7/2026 - 18:00:00,USTC,2996,Short,-0.000243,-0.0000116722
1/7/2026 - 18:00:00,CAKE,5.1,Long,-0.00007,0.0000071438
1/7/2026 - 18:00:00,ETC,0.83,Long,-0.000132,0.0000125
1/7/2026 - 18:00:00,MAVIA,194,Short,0.000152,0.0000125
1/7/2026 - 18:00:00,STRK,250,Short,0.000273,0.0000125
1/7/2026 - 18:00:00,TNSR,258.3,Short,-0.003212,-0.0001609829
1/7/2026 - 18:00:00,MERL,162,Short,0.000495,0.0000125
1/7/2026 - 18:00:00,EIGEN,27.48,Short,-0.000251,-0.0000221634
1/7/2026 - 18:00:00,REZ,3636,Short,-0.000854,-0.000043695
1/7/2026 - 18:00:00,TURBO,5084,Short,0.000127,0.0000125
1/7/2026 - 18:00:00,HMSTR,134918,Short,0.000408,0.0000125
1/7/2026 - 18:00:00,XLM,133,Long,-0.000392,0.0000125
1/7/2026 - 18:00:00,ALGO,165,Long,-0.000281,0.0000125
1/7/2026 - 18:00:00,ME,48.6,Short,0.000134,0.0000125
1/7/2026 - 18:00:00,MOVE,1395,Short,0.000649,0.0000125
1/7/2026 - 18:00:00,AIXBT,792,Short,0.000381,0.0000125
1/7/2026 - 18:00:00,IP,7,Short,-0.001485,-0.0001039245
1/7/2026 - 18:00:00,AVNT,86,Short,-0.007893,-0.0002791849
1/7/2026 - 18:00:00,ZEC,0.03,Short,0.00018,0.0000125
1/7/2026 - 19:00:00,BTC,0.00082,Long,-0.000935,0.0000125
1/7/2026 - 19:00:00,ETH,0.0034,Long,-0.000133,0.0000125
1/7/2026 - 19:00:00,ATOM,23.28,Long,-0.000709,0.0000125
1/7/2026 - 19:00:00,SOL,0.08,Long,-0.000067,0.000006261
1/7/2026 - 19:00:00,AVAX,0.83,Long,0.000121,-0.0000104205
1/7/2026 - 19:00:00,BNB,0.048,Long,-0.000538,0.0000125
1/7/2026 - 19:00:00,XRP,16,Long,-0.000438,0.0000125
1/7/2026 - 19:00:00,BCH,0.033,Long,-0.000259,0.0000125
1/7/2026 - 19:00:00,YGG,152,Short,0.000133,0.0000125
1/7/2026 - 19:00:00,TRX,106,Long,-0.000731,0.0000231613
1/7/2026 - 19:00:00,BANANA,2.9,Short,0.000271,0.0000125
1/7/2026 - 19:00:00,TON,37.8,Long,-0.000539,0.0000076043
1/7/2026 - 19:00:00,POLYX,176,Short,-0.00067,-0.0000621658
1/7/2026 - 19:00:00,GMT,1922,Short,0.000388,0.0000125
1/7/2026 - 19:00:00,USTC,2996,Short,-0.000472,-0.0000225504
1/7/2026 - 19:00:00,CAKE,5.1,Long,-0.000123,0.0000125
1/7/2026 - 19:00:00,ETC,0.83,Long,-0.000132,0.0000125
1/7/2026 - 19:00:00,MAVIA,194,Short,0.000152,0.0000125
1/7/2026 - 19:00:00,STRK,250,Short,0.000273,0.0000125
1/7/2026 - 19:00:00,TNSR,258.3,Short,-0.001307,-0.0000652886
1/7/2026 - 19:00:00,MERL,162,Short,0.000498,0.0000125
1/7/2026 - 19:00:00,EIGEN,27.48,Short,0.000024,0.0000021483
1/7/2026 - 19:00:00,REZ,3636,Short,-0.000474,-0.0000242327
1/7/2026 - 19:00:00,TURBO,5084,Short,0.000127,0.0000125
1/7/2026 - 19:00:00,HMSTR,134918,Short,0.000408,0.0000125
1/7/2026 - 19:00:00,XLM,133,Long,-0.000391,0.0000125
1/7/2026 - 19:00:00,ALGO,165,Long,-0.000282,0.0000125
1/7/2026 - 19:00:00,ME,48.6,Short,0.000135,0.0000125
1/7/2026 - 19:00:00,MOVE,1395,Short,0.000651,0.0000125
1/7/2026 - 19:00:00,AIXBT,792,Short,0.000383,0.0000125
1/7/2026 - 19:00:00,IP,7,Short,-0.001852,-0.0001304645
1/7/2026 - 19:00:00,AVNT,86,Short,-0.006447,-0.0002292806
1/7/2026 - 19:00:00,ZEC,0.03,Short,0.000181,0.0000125
1/7/2026 - 20:00:00,BTC,0.00082,Long,-0.000931,0.0000125
1/7/2026 - 20:00:00,ETH,0.0066,Long,-0.000259,0.0000125
1/7/2026 - 20:00:00,ATOM,27.39,Long,-0.00083,0.0000125
1/7/2026 - 20:00:00,SOL,0.16,Long,-0.000234,0.0000108516
1/7/2026 - 20:00:00,AVAX,0.83,Long,0.000075,-0.0000064233
1/7/2026 - 20:00:00,BNB,0.048,Long,-0.000538,0.0000125
1/7/2026 - 20:00:00,XRP,16,Long,-0.00037,0.0000105977
1/7/2026 - 20:00:00,BCH,0.033,Long,-0.000258,0.0000125
1/7/2026 - 20:00:00,YGG,152,Short,0.000133,0.0000125
1/7/2026 - 20:00:00,TRX,106,Long,-0.000695,0.0000220003
1/7/2026 - 20:00:00,BANANA,2.9,Short,0.000271,0.0000125
1/7/2026 - 20:00:00,TON,37.8,Long,-0.000088,0.0000012597
1/7/2026 - 20:00:00,POLYX,176,Short,-0.000548,-0.000050884
1/7/2026 - 20:00:00,GMT,1922,Short,0.000388,0.0000125
1/7/2026 - 20:00:00,USTC,2996,Short,-0.001258,-0.0000599011
1/7/2026 - 20:00:00,CAKE,5.1,Long,-0.000123,0.0000125
1/7/2026 - 20:00:00,ETC,0.83,Long,-0.000132,0.0000125
1/7/2026 - 20:00:00,MAVIA,194,Short,0.000151,0.0000125
1/7/2026 - 20:00:00,STRK,250,Short,0.000273,0.0000125
1/7/2026 - 20:00:00,TNSR,258.3,Short,-0.000549,-0.0000273588
1/7/2026 - 20:00:00,MERL,162,Short,0.000503,0.0000125
1/7/2026 - 20:00:00,EIGEN,27.48,Short,0.000142,0.0000125
1/7/2026 - 20:00:00,REZ,3636,Short,-0.000301,-0.0000152868
1/7/2026 - 20:00:00,TURBO,5084,Short,0.000127,0.0000125
1/7/2026 - 20:00:00,HMSTR,134918,Short,0.00098,0.0000299001
1/7/2026 - 20:00:00,XLM,133,Long,-0.000389,0.0000125
1/7/2026 - 20:00:00,ALGO,165,Long,-0.000281,0.0000125
1/7/2026 - 20:00:00,ME,48.6,Short,0.000134,0.0000125
1/7/2026 - 20:00:00,MOVE,1395,Short,0.000653,0.0000125
1/7/2026 - 20:00:00,AIXBT,1051,Short,0.000507,0.0000125
1/7/2026 - 20:00:00,IP,12,Short,-0.003165,-0.0001292784
1/7/2026 - 20:00:00,AVNT,117,Short,-0.011618,-0.0003018345
1/7/2026 - 20:00:00,ZEC,0.03,Short,0.000181,0.0000125
1/7/2026 - 21:00:00,BTC,0.00082,Long,-0.000934,0.0000125
1/7/2026 - 21:00:00,ETH,0.0066,Long,-0.000259,0.0000125
1/7/2026 - 21:00:00,ATOM,27.39,Long,-0.000439,0.0000066205
1/7/2026 - 21:00:00,SOL,0.16,Long,-0.000135,0.000006231
1/7/2026 - 21:00:00,AVAX,0.83,Long,-0.000045,0.0000038585
1/7/2026 - 21:00:00,BNB,0.048,Long,-0.000538,0.0000125
1/7/2026 - 21:00:00,XRP,16,Long,-0.000236,0.0000067313
1/7/2026 - 21:00:00,BCH,0.033,Long,-0.000199,0.0000096313
1/7/2026 - 21:00:00,YGG,152,Short,0.000133,0.0000125
1/7/2026 - 21:00:00,TRX,106,Long,-0.000394,0.0000125
1/7/2026 - 21:00:00,BANANA,2.9,Short,0.000273,0.0000125
1/7/2026 - 21:00:00,TON,37.8,Long,-0.000845,0.0000119463
1/7/2026 - 21:00:00,POLYX,176,Short,-0.001161,-0.0001071531
1/7/2026 - 21:00:00,GMT,1922,Short,0.000388,0.0000125
1/7/2026 - 21:00:00,USTC,2996,Short,0.000024,0.0000011726
1/7/2026 - 21:00:00,CAKE,5.1,Long,-0.000123,0.0000125
1/7/2026 - 21:00:00,ETC,0.83,Long,-0.000077,0.0000072976
1/7/2026 - 21:00:00,MAVIA,194,Short,0.000151,0.0000125
1/7/2026 - 21:00:00,STRK,250,Short,0.000273,0.0000125
1/7/2026 - 21:00:00,TNSR,258.3,Short,-0.000667,-0.0000334141
1/7/2026 - 21:00:00,MERL,162,Short,0.000496,0.0000125
1/7/2026 - 21:00:00,EIGEN,27.48,Short,0.000029,0.0000026083
1/7/2026 - 21:00:00,REZ,3636,Short,-0.00086,-0.0000437672
1/7/2026 - 21:00:00,TURBO,5084,Short,0.000127,0.0000125
1/7/2026 - 21:00:00,HMSTR,134918,Short,0.000409,0.0000125
1/7/2026 - 21:00:00,XLM,133,Long,-0.000391,0.0000125
1/7/2026 - 21:00:00,ALGO,165,Long,-0.00028,0.0000125
1/7/2026 - 21:00:00,ME,48.6,Short,0.000134,0.0000125
1/7/2026 - 21:00:00,MOVE,1395,Short,0.000653,0.0000125
1/7/2026 - 21:00:00,AIXBT,1051,Short,0.000506,0.0000125
1/7/2026 - 21:00:00,IP,12,Short,-0.003937,-0.0001623914
1/7/2026 - 21:00:00,AVNT,117,Short,-0.015354,-0.0003994403
1/7/2026 - 21:00:00,ZEC,0.03,Short,0.000179,0.0000125
1/7/2026 - 22:00:00,BTC,0.00082,Long,-0.000933,0.0000125
1/7/2026 - 22:00:00,ETH,0.0066,Long,-0.000259,0.0000125
1/7/2026 - 22:00:00,ATOM,27.39,Long,-0.000821,0.0000125
1/7/2026 - 22:00:00,SOL,0.16,Long,-0.000215,0.0000098945
1/7/2026 - 22:00:00,AVAX,0.83,Long,-0.00012,0.0000103134
1/7/2026 - 22:00:00,BNB,0.048,Long,-0.000537,0.0000125
1/7/2026 - 22:00:00,XRP,16,Long,-0.000149,0.0000042941
1/7/2026 - 22:00:00,BCH,0.033,Long,-0.000259,0.0000125
1/7/2026 - 22:00:00,YGG,152,Short,0.000132,0.0000125
1/7/2026 - 22:00:00,TRX,106,Long,-0.000394,0.0000125
1/7/2026 - 22:00:00,BANANA,2.9,Short,0.000271,0.0000125
1/7/2026 - 22:00:00,TON,37.8,Long,-0.000884,0.0000125
1/7/2026 - 22:00:00,POLYX,176,Short,-0.0003,-0.0000278464
1/7/2026 - 22:00:00,GMT,1922,Short,0.000386,0.0000125
1/7/2026 - 22:00:00,USTC,2996,Short,0.000261,0.0000125
1/7/2026 - 22:00:00,CAKE,5.1,Long,-0.000123,0.0000125
1/7/2026 - 22:00:00,ETC,0.83,Long,-0.000132,0.0000125
1/7/2026 - 22:00:00,MAVIA,194,Short,0.000152,0.0000125
1/7/2026 - 22:00:00,STRK,250,Short,0.000272,0.0000125
1/7/2026 - 22:00:00,TNSR,258.3,Short,-0.001315,-0.0000661258
1/7/2026 - 22:00:00,MERL,162,Short,0.000491,0.0000125
1/7/2026 - 22:00:00,EIGEN,27.48,Short,0.000031,0.0000028273
1/7/2026 - 22:00:00,REZ,3636,Short,-0.000285,-0.0000146027
1/7/2026 - 22:00:00,TURBO,5084,Short,0.000126,0.0000125
1/7/2026 - 22:00:00,HMSTR,134918,Short,0.000406,0.0000125
1/7/2026 - 22:00:00,XLM,133,Long,-0.000387,0.0000125
1/7/2026 - 22:00:00,ALGO,165,Long,-0.000278,0.0000125
1/7/2026 - 22:00:00,ME,48.6,Short,0.000134,0.0000125
1/7/2026 - 22:00:00,MOVE,1395,Short,0.000647,0.0000125
1/7/2026 - 22:00:00,AIXBT,1051,Short,0.000498,0.0000125
1/7/2026 - 22:00:00,IP,12,Short,-0.003263,-0.0001347349
1/7/2026 - 22:00:00,AVNT,117,Short,-0.01412,-0.0003682915
1/7/2026 - 22:00:00,ZEC,0.03,Short,0.000178,0.0000125
1/7/2026 - 23:00:00,BTC,0.00082,Long,-0.000933,0.0000125
1/7/2026 - 23:00:00,ETH,0.0066,Long,-0.000259,0.0000125
1/7/2026 - 23:00:00,ATOM,27.39,Long,0.001129,-0.0000171776
1/7/2026 - 23:00:00,SOL,0.16,Long,-0.000102,0.0000047008
1/7/2026 - 23:00:00,AVAX,0.83,Long,-0.00009,0.0000077369
1/7/2026 - 23:00:00,BNB,0.048,Long,-0.000538,0.0000125
1/7/2026 - 23:00:00,XRP,16,Long,-0.000278,0.0000079801
1/7/2026 - 23:00:00,BCH,0.033,Long,-0.000259,0.0000125
1/7/2026 - 23:00:00,YGG,152,Short,0.000132,0.0000125
1/7/2026 - 23:00:00,TRX,106,Long,-0.000395,0.0000125
1/7/2026 - 23:00:00,BANANA,2.9,Short,0.00027,0.0000125
1/7/2026 - 23:00:00,TON,37.8,Long,-0.000886,0.0000125
1/7/2026 - 23:00:00,POLYX,176,Short,-0.00017,-0.00001576
1/7/2026 - 23:00:00,GMT,1922,Short,0.000387,0.0000125
1/7/2026 - 23:00:00,USTC,2996,Short,0.000261,0.0000125
1/7/2026 - 23:00:00,CAKE,5.1,Long,-0.000124,0.0000125
1/7/2026 - 23:00:00,ETC,0.83,Long,-0.000132,0.0000125
1/7/2026 - 23:00:00,MAVIA,194,Short,0.000152,0.0000125
1/7/2026 - 23:00:00,STRK,250,Short,0.000272,0.0000125
1/7/2026 - 23:00:00,TNSR,258.3,Short,-0.00112,-0.0000563424
1/7/2026 - 23:00:00,MERL,162,Short,0.000493,0.0000125
1/7/2026 - 23:00:00,EIGEN,27.48,Short,0.000079,0.0000070368
1/7/2026 - 23:00:00,REZ,3636,Short,-0.00084,-0.000043224
1/7/2026 - 23:00:00,TURBO,5084,Short,0.000125,0.0000125
1/7/2026 - 23:00:00,HMSTR,134918,Short,0.000406,0.0000125
1/7/2026 - 23:00:00,XLM,133,Long,-0.000387,0.0000125
1/7/2026 - 23:00:00,ALGO,165,Long,-0.000278,0.0000125
1/7/2026 - 23:00:00,ME,48.6,Short,0.000134,0.0000125
1/7/2026 - 23:00:00,MOVE,1395,Short,0.000647,0.0000125
1/7/2026 - 23:00:00,AIXBT,1051,Short,0.000501,0.0000125
1/7/2026 - 23:00:00,IP,12,Short,-0.002479,-0.0001027392
1/7/2026 - 23:00:00,AVNT,117,Short,-0.014615,-0.0003821219
1/7/2026 - 23:00:00,ZEC,0.03,Short,0.000178,0.0000125
1/8/2026 - 00:00:00,BTC,0.00082,Long,-0.000934,0.0000125
1/8/2026 - 00:00:00,ETH,0.0066,Long,-0.00026,0.0000125
1/8/2026 - 00:00:00,ATOM,27.39,Long,0.003382,-0.0000510479
1/8/2026 - 00:00:00,SOL,0.16,Long,-0.000189,0.0000086655
1/8/2026 - 00:00:00,AVAX,0.83,Long,-0.000145,0.0000125
1/8/2026 - 00:00:00,BNB,0.048,Long,-0.000538,0.0000125
1/8/2026 - 00:00:00,XRP,16,Long,-0.00026,0.0000075014
1/8/2026 - 00:00:00,BCH,0.033,Long,-0.000259,0.0000125
1/8/2026 - 00:00:00,YGG,152,Short,0.000132,0.0000125
1/8/2026 - 00:00:00,TRX,106,Long,-0.000394,0.0000125
1/8/2026 - 00:00:00,BANANA,2.9,Short,0.000268,0.0000125
1/8/2026 - 00:00:00,TON,37.8,Long,-0.000881,0.0000125
1/8/2026 - 00:00:00,POLYX,176,Short,0.00013,0.0000121971
1/8/2026 - 00:00:00,GMT,1922,Short,0.000387,0.0000125
1/8/2026 - 00:00:00,USTC,2996,Short,0.000259,0.0000125
1/8/2026 - 00:00:00,CAKE,5.1,Long,-0.000124,0.0000125
1/8/2026 - 00:00:00,ETC,0.83,Long,-0.000132,0.0000125
1/8/2026 - 00:00:00,MAVIA,194,Short,0.000153,0.0000125
1/8/2026 - 00:00:00,STRK,250,Short,0.000272,0.0000125
1/8/2026 - 00:00:00,TNSR,258.3,Short,-0.001707,-0.0000863124
1/8/2026 - 00:00:00,MERL,162,Short,0.000498,0.0000125
1/8/2026 - 00:00:00,EIGEN,27.48,Short,0.000139,0.0000125
1/8/2026 - 00:00:00,REZ,3636,Short,-0.000178,-0.0000092354
1/8/2026 - 00:00:00,TURBO,5084,Short,0.000124,0.0000125
1/8/2026 - 00:00:00,HMSTR,134918,Short,0.001992,0.0000615347
1/8/2026 - 00:00:00,XLM,133,Long,-0.000387,0.0000125
1/8/2026 - 00:00:00,ALGO,165,Long,-0.000279,0.0000125
1/8/2026 - 00:00:00,ME,48.6,Short,0.000133,0.0000125
1/8/2026 - 00:00:00,MOVE,1395,Short,0.000644,0.0000125
1/8/2026 - 00:00:00,AIXBT,1051,Short,0.000496,0.0000125
1/8/2026 - 00:00:00,IP,12,Short,-0.003778,-0.0001557979
1/8/2026 - 00:00:00,AVNT,117,Short,-0.014439,-0.0003810012
1/8/2026 - 00:00:00,ZEC,0.03,Short,0.000178,0.0000125
1/8/2026 - 01:00:00,BTC,0.00082,Long,-0.000936,0.0000125
1/8/2026 - 01:00:00,ETH,0.0066,Long,-0.000261,0.0000125
1/8/2026 - 01:00:00,ATOM,27.39,Long,0.003456,-0.0000518715
1/8/2026 - 01:00:00,SOL,0.16,Long,-0.000226,0.0000103835
1/8/2026 - 01:00:00,AVAX,0.83,Long,-0.000146,0.0000125
1/8/2026 - 01:00:00,BNB,0.048,Long,-0.00054,0.0000125
1/8/2026 - 01:00:00,XRP,16,Long,-0.000272,0.0000078692
1/8/2026 - 01:00:00,BCH,0.033,Long,-0.000081,0.0000039273
1/8/2026 - 01:00:00,YGG,152,Short,0.000133,0.0000125
1/8/2026 - 01:00:00,TRX,106,Long,-0.000395,0.0000125
1/8/2026 - 01:00:00,BANANA,2.9,Short,0.000271,0.0000125
1/8/2026 - 01:00:00,TON,37.8,Long,-0.000884,0.0000125
1/8/2026 - 01:00:00,POLYX,176,Short,-0.001941,-0.0001779333
1/8/2026 - 01:00:00,GMT,1922,Short,0.000391,0.0000125
1/8/2026 - 01:00:00,USTC,2996,Short,0.000169,0.0000081085
1/8/2026 - 01:00:00,CAKE,5.1,Long,-0.000125,0.0000125
1/8/2026 - 01:00:00,ETC,0.83,Long,-0.000127,0.0000119207
1/8/2026 - 01:00:00,MAVIA,194,Short,0.000153,0.0000125
1/8/2026 - 01:00:00,STRK,250,Short,0.000273,0.0000125
1/8/2026 - 01:00:00,TNSR,258.3,Short,-0.002458,-0.0001246746
1/8/2026 - 01:00:00,MERL,162,Short,0.00049,0.0000125
1/8/2026 - 01:00:00,EIGEN,27.48,Short,0.00014,0.0000125
1/8/2026 - 01:00:00,REZ,3636,Short,-0.000482,-0.0000248551
1/8/2026 - 01:00:00,TURBO,5084,Short,0.000125,0.0000125
1/8/2026 - 01:00:00,HMSTR,134918,Short,0.000404,0.0000125
1/8/2026 - 01:00:00,XLM,133,Long,-0.000389,0.0000125
1/8/2026 - 01:00:00,ALGO,165,Long,-0.000281,0.0000125
1/8/2026 - 01:00:00,ME,48.6,Short,0.000134,0.0000125
1/8/2026 - 01:00:00,MOVE,1395,Short,0.000651,0.0000125
1/8/2026 - 01:00:00,AIXBT,1051,Short,0.000498,0.0000125
1/8/2026 - 01:00:00,IP,12,Short,-0.005751,-0.0002360174
1/8/2026 - 01:00:00,AVNT,117,Short,-0.013905,-0.0003661382
1/8/2026 - 01:00:00,ZEC,0.03,Short,0.000176,0.0000125
1/8/2026 - 02:00:00,BTC,0.00082,Long,-0.000936,0.0000125
1/8/2026 - 02:00:00,ETH,0.0066,Long,-0.000261,0.0000125
1/8/2026 - 02:00:00,ATOM,27.39,Long,0.001572,-0.0000234616
1/8/2026 - 02:00:00,SOL,0.16,Long,-0.000159,0.0000072834
1/8/2026 - 02:00:00,AVAX,0.83,Long,-0.000146,0.0000125
1/8/2026 - 02:00:00,BNB,0.048,Long,-0.000541,0.0000125
1/8/2026 - 02:00:00,XRP,16,Long,-0.000266,0.0000076662
1/8/2026 - 02:00:00,BCH,0.033,Long,-0.000091,0.0000044038
1/8/2026 - 02:00:00,YGG,152,Short,0.000133,0.0000125
1/8/2026 - 02:00:00,TRX,106,Long,-0.000393,0.0000125
1/8/2026 - 02:00:00,BANANA,2.9,Short,0.000272,0.0000125
1/8/2026 - 02:00:00,TON,37.8,Long,-0.000889,0.0000125
1/8/2026 - 02:00:00,POLYX,176,Short,-0.001244,-0.0001140081
1/8/2026 - 02:00:00,GMT,1922,Short,0.000391,0.0000125
1/8/2026 - 02:00:00,USTC,2996,Short,0.000262,0.0000125
1/8/2026 - 02:00:00,CAKE,5.1,Long,-0.000125,0.0000125
1/8/2026 - 02:00:00,ETC,0.83,Long,-0.000133,0.0000125
1/8/2026 - 02:00:00,MAVIA,194,Short,0.000155,0.0000125
1/8/2026 - 02:00:00,STRK,250,Short,0.000275,0.0000125
1/8/2026 - 02:00:00,TNSR,258.3,Short,-0.001433,-0.0000736013
1/8/2026 - 02:00:00,MERL,162,Short,0.000481,0.0000125
1/8/2026 - 02:00:00,EIGEN,27.48,Short,0.000141,0.0000125
1/8/2026 - 02:00:00,REZ,3636,Short,-0.000624,-0.0000322317
1/8/2026 - 02:00:00,TURBO,5084,Short,0.000125,0.0000125
1/8/2026 - 02:00:00,HMSTR,134918,Short,0.000406,0.0000125
1/8/2026 - 02:00:00,XLM,133,Long,-0.00039,0.0000125
1/8/2026 - 02:00:00,ALGO,165,Long,-0.000281,0.0000125
1/8/2026 - 02:00:00,ME,48.6,Short,0.000134,0.0000125
1/8/2026 - 02:00:00,MOVE,1395,Short,0.000653,0.0000125
1/8/2026 - 02:00:00,AIXBT,1051,Short,0.0005,0.0000125
1/8/2026 - 02:00:00,IP,12,Short,-0.004467,-0.0001845194
1/8/2026 - 02:00:00,AVNT,117,Short,-0.013378,-0.0003539073
1/8/2026 - 02:00:00,ZEC,0.03,Short,0.000661,0.0000460855
1/8/2026 - 03:00:00,BTC,0.00082,Long,-0.000937,0.0000125
1/8/2026 - 03:00:00,ETH,0.0066,Long,-0.000262,0.0000125
1/8/2026 - 03:00:00,ATOM,27.39,Long,0.000001,-2.96e-8
1/8/2026 - 03:00:00,SOL,0.16,Long,-0.000199,0.0000091333
1/8/2026 - 03:00:00,AVAX,0.83,Long,-0.000147,0.0000125
1/8/2026 - 03:00:00,BNB,0.048,Long,-0.00054,0.0000125
1/8/2026 - 03:00:00,XRP,16,Long,-0.000118,0.0000033878
1/8/2026 - 03:00:00,BCH,0.033,Long,-0.000268,0.0000125
1/8/2026 - 03:00:00,YGG,152,Short,0.000135,0.0000125
1/8/2026 - 03:00:00,TRX,106,Long,-0.000395,0.0000125
1/8/2026 - 03:00:00,BANANA,2.9,Short,0.000273,0.0000125
1/8/2026 - 03:00:00,TON,37.8,Long,-0.000889,0.0000125
1/8/2026 - 03:00:00,POLYX,176,Short,-0.003681,-0.0003299139
1/8/2026 - 03:00:00,GMT,1922,Short,-0.000382,-0.0000118496
1/8/2026 - 03:00:00,USTC,2996,Short,0.000263,0.0000125
1/8/2026 - 03:00:00,CAKE,5.1,Long,-0.000125,0.0000125
1/8/2026 - 03:00:00,ETC,0.83,Long,-0.000134,0.0000125
1/8/2026 - 03:00:00,MAVIA,194,Short,0.000157,0.0000125
1/8/2026 - 03:00:00,STRK,250,Short,0.000274,0.0000125
1/8/2026 - 03:00:00,TNSR,258.3,Short,-0.001234,-0.0000631673
1/8/2026 - 03:00:00,MERL,162,Short,0.000035,9.067e-7
1/8/2026 - 03:00:00,EIGEN,27.48,Short,0.000141,0.0000125
1/8/2026 - 03:00:00,REZ,3636,Short,0.000243,0.0000125
1/8/2026 - 03:00:00,TURBO,5084,Short,0.000127,0.0000125
1/8/2026 - 03:00:00,HMSTR,134918,Short,0.002344,0.0000715023
1/8/2026 - 03:00:00,XLM,133,Long,-0.000391,0.0000125
1/8/2026 - 03:00:00,ALGO,165,Long,-0.000282,0.0000125
1/8/2026 - 03:00:00,ME,48.6,Short,0.000136,0.0000125
1/8/2026 - 03:00:00,MOVE,1395,Short,0.000658,0.0000125
1/8/2026 - 03:00:00,AIXBT,1051,Short,0.000502,0.0000125
1/8/2026 - 03:00:00,IP,12,Short,-0.003505,-0.0001458046
1/8/2026 - 03:00:00,AVNT,117,Short,-0.011944,-0.0003154364
1/8/2026 - 03:00:00,ZEC,0.03,Short,0.000441,0.0000306003
1/8/2026 - 04:00:00,BTC,0.00082,Long,-0.000932,0.0000125
1/8/2026 - 04:00:00,ETH,0.0066,Long,-0.00026,0.0000125
1/8/2026 - 04:00:00,ATOM,27.39,Long,0.000344,-0.0000051898
1/8/2026 - 04:00:00,SOL,0.16,Long,-0.000259,0.0000117518
1/8/2026 - 04:00:00,AVAX,0.83,Long,-0.000146,0.0000125
1/8/2026 - 04:00:00,BNB,0.048,Long,-0.000504,0.0000117277
1/8/2026 - 04:00:00,XRP,16,Long,0.000097,-0.0000028249
1/8/2026 - 04:00:00,BCH,0.033,Long,-0.000264,0.0000125
1/8/2026 - 04:00:00,YGG,152,Short,0.000134,0.0000125
1/8/2026 - 04:00:00,TRX,106,Long,-0.000394,0.0000125
1/8/2026 - 04:00:00,BANANA,2.9,Short,0.00027,0.0000125
1/8/2026 - 04:00:00,TON,37.8,Long,-0.000882,0.0000125
1/8/2026 - 04:00:00,POLYX,176,Short,-0.000933,-0.0000850388
1/8/2026 - 04:00:00,GMT,1922,Short,-0.00113,-0.0000354812
1/8/2026 - 04:00:00,USTC,2996,Short,0.000262,0.0000125
1/8/2026 - 04:00:00,CAKE,5.1,Long,-0.000124,0.0000125
1/8/2026 - 04:00:00,ETC,0.83,Long,-0.000133,0.0000125
1/8/2026 - 04:00:00,MAVIA,194,Short,0.000158,0.0000125
1/8/2026 - 04:00:00,STRK,250,Short,0.000271,0.0000125
1/8/2026 - 04:00:00,TNSR,258.3,Short,-0.003845,-0.0002023873
1/8/2026 - 04:00:00,MERL,162,Short,0.000457,0.0000119193
1/8/2026 - 04:00:00,EIGEN,27.48,Short,0.00007,0.0000062622
1/8/2026 - 04:00:00,REZ,3636,Short,-0.001047,-0.0000544532
1/8/2026 - 04:00:00,TURBO,5084,Short,0.000125,0.0000125
1/8/2026 - 04:00:00,HMSTR,134918,Short,0.000406,0.0000125
1/8/2026 - 04:00:00,XLM,133,Long,-0.000388,0.0000125
1/8/2026 - 04:00:00,ALGO,165,Long,-0.000279,0.0000125
1/8/2026 - 04:00:00,ME,48.6,Short,0.000137,0.0000125
1/8/2026 - 04:00:00,MOVE,1395,Short,0.000653,0.0000125
1/8/2026 - 04:00:00,AIXBT,1051,Short,0.000493,0.0000125
1/8/2026 - 04:00:00,IP,12,Short,-0.002312,-0.0000972213
1/8/2026 - 04:00:00,AVNT,117,Short,-0.011858,-0.0003185155
1/8/2026 - 04:00:00,ZEC,0.03,Short,0.000293,0.0000205167
1/8/2026 - 05:00:00,BTC,0.00082,Long,-0.00093,0.0000125
1/8/2026 - 05:00:00,ETH,0.0066,Long,-0.000259,0.0000125
1/8/2026 - 05:00:00,ATOM,27.39,Long,-0.00014,0.0000021341
1/8/2026 - 05:00:00,SOL,0.16,Long,-0.000273,0.0000125
1/8/2026 - 05:00:00,AVAX,0.83,Long,-0.000145,0.0000125
1/8/2026 - 05:00:00,BNB,0.048,Long,-0.000536,0.0000125
1/8/2026 - 05:00:00,XRP,16,Long,-0.000065,0.0000018914
1/8/2026 - 05:00:00,BCH,0.033,Long,-0.000263,0.0000125
1/8/2026 - 05:00:00,YGG,152,Short,0.000132,0.0000125
1/8/2026 - 05:00:00,TRX,106,Long,-0.000394,0.0000125
1/8/2026 - 05:00:00,BANANA,2.9,Short,0.000268,0.0000125
1/8/2026 - 05:00:00,TON,37.8,Long,-0.00088,0.0000125
1/8/2026 - 05:00:00,POLYX,176,Short,-0.000119,-0.0000109695
1/8/2026 - 05:00:00,GMT,1922,Short,-0.002713,-0.0000852971
1/8/2026 - 05:00:00,USTC,2996,Short,0.00026,0.0000125
1/8/2026 - 05:00:00,CAKE,5.1,Long,-0.000123,0.0000125
1/8/2026 - 05:00:00,ETC,0.83,Long,-0.000132,0.0000125
1/8/2026 - 05:00:00,MAVIA,194,Short,0.000155,0.0000125
1/8/2026 - 05:00:00,STRK,250,Short,0.000267,0.0000125
1/8/2026 - 05:00:00,TNSR,258.3,Short,-0.001168,-0.0000631546
1/8/2026 - 05:00:00,MERL,162,Short,0.00048,0.0000125
1/8/2026 - 05:00:00,EIGEN,27.48,Short,-0.00003,-0.0000027059
1/8/2026 - 05:00:00,REZ,3636,Short,-0.000649,-0.00003414
1/8/2026 - 05:00:00,TURBO,5084,Short,0.000123,0.0000125
1/8/2026 - 05:00:00,HMSTR,134918,Short,0.000406,0.0000125
1/8/2026 - 05:00:00,XLM,133,Long,-0.000385,0.0000125
1/8/2026 - 05:00:00,ALGO,165,Long,-0.000277,0.0000125
1/8/2026 - 05:00:00,ME,48.6,Short,0.000134,0.0000125
1/8/2026 - 05:00:00,MOVE,1395,Short,0.000648,0.0000125
1/8/2026 - 05:00:00,AIXBT,1051,Short,0.000487,0.0000125
1/8/2026 - 05:00:00,IP,12,Short,-0.000717,-0.0000305087
1/8/2026 - 05:00:00,AVNT,117,Short,-0.010484,-0.0002859441
1/8/2026 - 05:00:00,ZEC,0.03,Short,0.000517,0.0000373799
1/8/2026 - 06:00:00,BTC,0.00082,Long,-0.000932,0.0000125
1/8/2026 - 06:00:00,ETH,0.0066,Long,-0.00026,0.0000125
1/8/2026 - 06:00:00,ATOM,27.39,Long,0.000327,-0.0000049501
1/8/2026 - 06:00:00,SOL,0.16,Long,-0.000071,0.0000032538
1/8/2026 - 06:00:00,AVAX,0.83,Long,-0.000058,0.0000049792
1/8/2026 - 06:00:00,BNB,0.048,Long,-0.000237,0.0000055309
1/8/2026 - 06:00:00,XRP,16,Long,-0.000016,4.638e-7
1/8/2026 - 06:00:00,BCH,0.033,Long,-0.000186,0.000008784
1/8/2026 - 06:00:00,YGG,152,Short,0.000133,0.0000125
1/8/2026 - 06:00:00,TRX,106,Long,-0.000395,0.0000125
1/8/2026 - 06:00:00,BANANA,2.9,Short,0.000271,0.0000125
1/8/2026 - 06:00:00,TON,37.8,Long,-0.00088,0.0000125
1/8/2026 - 06:00:00,POLYX,176,Short,0.000118,0.0000109378
1/8/2026 - 06:00:00,GMT,1922,Short,-0.00264,-0.0000827184
1/8/2026 - 06:00:00,USTC,2996,Short,0.000261,0.0000125
1/8/2026 - 06:00:00,CAKE,5.1,Long,-0.000124,0.0000125
1/8/2026 - 06:00:00,ETC,0.83,Long,-0.000102,0.0000096478
1/8/2026 - 06:00:00,MAVIA,194,Short,0.000157,0.0000125
1/8/2026 - 06:00:00,STRK,250,Short,0.000269,0.0000125
1/8/2026 - 06:00:00,TNSR,258.3,Short,-0.001514,-0.0000807651
1/8/2026 - 06:00:00,MERL,162,Short,0.000479,0.0000125
1/8/2026 - 06:00:00,EIGEN,27.48,Short,0.000093,0.0000084076
1/8/2026 - 06:00:00,REZ,3636,Short,0.000237,0.0000125
1/8/2026 - 06:00:00,TURBO,5084,Short,0.000124,0.0000125
1/8/2026 - 06:00:00,HMSTR,134918,Short,0.000411,0.0000125
1/8/2026 - 06:00:00,XLM,133,Long,-0.000388,0.0000125
1/8/2026 - 06:00:00,ALGO,165,Long,-0.000279,0.0000125
1/8/2026 - 06:00:00,ME,48.6,Short,0.000135,0.0000125
1/8/2026 - 06:00:00,MOVE,1395,Short,0.000653,0.0000125
1/8/2026 - 06:00:00,AIXBT,1051,Short,0.000291,0.0000073911
1/8/2026 - 06:00:00,IP,12,Short,-0.000332,-0.0000141648
1/8/2026 - 06:00:00,AVNT,117,Short,-0.009439,-0.0002558749
1/8/2026 - 06:00:00,ZEC,0.03,Short,0.000242,0.0000178331
1/8/2026 - 07:00:00,BTC,0.00082,Long,-0.00093,0.0000125
1/8/2026 - 07:00:00,ETH,0.0066,Long,-0.000259,0.0000125
1/8/2026 - 07:00:00,ATOM,27.39,Long,0.001446,-0.0000218027
1/8/2026 - 07:00:00,SOL,0.16,Long,-0.000038,0.0000017437
1/8/2026 - 07:00:00,AVAX,0.83,Long,-0.000002,2.036e-7
1/8/2026 - 07:00:00,BNB,0.048,Long,-0.00047,0.0000109638
1/8/2026 - 07:00:00,XRP,16,Long,-0.000148,0.0000043405
1/8/2026 - 07:00:00,BCH,0.033,Long,0.000077,-0.0000036499
1/8/2026 - 07:00:00,YGG,152,Short,0.000133,0.0000125
1/8/2026 - 07:00:00,TRX,106,Long,-0.000394,0.0000125
1/8/2026 - 07:00:00,BANANA,2.9,Short,0.000271,0.0000125
1/8/2026 - 07:00:00,TON,37.8,Long,-0.00088,0.0000125
1/8/2026 - 07:00:00,POLYX,176,Short,-0.002747,-0.0002494535
1/8/2026 - 07:00:00,GMT,1922,Short,-0.002442,-0.0000769731
1/8/2026 - 07:00:00,USTC,2996,Short,0.000262,0.0000125
1/8/2026 - 07:00:00,CAKE,5.1,Long,-0.000124,0.0000125
1/8/2026 - 07:00:00,ETC,0.83,Long,-0.000133,0.0000125
1/8/2026 - 07:00:00,MAVIA,194,Short,0.0002,0.0000159696
1/8/2026 - 07:00:00,STRK,250,Short,0.000269,0.0000125
1/8/2026 - 07:00:00,TNSR,258.3,Short,-0.004741,-0.000251795
1/8/2026 - 07:00:00,MERL,162,Short,0.000481,0.0000125
1/8/2026 - 07:00:00,EIGEN,27.48,Short,0.000115,0.0000103866
1/8/2026 - 07:00:00,REZ,3636,Short,0.000235,0.0000125
1/8/2026 - 07:00:00,TURBO,5084,Short,0.000124,0.0000125
1/8/2026 - 07:00:00,HMSTR,134918,Short,0.000413,0.0000125
1/8/2026 - 07:00:00,XLM,133,Long,-0.000386,0.0000125
1/8/2026 - 07:00:00,ALGO,165,Long,-0.000279,0.0000125
1/8/2026 - 07:00:00,ME,48.6,Short,0.000135,0.0000125
1/8/2026 - 07:00:00,MOVE,1395,Short,0.000653,0.0000125
1/8/2026 - 07:00:00,AIXBT,1051,Short,0.000491,0.0000125
1/8/2026 - 07:00:00,IP,12,Short,-0.00143,-0.000063468
1/8/2026 - 07:00:00,AVNT,117,Short,-0.008529,-0.0002323257
1/8/2026 - 07:00:00,ZEC,0.03,Short,0.000487,0.0000353335
1/8/2026 - 08:00:00,BTC,0.00082,Long,-0.000921,0.0000125
1/8/2026 - 08:00:00,ETH,0.0066,Long,-0.000256,0.0000125
1/8/2026 - 08:00:00,ATOM,27.39,Long,0.001289,-0.0000195769
1/8/2026 - 08:00:00,SOL,0.16,Long,0.000092,-0.0000042943
1/8/2026 - 08:00:00,AVAX,0.83,Long,-0.000143,0.0000125
1/8/2026 - 08:00:00,BNB,0.048,Long,0.000152,-0.000003606
1/8/2026 - 08:00:00,XRP,16,Long,-0.000123,0.000003658
1/8/2026 - 08:00:00,BCH,0.033,Long,-0.000111,0.0000053518
1/8/2026 - 08:00:00,YGG,152,Short,0.000131,0.0000125
1/8/2026 - 08:00:00,TRX,106,Long,-0.000392,0.0000125
1/8/2026 - 08:00:00,BANANA,2.9,Short,0.000267,0.0000125
1/8/2026 - 08:00:00,TON,37.8,Long,-0.000868,0.0000125
1/8/2026 - 08:00:00,POLYX,176,Short,-0.000501,-0.0000464946
1/8/2026 - 08:00:00,GMT,1922,Short,-0.000949,-0.000030548
1/8/2026 - 08:00:00,USTC,2996,Short,0.000254,0.0000125
1/8/2026 - 08:00:00,CAKE,5.1,Long,-0.000123,0.0000125
1/8/2026 - 08:00:00,ETC,0.83,Long,-0.00013,0.0000125
1/8/2026 - 08:00:00,MAVIA,194,Short,0.000786,0.0000633582
1/8/2026 - 08:00:00,STRK,250,Short,-0.000526,-0.0000248238
1/8/2026 - 08:00:00,TNSR,258.3,Short,-0.003697,-0.0001998438
1/8/2026 - 08:00:00,MERL,162,Short,0.000485,0.0000125
1/8/2026 - 08:00:00,EIGEN,27.48,Short,0.000066,0.000006106
1/8/2026 - 08:00:00,REZ,3636,Short,0.00023,0.0000125
1/8/2026 - 08:00:00,TURBO,5084,Short,0.000121,0.0000125
1/8/2026 - 08:00:00,HMSTR,134918,Short,0.000404,0.0000125
1/8/2026 - 08:00:00,XLM,133,Long,-0.00038,0.0000125
1/8/2026 - 08:00:00,ALGO,165,Long,-0.000275,0.0000125
1/8/2026 - 08:00:00,ME,48.6,Short,0.000133,0.0000125
1/8/2026 - 08:00:00,MOVE,1395,Short,0.00064,0.0000125
1/8/2026 - 08:00:00,AIXBT,1051,Short,0.000483,0.0000125
1/8/2026 - 08:00:00,IP,12,Short,-0.003959,-0.0001735713
1/8/2026 - 08:00:00,AVNT,117,Short,-0.009093,-0.0002513689
1/8/2026 - 08:00:00,ZEC,0.03,Short,0.000356,0.000026086
1/8/2026 - 09:00:00,BTC,0.00082,Long,-0.000928,0.0000125
1/8/2026 - 09:00:00,ETH,0.0066,Long,-0.000258,0.0000125
1/8/2026 - 09:00:00,ATOM,27.39,Long,0.003106,-0.0000465466
1/8/2026 - 09:00:00,SOL,0.16,Long,0.000021,-9.978e-7
1/8/2026 - 09:00:00,AVAX,0.83,Long,-0.000105,0.0000091572
1/8/2026 - 09:00:00,BNB,0.048,Long,0.000579,-0.0000136429
1/8/2026 - 09:00:00,XRP,16,Long,0.000019,-5.67e-7
1/8/2026 - 09:00:00,BCH,0.033,Long,-0.000161,0.0000076816
1/8/2026 - 09:00:00,YGG,152,Short,0.000133,0.0000125
1/8/2026 - 09:00:00,TRX,106,Long,-0.000392,0.0000125
1/8/2026 - 09:00:00,BANANA,2.9,Short,0.000267,0.0000125
1/8/2026 - 09:00:00,TON,37.8,Long,-0.000876,0.0000125
1/8/2026 - 09:00:00,POLYX,176,Short,-0.001804,-0.0001653434
1/8/2026 - 09:00:00,GMT,1922,Short,-0.002498,-0.0000798098
1/8/2026 - 09:00:00,USTC,2996,Short,0.000255,0.0000125
1/8/2026 - 09:00:00,CAKE,5.1,Long,-0.000116,0.0000118854
1/8/2026 - 09:00:00,ETC,0.83,Long,0.000112,-0.0000107118
1/8/2026 - 09:00:00,MAVIA,194,Short,0.000428,0.0000347401
1/8/2026 - 09:00:00,STRK,250,Short,0.000022,0.000001068
1/8/2026 - 09:00:00,TNSR,258.3,Short,-0.00229,-0.0001224211
1/8/2026 - 09:00:00,MERL,162,Short,0.000481,0.0000125
1/8/2026 - 09:00:00,EIGEN,27.48,Short,-0.000334,-0.0000299763
1/8/2026 - 09:00:00,REZ,3636,Short,0.000234,0.0000125
1/8/2026 - 09:00:00,TURBO,5084,Short,0.000114,0.0000115885
1/8/2026 - 09:00:00,HMSTR,134918,Short,0.000413,0.0000125
1/8/2026 - 09:00:00,XLM,133,Long,-0.000135,0.0000044128
1/8/2026 - 09:00:00,ALGO,165,Long,-0.000278,0.0000125
1/8/2026 - 09:00:00,ME,48.6,Short,0.000135,0.0000125
1/8/2026 - 09:00:00,MOVE,1395,Short,0.000655,0.0000125
1/8/2026 - 09:00:00,AIXBT,1051,Short,0.00049,0.0000125
1/8/2026 - 09:00:00,IP,12,Short,-0.006094,-0.0002530315
1/8/2026 - 09:00:00,AVNT,117,Short,-0.008593,-0.0002351209
1/8/2026 - 09:00:00,ZEC,0.03,Short,0.000166,0.0000125
1/8/2026 - 10:00:00,BTC,0.00082,Long,-0.000924,0.0000125
1/8/2026 - 10:00:00,ETH,0.0066,Long,-0.000257,0.0000125
1/8/2026 - 10:00:00,ATOM,27.39,Long,0.001884,-0.0000283541
1/8/2026 - 10:00:00,SOL,0.16,Long,0.000049,-0.0000022975
1/8/2026 - 10:00:00,AVAX,0.83,Long,-0.000135,0.0000118184
1/8/2026 - 10:00:00,BNB,0.048,Long,0.000773,-0.0000182337
1/8/2026 - 10:00:00,XRP,16,Long,0.000016,-4.876e-7
1/8/2026 - 10:00:00,BCH,0.033,Long,-0.000261,0.0000125
1/8/2026 - 10:00:00,YGG,152,Short,0.000131,0.0000125
1/8/2026 - 10:00:00,TRX,106,Long,-0.000391,0.0000125
1/8/2026 - 10:00:00,BANANA,2.9,Short,0.000264,0.0000125
1/8/2026 - 10:00:00,TON,37.8,Long,-0.000872,0.0000125
1/8/2026 - 10:00:00,POLYX,176,Short,-0.002287,-0.0002137322
1/8/2026 - 10:00:00,GMT,1922,Short,0.00037,0.0000120359
1/8/2026 - 10:00:00,USTC,2996,Short,0.00025,0.0000125
1/8/2026 - 10:00:00,CAKE,5.1,Long,-0.000008,8.364e-7
1/8/2026 - 10:00:00,ETC,0.83,Long,-0.00013,0.0000125
1/8/2026 - 10:00:00,MAVIA,194,Short,0.000153,0.0000125
1/8/2026 - 10:00:00,STRK,250,Short,-0.000132,-0.0000062735
1/8/2026 - 10:00:00,TNSR,258.3,Short,-0.003425,-0.0001828056
1/8/2026 - 10:00:00,MERL,162,Short,-0.000155,-0.0000040337
1/8/2026 - 10:00:00,EIGEN,27.48,Short,-0.000011,-0.0000010634
1/8/2026 - 10:00:00,REZ,3636,Short,-0.000005,-3.025e-7
1/8/2026 - 10:00:00,TURBO,5084,Short,0.000122,0.0000125
1/8/2026 - 10:00:00,HMSTR,134918,Short,0.000408,0.0000125
1/8/2026 - 10:00:00,XLM,133,Long,-0.00038,0.0000125
1/8/2026 - 10:00:00,ALGO,165,Long,-0.000276,0.0000125
1/8/2026 - 10:00:00,ME,48.6,Short,0.000133,0.0000125
1/8/2026 - 10:00:00,MOVE,1395,Short,0.000644,0.0000125
1/8/2026 - 10:00:00,AIXBT,1051,Short,0.000485,0.0000125
1/8/2026 - 10:00:00,IP,12,Short,-0.009361,-0.0003873427
1/8/2026 - 10:00:00,AVNT,117,Short,-0.009084,-0.0002495507
1/8/2026 - 10:00:00,ZEC,0.03,Short,0.000158,0.0000125
1/8/2026 - 11:00:00,BTC,0.00082,Long,-0.000922,0.0000125
1/8/2026 - 11:00:00,ETH,0.0066,Long,-0.000256,0.0000125
1/8/2026 - 11:00:00,ATOM,27.39,Long,0.002752,-0.0000413495
1/8/2026 - 11:00:00,SOL,0.16,Long,0.000119,-0.0000055491
1/8/2026 - 11:00:00,AVAX,0.83,Long,-0.000095,0.0000083601
1/8/2026 - 11:00:00,BNB,0.048,Long,0.000902,-0.0000213
1/8/2026 - 11:00:00,XRP,16,Long,-0.000065,0.0000019458
1/8/2026 - 11:00:00,BCH,0.033,Long,-0.000187,0.0000090343
1/8/2026 - 11:00:00,YGG,152,Short,0.00013,0.0000125
1/8/2026 - 11:00:00,TRX,106,Long,-0.000391,0.0000125
1/8/2026 - 11:00:00,BANANA,2.9,Short,0.000262,0.0000125
1/8/2026 - 11:00:00,TON,37.8,Long,-0.000866,0.0000125
1/8/2026 - 11:00:00,POLYX,176,Short,-0.00215,-0.0002013199
1/8/2026 - 11:00:00,GMT,1922,Short,-0.000127,-0.0000041471
1/8/2026 - 11:00:00,USTC,2996,Short,0.000249,0.0000125
1/8/2026 - 11:00:00,CAKE,5.1,Long,-0.000122,0.0000125
1/8/2026 - 11:00:00,ETC,0.83,Long,-0.000129,0.0000125
1/8/2026 - 11:00:00,MAVIA,194,Short,0.000214,0.0000178134
1/8/2026 - 11:00:00,STRK,250,Short,-0.001415,-0.0000681825
1/8/2026 - 11:00:00,TNSR,258.3,Short,-0.001261,-0.0000686513
1/8/2026 - 11:00:00,MERL,162,Short,-0.000357,-0.0000093771
1/8/2026 - 11:00:00,EIGEN,27.48,Short,-0.000126,-0.0000115465
1/8/2026 - 11:00:00,REZ,3636,Short,-0.000247,-0.0000132367
1/8/2026 - 11:00:00,TURBO,5084,Short,0.000121,0.0000125
1/8/2026 - 11:00:00,HMSTR,134918,Short,0.000404,0.0000125
1/8/2026 - 11:00:00,XLM,133,Long,-0.000378,0.0000125
1/8/2026 - 11:00:00,ALGO,165,Long,-0.000274,0.0000125
1/8/2026 - 11:00:00,ME,48.6,Short,0.000132,0.0000125
1/8/2026 - 11:00:00,MOVE,1395,Short,0.000639,0.0000125
1/8/2026 - 11:00:00,AIXBT,1051,Short,-0.006493,-0.0001610448
1/8/2026 - 11:00:00,IP,12,Short,-0.009052,-0.0003719639
1/8/2026 - 11:00:00,AVNT,117,Short,-0.00872,-0.0002414638
1/8/2026 - 11:00:00,ZEC,0.03,Short,0.000145,0.0000125
1/8/2026 - 12:00:00,BTC,0.00082,Long,-0.000926,0.0000125
1/8/2026 - 12:00:00,ETH,0.0066,Long,-0.000258,0.0000125
1/8/2026 - 12:00:00,ATOM,27.39,Long,0.00332,-0.0000492451
1/8/2026 - 12:00:00,SOL,0.16,Long,0.00031,-0.0000143549
1/8/2026 - 12:00:00,AVAX,0.83,Long,-0.000059,0.0000051871
1/8/2026 - 12:00:00,BNB,0.048,Long,0.000524,-0.0000123201
1/8/2026 - 12:00:00,XRP,16,Long,-0.000175,0.0000052217
1/8/2026 - 12:00:00,BCH,0.033,Long,-0.000259,0.0000125
1/8/2026 - 12:00:00,YGG,152,Short,0.000131,0.0000125
1/8/2026 - 12:00:00,TRX,106,Long,-0.000392,0.0000125
1/8/2026 - 12:00:00,BANANA,2.9,Short,0.000262,0.0000125
1/8/2026 - 12:00:00,TON,37.8,Long,-0.000868,0.0000125
1/8/2026 - 12:00:00,POLYX,176,Short,-0.002506,-0.0002334582
1/8/2026 - 12:00:00,GMT,1922,Short,-0.001474,-0.0000478033
1/8/2026 - 12:00:00,USTC,2996,Short,0.000252,0.0000125
1/8/2026 - 12:00:00,CAKE,5.1,Long,0.000089,-0.0000090101
1/8/2026 - 12:00:00,ETC,0.83,Long,0.000131,-0.0000126194
1/8/2026 - 12:00:00,MAVIA,194,Short,0.000152,0.0000125
1/8/2026 - 12:00:00,STRK,250,Short,-0.001269,-0.0000608329
1/8/2026 - 12:00:00,TNSR,258.3,Short,-0.000951,-0.0000511253
1/8/2026 - 12:00:00,MERL,162,Short,0.00048,0.0000125
1/8/2026 - 12:00:00,EIGEN,27.48,Short,-0.000262,-0.0000237595
1/8/2026 - 12:00:00,REZ,3636,Short,0.000238,0.0000125
1/8/2026 - 12:00:00,TURBO,5084,Short,0.000118,0.0000121853
1/8/2026 - 12:00:00,HMSTR,134918,Short,0.000408,0.0000125
1/8/2026 - 12:00:00,XLM,133,Long,-0.000124,0.0000040805
1/8/2026 - 12:00:00,ALGO,165,Long,-0.000277,0.0000125
1/8/2026 - 12:00:00,ME,48.6,Short,0.000133,0.0000125
1/8/2026 - 12:00:00,MOVE,1395,Short,0.000647,0.0000125
1/8/2026 - 12:00:00,AIXBT,1051,Short,-0.031281,-0.0007958275
1/8/2026 - 12:00:00,IP,12,Short,-0.01021,-0.000423408
1/8/2026 - 12:00:00,AVNT,117,Short,-0.009556,-0.0002632677
1/8/2026 - 12:00:00,ZEC,0.03,Short,0.000147,0.0000125
1/8/2026 - 13:00:00,BTC,0.00082,Long,-0.000924,0.0000125
1/8/2026 - 13:00:00,ETH,0.0066,Long,-0.000257,0.0000125
1/8/2026 - 13:00:00,ATOM,27.39,Long,0.002026,-0.0000300084
1/8/2026 - 13:00:00,SOL,0.16,Long,0.000405,-0.0000187868
1/8/2026 - 13:00:00,AVAX,0.83,Long,-0.000071,0.0000062035
1/8/2026 - 13:00:00,BNB,0.048,Long,0.000694,-0.000016328
1/8/2026 - 13:00:00,XRP,16,Long,-0.000224,0.0000066965
1/8/2026 - 13:00:00,BCH,0.033,Long,-0.000175,0.0000084594
1/8/2026 - 13:00:00,YGG,152,Short,0.00013,0.0000125
1/8/2026 - 13:00:00,TRX,106,Long,-0.000392,0.0000125
1/8/2026 - 13:00:00,BANANA,2.9,Short,0.000261,0.0000125
1/8/2026 - 13:00:00,TON,37.8,Long,-0.00087,0.0000125
1/8/2026 - 13:00:00,POLYX,176,Short,-0.001427,-0.0001333571
1/8/2026 - 13:00:00,GMT,1922,Short,-0.000533,-0.0000173707
1/8/2026 - 13:00:00,USTC,2996,Short,0.000251,0.0000125
1/8/2026 - 13:00:00,CAKE,5.1,Long,0.000288,-0.00002925
1/8/2026 - 13:00:00,ETC,0.83,Long,-0.000088,0.0000084764
1/8/2026 - 13:00:00,MAVIA,194,Short,0.00055,0.0000455721
1/8/2026 - 13:00:00,STRK,250,Short,-0.001806,-0.0000870068
1/8/2026 - 13:00:00,TNSR,258.3,Short,-0.001513,-0.0000813267
1/8/2026 - 13:00:00,MERL,162,Short,0.000475,0.0000125
1/8/2026 - 13:00:00,EIGEN,27.48,Short,-0.000091,-0.0000083579
1/8/2026 - 13:00:00,REZ,3636,Short,0.000146,0.000007724
1/8/2026 - 13:00:00,TURBO,5084,Short,0.000121,0.0000125
1/8/2026 - 13:00:00,HMSTR,134918,Short,0.000406,0.0000125
1/8/2026 - 13:00:00,XLM,133,Long,-0.00038,0.0000125
1/8/2026 - 13:00:00,ALGO,165,Long,-0.000274,0.0000125
1/8/2026 - 13:00:00,ME,48.6,Short,0.000131,0.0000125
1/8/2026 - 13:00:00,MOVE,1395,Short,0.000642,0.0000125
1/8/2026 - 13:00:00,AIXBT,1051,Short,0.000486,0.0000125
1/8/2026 - 13:00:00,IP,12,Short,-0.009881,-0.0004060074
1/8/2026 - 13:00:00,AVNT,117,Short,-0.008012,-0.000221383
1/8/2026 - 13:00:00,ZEC,0.03,Short,0.000148,0.0000125
1/8/2026 - 14:00:00,BTC,0.00082,Long,-0.000922,0.0000125
1/8/2026 - 14:00:00,ETH,0.0066,Long,-0.000246,0.0000120611
1/8/2026 - 14:00:00,ATOM,27.39,Long,0.001796,-0.000026792
1/8/2026 - 14:00:00,SOL,0.16,Long,0.000246,-0.0000115007
1/8/2026 - 14:00:00,AVAX,0.83,Long,-0.000088,0.0000077698
1/8/2026 - 14:00:00,BNB,0.048,Long,0.000509,-0.000012011
1/8/2026 - 14:00:00,XRP,16,Long,-0.000201,0.0000060529
1/8/2026 - 14:00:00,BCH,0.033,Long,-0.000228,0.0000110607
1/8/2026 - 14:00:00,YGG,152,Short,0.000129,0.0000125
1/8/2026 - 14:00:00,TRX,106,Long,-0.000392,0.0000125
1/8/2026 - 14:00:00,BANANA,2.9,Short,0.000262,0.0000125
1/8/2026 - 14:00:00,TON,37.8,Long,-0.000867,0.0000125
1/8/2026 - 14:00:00,POLYX,176,Short,-0.000898,-0.0000849587
1/8/2026 - 14:00:00,GMT,1922,Short,-0.000418,-0.0000137368
1/8/2026 - 14:00:00,USTC,2996,Short,0.000248,0.0000125
1/8/2026 - 14:00:00,CAKE,5.1,Long,-0.000122,0.0000125
1/8/2026 - 14:00:00,ETC,0.83,Long,-0.000128,0.0000125
1/8/2026 - 14:00:00,MAVIA,194,Short,0.000146,0.0000125
1/8/2026 - 14:00:00,STRK,250,Short,-0.002283,-0.0001105621
1/8/2026 - 14:00:00,TNSR,258.3,Short,-0.003924,-0.0002123429
1/8/2026 - 14:00:00,MERL,162,Short,0.000481,0.0000125
1/8/2026 - 14:00:00,EIGEN,27.48,Short,0.000135,0.0000125
1/8/2026 - 14:00:00,REZ,3636,Short,0.000235,0.0000125
1/8/2026 - 14:00:00,TURBO,5084,Short,0.00012,0.0000125
1/8/2026 - 14:00:00,HMSTR,134918,Short,0.000403,0.0000125
1/8/2026 - 14:00:00,XLM,133,Long,-0.000377,0.0000125
1/8/2026 - 14:00:00,ALGO,165,Long,-0.000271,0.0000125
1/8/2026 - 14:00:00,ME,48.6,Short,0.000128,0.0000125
1/8/2026 - 14:00:00,MOVE,1395,Short,0.000636,0.0000125
1/8/2026 - 14:00:00,AIXBT,1051,Short,0.000476,0.0000125
1/8/2026 - 14:00:00,IP,12,Short,-0.007069,-0.0002938597
1/8/2026 - 14:00:00,AVNT,117,Short,-0.006775,-0.0001882046
1/8/2026 - 14:00:00,ZEC,0.03,Short,0.000153,0.0000128161
1/8/2026 - 15:00:00,BTC,0.00082,Long,-0.000922,0.0000125
1/8/2026 - 15:00:00,ETH,0.0066,Long,-0.000255,0.0000125
1/8/2026 - 15:00:00,ATOM,27.39,Long,0.001837,-0.00002712
1/8/2026 - 15:00:00,SOL,0.16,Long,0.000111,-0.0000051745
1/8/2026 - 15:00:00,AVAX,0.83,Long,-0.000088,0.0000077336
1/8/2026 - 15:00:00,BNB,0.048,Long,0.000427,-0.0000100738
1/8/2026 - 15:00:00,XRP,16,Long,-0.000177,0.0000053078
1/8/2026 - 15:00:00,BCH,0.033,Long,-0.000176,0.0000085877
1/8/2026 - 15:00:00,YGG,152,Short,0.000129,0.0000125
1/8/2026 - 15:00:00,TRX,106,Long,-0.000392,0.0000125
1/8/2026 - 15:00:00,BANANA,2.9,Short,0.000261,0.0000125
1/8/2026 - 15:00:00,TON,37.8,Long,-0.000862,0.0000125
1/8/2026 - 15:00:00,POLYX,176,Short,-0.001351,-0.0001284328
1/8/2026 - 15:00:00,GMT,1922,Short,-0.00185,-0.0000608048
1/8/2026 - 15:00:00,USTC,2996,Short,0.000247,0.0000125
1/8/2026 - 15:00:00,CAKE,5.1,Long,-0.000018,0.0000019007
1/8/2026 - 15:00:00,ETC,0.83,Long,-0.000003,2.972e-7
1/8/2026 - 15:00:00,MAVIA,194,Short,0.000146,0.0000125
1/8/2026 - 15:00:00,STRK,250,Short,-0.002141,-0.0001044127
1/8/2026 - 15:00:00,TNSR,258.3,Short,-0.005052,-0.0002745621
1/8/2026 - 15:00:00,MERL,162,Short,0.000488,0.0000125
1/8/2026 - 15:00:00,EIGEN,27.48,Short,0.000136,0.0000125
1/8/2026 - 15:00:00,REZ,3636,Short,0.000235,0.0000125
1/8/2026 - 15:00:00,TURBO,5084,Short,0.000067,0.0000070553
1/8/2026 - 15:00:00,HMSTR,134918,Short,0.000401,0.0000125
1/8/2026 - 15:00:00,XLM,133,Long,-0.000378,0.0000125
1/8/2026 - 15:00:00,ALGO,165,Long,-0.000271,0.0000125
1/8/2026 - 15:00:00,ME,48.6,Short,0.000128,0.0000125
1/8/2026 - 15:00:00,MOVE,1395,Short,0.000633,0.0000125
1/8/2026 - 15:00:00,AIXBT,1051,Short,0.000476,0.0000125
1/8/2026 - 15:00:00,IP,12,Short,-0.005707,-0.0002382694
1/8/2026 - 15:00:00,AVNT,117,Short,-0.010356,-0.0002874994
1/8/2026 - 15:00:00,ZEC,0.03,Short,0.000317,0.0000260959
1/8/2026 - 16:00:00,BTC,0.00082,Long,-0.000922,0.0000125
1/8/2026 - 16:00:00,ETH,0.0066,Long,-0.000253,0.0000125
1/8/2026 - 16:00:00,ATOM,27.39,Long,0.003764,-0.000055428
1/8/2026 - 16:00:00,SOL,0.16,Long,-0.000155,0.000007234
1/8/2026 - 16:00:00,AVAX,0.83,Long,-0.00001,9.267e-7
1/8/2026 - 16:00:00,BNB,0.048,Long,0.000008,-2.121e-7
1/8/2026 - 16:00:00,XRP,16,Long,-0.000417,0.0000125
1/8/2026 - 16:00:00,BCH,0.033,Long,-0.000237,0.0000114341
1/8/2026 - 16:00:00,YGG,152,Short,0.000129,0.0000125
1/8/2026 - 16:00:00,TRX,106,Long,-0.000391,0.0000125
1/8/2026 - 16:00:00,BANANA,2.9,Short,0.000263,0.0000125
1/8/2026 - 16:00:00,TON,37.8,Long,-0.000876,0.0000125
1/8/2026 - 16:00:00,POLYX,176,Short,-0.002083,-0.0001969828
1/8/2026 - 16:00:00,GMT,1922,Short,-0.001466,-0.0000479959
1/8/2026 - 16:00:00,USTC,2996,Short,0.000249,0.0000125
1/8/2026 - 16:00:00,CAKE,5.1,Long,-0.000048,0.0000049533
1/8/2026 - 16:00:00,ETC,0.83,Long,0.000062,-0.0000060381
1/8/2026 - 16:00:00,MAVIA,194,Short,0.000145,0.0000125
1/8/2026 - 16:00:00,STRK,250,Short,-0.0031,-0.0001506004
1/8/2026 - 16:00:00,TNSR,258.3,Short,-0.005701,-0.0003076544
1/8/2026 - 16:00:00,MERL,162,Short,0.000483,0.0000125
1/8/2026 - 16:00:00,EIGEN,27.48,Short,-0.000435,-0.0000395281
1/8/2026 - 16:00:00,REZ,3636,Short,-0.000215,-0.0000113803
1/8/2026 - 16:00:00,TURBO,5084,Short,-0.000063,-0.0000065474
1/8/2026 - 16:00:00,HMSTR,134918,Short,0.000406,0.0000125
1/8/2026 - 16:00:00,XLM,133,Long,-0.000379,0.0000125
1/8/2026 - 16:00:00,ALGO,165,Long,-0.000271,0.0000125
1/8/2026 - 16:00:00,ME,48.6,Short,0.000128,0.0000125
1/8/2026 - 16:00:00,MOVE,1395,Short,0.000637,0.0000125
1/8/2026 - 16:00:00,AIXBT,1051,Short,0.000472,0.0000125
1/8/2026 - 16:00:00,IP,12,Short,-0.005972,-0.000248933
1/8/2026 - 16:00:00,AVNT,117,Short,-0.008378,-0.0002335616
1/8/2026 - 16:00:00,ZEC,0.03,Short,0.000268,0.0000216698
1/8/2026 - 17:00:00,BTC,0.00082,Long,-0.00093,0.0000125
1/8/2026 - 17:00:00,ETH,0.0066,Long,-0.000256,0.0000125
1/8/2026 - 17:00:00,ATOM,27.39,Long,0.000806,-0.0000119025
1/8/2026 - 17:00:00,SOL,0.16,Long,-0.000272,0.0000125
1/8/2026 - 17:00:00,AVAX,0.83,Long,-0.000144,0.0000125
1/8/2026 - 17:00:00,BNB,0.048,Long,-0.000396,0.000009296
1/8/2026 - 17:00:00,XRP,16,Long,-0.000425,0.0000125
1/8/2026 - 17:00:00,BCH,0.033,Long,-0.000262,0.0000125
1/8/2026 - 17:00:00,YGG,152,Short,0.000132,0.0000125
1/8/2026 - 17:00:00,TRX,106,Long,-0.000391,0.0000125
1/8/2026 - 17:00:00,BANANA,2.9,Short,0.000268,0.0000125
1/8/2026 - 17:00:00,TON,37.8,Long,-0.000893,0.0000125
1/8/2026 - 17:00:00,POLYX,176,Short,-0.002604,-0.0002414427
1/8/2026 - 17:00:00,GMT,1922,Short,-0.001904,-0.0000614807
1/8/2026 - 17:00:00,USTC,2996,Short,-0.00256,-0.0001265538
1/8/2026 - 17:00:00,CAKE,5.1,Long,0.000128,-0.0000129655
1/8/2026 - 17:00:00,ETC,0.83,Long,0.0001,-0.000009596
1/8/2026 - 17:00:00,MAVIA,194,Short,0.000147,0.0000125
1/8/2026 - 17:00:00,STRK,250,Short,-0.002538,-0.0001196227
1/8/2026 - 17:00:00,TNSR,258.3,Short,-0.001042,-0.0000556557
1/8/2026 - 17:00:00,MERL,162,Short,0.000495,0.0000125
1/8/2026 - 17:00:00,EIGEN,27.48,Short,0.000007,6.162e-7
1/8/2026 - 17:00:00,REZ,3636,Short,0.000021,0.0000010956
1/8/2026 - 17:00:00,TURBO,5084,Short,-0.000167,-0.000016787
1/8/2026 - 17:00:00,HMSTR,134918,Short,0.000414,0.0000125
1/8/2026 - 17:00:00,XLM,133,Long,-0.000386,0.0000125
1/8/2026 - 17:00:00,ALGO,165,Long,-0.000278,0.0000125
1/8/2026 - 17:00:00,ME,48.6,Short,0.000131,0.0000125
1/8/2026 - 17:00:00,MOVE,1395,Short,0.000652,0.0000125
1/8/2026 - 17:00:00,AIXBT,1051,Short,0.000489,0.0000125
1/8/2026 - 17:00:00,IP,12,Short,-0.004914,-0.0002038676
1/8/2026 - 17:00:00,AVNT,117,Short,-0.007835,-0.0002134922
1/8/2026 - 17:00:00,ZEC,0.03,Short,0.000159,0.0000125
1/8/2026 - 18:00:00,BTC,0.00082,Long,-0.000932,0.0000125
1/8/2026 - 18:00:00,ETH,0.0066,Long,-0.000257,0.0000125
1/8/2026 - 18:00:00,ATOM,27.39,Long,0.000357,-0.0000053419
1/8/2026 - 18:00:00,SOL,0.16,Long,-0.000276,0.0000125
1/8/2026 - 18:00:00,AVAX,0.83,Long,-0.000144,0.0000125
1/8/2026 - 18:00:00,BNB,0.048,Long,-0.000533,0.0000125
1/8/2026 - 18:00:00,XRP,16,Long,-0.000528,0.0000153965
1/8/2026 - 18:00:00,BCH,0.033,Long,-0.000265,0.0000125
1/8/2026 - 18:00:00,YGG,152,Short,0.000131,0.0000125
1/8/2026 - 18:00:00,TRX,106,Long,-0.00039,0.0000125
1/8/2026 - 18:00:00,BANANA,2.9,Short,0.000267,0.0000125
1/8/2026 - 18:00:00,TON,37.8,Long,-0.000883,0.0000125
1/8/2026 - 18:00:00,POLYX,176,Short,-0.001864,-0.0001739534
1/8/2026 - 18:00:00,GMT,1922,Short,-0.000071,-0.0000022881
1/8/2026 - 18:00:00,USTC,2996,Short,-0.001395,-0.0000690895
1/8/2026 - 18:00:00,CAKE,5.1,Long,0.000125,-0.0000126388
1/8/2026 - 18:00:00,ETC,0.83,Long,-0.00013,0.0000125
1/8/2026 - 18:00:00,MAVIA,194,Short,0.000149,0.0000125
1/8/2026 - 18:00:00,STRK,250,Short,-0.001885,-0.0000890382
1/8/2026 - 18:00:00,TNSR,258.3,Short,-0.002231,-0.0001196888
1/8/2026 - 18:00:00,MERL,162,Short,0.000512,0.0000125
1/8/2026 - 18:00:00,EIGEN,27.48,Short,0.000143,0.0000125
1/8/2026 - 18:00:00,REZ,3636,Short,-0.000755,-0.000039451
1/8/2026 - 18:00:00,TURBO,5084,Short,0.000075,0.0000075343
1/8/2026 - 18:00:00,HMSTR,134918,Short,0.000411,0.0000125
1/8/2026 - 18:00:00,XLM,133,Long,-0.000387,0.0000125
1/8/2026 - 18:00:00,ALGO,165,Long,-0.000278,0.0000125
1/8/2026 - 18:00:00,ME,48.6,Short,0.00013,0.0000125
1/8/2026 - 18:00:00,MOVE,1395,Short,0.000649,0.0000125
1/8/2026 - 18:00:00,AIXBT,1051,Short,0.000491,0.0000125
1/8/2026 - 18:00:00,IP,12,Short,-0.003255,-0.0001359674
1/8/2026 - 18:00:00,AVNT,117,Short,-0.007139,-0.0001947375
1/8/2026 - 18:00:00,ZEC,0.03,Short,0.000159,0.0000125
1/8/2026 - 19:00:00,BTC,0.00082,Long,-0.000936,0.0000125
1/8/2026 - 19:00:00,ETH,0.0066,Long,-0.000258,0.0000125
1/8/2026 - 19:00:00,ATOM,27.39,Long,0.001927,-0.0000286477
1/8/2026 - 19:00:00,SOL,0.16,Long,-0.000277,0.0000125
1/8/2026 - 19:00:00,AVAX,0.83,Long,-0.000145,0.0000125
1/8/2026 - 19:00:00,BNB,0.048,Long,-0.000534,0.0000125
1/8/2026 - 19:00:00,XRP,16,Long,-0.000432,0.0000125
1/8/2026 - 19:00:00,BCH,0.033,Long,-0.000259,0.0000125
1/8/2026 - 19:00:00,YGG,152,Short,-0.000035,-0.0000033765
1/8/2026 - 19:00:00,TRX,106,Long,-0.00039,0.0000125
1/8/2026 - 19:00:00,BANANA,2.9,Short,0.000268,0.0000125
1/8/2026 - 19:00:00,TON,37.8,Long,-0.000883,0.0000125
1/8/2026 - 19:00:00,POLYX,176,Short,-0.002145,-0.0001998106
1/8/2026 - 19:00:00,GMT,1922,Short,-0.000385,-0.0000124296
1/8/2026 - 19:00:00,USTC,2996,Short,-0.00118,-0.0000585297
1/8/2026 - 19:00:00,CAKE,5.1,Long,0.000269,-0.000027023
1/8/2026 - 19:00:00,ETC,0.83,Long,-0.000131,0.0000125
1/8/2026 - 19:00:00,MAVIA,194,Short,0.000149,0.0000125
1/8/2026 - 19:00:00,STRK,250,Short,-0.001708,-0.0000804842
1/8/2026 - 19:00:00,TNSR,258.3,Short,-0.005857,-0.0003138194
1/8/2026 - 19:00:00,MERL,162,Short,0.000502,0.0000125
1/8/2026 - 19:00:00,EIGEN,27.48,Short,0.000142,0.0000125
1/8/2026 - 19:00:00,REZ,3636,Short,-0.000799,-0.0000417858
1/8/2026 - 19:00:00,TURBO,5084,Short,-0.000054,-0.0000054044
1/8/2026 - 19:00:00,HMSTR,134918,Short,0.000409,0.0000125
1/8/2026 - 19:00:00,XLM,133,Long,-0.000387,0.0000125
1/8/2026 - 19:00:00,ALGO,165,Long,-0.000278,0.0000125
1/8/2026 - 19:00:00,ME,48.6,Short,0.00013,0.0000125
1/8/2026 - 19:00:00,MOVE,1395,Short,0.000648,0.0000125
1/8/2026 - 19:00:00,AIXBT,1051,Short,0.00049,0.0000125
1/8/2026 - 19:00:00,IP,12,Short,-0.004764,-0.0001966376
1/8/2026 - 19:00:00,AVNT,117,Short,-0.012125,-0.0003305743
1/8/2026 - 19:00:00,ZEC,0.03,Short,0.000159,0.0000125
1/8/2026 - 20:00:00,BTC,0.00082,Long,-0.000933,0.0000125
1/8/2026 - 20:00:00,ETH,0.0066,Long,-0.000257,0.0000125
1/8/2026 - 20:00:00,ATOM,27.39,Long,0.001382,-0.0000207688
1/8/2026 - 20:00:00,SOL,0.24,Long,-0.000414,0.0000125
1/8/2026 - 20:00:00,AVAX,0.83,Long,-0.000144,0.0000125
1/8/2026 - 20:00:00,BNB,0.048,Long,-0.000533,0.0000125
1/8/2026 - 20:00:00,XRP,16,Long,-0.000427,0.0000125
1/8/2026 - 20:00:00,BCH,0.033,Long,-0.000199,0.0000095765
1/8/2026 - 20:00:00,YGG,152,Short,0.00013,0.0000125
1/8/2026 - 20:00:00,TRX,140,Long,-0.000515,0.0000125
1/8/2026 - 20:00:00,BANANA,2.9,Short,0.000266,0.0000125
1/8/2026 - 20:00:00,ARK,35,Long,-0.000125,0.0000125
1/8/2026 - 20:00:00,TON,37.8,Long,-0.000885,0.0000125
1/8/2026 - 20:00:00,POLYX,176,Short,-0.001741,-0.0001632809
1/8/2026 - 20:00:00,GMT,1922,Short,-0.000567,-0.0000183628
1/8/2026 - 20:00:00,USTC,2996,Short,-0.001278,-0.0000634902
1/8/2026 - 20:00:00,CAKE,5.1,Long,0.00014,-0.0000141915
1/8/2026 - 20:00:00,ETC,0.83,Long,-0.00013,0.0000125
1/8/2026 - 20:00:00,MAVIA,194,Short,0.000149,0.0000125
1/8/2026 - 20:00:00,STRK,250,Short,-0.0019,-0.0000901315
1/8/2026 - 20:00:00,TNSR,258.3,Short,-0.004606,-0.0002466571
1/8/2026 - 20:00:00,MERL,203,Short,0.000641,0.0000125
1/8/2026 - 20:00:00,EIGEN,27.48,Short,0.000144,0.0000125
1/8/2026 - 20:00:00,REZ,3636,Short,-0.000644,-0.0000337424
1/8/2026 - 20:00:00,TURBO,5084,Short,0.000075,0.0000075396
1/8/2026 - 20:00:00,HMSTR,134918,Short,0.001376,0.0000418008
1/8/2026 - 20:00:00,XLM,133,Long,-0.000384,0.0000125
1/8/2026 - 20:00:00,ALGO,165,Long,-0.000276,0.0000125
1/8/2026 - 20:00:00,ME,48.6,Short,0.000129,0.0000125
1/8/2026 - 20:00:00,MOVE,1395,Short,0.000645,0.0000125
1/8/2026 - 20:00:00,AIXBT,1051,Short,0.000487,0.0000125
1/8/2026 - 20:00:00,IP,17,Short,-0.009541,-0.0002786885
1/8/2026 - 20:00:00,AVNT,117,Short,-0.012719,-0.0003446285
1/8/2026 - 20:00:00,ZEC,0.06,Short,0.000881,0.0000338531
1/8/2026 - 21:00:00,BTC,0.00082,Long,-0.000932,0.0000125
1/8/2026 - 21:00:00,ETH,0.0066,Long,-0.000256,0.0000125
1/8/2026 - 21:00:00,ATOM,27.39,Long,0.001588,-0.0000240811
1/8/2026 - 21:00:00,SOL,0.24,Long,-0.000412,0.0000125
1/8/2026 - 21:00:00,AVAX,0.83,Long,-0.000143,0.0000125
1/8/2026 - 21:00:00,BNB,0.048,Long,-0.000532,0.0000125
1/8/2026 - 21:00:00,XRP,16,Long,-0.000427,0.0000125
1/8/2026 - 21:00:00,BCH,0.033,Long,-0.00026,0.0000125
1/8/2026 - 21:00:00,YGG,152,Short,0.00013,0.0000125
1/8/2026 - 21:00:00,TRX,140,Long,-0.000515,0.0000125
1/8/2026 - 21:00:00,BANANA,2.9,Short,0.000264,0.0000125
1/8/2026 - 21:00:00,ARK,35,Long,-0.000125,0.0000125
1/8/2026 - 21:00:00,TON,37.8,Long,-0.00089,0.0000125
1/8/2026 - 21:00:00,POLYX,176,Short,-0.0025,-0.000234875
1/8/2026 - 21:00:00,GMT,1922,Short,-0.00067,-0.000021752
1/8/2026 - 21:00:00,USTC,2996,Short,-0.001983,-0.0000987466
1/8/2026 - 21:00:00,CAKE,5.1,Long,-0.000012,0.0000012574
1/8/2026 - 21:00:00,ETC,0.83,Long,-0.00013,0.0000125
1/8/2026 - 21:00:00,MAVIA,194,Short,0.000149,0.0000125
1/8/2026 - 21:00:00,STRK,250,Short,-0.001977,-0.0000941034
1/8/2026 - 21:00:00,TNSR,258.3,Short,-0.005637,-0.0003009048
1/8/2026 - 21:00:00,MERL,203,Short,0.000638,0.0000125
1/8/2026 - 21:00:00,EIGEN,27.48,Short,0.000142,0.0000125
1/8/2026 - 21:00:00,REZ,3636,Short,-0.002175,-0.0001122011
1/8/2026 - 21:00:00,TURBO,5084,Short,0.000109,0.0000110138
1/8/2026 - 21:00:00,HMSTR,134918,Short,0.000411,0.0000125
1/8/2026 - 21:00:00,XLM,133,Long,-0.000382,0.0000125
1/8/2026 - 21:00:00,ALGO,165,Long,-0.000275,0.0000125
1/8/2026 - 21:00:00,ME,48.6,Short,0.00013,0.0000125
1/8/2026 - 21:00:00,MOVE,1395,Short,0.000644,0.0000125
1/8/2026 - 21:00:00,AIXBT,1051,Short,0.000483,0.0000125
1/8/2026 - 21:00:00,IP,17,Short,-0.009061,-0.0002639503
1/8/2026 - 21:00:00,AVNT,117,Short,-0.014745,-0.0004056345
1/8/2026 - 21:00:00,ZEC,0.06,Short,0.000353,0.0000136226
1/8/2026 - 22:00:00,BTC,0.00082,Long,-0.000931,0.0000125
1/8/2026 - 22:00:00,ETH,0.0066,Long,-0.000256,0.0000125
1/8/2026 - 22:00:00,ATOM,27.39,Long,0.00229,-0.0000346104
1/8/2026 - 22:00:00,SOL,0.24,Long,-0.000413,0.0000125
1/8/2026 - 22:00:00,AVAX,0.83,Long,-0.000143,0.0000125
1/8/2026 - 22:00:00,BNB,0.048,Long,-0.000534,0.0000125
1/8/2026 - 22:00:00,XRP,16,Long,-0.000425,0.0000125
1/8/2026 - 22:00:00,BCH,0.033,Long,-0.000013,6.704e-7
1/8/2026 - 22:00:00,YGG,152,Short,0.00013,0.0000125
1/8/2026 - 22:00:00,TRX,140,Long,-0.000516,0.0000125
1/8/2026 - 22:00:00,BANANA,2.9,Short,0.000265,0.0000125
1/8/2026 - 22:00:00,ARK,35,Long,-0.000125,0.0000125
1/8/2026 - 22:00:00,TON,37.8,Long,-0.000884,0.0000125
1/8/2026 - 22:00:00,POLYX,176,Short,-0.001492,-0.0001397173
1/8/2026 - 22:00:00,GMT,1922,Short,-0.000357,-0.0000115908
1/8/2026 - 22:00:00,USTC,2996,Short,-0.000012,-5.96e-7
1/8/2026 - 22:00:00,CAKE,5.1,Long,0.000079,-0.000008035
1/8/2026 - 22:00:00,ETC,0.83,Long,-0.00013,0.0000125
1/8/2026 - 22:00:00,MAVIA,194,Short,0.000148,0.0000125
1/8/2026 - 22:00:00,STRK,250,Short,-0.001181,-0.0000562374
1/8/2026 - 22:00:00,TNSR,258.3,Short,-0.005863,-0.0003139072
1/8/2026 - 22:00:00,MERL,203,Short,0.000618,0.0000125
1/8/2026 - 22:00:00,EIGEN,27.48,Short,0.000143,0.0000125
1/8/2026 - 22:00:00,REZ,3636,Short,-0.001267,-0.0000655388
1/8/2026 - 22:00:00,TURBO,5084,Short,0.000112,0.0000114106
1/8/2026 - 22:00:00,HMSTR,134918,Short,0.000414,0.0000125
1/8/2026 - 22:00:00,XLM,133,Long,-0.000382,0.0000125
1/8/2026 - 22:00:00,ALGO,165,Long,-0.000274,0.0000125
1/8/2026 - 22:00:00,ME,48.6,Short,0.000129,0.0000125
1/8/2026 - 22:00:00,MOVE,1395,Short,0.000646,0.0000125
1/8/2026 - 22:00:00,AIXBT,1051,Short,0.000481,0.0000125
1/8/2026 - 22:00:00,IP,17,Short,-0.009643,-0.000281785
1/8/2026 - 22:00:00,AVNT,117,Short,-0.011595,-0.0003209321
1/8/2026 - 22:00:00,ZEC,0.06,Short,0.000323,0.0000125
1/8/2026 - 23:00:00,BTC,0.00082,Long,-0.000935,0.0000125
1/8/2026 - 23:00:00,ETH,0.0066,Long,-0.000257,0.0000125
1/8/2026 - 23:00:00,ATOM,27.39,Long,0.00281,-0.0000423123
1/8/2026 - 23:00:00,SOL,0.24,Long,-0.000418,0.0000125
1/8/2026 - 23:00:00,AVAX,0.83,Long,-0.000144,0.0000125
1/8/2026 - 23:00:00,BNB,0.048,Long,-0.000535,0.0000125
1/8/2026 - 23:00:00,XRP,16,Long,-0.000427,0.0000125
1/8/2026 - 23:00:00,BCH,0.033,Long,-0.00026,0.0000125
1/8/2026 - 23:00:00,YGG,152,Short,0.000131,0.0000125
1/8/2026 - 23:00:00,TRX,140,Long,-0.000516,0.0000125
1/8/2026 - 23:00:00,BANANA,2.9,Short,0.000267,0.0000125
1/8/2026 - 23:00:00,ARK,35,Long,-0.000127,0.0000125
1/8/2026 - 23:00:00,TON,37.8,Long,-0.000884,0.0000125
1/8/2026 - 23:00:00,POLYX,176,Short,-0.001246,-0.0001153981
1/8/2026 - 23:00:00,GMT,1922,Short,0.000308,0.0000099192
1/8/2026 - 23:00:00,USTC,2996,Short,-0.001395,-0.0000686473
1/8/2026 - 23:00:00,CAKE,5.1,Long,0.000089,-0.0000089529
1/8/2026 - 23:00:00,ETC,0.83,Long,-0.000103,0.0000098799
1/8/2026 - 23:00:00,MAVIA,194,Short,0.000149,0.0000125
1/8/2026 - 23:00:00,STRK,250,Short,-0.00063,-0.0000297413
1/8/2026 - 23:00:00,TNSR,258.3,Short,-0.002265,-0.0001207765
1/8/2026 - 23:00:00,MERL,203,Short,0.000621,0.0000125
1/8/2026 - 23:00:00,EIGEN,27.48,Short,0.000146,0.0000125
1/8/2026 - 23:00:00,REZ,3636,Short,0.000241,0.0000125
1/8/2026 - 23:00:00,TURBO,5084,Short,0.000031,0.0000031136
1/8/2026 - 23:00:00,HMSTR,134918,Short,0.000414,0.0000125
1/8/2026 - 23:00:00,XLM,133,Long,-0.000385,0.0000125
1/8/2026 - 23:00:00,ALGO,165,Long,-0.000277,0.0000125
1/8/2026 - 23:00:00,ME,48.6,Short,0.000131,0.0000125
1/8/2026 - 23:00:00,MOVE,1395,Short,0.000649,0.0000125
1/8/2026 - 23:00:00,AIXBT,1051,Short,0.000488,0.0000125
1/8/2026 - 23:00:00,IP,17,Short,-0.008215,-0.0002393682
1/8/2026 - 23:00:00,AVNT,117,Short,-0.011581,-0.0003195639
1/8/2026 - 23:00:00,ZEC,0.06,Short,0.000319,0.0000125
1/9/2026 - 00:00:00,BTC,0.00082,Long,-0.000935,0.0000125
1/9/2026 - 00:00:00,ETH,0.0066,Long,-0.000257,0.0000125
1/9/2026 - 00:00:00,ATOM,27.39,Long,0.001623,-0.0000241933
1/9/2026 - 00:00:00,SOL,0.24,Long,-0.000416,0.0000125
1/9/2026 - 00:00:00,AVAX,0.83,Long,-0.000144,0.0000125
1/9/2026 - 00:00:00,BNB,0.048,Long,-0.000535,0.0000125
1/9/2026 - 00:00:00,XRP,16,Long,-0.000426,0.0000125
1/9/2026 - 00:00:00,BCH,0.033,Long,-0.000261,0.0000125
1/9/2026 - 00:00:00,YGG,152,Short,0.000131,0.0000125
1/9/2026 - 00:00:00,TRX,140,Long,-0.000516,0.0000125
1/9/2026 - 00:00:00,BANANA,2.9,Short,0.000265,0.0000125
1/9/2026 - 00:00:00,ARK,35,Long,-0.000119,0.0000117668
1/9/2026 - 00:00:00,TON,37.8,Long,-0.000882,0.0000125
1/9/2026 - 00:00:00,POLYX,176,Short,-0.002562,-0.0002382616
1/9/2026 - 00:00:00,GMT,1922,Short,0.00006,0.0000019413
1/9/2026 - 00:00:00,USTC,2996,Short,-0.001075,-0.0000530332
1/9/2026 - 00:00:00,CAKE,5.1,Long,-0.00005,0.0000051237
1/9/2026 - 00:00:00,ETC,0.83,Long,-0.000131,0.0000125
1/9/2026 - 00:00:00,MAVIA,194,Short,0.000148,0.0000125
1/9/2026 - 00:00:00,STRK,250,Short,-0.000504,-0.000023889
1/9/2026 - 00:00:00,TNSR,258.3,Short,-0.001686,-0.0000899459
1/9/2026 - 00:00:00,MERL,203,Short,0.000615,0.0000125
1/9/2026 - 00:00:00,EIGEN,27.48,Short,0.000145,0.0000125
1/9/2026 - 00:00:00,REZ,3636,Short,0.000242,0.0000125
1/9/2026 - 00:00:00,TURBO,5084,Short,0.000124,0.0000125
1/9/2026 - 00:00:00,HMSTR,134918,Short,0.000416,0.0000125
1/9/2026 - 00:00:00,XLM,133,Long,-0.000384,0.0000125
1/9/2026 - 00:00:00,ALGO,165,Long,-0.000279,0.0000125
1/9/2026 - 00:00:00,ME,48.6,Short,0.000131,0.0000125
1/9/2026 - 00:00:00,MOVE,1395,Short,0.001971,0.000037963
1/9/2026 - 00:00:00,AIXBT,1051,Short,0.000484,0.0000125
1/9/2026 - 00:00:00,IP,17,Short,-0.007902,-0.0002306916
1/9/2026 - 00:00:00,AVNT,117,Short,-0.014035,-0.00038849
1/9/2026 - 00:00:00,ZEC,0.06,Short,0.000316,0.0000125
1/9/2026 - 01:00:00,BTC,0.00082,Long,-0.000933,0.0000125
1/9/2026 - 01:00:00,ETH,0.0066,Long,-0.000256,0.0000125
1/9/2026 - 01:00:00,ATOM,27.39,Long,0.003282,-0.0000486928
1/9/2026 - 01:00:00,SOL,0.24,Long,-0.000415,0.0000125
1/9/2026 - 01:00:00,AVAX,0.83,Long,-0.000144,0.0000125
1/9/2026 - 01:00:00,BNB,0.048,Long,-0.000535,0.0000125
1/9/2026 - 01:00:00,XRP,16,Long,-0.000424,0.0000125
1/9/2026 - 01:00:00,BCH,0.033,Long,-0.00026,0.0000125
1/9/2026 - 01:00:00,YGG,152,Short,0.000131,0.0000125
1/9/2026 - 01:00:00,TRX,140,Long,-0.000516,0.0000125
1/9/2026 - 01:00:00,BANANA,2.9,Short,0.000264,0.0000125
1/9/2026 - 01:00:00,ARK,35,Long,-0.000127,0.0000125
1/9/2026 - 01:00:00,TON,37.8,Long,-0.000879,0.0000125
1/9/2026 - 01:00:00,POLYX,176,Short,-0.003566,-0.0003306047
1/9/2026 - 01:00:00,GMT,1922,Short,-0.000871,-0.0000279587
1/9/2026 - 01:00:00,USTC,2996,Short,-0.002786,-0.0001377866
1/9/2026 - 01:00:00,CAKE,5.1,Long,0.000226,-0.0000228104
1/9/2026 - 01:00:00,ETC,0.83,Long,-0.00013,0.0000125
1/9/2026 - 01:00:00,MAVIA,194,Short,0.000148,0.0000125
1/9/2026 - 01:00:00,STRK,250,Short,-0.000014,-7.043e-7
1/9/2026 - 01:00:00,TNSR,258.3,Short,-0.000256,-0.0000136934
1/9/2026 - 01:00:00,MERL,203,Short,0.00061,0.0000125
1/9/2026 - 01:00:00,EIGEN,27.48,Short,0.000144,0.0000125
1/9/2026 - 01:00:00,REZ,3636,Short,0.000035,0.0000018318
1/9/2026 - 01:00:00,TURBO,5084,Short,0.000071,0.0000072597
1/9/2026 - 01:00:00,HMSTR,134918,Short,0.000421,0.0000125
1/9/2026 - 01:00:00,XLM,133,Long,-0.000382,0.0000125
1/9/2026 - 01:00:00,ALGO,165,Long,-0.000277,0.0000125
1/9/2026 - 01:00:00,ME,48.6,Short,0.000131,0.0000125
1/9/2026 - 01:00:00,MOVE,1395,Short,0.002021,0.00003898
1/9/2026 - 01:00:00,AIXBT,1051,Short,0.000482,0.0000125
1/9/2026 - 01:00:00,IP,17,Short,-0.008265,-0.0002409382
1/9/2026 - 01:00:00,AVNT,117,Short,-0.01756,-0.0004799782
1/9/2026 - 01:00:00,ZEC,0.06,Short,0.000316,0.0000125
1/9/2026 - 02:00:00,BTC,0.00082,Long,-0.000935,0.0000125
1/9/2026 - 02:00:00,ETH,0.0066,Long,-0.000257,0.0000125
1/9/2026 - 02:00:00,ATOM,27.39,Long,0.000011,-1.745e-7
1/9/2026 - 02:00:00,SOL,0.24,Long,-0.000417,0.0000125
1/9/2026 - 02:00:00,AVAX,0.83,Long,-0.000144,0.0000125
1/9/2026 - 02:00:00,BNB,0.048,Long,-0.000536,0.0000125
1/9/2026 - 02:00:00,XRP,16,Long,-0.000426,0.0000125
1/9/2026 - 02:00:00,BCH,0.033,Long,-0.00026,0.0000125
1/9/2026 - 02:00:00,YGG,152,Short,0.00013,0.0000125
1/9/2026 - 02:00:00,TRX,140,Long,-0.000516,0.0000125
1/9/2026 - 02:00:00,BANANA,2.9,Short,0.000263,0.0000125
1/9/2026 - 02:00:00,ARK,35,Long,-0.000126,0.0000125
1/9/2026 - 02:00:00,TON,37.8,Long,-0.000875,0.0000125
1/9/2026 - 02:00:00,POLYX,176,Short,-0.002048,-0.0001898673
1/9/2026 - 02:00:00,GMT,1922,Short,-0.000774,-0.0000247639
1/9/2026 - 02:00:00,USTC,2996,Short,-0.000794,-0.0000390744
1/9/2026 - 02:00:00,CAKE,5.1,Long,0.000348,-0.0000351285
1/9/2026 - 02:00:00,ETC,0.83,Long,-0.000131,0.0000125
1/9/2026 - 02:00:00,MAVIA,194,Short,0.000149,0.0000125
1/9/2026 - 02:00:00,STRK,250,Short,-0.000677,-0.0000322349
1/9/2026 - 02:00:00,TNSR,258.3,Short,0.000235,0.0000125
1/9/2026 - 02:00:00,MERL,203,Short,0.000612,0.0000125
1/9/2026 - 02:00:00,EIGEN,27.48,Short,0.000143,0.0000125
1/9/2026 - 02:00:00,REZ,3636,Short,-0.000077,-0.0000040442
1/9/2026 - 02:00:00,TURBO,5084,Short,-0.000043,-0.0000043506
1/9/2026 - 02:00:00,HMSTR,134918,Short,0.000419,0.0000125
1/9/2026 - 02:00:00,XLM,133,Long,-0.000384,0.0000125
1/9/2026 - 02:00:00,ALGO,165,Long,-0.000278,0.0000125
1/9/2026 - 02:00:00,ME,48.6,Short,0.000132,0.0000125
1/9/2026 - 02:00:00,MOVE,1395,Short,0.000637,0.0000125
1/9/2026 - 02:00:00,AIXBT,1051,Short,0.00048,0.0000125
1/9/2026 - 02:00:00,IP,17,Short,-0.005204,-0.0001529313
1/9/2026 - 02:00:00,AVNT,117,Short,-0.011593,-0.0003220411
1/9/2026 - 02:00:00,ZEC,0.06,Short,0.000326,0.0000125
1/9/2026 - 03:00:00,BTC,0.00082,Long,-0.000933,0.0000125
1/9/2026 - 03:00:00,ETH,0.0066,Long,-0.000256,0.0000125
1/9/2026 - 03:00:00,ATOM,27.39,Long,0.000282,-0.0000042238
1/9/2026 - 03:00:00,SOL,0.24,Long,-0.000414,0.0000125
1/9/2026 - 03:00:00,AVAX,0.83,Long,-0.000144,0.0000125
1/9/2026 - 03:00:00,BNB,0.048,Long,-0.000534,0.0000125
1/9/2026 - 03:00:00,XRP,16,Long,-0.000422,0.0000125
1/9/2026 - 03:00:00,BCH,0.033,Long,-0.000263,0.0000125
1/9/2026 - 03:00:00,YGG,152,Short,0.000129,0.0000125
1/9/2026 - 03:00:00,TRX,140,Long,-0.000515,0.0000125
1/9/2026 - 03:00:00,BANANA,2.9,Short,0.000262,0.0000125
1/9/2026 - 03:00:00,ARK,35,Long,-0.000125,0.0000125
1/9/2026 - 03:00:00,TON,37.8,Long,-0.000874,0.0000125
1/9/2026 - 03:00:00,POLYX,176,Short,-0.002699,-0.0002487992
1/9/2026 - 03:00:00,GMT,1922,Short,0.000385,0.0000125
1/9/2026 - 03:00:00,USTC,2996,Short,-0.000195,-0.0000096798
1/9/2026 - 03:00:00,CAKE,5.1,Long,0.000108,-0.0000109356
1/9/2026 - 03:00:00,ETC,0.83,Long,-0.00013,0.0000125
1/9/2026 - 03:00:00,MAVIA,194,Short,0.000147,0.0000125
1/9/2026 - 03:00:00,STRK,250,Short,-0.000763,-0.0000365132
1/9/2026 - 03:00:00,TNSR,258.3,Short,0.000235,0.0000125
1/9/2026 - 03:00:00,MERL,203,Short,0.000613,0.0000125
1/9/2026 - 03:00:00,EIGEN,27.48,Short,0.000142,0.0000125
1/9/2026 - 03:00:00,REZ,3636,Short,-0.000531,-0.0000278501
1/9/2026 - 03:00:00,TURBO,5084,Short,0.000123,0.0000125
1/9/2026 - 03:00:00,HMSTR,134918,Short,0.000418,0.0000125
1/9/2026 - 03:00:00,XLM,133,Long,-0.000381,0.0000125
1/9/2026 - 03:00:00,ALGO,165,Long,-0.000276,0.0000125
1/9/2026 - 03:00:00,ME,48.6,Short,0.00013,0.0000125
1/9/2026 - 03:00:00,MOVE,1395,Short,0.00063,0.0000125
1/9/2026 - 03:00:00,AIXBT,1051,Short,0.000475,0.0000125
1/9/2026 - 03:00:00,IP,17,Short,-0.004512,-0.0001335589
1/9/2026 - 03:00:00,AVNT,117,Short,-0.013011,-0.0003650521
1/9/2026 - 03:00:00,ZEC,0.06,Short,0.00032,0.0000125
1/9/2026 - 04:00:00,BTC,0.00082,Long,-0.000933,0.0000125
1/9/2026 - 04:00:00,ETH,0.0066,Long,-0.000256,0.0000125
1/9/2026 - 04:00:00,ATOM,27.39,Long,0.000217,-0.0000032778
1/9/2026 - 04:00:00,SOL,0.24,Long,-0.000416,0.0000125
1/9/2026 - 04:00:00,AVAX,0.83,Long,-0.000144,0.0000125
1/9/2026 - 04:00:00,BNB,0.048,Long,-0.000535,0.0000125
1/9/2026 - 04:00:00,XRP,16,Long,-0.000423,0.0000125
1/9/2026 - 04:00:00,BCH,0.033,Long,-0.000262,0.0000125
1/9/2026 - 04:00:00,YGG,152,Short,0.000129,0.0000125
1/9/2026 - 04:00:00,TRX,140,Long,-0.000515,0.0000125
1/9/2026 - 04:00:00,BANANA,2.9,Short,0.000263,0.0000125
1/9/2026 - 04:00:00,ARK,35,Long,-0.000126,0.0000125
1/9/2026 - 04:00:00,TON,37.8,Long,-0.000869,0.0000125
1/9/2026 - 04:00:00,POLYX,176,Short,-0.003427,-0.0003126234
1/9/2026 - 04:00:00,GMT,1922,Short,-0.001899,-0.0000612473
1/9/2026 - 04:00:00,USTC,2996,Short,-0.001034,-0.0000508299
1/9/2026 - 04:00:00,CAKE,5.1,Long,-0.000073,0.0000074015
1/9/2026 - 04:00:00,ETC,0.83,Long,-0.00013,0.0000125
1/9/2026 - 04:00:00,MAVIA,194,Short,0.000148,0.0000125
1/9/2026 - 04:00:00,STRK,250,Short,-0.00093,-0.000044497
1/9/2026 - 04:00:00,TNSR,258.3,Short,0.000233,0.0000125
1/9/2026 - 04:00:00,MERL,203,Short,0.000613,0.0000125
1/9/2026 - 04:00:00,EIGEN,27.48,Short,0.000141,0.0000125
1/9/2026 - 04:00:00,REZ,3636,Short,0.000239,0.0000125
1/9/2026 - 04:00:00,TURBO,5084,Short,0.000096,0.000009816
1/9/2026 - 04:00:00,HMSTR,134918,Short,0.000418,0.0000125
1/9/2026 - 04:00:00,XLM,133,Long,-0.000381,0.0000125
1/9/2026 - 04:00:00,ALGO,165,Long,-0.000276,0.0000125
1/9/2026 - 04:00:00,ME,48.6,Short,0.00013,0.0000125
1/9/2026 - 04:00:00,MOVE,1395,Short,0.000632,0.0000125
1/9/2026 - 04:00:00,AIXBT,1051,Short,0.000476,0.0000125
1/9/2026 - 04:00:00,IP,17,Short,-0.005382,-0.0001585938
1/9/2026 - 04:00:00,AVNT,117,Short,-0.012804,-0.0003577595
1/9/2026 - 04:00:00,ZEC,0.06,Short,0.00032,0.0000125
1/9/2026 - 05:00:00,BTC,0.00082,Long,-0.000935,0.0000125
1/9/2026 - 05:00:00,ETH,0.0066,Long,-0.000257,0.0000125
1/9/2026 - 05:00:00,ATOM,27.39,Long,0.001921,-0.0000289628
1/9/2026 - 05:00:00,SOL,0.24,Long,-0.000422,0.0000125
1/9/2026 - 05:00:00,AVAX,0.83,Long,-0.000145,0.0000125
1/9/2026 - 05:00:00,BNB,0.048,Long,-0.000537,0.0000125
1/9/2026 - 05:00:00,XRP,16,Long,-0.000427,0.0000125
1/9/2026 - 05:00:00,BCH,0.033,Long,-0.000264,0.0000125
1/9/2026 - 05:00:00,YGG,152,Short,0.000131,0.0000125
1/9/2026 - 05:00:00,TRX,140,Long,-0.000514,0.0000125
1/9/2026 - 05:00:00,BANANA,2.9,Short,0.000265,0.0000125
1/9/2026 - 05:00:00,ARK,35,Long,-0.000105,0.0000104373
1/9/2026 - 05:00:00,TON,37.8,Long,-0.000867,0.0000125
1/9/2026 - 05:00:00,POLYX,176,Short,-0.001357,-0.0001242227
1/9/2026 - 05:00:00,GMT,1922,Short,-0.00233,-0.0000736181
1/9/2026 - 05:00:00,USTC,2996,Short,-0.00021,-0.0000102192
1/9/2026 - 05:00:00,CAKE,5.1,Long,0.000072,-0.0000072658
1/9/2026 - 05:00:00,ETC,0.83,Long,-0.00011,0.0000104864
1/9/2026 - 05:00:00,MAVIA,194,Short,0.000149,0.0000125
1/9/2026 - 05:00:00,STRK,250,Short,-0.001024,-0.0000486733
1/9/2026 - 05:00:00,TNSR,258.3,Short,0.000236,0.0000125
1/9/2026 - 05:00:00,MERL,203,Short,0.000614,0.0000125
1/9/2026 - 05:00:00,EIGEN,27.48,Short,0.000141,0.0000125
1/9/2026 - 05:00:00,REZ,3636,Short,-0.000395,-0.0000204198
1/9/2026 - 05:00:00,TURBO,5084,Short,0.000034,0.0000034607
1/9/2026 - 05:00:00,HMSTR,134918,Short,0.000419,0.0000125
1/9/2026 - 05:00:00,XLM,133,Long,-0.000385,0.0000125
1/9/2026 - 05:00:00,ALGO,165,Long,-0.000278,0.0000125
1/9/2026 - 05:00:00,ME,48.6,Short,0.000132,0.0000125
1/9/2026 - 05:00:00,MOVE,1395,Short,0.000638,0.0000125
1/9/2026 - 05:00:00,AIXBT,1051,Short,0.000486,0.0000125
1/9/2026 - 05:00:00,IP,17,Short,-0.006105,-0.0001784651
1/9/2026 - 05:00:00,AVNT,117,Short,-0.009216,-0.0002561287
1/9/2026 - 05:00:00,ZEC,0.06,Short,0.000328,0.0000125
1/9/2026 - 06:00:00,BTC,0.00082,Long,-0.000932,0.0000125
1/9/2026 - 06:00:00,ETH,0.0066,Long,-0.000257,0.0000125
1/9/2026 - 06:00:00,ATOM,27.39,Long,0.002354,-0.0000354137
1/9/2026 - 06:00:00,SOL,0.24,Long,-0.000419,0.0000125
1/9/2026 - 06:00:00,AVAX,0.83,Long,-0.000144,0.0000125
1/9/2026 - 06:00:00,BNB,0.048,Long,-0.000537,0.0000125
1/9/2026 - 06:00:00,XRP,16,Long,-0.000425,0.0000125
1/9/2026 - 06:00:00,BCH,0.033,Long,-0.000263,0.0000125
1/9/2026 - 06:00:00,YGG,152,Short,0.00013,0.0000125
1/9/2026 - 06:00:00,TRX,140,Long,-0.000513,0.0000125
1/9/2026 - 06:00:00,BANANA,2.9,Short,0.000265,0.0000125
1/9/2026 - 06:00:00,ARK,35,Long,-0.000036,0.0000036194
1/9/2026 - 06:00:00,TON,37.8,Long,-0.000862,0.0000125
1/9/2026 - 06:00:00,POLYX,176,Short,-0.001393,-0.0001291814
1/9/2026 - 06:00:00,GMT,1922,Short,-0.007332,-0.0002245432
1/9/2026 - 06:00:00,USTC,2996,Short,0.000255,0.0000125
1/9/2026 - 06:00:00,CAKE,5.1,Long,0.000084,-0.0000084784
1/9/2026 - 06:00:00,ETC,0.83,Long,-0.000131,0.0000125
1/9/2026 - 06:00:00,MAVIA,194,Short,0.00015,0.0000125
1/9/2026 - 06:00:00,STRK,250,Short,-0.001311,-0.0000628488
1/9/2026 - 06:00:00,TNSR,258.3,Short,0.000234,0.0000125
1/9/2026 - 06:00:00,MERL,203,Short,0.000619,0.0000125
1/9/2026 - 06:00:00,EIGEN,27.48,Short,0.00014,0.0000125
1/9/2026 - 06:00:00,REZ,3636,Short,-0.000207,-0.000010706
1/9/2026 - 06:00:00,TURBO,5084,Short,0.000123,0.0000125
1/9/2026 - 06:00:00,HMSTR,134918,Short,0.000881,0.0000264427
1/9/2026 - 06:00:00,XLM,133,Long,-0.000383,0.0000125
1/9/2026 - 06:00:00,ALGO,165,Long,-0.000277,0.0000125
1/9/2026 - 06:00:00,ME,48.6,Short,0.000131,0.0000125
1/9/2026 - 06:00:00,MOVE,1395,Short,0.000633,0.0000125
1/9/2026 - 06:00:00,AIXBT,1051,Short,0.000484,0.0000125
1/9/2026 - 06:00:00,IP,17,Short,-0.003329,-0.0000981248
1/9/2026 - 06:00:00,AVNT,117,Short,-0.006685,-0.000185771
1/9/2026 - 06:00:00,ZEC,0.06,Short,0.000324,0.0000125
1/9/2026 - 07:00:00,BTC,0.00082,Long,-0.000933,0.0000125
1/9/2026 - 07:00:00,ETH,0.0066,Long,-0.000257,0.0000125
1/9/2026 - 07:00:00,ATOM,27.39,Long,0.001379,-0.0000206343
1/9/2026 - 07:00:00,SOL,0.24,Long,-0.000419,0.0000125
1/9/2026 - 07:00:00,AVAX,0.83,Long,-0.000145,0.0000125
1/9/2026 - 07:00:00,BNB,0.048,Long,-0.000538,0.0000125
1/9/2026 - 07:00:00,XRP,16,Long,-0.000427,0.0000125
1/9/2026 - 07:00:00,BCH,0.033,Long,-0.000262,0.0000125
1/9/2026 - 07:00:00,YGG,152,Short,0.00013,0.0000125
1/9/2026 - 07:00:00,TRX,140,Long,-0.000514,0.0000125
1/9/2026 - 07:00:00,BANANA,2.9,Short,0.000266,0.0000125
1/9/2026 - 07:00:00,ARK,35,Long,-0.000126,0.0000125
1/9/2026 - 07:00:00,TON,37.8,Long,-0.000855,0.0000125
1/9/2026 - 07:00:00,POLYX,176,Short,-0.000388,-0.000035969
1/9/2026 - 07:00:00,GMT,1922,Short,-0.017986,-0.0005466186
1/9/2026 - 07:00:00,USTC,2996,Short,0.000093,0.0000045517
1/9/2026 - 07:00:00,CAKE,5.1,Long,0.000126,-0.0000126552
1/9/2026 - 07:00:00,ETC,0.83,Long,-0.000131,0.0000125
1/9/2026 - 07:00:00,MAVIA,194,Short,0.00015,0.0000125
1/9/2026 - 07:00:00,STRK,250,Short,-0.001353,-0.0000647415
1/9/2026 - 07:00:00,TNSR,258.3,Short,0.000235,0.0000125
1/9/2026 - 07:00:00,MERL,203,Short,0.000616,0.0000125
1/9/2026 - 07:00:00,EIGEN,27.48,Short,0.00014,0.0000125
1/9/2026 - 07:00:00,REZ,3636,Short,-0.000439,-0.0000226741
1/9/2026 - 07:00:00,TURBO,5084,Short,0.000102,0.0000102866
1/9/2026 - 07:00:00,HMSTR,134918,Short,0.000416,0.0000125
1/9/2026 - 07:00:00,XLM,133,Long,-0.000385,0.0000125
1/9/2026 - 07:00:00,ALGO,165,Long,-0.000279,0.0000125
1/9/2026 - 07:00:00,ME,48.6,Short,0.000131,0.0000125
1/9/2026 - 07:00:00,MOVE,1395,Short,0.000639,0.0000125
1/9/2026 - 07:00:00,AIXBT,1051,Short,0.000486,0.0000125
1/9/2026 - 07:00:00,IP,17,Short,-0.006487,-0.0001900015
1/9/2026 - 07:00:00,AVNT,117,Short,-0.006713,-0.0001864567
1/9/2026 - 07:00:00,ZEC,0.06,Short,0.000326,0.0000125
1/9/2026 - 08:00:00,BTC,0.00082,Long,-0.000934,0.0000125
1/9/2026 - 08:00:00,ETH,0.0066,Long,-0.000257,0.0000125
1/9/2026 - 08:00:00,ATOM,27.39,Long,0.001311,-0.0000194581
1/9/2026 - 08:00:00,SOL,0.24,Long,-0.000422,0.0000125
1/9/2026 - 08:00:00,AVAX,0.83,Long,-0.000145,0.0000125
1/9/2026 - 08:00:00,BNB,0.048,Long,-0.000537,0.0000125
1/9/2026 - 08:00:00,XRP,16,Long,-0.000428,0.0000125
1/9/2026 - 08:00:00,BCH,0.033,Long,-0.000263,0.0000125
1/9/2026 - 08:00:00,YGG,152,Short,0.00013,0.0000125
1/9/2026 - 08:00:00,TRX,140,Long,-0.000514,0.0000125
1/9/2026 - 08:00:00,BANANA,2.9,Short,0.000267,0.0000125
1/9/2026 - 08:00:00,ARK,35,Long,-0.000127,0.0000125
1/9/2026 - 08:00:00,TON,37.8,Long,-0.000853,0.0000125
1/9/2026 - 08:00:00,POLYX,176,Short,-0.001014,-0.0000934635
1/9/2026 - 08:00:00,GMT,1922,Short,-0.016104,-0.0004887096
1/9/2026 - 08:00:00,USTC,2996,Short,-0.000221,-0.0000107417
1/9/2026 - 08:00:00,CAKE,5.1,Long,0.000162,-0.0000163091
1/9/2026 - 08:00:00,ETC,0.83,Long,-0.000132,0.0000125
1/9/2026 - 08:00:00,MAVIA,194,Short,0.000153,0.0000125
1/9/2026 - 08:00:00,STRK,250,Short,-0.000867,-0.0000413323
1/9/2026 - 08:00:00,TNSR,258.3,Short,0.000236,0.0000125
1/9/2026 - 08:00:00,MERL,203,Short,0.000617,0.0000125
1/9/2026 - 08:00:00,EIGEN,27.48,Short,0.000141,0.0000125
1/9/2026 - 08:00:00,REZ,3636,Short,-0.001845,-0.0000955692
1/9/2026 - 08:00:00,TURBO,5084,Short,0.000118,0.0000118957
1/9/2026 - 08:00:00,HMSTR,134918,Short,0.000414,0.0000125
1/9/2026 - 08:00:00,XLM,133,Long,-0.000387,0.0000125
1/9/2026 - 08:00:00,ALGO,165,Long,-0.00028,0.0000125
1/9/2026 - 08:00:00,ME,48.6,Short,0.000132,0.0000125
1/9/2026 - 08:00:00,MOVE,1395,Short,0.000636,0.0000125
1/9/2026 - 08:00:00,AIXBT,1051,Short,0.000486,0.0000125
1/9/2026 - 08:00:00,IP,17,Short,-0.004334,-0.0001271711
1/9/2026 - 08:00:00,AVNT,117,Short,-0.004745,-0.0001308319
1/9/2026 - 08:00:00,ZEC,0.06,Short,0.000332,0.0000125
1/9/2026 - 09:00:00,BTC,0.00082,Long,-0.00093,0.0000125
1/9/2026 - 09:00:00,ETH,0.0066,Long,-0.000256,0.0000125
1/9/2026 - 09:00:00,ATOM,27.39,Long,-0.000024,3.734e-7
1/9/2026 - 09:00:00,SOL,0.24,Long,-0.000418,0.0000125
1/9/2026 - 09:00:00,AVAX,0.83,Long,-0.000144,0.0000125
1/9/2026 - 09:00:00,BNB,0.048,Long,-0.000536,0.0000125
1/9/2026 - 09:00:00,XRP,16,Long,-0.000424,0.0000125
1/9/2026 - 09:00:00,BCH,0.033,Long,-0.00026,0.0000125
1/9/2026 - 09:00:00,YGG,152,Short,0.00013,0.0000125
1/9/2026 - 09:00:00,TRX,140,Long,-0.000513,0.0000125
1/9/2026 - 09:00:00,BANANA,2.9,Short,0.000265,0.0000125
1/9/2026 - 09:00:00,ARK,35,Long,-0.000126,0.0000125
1/9/2026 - 09:00:00,TON,37.8,Long,-0.000847,0.0000125
1/9/2026 - 09:00:00,POLYX,176,Short,-0.001238,-0.0001140793
1/9/2026 - 09:00:00,GMT,1922,Short,-0.01129,-0.0003419956
1/9/2026 - 09:00:00,USTC,2996,Short,0.000235,0.0000115658
1/9/2026 - 09:00:00,CAKE,5.1,Long,0.00011,-0.0000111007
1/9/2026 - 09:00:00,ETC,0.83,Long,-0.000131,0.0000125
1/9/2026 - 09:00:00,MAVIA,194,Short,0.00015,0.0000125
1/9/2026 - 09:00:00,STRK,250,Short,-0.000556,-0.00002657
1/9/2026 - 09:00:00,TNSR,258.3,Short,0.000242,0.0000125
1/9/2026 - 09:00:00,MERL,203,Short,0.000616,0.0000125
1/9/2026 - 09:00:00,EIGEN,27.48,Short,0.000141,0.0000125
1/9/2026 - 09:00:00,REZ,3636,Short,-0.000927,-0.0000480412
1/9/2026 - 09:00:00,TURBO,5084,Short,0.000066,0.0000066396
1/9/2026 - 09:00:00,HMSTR,134918,Short,0.000414,0.0000125
1/9/2026 - 09:00:00,XLM,133,Long,-0.000383,0.0000125
1/9/2026 - 09:00:00,ALGO,165,Long,-0.000278,0.0000125
1/9/2026 - 09:00:00,ME,48.6,Short,0.000131,0.0000125
1/9/2026 - 09:00:00,MOVE,1395,Short,0.000635,0.0000125
1/9/2026 - 09:00:00,AIXBT,1051,Short,0.000485,0.0000125
1/9/2026 - 09:00:00,IP,17,Short,-0.006398,-0.0001881579
1/9/2026 - 09:00:00,AVNT,117,Short,-0.005381,-0.0001486572
1/9/2026 - 09:00:00,ZEC,0.06,Short,0.000331,0.0000125
1/9/2026 - 10:00:00,BTC,0.00082,Long,-0.000922,0.0000125
1/9/2026 - 10:00:00,ETH,0.0066,Long,-0.000254,0.0000125
1/9/2026 - 10:00:00,ATOM,27.39,Long,0.000545,-0.0000081443
1/9/2026 - 10:00:00,SOL,0.24,Long,-0.000413,0.0000125
1/9/2026 - 10:00:00,AVAX,0.83,Long,-0.000142,0.0000125
1/9/2026 - 10:00:00,BNB,0.048,Long,-0.000533,0.0000125
1/9/2026 - 10:00:00,XRP,16,Long,-0.000416,0.0000125
1/9/2026 - 10:00:00,BCH,0.033,Long,-0.00026,0.0000125
1/9/2026 - 10:00:00,YGG,152,Short,0.000128,0.0000125
1/9/2026 - 10:00:00,TRX,140,Long,-0.000512,0.0000125
1/9/2026 - 10:00:00,BANANA,2.9,Short,0.000262,0.0000125
1/9/2026 - 10:00:00,ARK,35,Long,-0.000124,0.0000125
1/9/2026 - 10:00:00,TON,37.8,Long,-0.000839,0.0000125
1/9/2026 - 10:00:00,POLYX,176,Short,-0.000132,-0.0000123662
1/9/2026 - 10:00:00,GMT,1922,Short,-0.00583,-0.0001784486
1/9/2026 - 10:00:00,USTC,2996,Short,0.000251,0.0000125
1/9/2026 - 10:00:00,CAKE,5.1,Long,0.000253,-0.0000257155
1/9/2026 - 10:00:00,ETC,0.83,Long,-0.00013,0.0000125
1/9/2026 - 10:00:00,MAVIA,194,Short,0.000148,0.0000125
1/9/2026 - 10:00:00,STRK,250,Short,-0.000652,-0.0000315189
1/9/2026 - 10:00:00,TNSR,258.3,Short,-0.000867,-0.0000454682
1/9/2026 - 10:00:00,MERL,203,Short,0.000616,0.0000125
1/9/2026 - 10:00:00,EIGEN,27.48,Short,0.000138,0.0000125
1/9/2026 - 10:00:00,REZ,3636,Short,-0.000807,-0.0000424466
1/9/2026 - 10:00:00,TURBO,5084,Short,0.000122,0.0000125
1/9/2026 - 10:00:00,HMSTR,134918,Short,0.000409,0.0000125
1/9/2026 - 10:00:00,XLM,133,Long,-0.000378,0.0000125
1/9/2026 - 10:00:00,ALGO,165,Long,-0.000274,0.0000125
1/9/2026 - 10:00:00,ME,48.6,Short,0.000129,0.0000125
1/9/2026 - 10:00:00,MOVE,1395,Short,0.000626,0.0000125
1/9/2026 - 10:00:00,AIXBT,1051,Short,0.00048,0.0000125
1/9/2026 - 10:00:00,IP,17,Short,-0.00687,-0.0002033502
1/9/2026 - 10:00:00,AVNT,117,Short,-0.007428,-0.0002074512
1/9/2026 - 10:00:00,ZEC,0.06,Short,0.000325,0.0000125
1/9/2026 - 11:00:00,BTC,0.00082,Long,-0.000925,0.0000125
1/9/2026 - 11:00:00,ETH,0.0066,Long,-0.000255,0.0000125
1/9/2026 - 11:00:00,ATOM,27.39,Long,0.002005,-0.0000297245
1/9/2026 - 11:00:00,SOL,0.24,Long,-0.000415,0.0000125
1/9/2026 - 11:00:00,AVAX,0.83,Long,-0.000142,0.0000125
1/9/2026 - 11:00:00,BNB,0.048,Long,-0.000533,0.0000125
1/9/2026 - 11:00:00,XRP,16,Long,-0.000419,0.0000125
1/9/2026 - 11:00:00,BCH,0.033,Long,-0.00026,0.0000125
1/9/2026 - 11:00:00,YGG,152,Short,0.000129,0.0000125
1/9/2026 - 11:00:00,TRX,140,Long,-0.000511,0.0000125
1/9/2026 - 11:00:00,BANANA,2.9,Short,0.000263,0.0000125
1/9/2026 - 11:00:00,ARK,35,Long,-0.000125,0.0000125
1/9/2026 - 11:00:00,TON,37.8,Long,-0.000834,0.0000125
1/9/2026 - 11:00:00,POLYX,176,Short,0.000133,0.0000125
1/9/2026 - 11:00:00,GMT,1922,Short,-0.012363,-0.0003680071
1/9/2026 - 11:00:00,USTC,2996,Short,0.000018,9.169e-7
1/9/2026 - 11:00:00,CAKE,5.1,Long,0.000541,-0.000054797
1/9/2026 - 11:00:00,ETC,0.83,Long,0.000014,-0.0000013629
1/9/2026 - 11:00:00,MAVIA,194,Short,0.000236,0.0000200859
1/9/2026 - 11:00:00,STRK,250,Short,-0.001199,-0.000057891
1/9/2026 - 11:00:00,TNSR,258.3,Short,0.000122,0.0000063937
1/9/2026 - 11:00:00,MERL,203,Short,0.000609,0.0000125
1/9/2026 - 11:00:00,EIGEN,27.48,Short,0.000139,0.0000125
1/9/2026 - 11:00:00,REZ,3636,Short,-0.000258,-0.0000135157
1/9/2026 - 11:00:00,TURBO,5084,Short,0.000123,0.0000125
1/9/2026 - 11:00:00,HMSTR,134918,Short,0.000411,0.0000125
1/9/2026 - 11:00:00,XLM,133,Long,-0.000379,0.0000125
1/9/2026 - 11:00:00,ALGO,165,Long,-0.000275,0.0000125
1/9/2026 - 11:00:00,ME,48.6,Short,0.00013,0.0000125
1/9/2026 - 11:00:00,MOVE,1395,Short,0.00062,0.0000125
1/9/2026 - 11:00:00,AIXBT,1051,Short,0.000487,0.0000125
1/9/2026 - 11:00:00,IP,17,Short,-0.00478,-0.0001410709
1/9/2026 - 11:00:00,AVNT,117,Short,-0.003815,-0.0001067733
1/9/2026 - 11:00:00,ZEC,0.06,Short,0.000323,0.0000125
1/9/2026 - 12:00:00,BTC,0.00082,Long,-0.000927,0.0000125
1/9/2026 - 12:00:00,ETH,0.0066,Long,-0.000255,0.0000125
1/9/2026 - 12:00:00,ATOM,27.39,Long,0.001845,-0.0000273997
1/9/2026 - 12:00:00,SOL,0.24,Long,-0.000416,0.0000125
1/9/2026 - 12:00:00,AVAX,0.83,Long,-0.000143,0.0000125
1/9/2026 - 12:00:00,BNB,0.048,Long,-0.000534,0.0000125
1/9/2026 - 12:00:00,XRP,16,Long,-0.00042,0.0000125
1/9/2026 - 12:00:00,BCH,0.033,Long,-0.000261,0.0000125
1/9/2026 - 12:00:00,YGG,152,Short,0.000129,0.0000125
1/9/2026 - 12:00:00,TRX,140,Long,-0.000512,0.0000125
1/9/2026 - 12:00:00,BANANA,2.9,Short,0.000263,0.0000125
1/9/2026 - 12:00:00,ARK,35,Long,-0.000125,0.0000125
1/9/2026 - 12:00:00,TON,37.8,Long,-0.000838,0.0000125
1/9/2026 - 12:00:00,POLYX,176,Short,0.000133,0.0000125
1/9/2026 - 12:00:00,GMT,1922,Short,-0.058058,-0.0016634111
1/9/2026 - 12:00:00,USTC,2996,Short,-0.001914,-0.0000939936
1/9/2026 - 12:00:00,CAKE,5.1,Long,0.000525,-0.0000528835
1/9/2026 - 12:00:00,ETC,0.83,Long,0.000114,-0.0000109548
1/9/2026 - 12:00:00,MAVIA,194,Short,0.000149,0.0000125
1/9/2026 - 12:00:00,STRK,250,Short,-0.000989,-0.0000478242
1/9/2026 - 12:00:00,TNSR,258.3,Short,0.000238,0.0000125
1/9/2026 - 12:00:00,MERL,203,Short,0.000616,0.0000125
1/9/2026 - 12:00:00,EIGEN,27.48,Short,0.00014,0.0000125
1/9/2026 - 12:00:00,REZ,3636,Short,-0.000589,-0.0000308742
1/9/2026 - 12:00:00,TURBO,5084,Short,0.000123,0.0000125
1/9/2026 - 12:00:00,HMSTR,134918,Short,0.001535,0.0000464388
1/9/2026 - 12:00:00,XLM,133,Long,-0.000226,0.0000074543
1/9/2026 - 12:00:00,ALGO,165,Long,-0.000275,0.0000125
1/9/2026 - 12:00:00,ME,48.6,Short,0.00013,0.0000125
1/9/2026 - 12:00:00,MOVE,1395,Short,0.000605,0.0000125
1/9/2026 - 12:00:00,AIXBT,1051,Short,0.000487,0.0000125
1/9/2026 - 12:00:00,IP,17,Short,-0.006171,-0.0001812892
1/9/2026 - 12:00:00,AVNT,117,Short,-0.003636,-0.0001020674
1/9/2026 - 12:00:00,ZEC,0.06,Short,0.000324,0.0000125
1/9/2026 - 13:00:00,BTC,0.00082,Long,-0.000927,0.0000125
1/9/2026 - 13:00:00,ETH,0.0066,Long,-0.000254,0.0000125
1/9/2026 - 13:00:00,ATOM,27.39,Long,0.002059,-0.0000304488
1/9/2026 - 13:00:00,SOL,0.24,Long,-0.000414,0.0000125
1/9/2026 - 13:00:00,AVAX,0.83,Long,-0.000142,0.0000125
1/9/2026 - 13:00:00,BNB,0.048,Long,-0.000533,0.0000125
1/9/2026 - 13:00:00,XRP,16,Long,-0.00042,0.0000125
1/9/2026 - 13:00:00,BCH,0.033,Long,-0.00026,0.0000125
1/9/2026 - 13:00:00,YGG,152,Short,0.000129,0.0000125
1/9/2026 - 13:00:00,TRX,140,Long,-0.000513,0.0000125
1/9/2026 - 13:00:00,BANANA,2.9,Short,0.000263,0.0000125
1/9/2026 - 13:00:00,ARK,35,Long,-0.000125,0.0000125
1/9/2026 - 13:00:00,TON,37.8,Long,-0.000833,0.0000125
1/9/2026 - 13:00:00,POLYX,176,Short,-0.000883,-0.0000821252
1/9/2026 - 13:00:00,GMT,1922,Short,-0.112846,-0.0030694712
1/9/2026 - 13:00:00,USTC,2996,Short,-0.001258,-0.000060978
1/9/2026 - 13:00:00,CAKE,5.1,Long,0.000109,-0.0000110689
1/9/2026 - 13:00:00,ETC,0.83,Long,0.000068,-0.0000065836
1/9/2026 - 13:00:00,MAVIA,194,Short,0.000424,0.0000354581
1/9/2026 - 13:00:00,STRK,250,Short,-0.001136,-0.000055079
1/9/2026 - 13:00:00,TNSR,258.3,Short,0.000235,0.0000125
1/9/2026 - 13:00:00,MERL,203,Short,0.000613,0.0000125
1/9/2026 - 13:00:00,EIGEN,27.48,Short,0.000139,0.0000125
1/9/2026 - 13:00:00,REZ,3636,Short,-0.000871,-0.0000457596
1/9/2026 - 13:00:00,TURBO,5084,Short,-0.000034,-0.000003525
1/9/2026 - 13:00:00,HMSTR,134918,Short,0.00094,0.0000285747
1/9/2026 - 13:00:00,XLM,133,Long,-0.000262,0.0000086496
1/9/2026 - 13:00:00,ALGO,165,Long,-0.000275,0.0000125
1/9/2026 - 13:00:00,ME,48.6,Short,0.000129,0.0000125
1/9/2026 - 13:00:00,MOVE,1395,Short,0.000606,0.0000125
1/9/2026 - 13:00:00,AIXBT,1051,Short,0.000488,0.0000125
1/9/2026 - 13:00:00,IP,17,Short,-0.005494,-0.0001607285
1/9/2026 - 13:00:00,AVNT,117,Short,-0.003261,-0.0000908148
1/9/2026 - 13:00:00,ZEC,0.06,Short,0.000328,0.0000125
1/9/2026 - 14:00:00,BTC,0.00082,Long,-0.000927,0.0000125
1/9/2026 - 14:00:00,ETH,0.0066,Long,-0.000254,0.0000125
1/9/2026 - 14:00:00,ATOM,27.39,Long,0.000383,-0.0000056512
1/9/2026 - 14:00:00,SOL,0.24,Long,-0.000413,0.0000125
1/9/2026 - 14:00:00,AVAX,0.83,Long,-0.000142,0.0000125
1/9/2026 - 14:00:00,BNB,0.048,Long,-0.000425,0.000009975
1/9/2026 - 14:00:00,XRP,16,Long,-0.000419,0.0000125
1/9/2026 - 14:00:00,BCH,0.033,Long,-0.00026,0.0000125
1/9/2026 - 14:00:00,YGG,152,Short,0.000129,0.0000125
1/9/2026 - 14:00:00,TRX,140,Long,-0.000514,0.0000125
1/9/2026 - 14:00:00,BANANA,2.9,Short,0.000263,0.0000125
1/9/2026 - 14:00:00,ARK,35,Long,-0.000125,0.0000125
1/9/2026 - 14:00:00,TON,37.8,Long,-0.000821,0.0000125
1/9/2026 - 14:00:00,POLYX,176,Short,-0.000241,-0.000022564
1/9/2026 - 14:00:00,GMT,1922,Short,-0.222429,-0.0053927405
1/9/2026 - 14:00:00,USTC,2996,Short,-0.000357,-0.0000172709
1/9/2026 - 14:00:00,CAKE,5.1,Long,0.000271,-0.0000273222
1/9/2026 - 14:00:00,ETC,0.83,Long,0.000015,-0.0000014744
1/9/2026 - 14:00:00,MAVIA,194,Short,0.000149,0.0000125
1/9/2026 - 14:00:00,STRK,250,Short,-0.000133,-0.000006478
1/9/2026 - 14:00:00,TNSR,258.3,Short,0.000233,0.0000125
1/9/2026 - 14:00:00,MERL,203,Short,0.00061,0.0000125
1/9/2026 - 14:00:00,EIGEN,27.48,Short,-0.001786,-0.000161356
1/9/2026 - 14:00:00,REZ,3636,Short,-0.000494,-0.000025749
1/9/2026 - 14:00:00,TURBO,5084,Short,0.000026,0.0000027104
1/9/2026 - 14:00:00,HMSTR,134918,Short,0.000602,0.0000183925
1/9/2026 - 14:00:00,XLM,133,Long,-0.000261,0.0000086698
1/9/2026 - 14:00:00,ALGO,165,Long,-0.000273,0.0000125
1/9/2026 - 14:00:00,ME,48.6,Short,0.000129,0.0000125
1/9/2026 - 14:00:00,MOVE,1395,Short,0.000607,0.0000125
1/9/2026 - 14:00:00,AIXBT,1051,Short,0.000485,0.0000125
1/9/2026 - 14:00:00,IP,17,Short,-0.006294,-0.0001844403
1/9/2026 - 14:00:00,AVNT,117,Short,-0.003987,-0.0001122016
1/9/2026 - 14:00:00,ZEC,0.06,Short,0.00027,0.0000103703
1/9/2026 - 15:00:00,BTC,0.00082,Long,-0.000928,0.0000125
1/9/2026 - 15:00:00,ETH,0.0066,Long,-0.000255,0.0000125
1/9/2026 - 15:00:00,ATOM,27.39,Long,0.00299,-0.0000436338
1/9/2026 - 15:00:00,SOL,0.24,Long,-0.000415,0.0000125
1/9/2026 - 15:00:00,AVAX,0.83,Long,-0.000143,0.0000125
1/9/2026 - 15:00:00,BNB,0.048,Long,-0.000534,0.0000125
1/9/2026 - 15:00:00,XRP,16,Long,-0.000421,0.0000125
1/9/2026 - 15:00:00,BCH,0.033,Long,-0.00026,0.0000125
1/9/2026 - 15:00:00,YGG,152,Short,0.00013,0.0000125
1/9/2026 - 15:00:00,TRX,140,Long,-0.000516,0.0000125
1/9/2026 - 15:00:00,BANANA,2.9,Short,0.000265,0.0000125
1/9/2026 - 15:00:00,ARK,35,Long,-0.000126,0.0000125
1/9/2026 - 15:00:00,TON,37.8,Long,-0.000829,0.0000125
1/9/2026 - 15:00:00,POLYX,176,Short,-0.00092,-0.0000853163
1/9/2026 - 15:00:00,GMT,1922,Short,-0.130582,-0.0035422837
1/9/2026 - 15:00:00,USTC,2996,Short,-0.001007,-0.0000483528
1/9/2026 - 15:00:00,CAKE,5.1,Long,-0.000102,0.0000103129
1/9/2026 - 15:00:00,ETC,0.83,Long,0.000091,-0.0000086854
1/9/2026 - 15:00:00,MAVIA,194,Short,0.00015,0.0000125
1/9/2026 - 15:00:00,STRK,250,Short,-0.000429,-0.0000207629
1/9/2026 - 15:00:00,TNSR,258.3,Short,0.000214,0.0000114356
1/9/2026 - 15:00:00,MERL,203,Short,0.000611,0.0000125
1/9/2026 - 15:00:00,EIGEN,27.48,Short,-0.000428,-0.0000381955
1/9/2026 - 15:00:00,REZ,3636,Short,-0.00032,-0.0000166951
1/9/2026 - 15:00:00,TURBO,5084,Short,0.000115,0.0000116259
1/9/2026 - 15:00:00,HMSTR,134918,Short,0.000409,0.0000125
1/9/2026 - 15:00:00,XLM,133,Long,-0.00015,0.000004934
1/9/2026 - 15:00:00,ALGO,165,Long,-0.000277,0.0000125
1/9/2026 - 15:00:00,ME,48.6,Short,0.00013,0.0000125
1/9/2026 - 15:00:00,MOVE,1395,Short,-0.000109,-0.0000022271
1/9/2026 - 15:00:00,AIXBT,1051,Short,0.000491,0.0000125
1/9/2026 - 15:00:00,IP,17,Short,-0.006085,-0.0001775827
1/9/2026 - 15:00:00,AVNT,117,Short,-0.003821,-0.0001073395
1/9/2026 - 15:00:00,ZEC,0.06,Short,0.000088,0.0000034085
1/9/2026 - 16:00:00,BTC,0.00082,Long,-0.000924,0.0000125
1/9/2026 - 16:00:00,ETH,0.0066,Long,-0.000253,0.0000125
1/9/2026 - 16:00:00,ATOM,27.39,Long,0.001814,-0.0000267759
1/9/2026 - 16:00:00,SOL,0.24,Long,-0.00041,0.0000125
1/9/2026 - 16:00:00,AVAX,0.83,Long,-0.000142,0.0000125
1/9/2026 - 16:00:00,BNB,0.048,Long,-0.000532,0.0000125
1/9/2026 - 16:00:00,XRP,16,Long,-0.000418,0.0000125
1/9/2026 - 16:00:00,BCH,0.033,Long,-0.000259,0.0000125
1/9/2026 - 16:00:00,YGG,152,Short,0.000128,0.0000125
1/9/2026 - 16:00:00,TRX,140,Long,-0.000517,0.0000125
1/9/2026 - 16:00:00,BANANA,2.9,Short,0.000261,0.0000125
1/9/2026 - 16:00:00,ARK,35,Long,-0.000124,0.0000125
1/9/2026 - 16:00:00,TON,37.8,Long,-0.00083,0.0000125
1/9/2026 - 16:00:00,POLYX,176,Short,-0.000036,-0.0000034505
1/9/2026 - 16:00:00,GMT,1922,Short,-0.087076,-0.0022241201
1/9/2026 - 16:00:00,USTC,2996,Short,-0.000189,-0.0000091795
1/9/2026 - 16:00:00,CAKE,5.1,Long,-0.000099,0.0000100586
1/9/2026 - 16:00:00,ETC,0.83,Long,-0.00013,0.0000125
1/9/2026 - 16:00:00,MAVIA,194,Short,0.000148,0.0000125
1/9/2026 - 16:00:00,STRK,250,Short,-0.00084,-0.0000408275
1/9/2026 - 16:00:00,TNSR,258.3,Short,-0.000039,-0.0000021303
1/9/2026 - 16:00:00,MERL,203,Short,0.000613,0.0000125
1/9/2026 - 16:00:00,EIGEN,27.48,Short,0.000042,0.0000038455
1/9/2026 - 16:00:00,REZ,3636,Short,-0.000389,-0.0000204456
1/9/2026 - 16:00:00,TURBO,5084,Short,0.000039,0.0000039895
1/9/2026 - 16:00:00,HMSTR,134918,Short,0.000408,0.0000125
1/9/2026 - 16:00:00,XLM,133,Long,-0.000376,0.0000125
1/9/2026 - 16:00:00,ALGO,165,Long,-0.000273,0.0000125
1/9/2026 - 16:00:00,ME,48.6,Short,0.000129,0.0000125
1/9/2026 - 16:00:00,MOVE,1395,Short,0.000608,0.0000125
1/9/2026 - 16:00:00,AIXBT,1051,Short,0.000487,0.0000125
1/9/2026 - 16:00:00,IP,17,Short,-0.006855,-0.0002022865
1/9/2026 - 16:00:00,AVNT,117,Short,-0.005294,-0.0001485318
1/9/2026 - 16:00:00,ZEC,0.06,Short,-0.000779,-0.0000305263
1/9/2026 - 17:00:00,BTC,0.00082,Long,-0.000934,0.0000125
1/9/2026 - 17:00:00,ETH,0.0066,Long,-0.000256,0.0000125
1/9/2026 - 17:00:00,ATOM,27.39,Long,0.00053,-0.0000077378
1/9/2026 - 17:00:00,SOL,0.24,Long,-0.000416,0.0000125
1/9/2026 - 17:00:00,AVAX,0.83,Long,-0.000144,0.0000125
1/9/2026 - 17:00:00,BNB,0.048,Long,-0.000536,0.0000125
1/9/2026 - 17:00:00,XRP,16,Long,-0.000423,0.0000125
1/9/2026 - 17:00:00,BCH,0.033,Long,-0.000262,0.0000125
1/9/2026 - 17:00:00,YGG,152,Short,0.00013,0.0000125
1/9/2026 - 17:00:00,TRX,140,Long,-0.000518,0.0000125
1/9/2026 - 17:00:00,BANANA,2.9,Short,0.000265,0.0000125
1/9/2026 - 17:00:00,ARK,35,Long,-0.000126,0.0000125
1/9/2026 - 17:00:00,TON,37.8,Long,-0.000836,0.0000125
1/9/2026 - 17:00:00,POLYX,176,Short,-0.00014,-0.00001299
1/9/2026 - 17:00:00,GMT,1922,Short,-0.042882,-0.0011173605
1/9/2026 - 17:00:00,USTC,2996,Short,-0.001296,-0.0000622005
1/9/2026 - 17:00:00,CAKE,5.1,Long,-0.000088,0.0000088309
1/9/2026 - 17:00:00,ETC,0.83,Long,-0.000132,0.0000125
1/9/2026 - 17:00:00,MAVIA,194,Short,0.000151,0.0000125
1/9/2026 - 17:00:00,STRK,250,Short,-0.001215,-0.000058477
1/9/2026 - 17:00:00,TNSR,258.3,Short,-0.000113,-0.0000060371
1/9/2026 - 17:00:00,MERL,203,Short,0.000621,0.0000125
1/9/2026 - 17:00:00,EIGEN,27.48,Short,-0.000076,-0.0000067651
1/9/2026 - 17:00:00,REZ,3636,Short,0.000239,0.0000125
1/9/2026 - 17:00:00,TURBO,5084,Short,-0.000087,-0.0000087073
1/9/2026 - 17:00:00,HMSTR,134918,Short,0.000409,0.0000125
1/9/2026 - 17:00:00,XLM,133,Long,-0.000381,0.0000125
1/9/2026 - 17:00:00,ALGO,165,Long,-0.00028,0.0000125
1/9/2026 - 17:00:00,ME,48.6,Short,0.00013,0.0000125
1/9/2026 - 17:00:00,MOVE,1395,Short,0.000611,0.0000125
1/9/2026 - 17:00:00,AIXBT,1051,Short,0.000496,0.0000125
1/9/2026 - 17:00:00,IP,17,Short,-0.00821,-0.0002398992
1/9/2026 - 17:00:00,AVNT,117,Short,-0.006691,-0.0001855714
1/9/2026 - 17:00:00,ZEC,0.06,Short,-0.00037,-0.0000143414
1/9/2026 - 18:00:00,BTC,0.00082,Long,-0.000939,0.0000125
1/9/2026 - 18:00:00,ETH,0.0066,Long,-0.000258,0.0000125
1/9/2026 - 18:00:00,ATOM,27.39,Long,-0.000123,0.0000017615
1/9/2026 - 18:00:00,SOL,0.24,Long,-0.000419,0.0000125
1/9/2026 - 18:00:00,AVAX,0.83,Long,-0.000146,0.0000125
1/9/2026 - 18:00:00,BNB,0.048,Long,-0.000539,0.0000125
1/9/2026 - 18:00:00,XRP,16,Long,-0.000426,0.0000125
1/9/2026 - 18:00:00,BCH,0.033,Long,-0.000262,0.0000125
1/9/2026 - 18:00:00,YGG,152,Short,0.000131,0.0000125
1/9/2026 - 18:00:00,TRX,140,Long,-0.00052,0.0000125
1/9/2026 - 18:00:00,BANANA,2.9,Short,0.000266,0.0000125
1/9/2026 - 18:00:00,ARK,35,Long,-0.000127,0.0000125
1/9/2026 - 18:00:00,TON,37.8,Long,-0.000838,0.0000125
1/9/2026 - 18:00:00,POLYX,176,Short,-0.000238,-0.0000219022
1/9/2026 - 18:00:00,GMT,1922,Short,-0.047311,-0.0012608648
1/9/2026 - 18:00:00,USTC,2996,Short,0.000024,0.0000011769
1/9/2026 - 18:00:00,CAKE,5.1,Long,-0.000125,0.0000125
1/9/2026 - 18:00:00,ETC,0.83,Long,-0.000133,0.0000125
1/9/2026 - 18:00:00,MAVIA,194,Short,0.000153,0.0000125
1/9/2026 - 18:00:00,STRK,250,Short,-0.001552,-0.0000739065
1/9/2026 - 18:00:00,TNSR,258.3,Short,-0.0008,-0.000042531
1/9/2026 - 18:00:00,MERL,203,Short,0.000624,0.0000125
1/9/2026 - 18:00:00,EIGEN,27.48,Short,0.000144,0.0000125
1/9/2026 - 18:00:00,REZ,3636,Short,-0.000147,-0.0000076698
1/9/2026 - 18:00:00,TURBO,5084,Short,-0.000087,-0.0000085841
1/9/2026 - 18:00:00,HMSTR,134918,Short,0.000414,0.0000125
1/9/2026 - 18:00:00,XLM,133,Long,-0.000385,0.0000125
1/9/2026 - 18:00:00,ALGO,165,Long,-0.000282,0.0000125
1/9/2026 - 18:00:00,ME,48.6,Short,0.000133,0.0000125
1/9/2026 - 18:00:00,MOVE,1395,Short,0.000614,0.0000125
1/9/2026 - 18:00:00,AIXBT,1051,Short,0.000503,0.0000125
1/9/2026 - 18:00:00,IP,17,Short,-0.008613,-0.0002501937
1/9/2026 - 18:00:00,AVNT,117,Short,-0.009171,-0.0002531
1/9/2026 - 18:00:00,ZEC,0.06,Short,-0.000034,-0.0000013533
1/9/2026 - 19:00:00,BTC,0.00082,Long,-0.000937,0.0000125
1/9/2026 - 19:00:00,ETH,0.0066,Long,-0.000256,0.0000125
1/9/2026 - 19:00:00,ATOM,27.39,Long,-0.000884,0.0000125
1/9/2026 - 19:00:00,SOL,0.24,Long,-0.000415,0.0000125
1/9/2026 - 19:00:00,AVAX,0.83,Long,-0.000145,0.0000125
1/9/2026 - 19:00:00,BNB,0.048,Long,-0.000539,0.0000125
1/9/2026 - 19:00:00,XRP,16,Long,-0.000421,0.0000125
1/9/2026 - 19:00:00,BCH,0.033,Long,-0.000262,0.0000125
1/9/2026 - 19:00:00,YGG,152,Short,0.00013,0.0000125
1/9/2026 - 19:00:00,TRX,140,Long,-0.00052,0.0000125
1/9/2026 - 19:00:00,BANANA,2.9,Short,0.000265,0.0000125
1/9/2026 - 19:00:00,ARK,35,Long,-0.000126,0.0000125
1/9/2026 - 19:00:00,TON,37.8,Long,-0.000836,0.0000125
1/9/2026 - 19:00:00,POLYX,176,Short,-0.000021,-0.0000019379
1/9/2026 - 19:00:00,GMT,1922,Short,-0.023551,-0.0006422372
1/9/2026 - 19:00:00,USTC,2996,Short,0.000259,0.0000125
1/9/2026 - 19:00:00,CAKE,5.1,Long,0.000031,-0.0000031793
1/9/2026 - 19:00:00,ETC,0.83,Long,-0.000132,0.0000125
1/9/2026 - 19:00:00,MAVIA,194,Short,0.000152,0.0000125
1/9/2026 - 19:00:00,STRK,250,Short,-0.00136,-0.0000651199
1/9/2026 - 19:00:00,TNSR,258.3,Short,-0.000601,-0.0000319408
1/9/2026 - 19:00:00,MERL,203,Short,0.00063,0.0000125
1/9/2026 - 19:00:00,EIGEN,27.48,Short,0.000143,0.0000125
1/9/2026 - 19:00:00,REZ,3636,Short,-0.000053,-0.0000027734
1/9/2026 - 19:00:00,TURBO,5084,Short,0.000125,0.0000125
1/9/2026 - 19:00:00,HMSTR,134918,Short,0.000573,0.000017408
1/9/2026 - 19:00:00,XLM,133,Long,-0.000383,0.0000125
1/9/2026 - 19:00:00,ALGO,165,Long,-0.000279,0.0000125
1/9/2026 - 19:00:00,ME,48.6,Short,0.000132,0.0000125
1/9/2026 - 19:00:00,MOVE,1395,Short,0.000613,0.0000125
1/9/2026 - 19:00:00,AIXBT,1051,Short,0.000504,0.0000125
1/9/2026 - 19:00:00,IP,17,Short,-0.007826,-0.0002279546
1/9/2026 - 19:00:00,AVNT,117,Short,-0.009628,-0.0002660816
1/9/2026 - 19:00:00,ZEC,0.06,Short,-0.000127,-0.0000050165
1/9/2026 - 20:00:00,BTC,0.00082,Long,-0.00093,0.0000125
1/9/2026 - 20:00:00,ETH,0.0066,Long,-0.000255,0.0000125
1/9/2026 - 20:00:00,ATOM,31.27,Long,-0.000514,0.0000064258
1/9/2026 - 20:00:00,SOL,0.32,Long,-0.000547,0.0000125
1/9/2026 - 20:00:00,AVAX,0.83,Long,-0.000143,0.0000125
1/9/2026 - 20:00:00,BNB,0.048,Long,-0.000537,0.0000125
1/9/2026 - 20:00:00,XRP,16,Long,-0.000418,0.0000125
1/9/2026 - 20:00:00,BCH,0.033,Long,-0.000262,0.0000125
1/9/2026 - 20:00:00,YGG,152,Short,0.000129,0.0000125
1/9/2026 - 20:00:00,TRX,140,Long,-0.000521,0.0000125
1/9/2026 - 20:00:00,BANANA,2.9,Short,0.000263,0.0000125
1/9/2026 - 20:00:00,ARK,35,Long,-0.000125,0.0000125
1/9/2026 - 20:00:00,TON,37.8,Long,-0.000828,0.0000125
1/9/2026 - 20:00:00,POLYX,176,Short,-0.000214,-0.0000198828
1/9/2026 - 20:00:00,GMT,1922,Short,-0.017263,-0.0004749756
1/9/2026 - 20:00:00,USTC,2996,Short,0.000257,0.0000125
1/9/2026 - 20:00:00,CAKE,5.1,Long,-0.000125,0.0000125
1/9/2026 - 20:00:00,ETC,0.83,Long,-0.000131,0.0000125
1/9/2026 - 20:00:00,MAVIA,194,Short,0.000151,0.0000125
1/9/2026 - 20:00:00,STRK,369.9,Short,-0.00145,-0.0000473252
1/9/2026 - 20:00:00,TNSR,258.3,Short,-0.001066,-0.0000567796
1/9/2026 - 20:00:00,MERL,203,Short,0.000623,0.0000125
1/9/2026 - 20:00:00,EIGEN,27.48,Short,-0.000076,-0.000006746
1/9/2026 - 20:00:00,REZ,3636,Short,0.000138,0.0000072982
1/9/2026 - 20:00:00,TURBO,5084,Short,0.000002,2.04e-7
1/9/2026 - 20:00:00,HMSTR,134918,Short,0.000409,0.0000125
1/9/2026 - 20:00:00,XLM,133,Long,-0.00038,0.0000125
1/9/2026 - 20:00:00,ALGO,165,Long,-0.000276,0.0000125
1/9/2026 - 20:00:00,ME,94.6,Short,0.000253,0.0000125
1/9/2026 - 20:00:00,MOVE,1395,Short,0.000606,0.0000125
1/9/2026 - 20:00:00,AIXBT,1051,Short,0.000494,0.0000125
1/9/2026 - 20:00:00,IP,17,Short,-0.00587,-0.0001708819
1/9/2026 - 20:00:00,PAXG,0.003,Long,-0.000168,0.0000125
1/9/2026 - 20:00:00,AVNT,117,Short,-0.008766,-0.0002445702
1/9/2026 - 20:00:00,ZEC,0.09,Short,0.000161,0.000004206
1/9/2026 - 21:00:00,BTC,0.00082,Long,-0.000925,0.0000125
1/9/2026 - 21:00:00,ETH,0.0066,Long,-0.000254,0.0000125
1/9/2026 - 21:00:00,ATOM,31.27,Long,0.00072,-0.000009044
1/9/2026 - 21:00:00,SOL,0.32,Long,-0.000543,0.0000125
1/9/2026 - 21:00:00,AVAX,0.83,Long,-0.000142,0.0000125
1/9/2026 - 21:00:00,BNB,0.048,Long,-0.000536,0.0000125
1/9/2026 - 21:00:00,XRP,16,Long,-0.000416,0.0000125
1/9/2026 - 21:00:00,BCH,0.033,Long,-0.00026,0.0000125
1/9/2026 - 21:00:00,YGG,152,Short,0.000128,0.0000125
1/9/2026 - 21:00:00,TRX,140,Long,-0.000521,0.0000125
1/9/2026 - 21:00:00,BANANA,2.9,Short,0.000261,0.0000125
1/9/2026 - 21:00:00,ARK,35,Long,-0.000125,0.0000125
1/9/2026 - 21:00:00,TON,37.8,Long,-0.00082,0.0000125
1/9/2026 - 21:00:00,POLYX,176,Short,-0.000442,-0.0000412829
1/9/2026 - 21:00:00,GMT,1922,Short,-0.019333,-0.0005360502
1/9/2026 - 21:00:00,USTC,2996,Short,0.000258,0.0000125
1/9/2026 - 21:00:00,CAKE,5.1,Long,-0.000124,0.0000125
1/9/2026 - 21:00:00,ETC,0.83,Long,-0.000129,0.0000125
1/9/2026 - 21:00:00,MAVIA,194,Short,0.000149,0.0000125
1/9/2026 - 21:00:00,STRK,369.9,Short,-0.000539,-0.0000177351
1/9/2026 - 21:00:00,TNSR,258.3,Short,-0.000865,-0.0000463432
1/9/2026 - 21:00:00,MERL,203,Short,0.000625,0.0000125
1/9/2026 - 21:00:00,EIGEN,27.48,Short,-0.000583,-0.0000521424
1/9/2026 - 21:00:00,REZ,3636,Short,0.000236,0.0000125
1/9/2026 - 21:00:00,TURBO,5084,Short,-0.000037,-0.0000037827
1/9/2026 - 21:00:00,HMSTR,134918,Short,0.000404,0.0000125
1/9/2026 - 21:00:00,XLM,133,Long,-0.000376,0.0000125
1/9/2026 - 21:00:00,ALGO,165,Long,-0.000273,0.0000125
1/9/2026 - 21:00:00,ME,94.6,Short,0.000249,0.0000125
1/9/2026 - 21:00:00,MOVE,1395,Short,0.000601,0.0000125
1/9/2026 - 21:00:00,AIXBT,1051,Short,0.000489,0.0000125
1/9/2026 - 21:00:00,IP,17,Short,-0.007583,-0.0002211143
1/9/2026 - 21:00:00,PAXG,0.003,Long,-0.000168,0.0000125
1/9/2026 - 21:00:00,AVNT,117,Short,-0.010196,-0.0002868596
1/9/2026 - 21:00:00,ZEC,0.09,Short,0.000478,0.0000125
1/9/2026 - 22:00:00,BTC,0.00082,Long,-0.000925,0.0000125
1/9/2026 - 22:00:00,ETH,0.0066,Long,-0.000253,0.0000125
1/9/2026 - 22:00:00,ATOM,31.27,Long,0.002628,-0.0000320166
1/9/2026 - 22:00:00,SOL,0.32,Long,-0.000542,0.0000125
1/9/2026 - 22:00:00,AVAX,0.83,Long,-0.000142,0.0000125
1/9/2026 - 22:00:00,BNB,0.048,Long,-0.000535,0.0000125
1/9/2026 - 22:00:00,XRP,16,Long,-0.000417,0.0000125
1/9/2026 - 22:00:00,BCH,0.033,Long,-0.000259,0.0000125
1/9/2026 - 22:00:00,YGG,152,Short,0.000128,0.0000125
1/9/2026 - 22:00:00,TRX,140,Long,-0.000522,0.0000125
1/9/2026 - 22:00:00,BANANA,2.9,Short,0.000261,0.0000125
1/9/2026 - 22:00:00,ARK,35,Long,-0.000125,0.0000125
1/9/2026 - 22:00:00,TON,37.8,Long,-0.000822,0.0000125
1/9/2026 - 22:00:00,POLYX,176,Short,-0.000427,-0.0000398157
1/9/2026 - 22:00:00,GMT,1922,Short,-0.046107,-0.0012237713
1/9/2026 - 22:00:00,USTC,2996,Short,-0.000382,-0.0000186401
1/9/2026 - 22:00:00,CAKE,5.1,Long,-0.000124,0.0000125
1/9/2026 - 22:00:00,ETC,0.83,Long,-0.000007,7.067e-7
1/9/2026 - 22:00:00,MAVIA,194,Short,0.000149,0.0000125
1/9/2026 - 22:00:00,STRK,369.9,Short,-0.000354,-0.0000115969
1/9/2026 - 22:00:00,TNSR,258.3,Short,-0.002578,-0.0001377006
1/9/2026 - 22:00:00,MERL,203,Short,0.000632,0.0000125
1/9/2026 - 22:00:00,EIGEN,27.48,Short,-0.000529,-0.0000472681
1/9/2026 - 22:00:00,REZ,3636,Short,-0.000241,-0.0000127294
1/9/2026 - 22:00:00,TURBO,5084,Short,0.000028,0.0000028945
1/9/2026 - 22:00:00,HMSTR,134918,Short,0.000406,0.0000125
1/9/2026 - 22:00:00,XLM,133,Long,-0.000375,0.0000125
1/9/2026 - 22:00:00,ALGO,165,Long,-0.000273,0.0000125
1/9/2026 - 22:00:00,ME,94.6,Short,0.000249,0.0000125
1/9/2026 - 22:00:00,MOVE,1395,Short,0.000604,0.0000125
1/9/2026 - 22:00:00,AIXBT,1051,Short,0.000485,0.0000125
1/9/2026 - 22:00:00,IP,17,Short,-0.007428,-0.0002178925
1/9/2026 - 22:00:00,PAXG,0.003,Long,-0.000169,0.0000125
1/9/2026 - 22:00:00,AVNT,117,Short,-0.005849,-0.000163392
1/9/2026 - 22:00:00,ZEC,0.09,Short,-0.000785,-0.0000210026
1/9/2026 - 23:00:00,BTC,0.00082,Long,-0.000928,0.0000125
1/9/2026 - 23:00:00,ETH,0.0066,Long,-0.000254,0.0000125
1/9/2026 - 23:00:00,ATOM,31.27,Long,0.001979,-0.0000241672
1/9/2026 - 23:00:00,SOL,0.32,Long,-0.000544,0.0000125
1/9/2026 - 23:00:00,AVAX,0.83,Long,-0.000143,0.0000125
1/9/2026 - 23:00:00,BNB,0.048,Long,-0.000537,0.0000125
1/9/2026 - 23:00:00,XRP,16,Long,-0.000418,0.0000125
1/9/2026 - 23:00:00,BCH,0.033,Long,-0.000261,0.0000125
1/9/2026 - 23:00:00,YGG,152,Short,0.000129,0.0000125
1/9/2026 - 23:00:00,TRX,140,Long,-0.000522,0.0000125
1/9/2026 - 23:00:00,BANANA,2.9,Short,0.000263,0.0000125
1/9/2026 - 23:00:00,ARK,35,Long,-0.000126,0.0000125
1/9/2026 - 23:00:00,TON,37.8,Long,-0.00082,0.0000125
1/9/2026 - 23:00:00,POLYX,176,Short,0.000022,0.0000020468
1/9/2026 - 23:00:00,GMT,1922,Short,-0.03429,-0.0009300993
1/9/2026 - 23:00:00,USTC,2996,Short,-0.001108,-0.0000535163
1/9/2026 - 23:00:00,CAKE,5.1,Long,0.000169,-0.0000169336
1/9/2026 - 23:00:00,ETC,0.83,Long,0.000121,-0.0000116383
1/9/2026 - 23:00:00,MAVIA,194,Short,0.00015,0.0000125
1/9/2026 - 23:00:00,STRK,369.9,Short,-0.000064,-0.0000021111
1/9/2026 - 23:00:00,TNSR,258.3,Short,-0.00146,-0.0000769656
1/9/2026 - 23:00:00,MERL,203,Short,0.000635,0.0000125
1/9/2026 - 23:00:00,EIGEN,27.48,Short,-0.000996,-0.0000884826
1/9/2026 - 23:00:00,REZ,3636,Short,0.000237,0.0000125
1/9/2026 - 23:00:00,TURBO,5084,Short,0.000004,4.308e-7
1/9/2026 - 23:00:00,HMSTR,134918,Short,0.001149,0.0000350666
1/9/2026 - 23:00:00,XLM,133,Long,-0.000377,0.0000125
1/9/2026 - 23:00:00,ALGO,165,Long,-0.000275,0.0000125
1/9/2026 - 23:00:00,ME,94.6,Short,0.000251,0.0000125
1/9/2026 - 23:00:00,MOVE,1395,Short,0.000609,0.0000125
1/9/2026 - 23:00:00,AIXBT,1051,Short,0.000491,0.0000125
1/9/2026 - 23:00:00,IP,17,Short,-0.006773,-0.0001970128
1/9/2026 - 23:00:00,PAXG,0.003,Long,-0.000169,0.0000125
1/9/2026 - 23:00:00,AVNT,117,Short,-0.004549,-0.0001268216
1/9/2026 - 23:00:00,ZEC,0.09,Short,0.000468,0.0000125
1/10/2026 - 00:00:00,BTC,0.00082,Long,-0.000928,0.0000125
1/10/2026 - 00:00:00,ETH,0.0066,Long,-0.000254,0.0000125
1/10/2026 - 00:00:00,ATOM,31.27,Long,0.003179,-0.0000389969
1/10/2026 - 00:00:00,SOL,0.32,Long,-0.000544,0.0000125
1/10/2026 - 00:00:00,AVAX,0.83,Long,-0.000143,0.0000125
1/10/2026 - 00:00:00,BNB,0.048,Long,-0.000537,0.0000125
1/10/2026 - 00:00:00,XRP,16,Long,-0.000419,0.0000125
1/10/2026 - 00:00:00,BCH,0.033,Long,-0.000262,0.0000125
1/10/2026 - 00:00:00,YGG,152,Short,0.00013,0.0000125
1/10/2026 - 00:00:00,TRX,140,Long,-0.00052,0.0000125
1/10/2026 - 00:00:00,BANANA,2.9,Short,0.000265,0.0000125
1/10/2026 - 00:00:00,ARK,35,Long,-0.000126,0.0000125
1/10/2026 - 00:00:00,TON,37.8,Long,-0.00082,0.0000125
1/10/2026 - 00:00:00,POLYX,176,Short,0.0001,0.0000092328
1/10/2026 - 00:00:00,GMT,1922,Short,-0.021747,-0.0005968516
1/10/2026 - 00:00:00,USTC,2996,Short,-0.001031,-0.0000496178
1/10/2026 - 00:00:00,CAKE,5.1,Long,0.000203,-0.0000202635
1/10/2026 - 00:00:00,ETC,0.83,Long,0.00005,-0.0000048435
1/10/2026 - 00:00:00,MAVIA,194,Short,0.000151,0.0000125
1/10/2026 - 00:00:00,STRK,369.9,Short,-0.00084,-0.0000269583
1/10/2026 - 00:00:00,TNSR,258.3,Short,0.00003,0.0000015854
1/10/2026 - 00:00:00,MERL,203,Short,0.000635,0.0000125
1/10/2026 - 00:00:00,EIGEN,27.48,Short,-0.000809,-0.0000713888
1/10/2026 - 00:00:00,REZ,3636,Short,0.000222,0.0000116414
1/10/2026 - 00:00:00,TURBO,5084,Short,-0.000173,-0.0000173984
1/10/2026 - 00:00:00,HMSTR,134918,Short,0.000414,0.0000125
1/10/2026 - 00:00:00,XLM,133,Long,-0.00038,0.0000125
1/10/2026 - 00:00:00,ALGO,165,Long,-0.000276,0.0000125
1/10/2026 - 00:00:00,ME,94.6,Short,0.000253,0.0000125
1/10/2026 - 00:00:00,MOVE,1395,Short,0.000612,0.0000125
1/10/2026 - 00:00:00,AIXBT,1051,Short,0.000496,0.0000125
1/10/2026 - 00:00:00,IP,17,Short,-0.006495,-0.000189062
1/10/2026 - 00:00:00,PAXG,0.003,Long,-0.000169,0.0000125
1/10/2026 - 00:00:00,AVNT,117,Short,-0.002466,-0.0000685358
1/10/2026 - 00:00:00,ZEC,0.09,Short,0.000471,0.0000125
1/10/2026 - 01:00:00,BTC,0.00082,Long,-0.000929,0.0000125
1/10/2026 - 01:00:00,ETH,0.0066,Long,-0.000254,0.0000125
1/10/2026 - 01:00:00,ATOM,31.27,Long,0.004023,-0.0000496261
1/10/2026 - 01:00:00,SOL,0.32,Long,-0.000467,0.0000107421
1/10/2026 - 01:00:00,AVAX,0.83,Long,-0.000143,0.0000125
1/10/2026 - 01:00:00,BNB,0.048,Long,-0.000538,0.0000125
1/10/2026 - 01:00:00,XRP,16,Long,-0.000419,0.0000125
1/10/2026 - 01:00:00,BCH,0.033,Long,-0.000261,0.0000125
1/10/2026 - 01:00:00,YGG,152,Short,0.000129,0.0000125
1/10/2026 - 01:00:00,TRX,140,Long,-0.000522,0.0000125
1/10/2026 - 01:00:00,BANANA,2.9,Short,0.000264,0.0000125
1/10/2026 - 01:00:00,ARK,35,Long,-0.000126,0.0000125
1/10/2026 - 01:00:00,TON,37.8,Long,-0.000824,0.0000125
1/10/2026 - 01:00:00,POLYX,176,Short,0.000135,0.0000125
1/10/2026 - 01:00:00,GMT,1922,Short,-0.02067,-0.0005645522
1/10/2026 - 01:00:00,USTC,2996,Short,0.00026,0.0000125
1/10/2026 - 01:00:00,CAKE,5.1,Long,0.000155,-0.0000155003
1/10/2026 - 01:00:00,ETC,0.83,Long,-0.000046,0.0000044777
1/10/2026 - 01:00:00,MAVIA,194,Short,0.000156,0.0000130019
1/10/2026 - 01:00:00,STRK,369.9,Short,-0.000862,-0.0000277532
1/10/2026 - 01:00:00,TNSR,258.3,Short,0.000237,0.0000125
1/10/2026 - 01:00:00,MERL,203,Short,0.000645,0.0000125
1/10/2026 - 01:00:00,EIGEN,27.48,Short,-0.000756,-0.0000672261
1/10/2026 - 01:00:00,REZ,3636,Short,0.000238,0.0000125
1/10/2026 - 01:00:00,TURBO,5084,Short,-0.000109,-0.0000110474
1/10/2026 - 01:00:00,HMSTR,134918,Short,0.001813,0.0000546436
1/10/2026 - 01:00:00,XLM,133,Long,-0.000379,0.0000125
1/10/2026 - 01:00:00,ALGO,165,Long,-0.000274,0.0000125
1/10/2026 - 01:00:00,ME,94.6,Short,0.000252,0.0000125
1/10/2026 - 01:00:00,MOVE,1395,Short,0.000612,0.0000125
1/10/2026 - 01:00:00,AIXBT,1051,Short,0.000493,0.0000125
1/10/2026 - 01:00:00,IP,17,Short,-0.005929,-0.0001729325
1/10/2026 - 01:00:00,PAXG,0.003,Long,-0.000169,0.0000125
1/10/2026 - 01:00:00,AVNT,117,Short,-0.012292,-0.000331079
1/10/2026 - 01:00:00,ZEC,0.09,Short,0.00047,0.0000125
1/10/2026 - 02:00:00,BTC,0.00082,Long,-0.000928,0.0000125
1/10/2026 - 02:00:00,ETH,0.0066,Long,-0.000254,0.0000125
1/10/2026 - 02:00:00,ATOM,31.27,Long,0.002164,-0.0000269343
1/10/2026 - 02:00:00,SOL,0.32,Long,-0.000479,0.0000110374
1/10/2026 - 02:00:00,AVAX,0.83,Long,-0.000142,0.0000125
1/10/2026 - 02:00:00,BNB,0.048,Long,-0.000538,0.0000125
1/10/2026 - 02:00:00,XRP,16,Long,-0.000418,0.0000125
1/10/2026 - 02:00:00,BCH,0.033,Long,-0.00026,0.0000125
1/10/2026 - 02:00:00,YGG,152,Short,0.000128,0.0000125
1/10/2026 - 02:00:00,TRX,140,Long,-0.000521,0.0000125
1/10/2026 - 02:00:00,BANANA,2.9,Short,0.000262,0.0000125
1/10/2026 - 02:00:00,ARK,35,Long,-0.000127,0.0000125
1/10/2026 - 02:00:00,TON,37.8,Long,-0.000821,0.0000125
1/10/2026 - 02:00:00,POLYX,176,Short,-0.001483,-0.0001354471
1/10/2026 - 02:00:00,GMT,1922,Short,-0.04134,-0.001065378
1/10/2026 - 02:00:00,USTC,2996,Short,0.000269,0.0000125
1/10/2026 - 02:00:00,CAKE,5.1,Long,0.000151,-0.0000150215
1/10/2026 - 02:00:00,ETC,0.83,Long,-0.00013,0.0000125
1/10/2026 - 02:00:00,MAVIA,194,Short,0.000148,0.0000125
1/10/2026 - 02:00:00,STRK,369.9,Short,-0.001165,-0.0000377043
1/10/2026 - 02:00:00,TNSR,258.3,Short,-0.001216,-0.0000645854
1/10/2026 - 02:00:00,MERL,203,Short,0.000639,0.0000125
1/10/2026 - 02:00:00,EIGEN,27.48,Short,-0.000707,-0.0000631329
1/10/2026 - 02:00:00,REZ,3636,Short,-0.001623,-0.0000855249
1/10/2026 - 02:00:00,TURBO,5084,Short,-0.000056,-0.0000057851
1/10/2026 - 02:00:00,HMSTR,134918,Short,0.00439,0.0001322832
1/10/2026 - 02:00:00,XLM,133,Long,-0.000378,0.0000125
1/10/2026 - 02:00:00,ALGO,165,Long,-0.000273,0.0000125
1/10/2026 - 02:00:00,ME,94.6,Short,0.000251,0.0000125
1/10/2026 - 02:00:00,MOVE,1395,Short,0.000605,0.0000125
1/10/2026 - 02:00:00,AIXBT,1051,Short,0.000492,0.0000125
1/10/2026 - 02:00:00,IP,17,Short,-0.007099,-0.0002090449
1/10/2026 - 02:00:00,PAXG,0.003,Long,-0.000169,0.0000125
1/10/2026 - 02:00:00,AVNT,117,Short,-0.019684,-0.0005321716
1/10/2026 - 02:00:00,ZEC,0.09,Short,0.000449,0.0000125
1/10/2026 - 03:00:00,BTC,0.00082,Long,-0.000929,0.0000125
1/10/2026 - 03:00:00,ETH,0.0066,Long,-0.000254,0.0000125
1/10/2026 - 03:00:00,ATOM,31.27,Long,0.004428,-0.0000544561
1/10/2026 - 03:00:00,SOL,0.32,Long,-0.000495,0.0000113469
1/10/2026 - 03:00:00,AVAX,0.83,Long,-0.000112,0.0000098251
1/10/2026 - 03:00:00,BNB,0.048,Long,-0.000539,0.0000125
1/10/2026 - 03:00:00,XRP,16,Long,-0.000419,0.0000125
1/10/2026 - 03:00:00,BCH,0.033,Long,-0.000262,0.0000125
1/10/2026 - 03:00:00,YGG,152,Short,0.000129,0.0000125
1/10/2026 - 03:00:00,TRX,140,Long,-0.000522,0.0000125
1/10/2026 - 03:00:00,BANANA,2.9,Short,0.000261,0.0000125
1/10/2026 - 03:00:00,ARK,35,Long,-0.000128,0.0000125
1/10/2026 - 03:00:00,TON,37.8,Long,-0.000819,0.0000125
1/10/2026 - 03:00:00,POLYX,176,Short,-0.002903,-0.0002634696
1/10/2026 - 03:00:00,GMT,1922,Short,-0.044906,-0.0011699775
1/10/2026 - 03:00:00,USTC,2996,Short,0.000259,0.0000125
1/10/2026 - 03:00:00,CAKE,5.1,Long,-0.000102,0.0000101195
1/10/2026 - 03:00:00,ETC,0.83,Long,0.000046,-0.0000044461
1/10/2026 - 03:00:00,MAVIA,194,Short,0.000148,0.0000125
1/10/2026 - 03:00:00,STRK,369.9,Short,-0.001962,-0.0000631775
1/10/2026 - 03:00:00,TNSR,258.3,Short,-0.002463,-0.0001288436
1/10/2026 - 03:00:00,MERL,203,Short,0.000642,0.0000125
1/10/2026 - 03:00:00,EIGEN,27.48,Short,-0.000557,-0.0000498021
1/10/2026 - 03:00:00,REZ,3636,Short,-0.000855,-0.0000448807
1/10/2026 - 03:00:00,TURBO,5084,Short,-0.000026,-0.0000027032
1/10/2026 - 03:00:00,HMSTR,134918,Short,0.003918,0.0001185429
1/10/2026 - 03:00:00,XLM,133,Long,-0.000379,0.0000125
1/10/2026 - 03:00:00,ALGO,165,Long,-0.000274,0.0000125
1/10/2026 - 03:00:00,ME,94.6,Short,0.000252,0.0000125
1/10/2026 - 03:00:00,MOVE,1395,Short,0.000605,0.0000125
1/10/2026 - 03:00:00,AIXBT,1051,Short,0.000493,0.0000125
1/10/2026 - 03:00:00,IP,17,Short,-0.006386,-0.0001879871
1/10/2026 - 03:00:00,PAXG,0.003,Long,-0.000169,0.0000125
1/10/2026 - 03:00:00,AVNT,117,Short,-0.031694,-0.0008393395
1/10/2026 - 03:00:00,ZEC,0.09,Short,0.000451,0.0000125
1/10/2026 - 04:00:00,BTC,0.00082,Long,-0.000929,0.0000125
1/10/2026 - 04:00:00,ETH,0.0066,Long,-0.000254,0.0000125
1/10/2026 - 04:00:00,ATOM,31.27,Long,0.002915,-0.0000363308
1/10/2026 - 04:00:00,SOL,0.32,Long,-0.000489,0.0000112234
1/10/2026 - 04:00:00,AVAX,0.83,Long,-0.000121,0.0000106909
1/10/2026 - 04:00:00,BNB,0.048,Long,-0.000539,0.0000125
1/10/2026 - 04:00:00,XRP,16,Long,-0.000418,0.0000125
1/10/2026 - 04:00:00,BCH,0.033,Long,-0.000262,0.0000125
1/10/2026 - 04:00:00,YGG,152,Short,0.000128,0.0000125
1/10/2026 - 04:00:00,TRX,140,Long,-0.000521,0.0000125
1/10/2026 - 04:00:00,BANANA,2.9,Short,0.00026,0.0000125
1/10/2026 - 04:00:00,ARK,35,Long,-0.000128,0.0000125
1/10/2026 - 04:00:00,TON,37.8,Long,-0.000816,0.0000125
1/10/2026 - 04:00:00,POLYX,176,Short,-0.009253,-0.0008138918
1/10/2026 - 04:00:00,GMT,1922,Short,-0.042219,-0.0010647765
1/10/2026 - 04:00:00,USTC,2996,Short,0.000257,0.0000125
1/10/2026 - 04:00:00,CAKE,5.1,Long,-0.000126,0.0000125
1/10/2026 - 04:00:00,ETC,0.83,Long,-0.0001,0.0000096669
1/10/2026 - 04:00:00,MAVIA,194,Short,0.000148,0.0000125
1/10/2026 - 04:00:00,STRK,369.9,Short,-0.001174,-0.0000381213
1/10/2026 - 04:00:00,TNSR,258.3,Short,-0.001297,-0.0000683812
1/10/2026 - 04:00:00,MERL,203,Short,0.000641,0.0000125
1/10/2026 - 04:00:00,EIGEN,27.48,Short,-0.000287,-0.0000257719
1/10/2026 - 04:00:00,REZ,3636,Short,-0.001274,-0.000067559
1/10/2026 - 04:00:00,TURBO,5084,Short,-0.000058,-0.0000060266
1/10/2026 - 04:00:00,HMSTR,134918,Short,0.000413,0.0000125
1/10/2026 - 04:00:00,XLM,133,Long,-0.000377,0.0000125
1/10/2026 - 04:00:00,ALGO,165,Long,-0.000272,0.0000125
1/10/2026 - 04:00:00,ME,94.6,Short,0.000251,0.0000125
1/10/2026 - 04:00:00,MOVE,1395,Short,0.000602,0.0000125
1/10/2026 - 04:00:00,AIXBT,1051,Short,0.000493,0.0000125
1/10/2026 - 04:00:00,IP,17,Short,-0.00663,-0.0001952564
1/10/2026 - 04:00:00,PAXG,0.003,Long,-0.000169,0.0000125
1/10/2026 - 04:00:00,AVNT,117,Short,-0.033182,-0.0008721378
1/10/2026 - 04:00:00,ZEC,0.09,Short,0.000386,0.0000107749
1/10/2026 - 05:00:00,BTC,0.00082,Long,-0.000928,0.0000125
1/10/2026 - 05:00:00,ETH,0.0066,Long,-0.000254,0.0000125
1/10/2026 - 05:00:00,ATOM,31.27,Long,0.003116,-0.0000387007
1/10/2026 - 05:00:00,SOL,0.32,Long,-0.000544,0.0000125
1/10/2026 - 05:00:00,AVAX,0.83,Long,-0.000131,0.000011609
1/10/2026 - 05:00:00,BNB,0.048,Long,-0.000544,0.0000125
1/10/2026 - 05:00:00,XRP,16,Long,-0.000415,0.0000124247
1/10/2026 - 05:00:00,BCH,0.033,Long,-0.000261,0.0000125
1/10/2026 - 05:00:00,YGG,152,Short,0.000128,0.0000125
1/10/2026 - 05:00:00,TRX,140,Long,-0.000521,0.0000125
1/10/2026 - 05:00:00,BANANA,2.9,Short,0.000261,0.0000125
1/10/2026 - 05:00:00,ARK,35,Long,-0.000128,0.0000125
1/10/2026 - 05:00:00,TON,37.8,Long,-0.000813,0.0000125
1/10/2026 - 05:00:00,POLYX,176,Short,-0.009778,-0.0008617235
1/10/2026 - 05:00:00,GMT,1922,Short,-0.06264,-0.0014917362
1/10/2026 - 05:00:00,USTC,2996,Short,0.000262,0.0000125
1/10/2026 - 05:00:00,CAKE,5.1,Long,-0.000128,0.0000125
1/10/2026 - 05:00:00,ETC,0.83,Long,0.000193,-0.000018598
1/10/2026 - 05:00:00,MAVIA,194,Short,0.000148,0.0000125
1/10/2026 - 05:00:00,STRK,369.9,Short,-0.001178,-0.0000381964
1/10/2026 - 05:00:00,TNSR,258.3,Short,-0.001752,-0.0000920893
1/10/2026 - 05:00:00,MERL,203,Short,0.000643,0.0000125
1/10/2026 - 05:00:00,EIGEN,27.48,Short,-0.00024,-0.0000214545
1/10/2026 - 05:00:00,REZ,3636,Short,-0.000375,-0.0000197699
1/10/2026 - 05:00:00,TURBO,5084,Short,-0.000211,-0.0000216695
1/10/2026 - 05:00:00,HMSTR,134918,Short,0.000414,0.0000125
1/10/2026 - 05:00:00,XLM,133,Long,-0.000376,0.0000125
1/10/2026 - 05:00:00,ALGO,165,Long,-0.000272,0.0000125
1/10/2026 - 05:00:00,ME,94.6,Short,0.00025,0.0000125
1/10/2026 - 05:00:00,MOVE,1395,Short,0.000606,0.0000125
1/10/2026 - 05:00:00,AIXBT,1051,Short,0.000493,0.0000125
1/10/2026 - 05:00:00,IP,17,Short,-0.008038,-0.0002368165
1/10/2026 - 05:00:00,PAXG,0.003,Long,-0.000169,0.0000125
1/10/2026 - 05:00:00,AVNT,117,Short,-0.043687,-0.0010996582
1/10/2026 - 05:00:00,ZEC,0.09,Short,-0.000279,-0.0000079247
1/10/2026 - 06:00:00,BTC,0.00082,Long,-0.000927,0.0000125
1/10/2026 - 06:00:00,ETH,0.0066,Long,-0.000254,0.0000125
1/10/2026 - 06:00:00,ATOM,31.27,Long,0.004616,-0.0000570002
1/10/2026 - 06:00:00,SOL,0.32,Long,-0.000212,0.0000048819
1/10/2026 - 06:00:00,AVAX,0.83,Long,0.000021,-0.0000019205
1/10/2026 - 06:00:00,BNB,0.048,Long,-0.000543,0.0000125
1/10/2026 - 06:00:00,XRP,16,Long,-0.000324,0.0000097205
1/10/2026 - 06:00:00,BCH,0.033,Long,-0.000262,0.0000125
1/10/2026 - 06:00:00,YGG,152,Short,0.000128,0.0000125
1/10/2026 - 06:00:00,TRX,140,Long,-0.00052,0.0000125
1/10/2026 - 06:00:00,BANANA,2.9,Short,0.00026,0.0000125
1/10/2026 - 06:00:00,ARK,35,Long,-0.000126,0.0000125
1/10/2026 - 06:00:00,TON,37.8,Long,-0.000815,0.0000125
1/10/2026 - 06:00:00,POLYX,176,Short,-0.032678,-0.0026448881
1/10/2026 - 06:00:00,GMT,1922,Short,-0.077625,-0.0017592057
1/10/2026 - 06:00:00,USTC,2996,Short,-0.000292,-0.0000138504
1/10/2026 - 06:00:00,CAKE,5.1,Long,-0.000127,0.0000125
1/10/2026 - 06:00:00,ETC,0.83,Long,0.00011,-0.0000106775
1/10/2026 - 06:00:00,MAVIA,194,Short,0.000147,0.0000125
1/10/2026 - 06:00:00,STRK,369.9,Short,-0.000998,-0.0000326159
1/10/2026 - 06:00:00,TNSR,258.3,Short,-0.002283,-0.0001184485
1/10/2026 - 06:00:00,MERL,203,Short,0.000647,0.0000125
1/10/2026 - 06:00:00,EIGEN,27.48,Short,-0.00031,-0.000027906
1/10/2026 - 06:00:00,REZ,3636,Short,-0.000683,-0.0000361977
1/10/2026 - 06:00:00,TURBO,5084,Short,0.000121,0.0000125
1/10/2026 - 06:00:00,HMSTR,134918,Short,0.001062,0.0000323989
1/10/2026 - 06:00:00,XLM,133,Long,-0.000102,0.0000034124
1/10/2026 - 06:00:00,ALGO,165,Long,-0.000271,0.0000125
1/10/2026 - 06:00:00,ME,94.6,Short,0.000249,0.0000125
1/10/2026 - 06:00:00,MOVE,1395,Short,-0.000619,-0.0000128454
1/10/2026 - 06:00:00,AIXBT,1051,Short,0.000489,0.0000125
1/10/2026 - 06:00:00,IP,17,Short,-0.007619,-0.0002259547
1/10/2026 - 06:00:00,PAXG,0.003,Long,-0.000169,0.0000125
1/10/2026 - 06:00:00,AVNT,117,Short,-0.051474,-0.0013251584
1/10/2026 - 06:00:00,ZEC,0.09,Short,0.000427,0.0000125
1/10/2026 - 07:00:00,BTC,0.00082,Long,-0.000928,0.0000125
1/10/2026 - 07:00:00,ETH,0.0066,Long,-0.000254,0.0000125
1/10/2026 - 07:00:00,ATOM,31.27,Long,0.00577,-0.0000703409
1/10/2026 - 07:00:00,SOL,0.32,Long,-0.000337,0.0000077592
1/10/2026 - 07:00:00,AVAX,0.83,Long,0.000091,-0.0000081004
1/10/2026 - 07:00:00,BNB,0.048,Long,-0.000544,0.0000125
1/10/2026 - 07:00:00,XRP,16,Long,-0.000417,0.0000125
1/10/2026 - 07:00:00,BCH,0.033,Long,-0.000262,0.0000125
1/10/2026 - 07:00:00,YGG,152,Short,0.000127,0.0000125
1/10/2026 - 07:00:00,TRX,140,Long,-0.000521,0.0000125
1/10/2026 - 07:00:00,BANANA,2.9,Short,0.000259,0.0000125
1/10/2026 - 07:00:00,ARK,35,Long,-0.000126,0.0000125
1/10/2026 - 07:00:00,TON,37.8,Long,-0.00082,0.0000125
1/10/2026 - 07:00:00,POLYX,176,Short,-0.026162,-0.002202265
1/10/2026 - 07:00:00,GMT,1922,Short,-0.045223,-0.0010588706
1/10/2026 - 07:00:00,USTC,2996,Short,0.000265,0.0000125
1/10/2026 - 07:00:00,CAKE,5.1,Long,-0.000127,0.0000125
1/10/2026 - 07:00:00,ETC,0.83,Long,0.000188,-0.0000182074
1/10/2026 - 07:00:00,MAVIA,194,Short,0.00034,0.0000288031
1/10/2026 - 07:00:00,STRK,369.9,Short,-0.000246,-0.0000080743
1/10/2026 - 07:00:00,TNSR,258.3,Short,-0.001308,-0.0000697404
1/10/2026 - 07:00:00,MERL,203,Short,0.00065,0.0000125
1/10/2026 - 07:00:00,EIGEN,27.48,Short,-0.000282,-0.0000254609
1/10/2026 - 07:00:00,REZ,3636,Short,-0.000173,-0.0000091974
1/10/2026 - 07:00:00,TURBO,5084,Short,0.000121,0.0000125
1/10/2026 - 07:00:00,HMSTR,134918,Short,0.003947,0.0001203989
1/10/2026 - 07:00:00,XLM,133,Long,0.000016,-5.353e-7
1/10/2026 - 07:00:00,ALGO,165,Long,-0.00027,0.0000125
1/10/2026 - 07:00:00,ME,94.6,Short,0.000249,0.0000125
1/10/2026 - 07:00:00,MOVE,1395,Short,-0.00185,-0.0000384042
1/10/2026 - 07:00:00,AIXBT,1051,Short,0.000487,0.0000125
1/10/2026 - 07:00:00,IP,17,Short,-0.008481,-0.0002517192
1/10/2026 - 07:00:00,PAXG,0.003,Long,-0.000169,0.0000125
1/10/2026 - 07:00:00,AVNT,117,Short,-0.056321,-0.0013918686
1/10/2026 - 07:00:00,ZEC,0.09,Short,-0.00004,-0.0000011842
1/10/2026 - 08:00:00,BTC,0.00082,Long,-0.000927,0.0000125
1/10/2026 - 08:00:00,ETH,0.0066,Long,-0.000254,0.0000125
1/10/2026 - 08:00:00,ATOM,31.27,Long,0.004582,-0.0000562459
1/10/2026 - 08:00:00,SOL,0.32,Long,-0.000246,0.0000056649
1/10/2026 - 08:00:00,AVAX,0.83,Long,0.000071,-0.0000063088
1/10/2026 - 08:00:00,BNB,0.048,Long,-0.000543,0.0000125
1/10/2026 - 08:00:00,XRP,16,Long,-0.000418,0.0000125
1/10/2026 - 08:00:00,BCH,0.033,Long,-0.000262,0.0000125
1/10/2026 - 08:00:00,YGG,152,Short,0.000128,0.0000125
1/10/2026 - 08:00:00,TRX,140,Long,-0.000522,0.0000125
1/10/2026 - 08:00:00,BANANA,2.9,Short,0.00026,0.0000125
1/10/2026 - 08:00:00,ARK,35,Long,-0.000126,0.0000125
1/10/2026 - 08:00:00,TON,37.8,Long,-0.00082,0.0000125
1/10/2026 - 08:00:00,POLYX,176,Short,-0.025592,-0.0021703435
1/10/2026 - 08:00:00,GMT,1922,Short,-0.034786,-0.0008283419
1/10/2026 - 08:00:00,USTC,2996,Short,-0.002461,-0.0001149838
1/10/2026 - 08:00:00,CAKE,5.1,Long,-0.000127,0.0000125
1/10/2026 - 08:00:00,ETC,0.83,Long,0.000186,-0.0000179587
1/10/2026 - 08:00:00,MAVIA,194,Short,0.001584,0.0001343005
1/10/2026 - 08:00:00,STRK,369.9,Short,0.000375,0.0000122704
1/10/2026 - 08:00:00,TNSR,258.3,Short,-0.002714,-0.0001442116
1/10/2026 - 08:00:00,MERL,203,Short,0.000645,0.0000125
1/10/2026 - 08:00:00,EIGEN,27.48,Short,-0.000583,-0.00005221
1/10/2026 - 08:00:00,REZ,3636,Short,-0.000888,-0.000047182
1/10/2026 - 08:00:00,TURBO,5084,Short,0,9.78e-8
1/10/2026 - 08:00:00,HMSTR,134918,Short,0.00306,0.000093365
1/10/2026 - 08:00:00,XLM,133,Long,0.000173,-0.0000057839
1/10/2026 - 08:00:00,ALGO,165,Long,-0.000271,0.0000125
1/10/2026 - 08:00:00,ME,94.6,Short,0.00025,0.0000125
1/10/2026 - 08:00:00,MOVE,1395,Short,-0.002361,-0.0000488364
1/10/2026 - 08:00:00,AIXBT,1051,Short,0.000488,0.0000125
1/10/2026 - 08:00:00,IP,17,Short,-0.009522,-0.0002818478
1/10/2026 - 08:00:00,PAXG,0.003,Long,-0.000169,0.0000125
1/10/2026 - 08:00:00,AVNT,117,Short,-0.063324,-0.0015839443
1/10/2026 - 08:00:00,ZEC,0.09,Short,-0.000349,-0.0000101721
1/10/2026 - 09:00:00,BTC,0.00082,Long,-0.000929,0.0000125
1/10/2026 - 09:00:00,ETH,0.0066,Long,-0.000255,0.0000125
1/10/2026 - 09:00:00,ATOM,31.27,Long,0.000706,-0.000008587
1/10/2026 - 09:00:00,SOL,0.32,Long,-0.000209,0.0000048046
1/10/2026 - 09:00:00,AVAX,0.83,Long,0.000017,-0.0000015208
1/10/2026 - 09:00:00,BNB,0.048,Long,-0.000543,0.0000125
1/10/2026 - 09:00:00,XRP,16,Long,-0.00042,0.0000125
1/10/2026 - 09:00:00,BCH,0.033,Long,-0.000263,0.0000125
1/10/2026 - 09:00:00,YGG,152,Short,0.000129,0.0000125
1/10/2026 - 09:00:00,TRX,140,Long,-0.000521,0.0000125
1/10/2026 - 09:00:00,BANANA,2.9,Short,0.000262,0.0000125
1/10/2026 - 09:00:00,ARK,35,Long,-0.000127,0.0000125
1/10/2026 - 09:00:00,TON,37.8,Long,-0.000822,0.0000125
1/10/2026 - 09:00:00,POLYX,176,Short,-0.014117,-0.0012255263
1/10/2026 - 09:00:00,GMT,1922,Short,-0.027255,-0.0006660717
1/10/2026 - 09:00:00,USTC,2996,Short,-0.001277,-0.0000599406
1/10/2026 - 09:00:00,CAKE,5.1,Long,-0.000127,0.0000125
1/10/2026 - 09:00:00,ETC,0.83,Long,0.000287,-0.0000274928
1/10/2026 - 09:00:00,MAVIA,194,Short,0.001505,0.0001267104
1/10/2026 - 09:00:00,STRK,369.9,Short,0.000382,0.0000125
1/10/2026 - 09:00:00,TNSR,258.3,Short,-0.003457,-0.0001835554
1/10/2026 - 09:00:00,MERL,203,Short,0.000643,0.0000125
1/10/2026 - 09:00:00,EIGEN,27.48,Short,-0.000058,-0.0000051934
1/10/2026 - 09:00:00,REZ,3636,Short,-0.000483,-0.0000255012
1/10/2026 - 09:00:00,TURBO,5084,Short,-0.000238,-0.0000243605
1/10/2026 - 09:00:00,HMSTR,134918,Short,0.001203,0.0000364073
1/10/2026 - 09:00:00,XLM,133,Long,0.000067,-0.0000022407
1/10/2026 - 09:00:00,ALGO,165,Long,-0.000273,0.0000125
1/10/2026 - 09:00:00,ME,94.6,Short,0.000253,0.0000125
1/10/2026 - 09:00:00,MOVE,1395,Short,0.000609,0.0000125
1/10/2026 - 09:00:00,AIXBT,1051,Short,0.00049,0.0000125
1/10/2026 - 09:00:00,IP,17,Short,-0.007865,-0.0002323723
1/10/2026 - 09:00:00,PAXG,0.003,Long,-0.000169,0.0000125
1/10/2026 - 09:00:00,AVNT,117,Short,-0.058612,-0.0015347997
1/10/2026 - 09:00:00,ZEC,0.09,Short,-0.000989,-0.0000286509
1/10/2026 - 10:00:00,BTC,0.00082,Long,-0.000929,0.0000125
1/10/2026 - 10:00:00,ETH,0.0066,Long,-0.000254,0.0000125
1/10/2026 - 10:00:00,ATOM,31.27,Long,-0.001029,0.0000125
1/10/2026 - 10:00:00,SOL,0.32,Long,-0.000203,0.0000046795
1/10/2026 - 10:00:00,AVAX,0.83,Long,0.000121,-0.0000105814
1/10/2026 - 10:00:00,BNB,0.048,Long,-0.000542,0.0000125
1/10/2026 - 10:00:00,XRP,16,Long,-0.000418,0.0000125
1/10/2026 - 10:00:00,BCH,0.033,Long,-0.000262,0.0000125
1/10/2026 - 10:00:00,YGG,152,Short,0.00013,0.0000125
1/10/2026 - 10:00:00,TRX,140,Long,-0.000521,0.0000125
1/10/2026 - 10:00:00,BANANA,2.9,Short,0.000262,0.0000125
1/10/2026 - 10:00:00,ARK,35,Long,-0.000128,0.0000125
1/10/2026 - 10:00:00,TON,37.8,Long,-0.00082,0.0000125
1/10/2026 - 10:00:00,POLYX,176,Short,-0.006506,-0.0005650683
1/10/2026 - 10:00:00,GMT,1922,Short,-0.022677,-0.0005482723
1/10/2026 - 10:00:00,USTC,2996,Short,0.000268,0.0000125
1/10/2026 - 10:00:00,CAKE,5.1,Long,-0.000127,0.0000125
1/10/2026 - 10:00:00,ETC,0.83,Long,0.000117,-0.0000112273
1/10/2026 - 10:00:00,MAVIA,194,Short,0.001536,0.0001289974
1/10/2026 - 10:00:00,STRK,369.9,Short,0.000384,0.0000125
1/10/2026 - 10:00:00,TNSR,258.3,Short,-0.002567,-0.0001360714
1/10/2026 - 10:00:00,MERL,203,Short,0.000641,0.0000125
1/10/2026 - 10:00:00,EIGEN,27.48,Short,0.000048,0.00000426
1/10/2026 - 10:00:00,REZ,3636,Short,-0.000507,-0.0000267123
1/10/2026 - 10:00:00,TURBO,5084,Short,-0.000194,-0.0000198564
1/10/2026 - 10:00:00,HMSTR,134918,Short,0.000414,0.0000125
1/10/2026 - 10:00:00,XLM,133,Long,0.000017,-5.917e-7
1/10/2026 - 10:00:00,ALGO,165,Long,-0.000274,0.0000125
1/10/2026 - 10:00:00,ME,94.6,Short,0.000258,0.0000125
1/10/2026 - 10:00:00,MOVE,1395,Short,0.000611,0.0000125
1/10/2026 - 10:00:00,AIXBT,1051,Short,0.00049,0.0000125
1/10/2026 - 10:00:00,IP,17,Short,-0.005417,-0.0001593734
1/10/2026 - 10:00:00,PAXG,0.003,Long,-0.000169,0.0000125
1/10/2026 - 10:00:00,AVNT,117,Short,-0.039922,-0.0010634108
1/10/2026 - 10:00:00,ZEC,0.09,Short,-0.000094,-0.0000027597
1/10/2026 - 11:00:00,BTC,0.00082,Long,-0.00093,0.0000125
1/10/2026 - 11:00:00,ETH,0.0066,Long,-0.000255,0.0000125
1/10/2026 - 11:00:00,ATOM,31.27,Long,-0.001028,0.0000125
1/10/2026 - 11:00:00,SOL,0.32,Long,-0.000436,0.0000099844
1/10/2026 - 11:00:00,AVAX,0.83,Long,0.000067,-0.0000059011
1/10/2026 - 11:00:00,BNB,0.048,Long,-0.00054,0.0000125
1/10/2026 - 11:00:00,XRP,16,Long,-0.000419,0.0000125
1/10/2026 - 11:00:00,BCH,0.033,Long,-0.000262,0.0000125
1/10/2026 - 11:00:00,YGG,152,Short,0.00013,0.0000125
1/10/2026 - 11:00:00,TRX,140,Long,-0.000521,0.0000125
1/10/2026 - 11:00:00,BANANA,2.9,Short,0.000262,0.0000125
1/10/2026 - 11:00:00,ARK,35,Long,-0.000128,0.0000125
1/10/2026 - 11:00:00,TON,37.8,Long,-0.000821,0.0000125
1/10/2026 - 11:00:00,POLYX,176,Short,-0.006324,-0.0005477617
1/10/2026 - 11:00:00,GMT,1922,Short,-0.034283,-0.0008269438
1/10/2026 - 11:00:00,USTC,2996,Short,-0.000579,-0.0000259998
1/10/2026 - 11:00:00,CAKE,5.1,Long,-0.000127,0.0000125
1/10/2026 - 11:00:00,ETC,0.83,Long,0.000095,-0.0000091288
1/10/2026 - 11:00:00,MAVIA,194,Short,0.000611,0.0000508961
1/10/2026 - 11:00:00,STRK,369.9,Short,-0.000023,-7.779e-7
1/10/2026 - 11:00:00,TNSR,258.3,Short,-0.002162,-0.0001157652
1/10/2026 - 11:00:00,MERL,203,Short,0.000646,0.0000125
1/10/2026 - 11:00:00,EIGEN,27.48,Short,0.000088,0.0000077989
1/10/2026 - 11:00:00,REZ,3636,Short,-0.00052,-0.0000274564
1/10/2026 - 11:00:00,TURBO,5084,Short,-0.000432,-0.0000439817
1/10/2026 - 11:00:00,HMSTR,134918,Short,0.003359,0.0001012308
1/10/2026 - 11:00:00,XLM,133,Long,0.000061,-0.0000020375
1/10/2026 - 11:00:00,ALGO,165,Long,-0.000276,0.0000125
1/10/2026 - 11:00:00,ME,94.6,Short,0.000259,0.0000125
1/10/2026 - 11:00:00,MOVE,1395,Short,0.000612,0.0000125
1/10/2026 - 11:00:00,AIXBT,1051,Short,0.000491,0.0000125
1/10/2026 - 11:00:00,IP,17,Short,-0.004402,-0.0001294471
1/10/2026 - 11:00:00,PAXG,0.003,Long,-0.000169,0.0000125
1/10/2026 - 11:00:00,AVNT,117,Short,-0.024507,-0.0006562327
1/10/2026 - 11:00:00,ZEC,0.09,Short,-0.000424,-0.0000123974
1/10/2026 - 12:00:00,BTC,0.00082,Long,-0.00093,0.0000125
1/10/2026 - 12:00:00,ETH,0.0066,Long,-0.000256,0.0000125
1/10/2026 - 12:00:00,ATOM,31.27,Long,-0.001024,0.0000125
1/10/2026 - 12:00:00,SOL,0.32,Long,-0.000401,0.0000091633
1/10/2026 - 12:00:00,AVAX,0.83,Long,0.000004,-4.2e-7
1/10/2026 - 12:00:00,BNB,0.048,Long,-0.000541,0.0000125
1/10/2026 - 12:00:00,XRP,16,Long,-0.00042,0.0000125
1/10/2026 - 12:00:00,BCH,0.033,Long,-0.000264,0.0000125
1/10/2026 - 12:00:00,YGG,152,Short,0.00013,0.0000125
1/10/2026 - 12:00:00,TRX,140,Long,-0.000521,0.0000125
1/10/2026 - 12:00:00,BANANA,2.9,Short,0.000263,0.0000125
1/10/2026 - 12:00:00,ARK,35,Long,-0.000127,0.0000125
1/10/2026 - 12:00:00,TON,37.8,Long,-0.000832,0.0000125
1/10/2026 - 12:00:00,POLYX,176,Short,-0.004622,-0.0004038932
1/10/2026 - 12:00:00,GMT,1922,Short,-0.03538,-0.0008475186
1/10/2026 - 12:00:00,USTC,2996,Short,0.000274,0.0000125
1/10/2026 - 12:00:00,CAKE,5.1,Long,-0.000127,0.0000125
1/10/2026 - 12:00:00,ETC,0.83,Long,-0.000096,0.000009243
1/10/2026 - 12:00:00,MAVIA,194,Short,0.001181,0.0000985767
1/10/2026 - 12:00:00,STRK,369.9,Short,-0.001379,-0.0000447036
1/10/2026 - 12:00:00,TNSR,258.3,Short,-0.004597,-0.0002463961
1/10/2026 - 12:00:00,MERL,203,Short,0.000649,0.0000125
1/10/2026 - 12:00:00,EIGEN,27.48,Short,0.000142,0.0000125
1/10/2026 - 12:00:00,REZ,3636,Short,-0.000739,-0.0000386858
1/10/2026 - 12:00:00,TURBO,5084,Short,0.000087,0.0000088884
1/10/2026 - 12:00:00,HMSTR,134918,Short,0.000419,0.0000125
1/10/2026 - 12:00:00,XLM,133,Long,0.000004,-1.54e-7
1/10/2026 - 12:00:00,ALGO,165,Long,-0.000276,0.0000125
1/10/2026 - 12:00:00,ME,94.6,Short,0.000257,0.0000125
1/10/2026 - 12:00:00,MOVE,1395,Short,0.000612,0.0000125
1/10/2026 - 12:00:00,AIXBT,1051,Short,0.000494,0.0000125
1/10/2026 - 12:00:00,IP,17,Short,-0.003762,-0.0001103282
1/10/2026 - 12:00:00,PAXG,0.003,Long,-0.000169,0.0000125
1/10/2026 - 12:00:00,AVNT,117,Short,-0.020876,-0.0005493584
1/10/2026 - 12:00:00,ZEC,0.09,Short,0.000015,4.517e-7
1/10/2026 - 13:00:00,BTC,0.00082,Long,-0.000929,0.0000125
1/10/2026 - 13:00:00,ETH,0.0066,Long,-0.000255,0.0000125
1/10/2026 - 13:00:00,ATOM,31.27,Long,-0.001022,0.0000125
1/10/2026 - 13:00:00,SOL,0.32,Long,-0.000546,0.0000125
1/10/2026 - 13:00:00,AVAX,0.83,Long,-0.000028,0.0000024377
1/10/2026 - 13:00:00,BNB,0.048,Long,-0.00054,0.0000125
1/10/2026 - 13:00:00,XRP,16,Long,-0.00042,0.0000125
1/10/2026 - 13:00:00,BCH,0.033,Long,-0.00024,0.0000114121
1/10/2026 - 13:00:00,YGG,152,Short,0.000131,0.0000125
1/10/2026 - 13:00:00,TRX,140,Long,-0.000522,0.0000125
1/10/2026 - 13:00:00,BANANA,2.9,Short,0.000263,0.0000125
1/10/2026 - 13:00:00,ARK,35,Long,-0.000127,0.0000125
1/10/2026 - 13:00:00,TON,37.8,Long,-0.000833,0.0000125
1/10/2026 - 13:00:00,POLYX,176,Short,-0.001967,-0.0001719891
1/10/2026 - 13:00:00,GMT,1922,Short,-0.026927,-0.0006466783
1/10/2026 - 13:00:00,USTC,2996,Short,0.00027,0.0000125
1/10/2026 - 13:00:00,CAKE,5.1,Long,-0.000127,0.0000125
1/10/2026 - 13:00:00,ETC,0.83,Long,0.000027,-0.0000026307
1/10/2026 - 13:00:00,MAVIA,194,Short,0.000151,0.0000125
1/10/2026 - 13:00:00,STRK,369.9,Short,-0.002401,-0.0000774326
1/10/2026 - 13:00:00,TNSR,258.3,Short,-0.002048,-0.0001097717
1/10/2026 - 13:00:00,MERL,203,Short,0.000642,0.0000125
1/10/2026 - 13:00:00,EIGEN,27.48,Short,0.000142,0.0000125
1/10/2026 - 13:00:00,REZ,3636,Short,-0.000233,-0.000011933
1/10/2026 - 13:00:00,TURBO,5084,Short,0.000105,0.0000107427
1/10/2026 - 13:00:00,HMSTR,134918,Short,0.000426,0.0000125
1/10/2026 - 13:00:00,XLM,133,Long,-0.000379,0.0000125
1/10/2026 - 13:00:00,ALGO,165,Long,-0.000276,0.0000125
1/10/2026 - 13:00:00,ME,94.6,Short,0.000261,0.0000125
1/10/2026 - 13:00:00,MOVE,1395,Short,0.000616,0.0000125
1/10/2026 - 13:00:00,AIXBT,1051,Short,0.000495,0.0000125
1/10/2026 - 13:00:00,IP,17,Short,-0.003593,-0.000104939
1/10/2026 - 13:00:00,PAXG,0.003,Long,-0.000169,0.0000125
1/10/2026 - 13:00:00,AVNT,117,Short,-0.032011,-0.0008337827
1/10/2026 - 13:00:00,ZEC,0.09,Short,-0.000587,-0.0000170411
1/10/2026 - 14:00:00,BTC,0.00082,Long,-0.00093,0.0000125
1/10/2026 - 14:00:00,ETH,0.0066,Long,-0.000255,0.0000125
1/10/2026 - 14:00:00,ATOM,31.27,Long,-0.001037,0.0000125
1/10/2026 - 14:00:00,SOL,0.32,Long,-0.000546,0.0000125
1/10/2026 - 14:00:00,AVAX,0.83,Long,-0.000002,1.813e-7
1/10/2026 - 14:00:00,BNB,0.048,Long,-0.000539,0.0000125
1/10/2026 - 14:00:00,XRP,16,Long,-0.00042,0.0000125
1/10/2026 - 14:00:00,BCH,0.033,Long,-0.000071,0.0000033965
1/10/2026 - 14:00:00,YGG,152,Short,0.000131,0.0000125
1/10/2026 - 14:00:00,TRX,140,Long,-0.000521,0.0000125
1/10/2026 - 14:00:00,BANANA,2.9,Short,0.000265,0.0000125
1/10/2026 - 14:00:00,ARK,35,Long,-0.000127,0.0000125
1/10/2026 - 14:00:00,TON,37.8,Long,-0.000838,0.0000125
1/10/2026 - 14:00:00,POLYX,176,Short,-0.003364,-0.000292321
1/10/2026 - 14:00:00,GMT,1922,Short,-0.022771,-0.0005525308
1/10/2026 - 14:00:00,USTC,2996,Short,0.000271,0.0000125
1/10/2026 - 14:00:00,CAKE,5.1,Long,-0.000127,0.0000125
1/10/2026 - 14:00:00,ETC,0.83,Long,0.000003,-3.473e-7
1/10/2026 - 14:00:00,MAVIA,194,Short,0.000286,0.0000236551
1/10/2026 - 14:00:00,STRK,369.9,Short,-0.002076,-0.000066624
1/10/2026 - 14:00:00,TNSR,258.3,Short,-0.000877,-0.0000465232
1/10/2026 - 14:00:00,MERL,203,Short,0.000639,0.0000125
1/10/2026 - 14:00:00,EIGEN,27.48,Short,0.000143,0.0000125
1/10/2026 - 14:00:00,REZ,3636,Short,0.000191,0.0000098411
1/10/2026 - 14:00:00,TURBO,5084,Short,0.000036,0.0000037285
1/10/2026 - 14:00:00,HMSTR,134918,Short,0.000423,0.0000125
1/10/2026 - 14:00:00,XLM,133,Long,-0.00038,0.0000125
1/10/2026 - 14:00:00,ALGO,165,Long,-0.000278,0.0000125
1/10/2026 - 14:00:00,ME,94.6,Short,0.00026,0.0000125
1/10/2026 - 14:00:00,MOVE,1395,Short,0.000616,0.0000125
1/10/2026 - 14:00:00,AIXBT,1051,Short,0.000498,0.0000125
1/10/2026 - 14:00:00,IP,17,Short,-0.00301,-0.0000881735
1/10/2026 - 14:00:00,PAXG,0.003,Long,-0.000169,0.0000125
1/10/2026 - 14:00:00,AVNT,117,Short,-0.026015,-0.0006761486
1/10/2026 - 14:00:00,ZEC,0.09,Short,0.000046,0.0000013243
1/10/2026 - 15:00:00,BTC,0.00082,Long,-0.000929,0.0000125
1/10/2026 - 15:00:00,ETH,0.0066,Long,-0.000255,0.0000125
1/10/2026 - 15:00:00,ATOM,31.27,Long,-0.00091,0.0000112324
1/10/2026 - 15:00:00,SOL,0.32,Long,-0.000545,0.0000125
1/10/2026 - 15:00:00,AVAX,0.83,Long,-0.000022,0.0000019179
1/10/2026 - 15:00:00,BNB,0.048,Long,-0.000541,0.0000125
1/10/2026 - 15:00:00,XRP,16,Long,-0.000418,0.0000125
1/10/2026 - 15:00:00,BCH,0.033,Long,-0.000132,0.0000062857
1/10/2026 - 15:00:00,YGG,152,Short,0.00013,0.0000125
1/10/2026 - 15:00:00,TRX,140,Long,-0.000521,0.0000125
1/10/2026 - 15:00:00,BANANA,2.9,Short,0.000264,0.0000125
1/10/2026 - 15:00:00,ARK,35,Long,-0.000127,0.0000125
1/10/2026 - 15:00:00,TON,37.8,Long,-0.000843,0.0000125
1/10/2026 - 15:00:00,POLYX,176,Short,-0.002588,-0.0002265483
1/10/2026 - 15:00:00,GMT,1922,Short,-0.027109,-0.0006633186
1/10/2026 - 15:00:00,USTC,2996,Short,0.000268,0.0000125
1/10/2026 - 15:00:00,CAKE,5.1,Long,-0.000127,0.0000125
1/10/2026 - 15:00:00,ETC,0.83,Long,-0.000072,0.0000068599
1/10/2026 - 15:00:00,MAVIA,194,Short,0.000188,0.0000155151
1/10/2026 - 15:00:00,STRK,369.9,Short,-0.001233,-0.0000398583
1/10/2026 - 15:00:00,TNSR,258.3,Short,0.000234,0.0000125
1/10/2026 - 15:00:00,MERL,203,Short,0.000642,0.0000125
1/10/2026 - 15:00:00,EIGEN,27.48,Short,0.000142,0.0000125
1/10/2026 - 15:00:00,REZ,3636,Short,-0.000484,-0.000025065
1/10/2026 - 15:00:00,TURBO,5084,Short,-0.000245,-0.0000247193
1/10/2026 - 15:00:00,HMSTR,134918,Short,0.000418,0.0000125
1/10/2026 - 15:00:00,XLM,133,Long,-0.00038,0.0000125
1/10/2026 - 15:00:00,ALGO,165,Long,-0.000277,0.0000125
1/10/2026 - 15:00:00,ME,94.6,Short,0.000262,0.0000125
1/10/2026 - 15:00:00,MOVE,1395,Short,0.000613,0.0000125
1/10/2026 - 15:00:00,AIXBT,1051,Short,0.000496,0.0000125
1/10/2026 - 15:00:00,IP,17,Short,-0.003197,-0.0000939369
1/10/2026 - 15:00:00,PAXG,0.003,Long,-0.000169,0.0000125
1/10/2026 - 15:00:00,AVNT,117,Short,-0.025827,-0.0006731182
1/10/2026 - 15:00:00,ZEC,0.09,Short,-0.000116,-0.0000033468
1/10/2026 - 16:00:00,BTC,0.00082,Long,-0.000928,0.0000125
1/10/2026 - 16:00:00,ETH,0.0066,Long,-0.000255,0.0000125
1/10/2026 - 16:00:00,ATOM,31.27,Long,-0.001016,0.0000125
1/10/2026 - 16:00:00,SOL,0.32,Long,-0.000544,0.0000125
1/10/2026 - 16:00:00,AVAX,0.83,Long,-0.000096,0.0000084529
1/10/2026 - 16:00:00,BNB,0.048,Long,-0.000543,0.0000125
1/10/2026 - 16:00:00,XRP,16,Long,-0.000418,0.0000125
1/10/2026 - 16:00:00,BCH,0.033,Long,-0.000263,0.0000125
1/10/2026 - 16:00:00,YGG,152,Short,0.00013,0.0000125
1/10/2026 - 16:00:00,TRX,140,Long,-0.000522,0.0000125
1/10/2026 - 16:00:00,BANANA,2.9,Short,0.000264,0.0000125
1/10/2026 - 16:00:00,ARK,35,Long,-0.000127,0.0000125
1/10/2026 - 16:00:00,TON,37.8,Long,-0.000836,0.0000125
1/10/2026 - 16:00:00,POLYX,176,Short,-0.002659,-0.0002331876
1/10/2026 - 16:00:00,GMT,1922,Short,-0.03974,-0.0009666439
1/10/2026 - 16:00:00,USTC,2996,Short,0.00027,0.0000125
1/10/2026 - 16:00:00,CAKE,5.1,Long,-0.000127,0.0000125
1/10/2026 - 16:00:00,ETC,0.83,Long,-0.000131,0.0000125
1/10/2026 - 16:00:00,MAVIA,194,Short,0.000529,0.0000439163
1/10/2026 - 16:00:00,STRK,369.9,Short,0.000382,0.0000125
1/10/2026 - 16:00:00,TNSR,258.3,Short,-0.000336,-0.0000180517
1/10/2026 - 16:00:00,MERL,203,Short,0.000645,0.0000125
1/10/2026 - 16:00:00,EIGEN,27.48,Short,0.000141,0.0000125
1/10/2026 - 16:00:00,REZ,3636,Short,0.000025,0.0000013258
1/10/2026 - 16:00:00,TURBO,5084,Short,0.000065,0.0000066544
1/10/2026 - 16:00:00,HMSTR,134918,Short,0.000421,0.0000125
1/10/2026 - 16:00:00,XLM,133,Long,-0.000377,0.0000125
1/10/2026 - 16:00:00,ALGO,165,Long,-0.000277,0.0000125
1/10/2026 - 16:00:00,ME,94.6,Short,0.000266,0.0000125
1/10/2026 - 16:00:00,MOVE,1395,Short,0.000612,0.0000125
1/10/2026 - 16:00:00,AIXBT,1051,Short,0.000495,0.0000125
1/10/2026 - 16:00:00,IP,17,Short,-0.004049,-0.0001189192
1/10/2026 - 16:00:00,PAXG,0.003,Long,-0.000169,0.0000125
1/10/2026 - 16:00:00,AVNT,117,Short,-0.024978,-0.0006535872
1/10/2026 - 16:00:00,ZEC,0.09,Short,-0.000461,-0.0000135556
1/10/2026 - 17:00:00,BTC,0.00082,Long,-0.000929,0.0000125
1/10/2026 - 17:00:00,ETH,0.0066,Long,-0.000255,0.0000125
1/10/2026 - 17:00:00,ATOM,31.27,Long,0.00022,-0.0000027161
1/10/2026 - 17:00:00,SOL,0.32,Long,-0.000545,0.0000125
1/10/2026 - 17:00:00,AVAX,0.83,Long,-0.000143,0.0000125
1/10/2026 - 17:00:00,BNB,0.048,Long,-0.000545,0.0000125
1/10/2026 - 17:00:00,XRP,16,Long,-0.000418,0.0000125
1/10/2026 - 17:00:00,BCH,0.033,Long,-0.000263,0.0000125
1/10/2026 - 17:00:00,YGG,152,Short,0.00013,0.0000125
1/10/2026 - 17:00:00,TRX,140,Long,-0.000523,0.0000125
1/10/2026 - 17:00:00,BANANA,2.9,Short,0.000263,0.0000125
1/10/2026 - 17:00:00,ARK,35,Long,-0.000127,0.0000125
1/10/2026 - 17:00:00,TON,37.8,Long,-0.000833,0.0000125
1/10/2026 - 17:00:00,POLYX,176,Short,-0.002173,-0.0001926444
1/10/2026 - 17:00:00,GMT,1922,Short,-0.028302,-0.0006936207
1/10/2026 - 17:00:00,USTC,2996,Short,0.000268,0.0000125
1/10/2026 - 17:00:00,CAKE,5.1,Long,-0.000129,0.0000125
1/10/2026 - 17:00:00,ETC,0.83,Long,-0.000131,0.0000125
1/10/2026 - 17:00:00,MAVIA,194,Short,0.00069,0.0000576926
1/10/2026 - 17:00:00,STRK,369.9,Short,0.000383,0.0000125
1/10/2026 - 17:00:00,TNSR,258.3,Short,-0.001352,-0.0000725119
1/10/2026 - 17:00:00,MERL,203,Short,0.000646,0.0000125
1/10/2026 - 17:00:00,EIGEN,27.48,Short,0.000141,0.0000125
1/10/2026 - 17:00:00,REZ,3636,Short,-0.000263,-0.0000132445
1/10/2026 - 17:00:00,TURBO,5084,Short,-0.000329,-0.0000330566
1/10/2026 - 17:00:00,HMSTR,134918,Short,0.000423,0.0000125
1/10/2026 - 17:00:00,XLM,133,Long,-0.000377,0.0000125
1/10/2026 - 17:00:00,ALGO,165,Long,-0.000277,0.0000125
1/10/2026 - 17:00:00,ME,94.6,Short,0.000262,0.0000125
1/10/2026 - 17:00:00,MOVE,1395,Short,0.000613,0.0000125
1/10/2026 - 17:00:00,AIXBT,1051,Short,0.000491,0.0000125
1/10/2026 - 17:00:00,IP,17,Short,-0.003823,-0.0001122052
1/10/2026 - 17:00:00,PAXG,0.003,Long,-0.000169,0.0000125
1/10/2026 - 17:00:00,AVNT,117,Short,-0.024043,-0.0006332847
1/10/2026 - 17:00:00,ZEC,0.09,Short,0.000428,0.0000125
1/10/2026 - 18:00:00,BTC,0.00082,Long,-0.000929,0.0000125
1/10/2026 - 18:00:00,ETH,0.0066,Long,-0.000255,0.0000125
1/10/2026 - 18:00:00,ATOM,31.27,Long,-0.000001,1.66e-8
1/10/2026 - 18:00:00,SOL,0.32,Long,-0.000535,0.0000122619
1/10/2026 - 18:00:00,AVAX,0.83,Long,-0.000143,0.0000125
1/10/2026 - 18:00:00,BNB,0.048,Long,-0.000545,0.0000125
1/10/2026 - 18:00:00,XRP,16,Long,-0.000418,0.0000125
1/10/2026 - 18:00:00,BCH,0.033,Long,-0.000264,0.0000125
1/10/2026 - 18:00:00,YGG,152,Short,0.00013,0.0000125
1/10/2026 - 18:00:00,TRX,140,Long,-0.000523,0.0000125
1/10/2026 - 18:00:00,BANANA,2.9,Short,0.000262,0.0000125
1/10/2026 - 18:00:00,ARK,35,Long,-0.000126,0.0000125
1/10/2026 - 18:00:00,TON,37.8,Long,-0.000833,0.0000125
1/10/2026 - 18:00:00,POLYX,176,Short,-0.002656,-0.0002351199
1/10/2026 - 18:00:00,GMT,1922,Short,-0.063372,-0.0014673745
1/10/2026 - 18:00:00,USTC,2996,Short,0.000267,0.0000125
1/10/2026 - 18:00:00,CAKE,5.1,Long,-0.00013,0.0000125
1/10/2026 - 18:00:00,ETC,0.83,Long,-0.00013,0.0000125
1/10/2026 - 18:00:00,MAVIA,194,Short,0.000588,0.0000494128
1/10/2026 - 18:00:00,STRK,369.9,Short,0.000314,0.0000103146
1/10/2026 - 18:00:00,TNSR,258.3,Short,-0.001938,-0.0001037298
1/10/2026 - 18:00:00,MERL,203,Short,0.000649,0.0000125
1/10/2026 - 18:00:00,EIGEN,27.48,Short,-0.000158,-0.0000141059
1/10/2026 - 18:00:00,REZ,3636,Short,-0.007755,-0.0003755223
1/10/2026 - 18:00:00,TURBO,5084,Short,0.000094,0.0000095933
1/10/2026 - 18:00:00,HMSTR,134918,Short,0.000424,0.0000125
1/10/2026 - 18:00:00,XLM,133,Long,-0.000377,0.0000125
1/10/2026 - 18:00:00,ALGO,165,Long,-0.000275,0.0000125
1/10/2026 - 18:00:00,ME,94.6,Short,0.00026,0.0000125
1/10/2026 - 18:00:00,MOVE,1395,Short,0.000613,0.0000125
1/10/2026 - 18:00:00,AIXBT,1051,Short,0.00049,0.0000125
1/10/2026 - 18:00:00,IP,17,Short,-0.00428,-0.0001258769
1/10/2026 - 18:00:00,PAXG,0.003,Long,-0.000169,0.0000125
1/10/2026 - 18:00:00,AVNT,117,Short,-0.018954,-0.000500788
1/10/2026 - 18:00:00,ZEC,0.09,Short,0.000428,0.0000125
1/10/2026 - 19:00:00,BTC,0.00082,Long,-0.000928,0.0000125
1/10/2026 - 19:00:00,ETH,0.0066,Long,-0.000255,0.0000125
1/10/2026 - 19:00:00,ATOM,31.27,Long,-0.001008,0.0000125
1/10/2026 - 19:00:00,SOL,0.32,Long,-0.000544,0.0000125
1/10/2026 - 19:00:00,AVAX,0.83,Long,-0.000143,0.0000125
1/10/2026 - 19:00:00,BNB,0.048,Long,-0.000544,0.0000125
1/10/2026 - 19:00:00,XRP,16,Long,-0.000418,0.0000125
1/10/2026 - 19:00:00,BCH,0.033,Long,-0.000264,0.0000125
1/10/2026 - 19:00:00,YGG,152,Short,0.00013,0.0000125
1/10/2026 - 19:00:00,TRX,140,Long,-0.000524,0.0000125
1/10/2026 - 19:00:00,BANANA,2.9,Short,0.00026,0.0000125
1/10/2026 - 19:00:00,ARK,35,Long,-0.000126,0.0000125
1/10/2026 - 19:00:00,TON,37.8,Long,-0.000829,0.0000125
1/10/2026 - 19:00:00,POLYX,176,Short,-0.003104,-0.0002747384
1/10/2026 - 19:00:00,GMT,1342,Short,-0.030203,-0.0010041679
1/10/2026 - 19:00:00,USTC,2996,Short,0.000265,0.0000125
1/10/2026 - 19:00:00,CAKE,5.1,Long,-0.00013,0.0000125
1/10/2026 - 19:00:00,ETC,0.83,Long,-0.00013,0.0000125
1/10/2026 - 19:00:00,MAVIA,194,Short,0.000747,0.0000632939
1/10/2026 - 19:00:00,STRK,369.9,Short,0.00023,0.0000075973
1/10/2026 - 19:00:00,TNSR,258.3,Short,-0.002409,-0.0001294639
1/10/2026 - 19:00:00,MERL,203,Short,0.000645,0.0000125
1/10/2026 - 19:00:00,EIGEN,27.48,Short,-0.000099,-0.0000088709
1/10/2026 - 19:00:00,REZ,3636,Short,-0.007304,-0.0003613046
1/10/2026 - 19:00:00,TURBO,5084,Short,0.000096,0.0000098168
1/10/2026 - 19:00:00,HMSTR,134918,Short,0.000426,0.0000125
1/10/2026 - 19:00:00,XLM,133,Long,-0.000375,0.0000125
1/10/2026 - 19:00:00,ALGO,165,Long,-0.000274,0.0000125
1/10/2026 - 19:00:00,ME,94.6,Short,0.000259,0.0000125
1/10/2026 - 19:00:00,MOVE,1395,Short,0.000605,0.0000125
1/10/2026 - 19:00:00,AIXBT,1051,Short,0.000485,0.0000125
1/10/2026 - 19:00:00,IP,17,Short,-0.003594,-0.0001057924
1/10/2026 - 19:00:00,PAXG,0.003,Long,-0.000169,0.0000125
1/10/2026 - 19:00:00,AVNT,117,Short,-0.019059,-0.0005059731
1/10/2026 - 19:00:00,ZEC,0.09,Short,0.000407,0.0000123302
1/10/2026 - 20:00:00,BTC,0.00082,Long,-0.000928,0.0000125
1/10/2026 - 20:00:00,ETH,0.0066,Long,-0.000255,0.0000125
1/10/2026 - 20:00:00,ATOM,35.16,Long,-0.001138,0.0000125
1/10/2026 - 20:00:00,SOL,0.32,Long,-0.000544,0.0000125
1/10/2026 - 20:00:00,AVAX,0.83,Long,-0.00004,0.0000035675
1/10/2026 - 20:00:00,BNB,0.06,Long,-0.000684,0.0000125
1/10/2026 - 20:00:00,XRP,16,Long,-0.000419,0.0000125
1/10/2026 - 20:00:00,BCH,0.033,Long,-0.000264,0.0000125
1/10/2026 - 20:00:00,YGG,152,Short,0.000131,0.0000125
1/10/2026 - 20:00:00,TRX,174,Long,-0.000651,0.0000125
1/10/2026 - 20:00:00,BANANA,2.9,Short,0.000262,0.0000125
1/10/2026 - 20:00:00,ARK,35,Long,-0.000126,0.0000125
1/10/2026 - 20:00:00,TON,37.8,Long,-0.000825,0.0000125
1/10/2026 - 20:00:00,POLYX,176,Short,-0.003622,-0.0003200958
1/10/2026 - 20:00:00,GMT,1342,Short,-0.013677,-0.0004657915
1/10/2026 - 20:00:00,USTC,2996,Short,0.000266,0.0000125
1/10/2026 - 20:00:00,CAKE,5.1,Long,-0.000132,0.0000125
1/10/2026 - 20:00:00,ETC,0.83,Long,-0.00013,0.0000125
1/10/2026 - 20:00:00,MAVIA,194,Short,0.000148,0.0000125
1/10/2026 - 20:00:00,STRK,369.9,Short,0.000088,0.0000028963
1/10/2026 - 20:00:00,TNSR,258.3,Short,-0.003104,-0.0001647529
1/10/2026 - 20:00:00,MERL,203,Short,0.000642,0.0000125
1/10/2026 - 20:00:00,EIGEN,27.48,Short,-0.000018,-0.0000016733
1/10/2026 - 20:00:00,REZ,3636,Short,-0.002861,-0.000138542
1/10/2026 - 20:00:00,TURBO,5084,Short,0.000123,0.0000125
1/10/2026 - 20:00:00,HMSTR,134918,Short,0.00043,0.0000125
1/10/2026 - 20:00:00,XLM,133,Long,-0.000371,0.0000123373
1/10/2026 - 20:00:00,ALGO,165,Long,-0.000276,0.0000125
1/10/2026 - 20:00:00,ME,140.2,Short,0.000386,0.0000125
1/10/2026 - 20:00:00,MOVE,1395,Short,0.000607,0.0000125
1/10/2026 - 20:00:00,AIXBT,1051,Short,0.000487,0.0000125
1/10/2026 - 20:00:00,IP,22.1,Short,-0.00405,-0.0000911005
1/10/2026 - 20:00:00,PAXG,0.003,Long,-0.000169,0.0000125
1/10/2026 - 20:00:00,AVNT,117,Short,-0.02354,-0.0006117645
1/10/2026 - 20:00:00,ZEC,0.12,Short,0.000564,0.0000125
1/10/2026 - 21:00:00,BTC,0.00082,Long,-0.000928,0.0000125
1/10/2026 - 21:00:00,ETH,0.0066,Long,-0.000255,0.0000125
1/10/2026 - 21:00:00,ATOM,35.16,Long,-0.000768,0.0000084433
1/10/2026 - 21:00:00,SOL,0.32,Long,-0.000544,0.0000125
1/10/2026 - 21:00:00,AVAX,0.83,Long,-0.000143,0.0000125
1/10/2026 - 21:00:00,BNB,0.06,Long,-0.000685,0.0000125
1/10/2026 - 21:00:00,XRP,16,Long,-0.000361,0.000010773
1/10/2026 - 21:00:00,BCH,0.033,Long,-0.000264,0.0000125
1/10/2026 - 21:00:00,YGG,152,Short,0.000133,0.0000125
1/10/2026 - 21:00:00,TRX,174,Long,-0.000651,0.0000125
1/10/2026 - 21:00:00,BANANA,2.9,Short,0.000264,0.0000125
1/10/2026 - 21:00:00,ARK,35,Long,-0.000126,0.0000125
1/10/2026 - 21:00:00,TON,37.8,Long,-0.000827,0.0000125
1/10/2026 - 21:00:00,POLYX,176,Short,-0.003972,-0.000349968
1/10/2026 - 21:00:00,GMT,1342,Short,-0.013024,-0.0004510808
1/10/2026 - 21:00:00,USTC,2996,Short,-0.000972,-0.0000451128
1/10/2026 - 21:00:00,CAKE,5.1,Long,-0.000132,0.0000125
1/10/2026 - 21:00:00,ETC,0.83,Long,-0.000076,0.0000072894
1/10/2026 - 21:00:00,MAVIA,194,Short,0.00015,0.0000125
1/10/2026 - 21:00:00,STRK,369.9,Short,-0.000333,-0.0000108455
1/10/2026 - 21:00:00,TNSR,258.3,Short,-0.001518,-0.0000807029
1/10/2026 - 21:00:00,MERL,203,Short,0.000649,0.0000125
1/10/2026 - 21:00:00,EIGEN,27.48,Short,-0.00002,-0.0000018155
1/10/2026 - 21:00:00,REZ,3636,Short,-0.001889,-0.0000934229
1/10/2026 - 21:00:00,TURBO,5084,Short,0.000008,8.066e-7
1/10/2026 - 21:00:00,HMSTR,134918,Short,0.000438,0.0000125
1/10/2026 - 21:00:00,XLM,133,Long,-0.000378,0.0000125
1/10/2026 - 21:00:00,ALGO,165,Long,-0.000278,0.0000125
1/10/2026 - 21:00:00,ME,140.2,Short,0.000386,0.0000125
1/10/2026 - 21:00:00,MOVE,1395,Short,0.000609,0.0000125
1/10/2026 - 21:00:00,AIXBT,1051,Short,0.000491,0.0000125
1/10/2026 - 21:00:00,IP,22.1,Short,-0.003709,-0.0000832771
1/10/2026 - 21:00:00,PAXG,0.003,Long,-0.000169,0.0000125
1/10/2026 - 21:00:00,AVNT,117,Short,-0.024238,-0.0006247389
1/10/2026 - 21:00:00,ZEC,0.12,Short,0.000566,0.0000125
1/10/2026 - 22:00:00,BTC,0.00082,Long,-0.000928,0.0000125
1/10/2026 - 22:00:00,ETH,0.0066,Long,-0.000254,0.0000125
1/10/2026 - 22:00:00,ATOM,35.16,Long,-0.001131,0.0000125
1/10/2026 - 22:00:00,SOL,0.32,Long,-0.000544,0.0000125
1/10/2026 - 22:00:00,AVAX,0.83,Long,-0.000025,0.0000022605
1/10/2026 - 22:00:00,BNB,0.06,Long,-0.000682,0.0000125
1/10/2026 - 22:00:00,XRP,16,Long,-0.000204,0.0000061017
1/10/2026 - 22:00:00,BCH,0.033,Long,-0.000265,0.0000125
1/10/2026 - 22:00:00,YGG,152,Short,0.000132,0.0000125
1/10/2026 - 22:00:00,TRX,174,Long,-0.000653,0.0000125
1/10/2026 - 22:00:00,BANANA,2.9,Short,0.000263,0.0000125
1/10/2026 - 22:00:00,ARK,35,Long,-0.000126,0.0000125
1/10/2026 - 22:00:00,TON,37.8,Long,-0.000827,0.0000125
1/10/2026 - 22:00:00,POLYX,176,Short,-0.004597,-0.0004056071
1/10/2026 - 22:00:00,GMT,1342,Short,-0.017568,-0.0006057929
1/10/2026 - 22:00:00,USTC,2996,Short,-0.000572,-0.000026461
1/10/2026 - 22:00:00,CAKE,5.1,Long,-0.000131,0.0000125
1/10/2026 - 22:00:00,ETC,0.83,Long,-0.000131,0.0000125
1/10/2026 - 22:00:00,MAVIA,194,Short,0.000149,0.0000125
1/10/2026 - 22:00:00,STRK,369.9,Short,0.000363,0.0000119075
1/10/2026 - 22:00:00,TNSR,258.3,Short,-0.003473,-0.0001859061
1/10/2026 - 22:00:00,MERL,203,Short,0.000651,0.0000125
1/10/2026 - 22:00:00,EIGEN,27.48,Short,-0.000009,-8.058e-7
1/10/2026 - 22:00:00,REZ,3636,Short,-0.000349,-0.0000174065
1/10/2026 - 22:00:00,TURBO,5084,Short,0.000123,0.0000125
1/10/2026 - 22:00:00,HMSTR,134918,Short,0.00044,0.0000125
1/10/2026 - 22:00:00,XLM,133,Long,-0.000372,0.0000123246
1/10/2026 - 22:00:00,ALGO,165,Long,-0.000278,0.0000125
1/10/2026 - 22:00:00,ME,140.2,Short,0.000384,0.0000125
1/10/2026 - 22:00:00,MOVE,1395,Short,0.000606,0.0000125
1/10/2026 - 22:00:00,AIXBT,1051,Short,0.000488,0.0000125
1/10/2026 - 22:00:00,IP,22.1,Short,-0.000578,-0.0000130181
1/10/2026 - 22:00:00,PAXG,0.003,Long,-0.000169,0.0000125
1/10/2026 - 22:00:00,AVNT,117,Short,-0.021776,-0.0005680126
1/10/2026 - 22:00:00,ZEC,0.12,Short,0.000563,0.0000125
1/10/2026 - 23:00:00,BTC,0.00082,Long,-0.000927,0.0000125
1/10/2026 - 23:00:00,ETH,0.0066,Long,-0.000254,0.0000125
1/10/2026 - 23:00:00,ATOM,35.16,Long,-0.00113,0.0000125
1/10/2026 - 23:00:00,SOL,0.32,Long,-0.000543,0.0000125
1/10/2026 - 23:00:00,AVAX,0.83,Long,-0.000045,0.00000396
1/10/2026 - 23:00:00,BNB,0.06,Long,-0.000678,0.0000125
1/10/2026 - 23:00:00,XRP,16,Long,-0.000273,0.0000081786
1/10/2026 - 23:00:00,BCH,0.033,Long,-0.000268,0.0000125
1/10/2026 - 23:00:00,YGG,152,Short,0.000131,0.0000125
1/10/2026 - 23:00:00,TRX,174,Long,-0.000652,0.0000125
1/10/2026 - 23:00:00,BANANA,2.9,Short,0.000262,0.0000125
1/10/2026 - 23:00:00,ARK,35,Long,-0.000126,0.0000125
1/10/2026 - 23:00:00,TON,37.8,Long,-0.000821,0.0000125
1/10/2026 - 23:00:00,POLYX,176,Short,-0.004714,-0.0004173083
1/10/2026 - 23:00:00,GMT,1342,Short,-0.013819,-0.0004784527
1/10/2026 - 23:00:00,USTC,2996,Short,0.000266,0.0000125
1/10/2026 - 23:00:00,CAKE,5.1,Long,-0.00013,0.0000125
1/10/2026 - 23:00:00,ETC,0.83,Long,-0.00013,0.0000125
1/10/2026 - 23:00:00,MAVIA,194,Short,0.000147,0.0000125
1/10/2026 - 23:00:00,STRK,369.9,Short,0.000379,0.0000125
1/10/2026 - 23:00:00,TNSR,258.3,Short,-0.002792,-0.0001502879
1/10/2026 - 23:00:00,MERL,203,Short,0.000652,0.0000125
1/10/2026 - 23:00:00,EIGEN,27.48,Short,0.000103,0.0000092303
1/10/2026 - 23:00:00,REZ,3636,Short,-0.000396,-0.0000195993
1/10/2026 - 23:00:00,TURBO,5084,Short,0.000121,0.0000125
1/10/2026 - 23:00:00,HMSTR,134918,Short,0.00044,0.0000125
1/10/2026 - 23:00:00,XLM,133,Long,-0.000376,0.0000125
1/10/2026 - 23:00:00,ALGO,165,Long,-0.000276,0.0000125
1/10/2026 - 23:00:00,ME,140.2,Short,0.000383,0.0000125
1/10/2026 - 23:00:00,MOVE,1395,Short,0.000602,0.0000125
1/10/2026 - 23:00:00,AIXBT,1051,Short,0.000483,0.0000125
1/10/2026 - 23:00:00,IP,22.1,Short,-0.002131,-0.0000480184
1/10/2026 - 23:00:00,PAXG,0.003,Long,-0.000169,0.0000125
1/10/2026 - 23:00:00,AVNT,117,Short,-0.020461,-0.000538433
1/10/2026 - 23:00:00,ZEC,0.12,Short,0.000558,0.0000125
1/11/2026 - 00:00:00,BTC,0.00082,Long,-0.000926,0.0000125
1/11/2026 - 00:00:00,ETH,0.0066,Long,-0.000254,0.0000125
1/11/2026 - 00:00:00,ATOM,35.16,Long,-0.001122,0.0000125
1/11/2026 - 00:00:00,SOL,0.32,Long,-0.000433,0.0000099866
1/11/2026 - 00:00:00,AVAX,0.83,Long,0.000162,-0.0000142678
1/11/2026 - 00:00:00,BNB,0.06,Long,-0.000677,0.0000125
1/11/2026 - 00:00:00,XRP,16,Long,-0.00041,0.0000122978
1/11/2026 - 00:00:00,BCH,0.033,Long,-0.000158,0.0000074461
1/11/2026 - 00:00:00,YGG,152,Short,0.000129,0.0000125
1/11/2026 - 00:00:00,TRX,174,Long,-0.000655,0.0000125
1/11/2026 - 00:00:00,BANANA,2.9,Short,0.00026,0.0000125
1/11/2026 - 00:00:00,ARK,35,Long,-0.000125,0.0000125
1/11/2026 - 00:00:00,TON,37.8,Long,-0.00082,0.0000125
1/11/2026 - 00:00:00,POLYX,176,Short,-0.004148,-0.0003711928
1/11/2026 - 00:00:00,GMT,1342,Short,-0.017998,-0.0006314227
1/11/2026 - 00:00:00,USTC,2996,Short,0.000264,0.0000125
1/11/2026 - 00:00:00,CAKE,5.1,Long,-0.00013,0.0000125
1/11/2026 - 00:00:00,ETC,0.83,Long,-0.000059,0.0000057549
1/11/2026 - 00:00:00,MAVIA,194,Short,0.000145,0.0000125
1/11/2026 - 00:00:00,STRK,369.9,Short,0.000048,0.0000016085
1/11/2026 - 00:00:00,TNSR,258.3,Short,-0.004648,-0.0002545343
1/11/2026 - 00:00:00,MERL,203,Short,0.000646,0.0000125
1/11/2026 - 00:00:00,EIGEN,27.48,Short,0.000106,0.0000096165
1/11/2026 - 00:00:00,REZ,3636,Short,-0.001744,-0.0000896634
1/11/2026 - 00:00:00,TURBO,5084,Short,0.00012,0.0000125
1/11/2026 - 00:00:00,HMSTR,134918,Short,0.000435,0.0000125
1/11/2026 - 00:00:00,XLM,133,Long,-0.000254,0.0000084909
1/11/2026 - 00:00:00,ALGO,165,Long,-0.000274,0.0000125
1/11/2026 - 00:00:00,ME,140.2,Short,0.000378,0.0000125
1/11/2026 - 00:00:00,MOVE,1395,Short,0.000598,0.0000125
1/11/2026 - 00:00:00,AIXBT,1051,Short,0.000477,0.0000125
1/11/2026 - 00:00:00,IP,22.1,Short,-0.00408,-0.000091943
1/11/2026 - 00:00:00,PAXG,0.003,Long,-0.000169,0.0000125
1/11/2026 - 00:00:00,AVNT,117,Short,-0.021142,-0.0005548315
1/11/2026 - 00:00:00,ZEC,0.12,Short,0.000553,0.0000125
1/11/2026 - 01:00:00,BTC,0.00082,Long,-0.000927,0.0000125
1/11/2026 - 01:00:00,ETH,0.0066,Long,-0.000254,0.0000125
1/11/2026 - 01:00:00,ATOM,35.16,Long,0.001397,-0.0000154688
1/11/2026 - 01:00:00,SOL,0.32,Long,-0.000543,0.0000125
1/11/2026 - 01:00:00,AVAX,0.83,Long,0.000101,-0.0000088721
1/11/2026 - 01:00:00,BNB,0.06,Long,-0.000681,0.0000125
1/11/2026 - 01:00:00,XRP,16,Long,-0.000291,0.000008698
1/11/2026 - 01:00:00,BCH,0.033,Long,-0.000005,2.429e-7
1/11/2026 - 01:00:00,YGG,152,Short,0.00013,0.0000125
1/11/2026 - 01:00:00,TRX,174,Long,-0.000657,0.0000125
1/11/2026 - 01:00:00,BANANA,2.9,Short,0.000262,0.0000125
1/11/2026 - 01:00:00,ARK,35,Long,-0.000126,0.0000125
1/11/2026 - 01:00:00,TON,37.8,Long,-0.000822,0.0000125
1/11/2026 - 01:00:00,POLYX,176,Short,-0.00502,-0.0004436137
1/11/2026 - 01:00:00,GMT,1342,Short,-0.03494,-0.0011798144
1/11/2026 - 01:00:00,USTC,2996,Short,0.000266,0.0000125
1/11/2026 - 01:00:00,CAKE,5.1,Long,-0.00013,0.0000125
1/11/2026 - 01:00:00,ETC,0.83,Long,0.000178,-0.0000171228
1/11/2026 - 01:00:00,MAVIA,194,Short,0.000147,0.0000125
1/11/2026 - 01:00:00,STRK,369.9,Short,0.00003,0.0000010139
1/11/2026 - 01:00:00,TNSR,258.3,Short,-0.005324,-0.0002889286
1/11/2026 - 01:00:00,MERL,203,Short,0.000648,0.0000125
1/11/2026 - 01:00:00,EIGEN,27.48,Short,0.000008,7.9e-7
1/11/2026 - 01:00:00,REZ,3636,Short,-0.0045,-0.0002301258
1/11/2026 - 01:00:00,TURBO,5084,Short,-0.000311,-0.0000321534
1/11/2026 - 01:00:00,HMSTR,134918,Short,0.000435,0.0000125
1/11/2026 - 01:00:00,XLM,133,Long,-0.000074,0.0000024803
1/11/2026 - 01:00:00,ALGO,165,Long,-0.000275,0.0000125
1/11/2026 - 01:00:00,ME,140.2,Short,0.000382,0.0000125
1/11/2026 - 01:00:00,MOVE,1395,Short,0.000604,0.0000125
1/11/2026 - 01:00:00,AIXBT,1051,Short,0.000481,0.0000125
1/11/2026 - 01:00:00,IP,22.1,Short,-0.004399,-0.0000990354
1/11/2026 - 01:00:00,PAXG,0.003,Long,-0.000169,0.0000125
1/11/2026 - 01:00:00,AVNT,117,Short,-0.02494,-0.0006479269
1/11/2026 - 01:00:00,ZEC,0.12,Short,0.000563,0.0000125
1/11/2026 - 02:00:00,BTC,0.00082,Long,-0.000929,0.0000125
1/11/2026 - 02:00:00,ETH,0.0066,Long,-0.000255,0.0000125
1/11/2026 - 02:00:00,ATOM,35.16,Long,-0.001129,0.0000125
1/11/2026 - 02:00:00,SOL,0.32,Long,-0.000545,0.0000125
1/11/2026 - 02:00:00,AVAX,0.83,Long,0.000164,-0.0000144322
1/11/2026 - 02:00:00,BNB,0.06,Long,-0.000679,0.0000125
1/11/2026 - 02:00:00,XRP,16,Long,-0.000305,0.0000091414
1/11/2026 - 02:00:00,BCH,0.033,Long,-0.000079,0.0000037232
1/11/2026 - 02:00:00,YGG,152,Short,0.00013,0.0000125
1/11/2026 - 02:00:00,TRX,174,Long,-0.000659,0.0000125
1/11/2026 - 02:00:00,BANANA,2.9,Short,0.000262,0.0000125
1/11/2026 - 02:00:00,ARK,35,Long,-0.000125,0.0000125
1/11/2026 - 02:00:00,TON,37.8,Long,-0.000825,0.0000125
1/11/2026 - 02:00:00,POLYX,176,Short,-0.018479,-0.0015560989
1/11/2026 - 02:00:00,GMT,1342,Short,-0.046411,-0.0015856788
1/11/2026 - 02:00:00,USTC,2996,Short,0.000267,0.0000125
1/11/2026 - 02:00:00,CAKE,5.1,Long,-0.000129,0.0000125
1/11/2026 - 02:00:00,ETC,0.83,Long,-0.000065,0.0000063053
1/11/2026 - 02:00:00,MAVIA,194,Short,0.000147,0.0000125
1/11/2026 - 02:00:00,STRK,369.9,Short,0.00037,0.0000122459
1/11/2026 - 02:00:00,TNSR,258.3,Short,-0.002372,-0.0001283785
1/11/2026 - 02:00:00,MERL,203,Short,0.000645,0.0000125
1/11/2026 - 02:00:00,EIGEN,27.48,Short,-0.000101,-0.0000091078
1/11/2026 - 02:00:00,REZ,3636,Short,-0.00549,-0.0002801992
1/11/2026 - 02:00:00,TURBO,5084,Short,0.000093,0.0000096617
1/11/2026 - 02:00:00,HMSTR,134918,Short,0.000433,0.0000125
1/11/2026 - 02:00:00,XLM,133,Long,-0.000375,0.0000125
1/11/2026 - 02:00:00,ALGO,165,Long,-0.000275,0.0000125
1/11/2026 - 02:00:00,ME,140.2,Short,0.000376,0.0000125
1/11/2026 - 02:00:00,MOVE,1395,Short,0.000603,0.0000125
1/11/2026 - 02:00:00,AIXBT,1051,Short,0.000482,0.0000125
1/11/2026 - 02:00:00,IP,22.1,Short,-0.00371,-0.0000840208
1/11/2026 - 02:00:00,PAXG,0.003,Long,-0.000169,0.0000125
1/11/2026 - 02:00:00,AVNT,117,Short,-0.025199,-0.0006626092
1/11/2026 - 02:00:00,ZEC,0.12,Short,0.000567,0.0000125
1/11/2026 - 03:00:00,BTC,0.00082,Long,-0.000928,0.0000125
1/11/2026 - 03:00:00,ETH,0.0066,Long,-0.000255,0.0000125
1/11/2026 - 03:00:00,ATOM,35.16,Long,-0.000761,0.0000083864
1/11/2026 - 03:00:00,SOL,0.32,Long,-0.000545,0.0000125
1/11/2026 - 03:00:00,AVAX,0.83,Long,0.000161,-0.0000141746
1/11/2026 - 03:00:00,BNB,0.06,Long,-0.000681,0.0000125
1/11/2026 - 03:00:00,XRP,16,Long,-0.000409,0.0000122327
1/11/2026 - 03:00:00,BCH,0.033,Long,0.000008,-3.989e-7
1/11/2026 - 03:00:00,YGG,152,Short,-0.000033,-0.0000032185
1/11/2026 - 03:00:00,TRX,174,Long,-0.000657,0.0000125
1/11/2026 - 03:00:00,BANANA,2.9,Short,0.000262,0.0000125
1/11/2026 - 03:00:00,ARK,35,Long,-0.000124,0.0000125
1/11/2026 - 03:00:00,TON,37.8,Long,-0.000823,0.0000125
1/11/2026 - 03:00:00,POLYX,176,Short,-0.022135,-0.0019319604
1/11/2026 - 03:00:00,GMT,1342,Short,-0.024781,-0.0008955295
1/11/2026 - 03:00:00,USTC,2996,Short,-0.00015,-0.0000070839
1/11/2026 - 03:00:00,CAKE,5.1,Long,-0.00013,0.0000125
1/11/2026 - 03:00:00,ETC,0.83,Long,-0.000067,0.0000064633
1/11/2026 - 03:00:00,MAVIA,194,Short,0.000147,0.0000125
1/11/2026 - 03:00:00,STRK,369.9,Short,0.00012,0.0000039861
1/11/2026 - 03:00:00,TNSR,258.3,Short,-0.002744,-0.0001487043
1/11/2026 - 03:00:00,MERL,203,Short,0.000643,0.0000125
1/11/2026 - 03:00:00,EIGEN,27.48,Short,0.000081,0.0000073015
1/11/2026 - 03:00:00,REZ,3636,Short,-0.001364,-0.000071572
1/11/2026 - 03:00:00,TURBO,5084,Short,0,5.44e-8
1/11/2026 - 03:00:00,HMSTR,134918,Short,0.000428,0.0000125
1/11/2026 - 03:00:00,XLM,133,Long,-0.000274,0.000009111
1/11/2026 - 03:00:00,ALGO,165,Long,-0.000276,0.0000125
1/11/2026 - 03:00:00,ME,140.2,Short,0.000379,0.0000125
1/11/2026 - 03:00:00,MOVE,1395,Short,0.000613,0.0000125
1/11/2026 - 03:00:00,AIXBT,1051,Short,0.000485,0.0000125
1/11/2026 - 03:00:00,IP,22.1,Short,-0.003745,-0.0000846797
1/11/2026 - 03:00:00,PAXG,0.003,Long,-0.000169,0.0000125
1/11/2026 - 03:00:00,AVNT,117,Short,-0.037373,-0.0009810553
1/11/2026 - 03:00:00,ZEC,0.12,Short,0.000566,0.0000125
1/11/2026 - 04:00:00,BTC,0.00082,Long,-0.000929,0.0000125
1/11/2026 - 04:00:00,ETH,0.0066,Long,-0.000255,0.0000125
1/11/2026 - 04:00:00,ATOM,35.16,Long,-0.001141,0.0000125
1/11/2026 - 04:00:00,SOL,0.32,Long,-0.000544,0.0000125
1/11/2026 - 04:00:00,AVAX,0.83,Long,0.000092,-0.0000080934
1/11/2026 - 04:00:00,BNB,0.06,Long,-0.000682,0.0000125
1/11/2026 - 04:00:00,XRP,16,Long,-0.000412,0.0000123223
1/11/2026 - 04:00:00,BCH,0.033,Long,-0.000133,0.0000062443
1/11/2026 - 04:00:00,YGG,152,Short,0.00013,0.0000125
1/11/2026 - 04:00:00,TRX,174,Long,-0.000652,0.0000125
1/11/2026 - 04:00:00,BANANA,2.9,Short,0.000262,0.0000125
1/11/2026 - 04:00:00,ARK,35,Long,-0.000125,0.0000125
1/11/2026 - 04:00:00,TON,37.8,Long,-0.000821,0.0000125
1/11/2026 - 04:00:00,POLYX,176,Short,-0.016013,-0.0014283454
1/11/2026 - 04:00:00,GMT,1342,Short,-0.020814,-0.0007543666
1/11/2026 - 04:00:00,USTC,2996,Short,0.000264,0.0000125
1/11/2026 - 04:00:00,CAKE,5.1,Long,-0.000133,0.0000125
1/11/2026 - 04:00:00,ETC,0.83,Long,-0.00008,0.0000076937
1/11/2026 - 04:00:00,MAVIA,194,Short,0.000148,0.0000125
1/11/2026 - 04:00:00,STRK,369.9,Short,-0.000168,-0.0000055508
1/11/2026 - 04:00:00,TNSR,258.3,Short,0.000164,0.0000090269
1/11/2026 - 04:00:00,MERL,203,Short,0.00064,0.0000125
1/11/2026 - 04:00:00,EIGEN,27.48,Short,-0.000003,-2.872e-7
1/11/2026 - 04:00:00,REZ,3636,Short,-0.000097,-0.0000050942
1/11/2026 - 04:00:00,TURBO,5084,Short,-0.000171,-0.0000176111
1/11/2026 - 04:00:00,HMSTR,134918,Short,0.000423,0.0000125
1/11/2026 - 04:00:00,XLM,133,Long,-0.000378,0.0000125
1/11/2026 - 04:00:00,ALGO,165,Long,-0.000276,0.0000125
1/11/2026 - 04:00:00,ME,140.2,Short,0.000377,0.0000125
1/11/2026 - 04:00:00,MOVE,1395,Short,0.000611,0.0000125
1/11/2026 - 04:00:00,AIXBT,1051,Short,0.000484,0.0000125
1/11/2026 - 04:00:00,IP,22.1,Short,-0.004178,-0.0000943127
1/11/2026 - 04:00:00,PAXG,0.003,Long,-0.000169,0.0000125
1/11/2026 - 04:00:00,AVNT,117,Short,-0.037379,-0.0009848353
1/11/2026 - 04:00:00,ZEC,0.12,Short,0.000567,0.0000125
1/11/2026 - 05:00:00,BTC,0.00082,Long,-0.000929,0.0000125
1/11/2026 - 05:00:00,ETH,0.0066,Long,-0.000255,0.0000125
1/11/2026 - 05:00:00,ATOM,35.16,Long,-0.001147,0.0000125
1/11/2026 - 05:00:00,SOL,0.32,Long,-0.000545,0.0000125
1/11/2026 - 05:00:00,AVAX,0.83,Long,0.000179,-0.000015744
1/11/2026 - 05:00:00,BNB,0.06,Long,-0.000684,0.0000125
1/11/2026 - 05:00:00,XRP,16,Long,-0.000379,0.0000113224
1/11/2026 - 05:00:00,BCH,0.033,Long,-0.000267,0.0000125
1/11/2026 - 05:00:00,YGG,152,Short,0.00013,0.0000125
1/11/2026 - 05:00:00,TRX,174,Long,-0.000652,0.0000125
1/11/2026 - 05:00:00,BANANA,2.9,Short,0.000263,0.0000125
1/11/2026 - 05:00:00,ARK,35,Long,-0.000125,0.0000125
1/11/2026 - 05:00:00,TON,37.8,Long,-0.000821,0.0000125
1/11/2026 - 05:00:00,POLYX,176,Short,-0.013612,-0.0012179968
1/11/2026 - 05:00:00,GMT,1342,Short,-0.018858,-0.0006898681
1/11/2026 - 05:00:00,USTC,2996,Short,-0.000862,-0.0000404363
1/11/2026 - 05:00:00,CAKE,5.1,Long,-0.000132,0.0000125
1/11/2026 - 05:00:00,ETC,0.83,Long,-0.00013,0.0000125
1/11/2026 - 05:00:00,MAVIA,194,Short,0.000551,0.000046631
1/11/2026 - 05:00:00,STRK,369.9,Short,0.000083,0.0000027616
1/11/2026 - 05:00:00,TNSR,258.3,Short,0.000162,0.0000088839
1/11/2026 - 05:00:00,MERL,203,Short,0.000643,0.0000125
1/11/2026 - 05:00:00,EIGEN,27.48,Short,-0.000233,-0.0000208677
1/11/2026 - 05:00:00,REZ,3636,Short,0.00024,0.0000125
1/11/2026 - 05:00:00,TURBO,5084,Short,-0.000398,-0.0000408244
1/11/2026 - 05:00:00,HMSTR,134918,Short,0.000421,0.0000125
1/11/2026 - 05:00:00,XLM,133,Long,-0.000378,0.0000125
1/11/2026 - 05:00:00,ALGO,165,Long,-0.000276,0.0000125
1/11/2026 - 05:00:00,ME,140.2,Short,0.000378,0.0000125
1/11/2026 - 05:00:00,MOVE,1395,Short,0.00061,0.0000125
1/11/2026 - 05:00:00,AIXBT,1051,Short,0.000484,0.0000125
1/11/2026 - 05:00:00,IP,22.1,Short,-0.004668,-0.0001052239
1/11/2026 - 05:00:00,PAXG,0.003,Long,-0.000169,0.0000125
1/11/2026 - 05:00:00,AVNT,117,Short,-0.031433,-0.0008306068
1/11/2026 - 05:00:00,ZEC,0.12,Short,0.000479,0.000010577
1/11/2026 - 06:00:00,BTC,0.00082,Long,-0.00093,0.0000125
1/11/2026 - 06:00:00,ETH,0.0066,Long,-0.000255,0.0000125
1/11/2026 - 06:00:00,ATOM,35.16,Long,-0.001148,0.0000125
1/11/2026 - 06:00:00,SOL,0.32,Long,-0.000544,0.0000125
1/11/2026 - 06:00:00,AVAX,0.83,Long,0.00009,-0.0000078963
1/11/2026 - 06:00:00,BNB,0.06,Long,-0.000684,0.0000125
1/11/2026 - 06:00:00,XRP,16,Long,-0.000418,0.0000125
1/11/2026 - 06:00:00,BCH,0.033,Long,-0.000267,0.0000125
1/11/2026 - 06:00:00,YGG,152,Short,0.00013,0.0000125
1/11/2026 - 06:00:00,TRX,174,Long,-0.000653,0.0000125
1/11/2026 - 06:00:00,BANANA,2.9,Short,0.000264,0.0000125
1/11/2026 - 06:00:00,ARK,35,Long,-0.000124,0.0000125
1/11/2026 - 06:00:00,TON,37.8,Long,-0.000819,0.0000125
1/11/2026 - 06:00:00,POLYX,176,Short,-0.009458,-0.0008463178
1/11/2026 - 06:00:00,GMT,1342,Short,-0.018088,-0.000657492
1/11/2026 - 06:00:00,USTC,2996,Short,-0.00093,-0.0000436301
1/11/2026 - 06:00:00,CAKE,5.1,Long,-0.000131,0.0000125
1/11/2026 - 06:00:00,ETC,0.83,Long,-0.000071,0.0000068114
1/11/2026 - 06:00:00,MAVIA,194,Short,0.000147,0.0000125
1/11/2026 - 06:00:00,STRK,369.9,Short,0.000026,8.849e-7
1/11/2026 - 06:00:00,TNSR,258.3,Short,-0.005422,-0.0002925697
1/11/2026 - 06:00:00,MERL,203,Short,0.000643,0.0000125
1/11/2026 - 06:00:00,EIGEN,27.48,Short,-0.000129,-0.0000115177
1/11/2026 - 06:00:00,REZ,3636,Short,0.000241,0.0000125
1/11/2026 - 06:00:00,TURBO,5084,Short,-0.000016,-0.0000017013
1/11/2026 - 06:00:00,HMSTR,134918,Short,0.000421,0.0000125
1/11/2026 - 06:00:00,XLM,133,Long,-0.000098,0.0000032501
1/11/2026 - 06:00:00,ALGO,165,Long,-0.000277,0.0000125
1/11/2026 - 06:00:00,ME,140.2,Short,0.00038,0.0000125
1/11/2026 - 06:00:00,MOVE,1395,Short,0.000222,0.0000045472
1/11/2026 - 06:00:00,AIXBT,1051,Short,-0.005424,-0.0001389208
1/11/2026 - 06:00:00,IP,22.1,Short,-0.004082,-0.0000927692
1/11/2026 - 06:00:00,PAXG,0.003,Long,-0.000169,0.0000125
1/11/2026 - 06:00:00,AVNT,117,Short,-0.019061,-0.0005047826
1/11/2026 - 06:00:00,ZEC,0.12,Short,-0.001208,-0.0000266813
1/11/2026 - 07:00:00,BTC,0.00082,Long,-0.00093,0.0000125
1/11/2026 - 07:00:00,ETH,0.0066,Long,-0.000255,0.0000125
1/11/2026 - 07:00:00,ATOM,35.16,Long,-0.001147,0.0000125
1/11/2026 - 07:00:00,SOL,0.32,Long,-0.000545,0.0000125
1/11/2026 - 07:00:00,AVAX,0.83,Long,0.000023,-0.00000204
1/11/2026 - 07:00:00,BNB,0.06,Long,-0.000685,0.0000125
1/11/2026 - 07:00:00,XRP,16,Long,-0.000419,0.0000125
1/11/2026 - 07:00:00,BCH,0.033,Long,-0.000213,0.000009848
1/11/2026 - 07:00:00,YGG,152,Short,0.00013,0.0000125
1/11/2026 - 07:00:00,TRX,174,Long,-0.000653,0.0000125
1/11/2026 - 07:00:00,BANANA,2.9,Short,0.000265,0.0000125
1/11/2026 - 07:00:00,ARK,35,Long,-0.000124,0.0000125
1/11/2026 - 07:00:00,TON,37.8,Long,-0.000818,0.0000125
1/11/2026 - 07:00:00,POLYX,176,Short,-0.009725,-0.0008688226
1/11/2026 - 07:00:00,GMT,1342,Short,-0.018545,-0.0006755002
1/11/2026 - 07:00:00,USTC,2996,Short,-0.001503,-0.0000706919
1/11/2026 - 07:00:00,CAKE,5.1,Long,-0.000131,0.0000125
1/11/2026 - 07:00:00,ETC,0.83,Long,-0.000027,0.0000026696
1/11/2026 - 07:00:00,MAVIA,194,Short,0.000147,0.0000125
1/11/2026 - 07:00:00,STRK,369.9,Short,0.000379,0.0000125
1/11/2026 - 07:00:00,TNSR,258.3,Short,-0.00604,-0.0003255954
1/11/2026 - 07:00:00,MERL,203,Short,0.00065,0.0000125
1/11/2026 - 07:00:00,EIGEN,27.48,Short,-0.000151,-0.0000134189
1/11/2026 - 07:00:00,REZ,3636,Short,0.000243,0.0000125
1/11/2026 - 07:00:00,TURBO,5084,Short,-0.000126,-0.0000129662
1/11/2026 - 07:00:00,HMSTR,134918,Short,0.000419,0.0000125
1/11/2026 - 07:00:00,XLM,133,Long,-0.000256,0.000008473
1/11/2026 - 07:00:00,ALGO,165,Long,-0.000277,0.0000125
1/11/2026 - 07:00:00,ME,140.2,Short,0.000103,0.0000034232
1/11/2026 - 07:00:00,MOVE,1395,Short,0.000612,0.0000125
1/11/2026 - 07:00:00,AIXBT,1051,Short,0.000484,0.0000125
1/11/2026 - 07:00:00,IP,22.1,Short,-0.006428,-0.0001449784
1/11/2026 - 07:00:00,PAXG,0.003,Long,-0.000169,0.0000125
1/11/2026 - 07:00:00,AVNT,117,Short,-0.018423,-0.0004869902
1/11/2026 - 07:00:00,ZEC,0.12,Short,-0.000053,-0.0000011889
1/11/2026 - 08:00:00,BTC,0.00082,Long,-0.00093,0.0000125
1/11/2026 - 08:00:00,ETH,0.0066,Long,-0.000255,0.0000125
1/11/2026 - 08:00:00,ATOM,35.16,Long,-0.001147,0.0000125
1/11/2026 - 08:00:00,SOL,0.32,Long,-0.000544,0.0000125
1/11/2026 - 08:00:00,AVAX,0.83,Long,-0.00001,9.438e-7
1/11/2026 - 08:00:00,BNB,0.06,Long,-0.000685,0.0000125
1/11/2026 - 08:00:00,XRP,16,Long,-0.000419,0.0000125
1/11/2026 - 08:00:00,BCH,0.033,Long,-0.000224,0.0000104692
1/11/2026 - 08:00:00,YGG,152,Short,0.00013,0.0000125
1/11/2026 - 08:00:00,TRX,174,Long,-0.000652,0.0000125
1/11/2026 - 08:00:00,BANANA,2.9,Short,0.000266,0.0000125
1/11/2026 - 08:00:00,ARK,35,Long,-0.000124,0.0000125
1/11/2026 - 08:00:00,TON,37.8,Long,-0.000822,0.0000125
1/11/2026 - 08:00:00,POLYX,176,Short,-0.009368,-0.0008366054
1/11/2026 - 08:00:00,GMT,1342,Short,-0.017857,-0.0006545877
1/11/2026 - 08:00:00,USTC,2996,Short,-0.000111,-0.000005269
1/11/2026 - 08:00:00,CAKE,5.1,Long,-0.000132,0.0000125
1/11/2026 - 08:00:00,ETC,0.83,Long,0.000039,-0.0000037456
1/11/2026 - 08:00:00,MAVIA,194,Short,0.000147,0.0000125
1/11/2026 - 08:00:00,STRK,369.9,Short,0.000262,0.0000086516
1/11/2026 - 08:00:00,TNSR,258.3,Short,-0.001029,-0.0000555653
1/11/2026 - 08:00:00,MERL,203,Short,0.00065,0.0000125
1/11/2026 - 08:00:00,EIGEN,27.48,Short,-0.000172,-0.0000152078
1/11/2026 - 08:00:00,REZ,3636,Short,0.000242,0.0000125
1/11/2026 - 08:00:00,TURBO,5084,Short,-0.000059,-0.0000061118
1/11/2026 - 08:00:00,HMSTR,134918,Short,0.000421,0.0000125
1/11/2026 - 08:00:00,XLM,133,Long,-0.000069,0.0000023063
1/11/2026 - 08:00:00,ALGO,165,Long,-0.000276,0.0000125
1/11/2026 - 08:00:00,ME,140.2,Short,0.000378,0.0000125
1/11/2026 - 08:00:00,MOVE,1395,Short,0.000611,0.0000125
1/11/2026 - 08:00:00,AIXBT,1051,Short,0.000482,0.0000125
1/11/2026 - 08:00:00,IP,22.1,Short,-0.004506,-0.0001013809
1/11/2026 - 08:00:00,PAXG,0.003,Long,-0.000169,0.0000125
1/11/2026 - 08:00:00,AVNT,117,Short,-0.018737,-0.0004992848
1/11/2026 - 08:00:00,ZEC,0.12,Short,-0.000551,-0.000012178
1/11/2026 - 09:00:00,BTC,0.00082,Long,-0.000929,0.0000125
1/11/2026 - 09:00:00,ETH,0.0066,Long,-0.000255,0.0000125
1/11/2026 - 09:00:00,ATOM,35.16,Long,-0.001148,0.0000125
1/11/2026 - 09:00:00,SOL,0.32,Long,-0.000544,0.0000125
1/11/2026 - 09:00:00,AVAX,0.83,Long,-0.000086,0.0000075842
1/11/2026 - 09:00:00,BNB,0.06,Long,-0.000685,0.0000125
1/11/2026 - 09:00:00,XRP,16,Long,-0.000319,0.0000095461
1/11/2026 - 09:00:00,BCH,0.033,Long,-0.000132,0.0000061252
1/11/2026 - 09:00:00,YGG,152,Short,0.00013,0.0000125
1/11/2026 - 09:00:00,TRX,174,Long,-0.000649,0.0000125
1/11/2026 - 09:00:00,BANANA,2.9,Short,0.000266,0.0000125
1/11/2026 - 09:00:00,ARK,35,Long,-0.000124,0.0000125
1/11/2026 - 09:00:00,TON,37.8,Long,-0.000821,0.0000125
1/11/2026 - 09:00:00,POLYX,176,Short,-0.007469,-0.000667288
1/11/2026 - 09:00:00,GMT,1342,Short,-0.019368,-0.0007089467
1/11/2026 - 09:00:00,USTC,2996,Short,-0.000486,-0.0000228122
1/11/2026 - 09:00:00,CAKE,5.1,Long,-0.00013,0.0000125
1/11/2026 - 09:00:00,ETC,0.83,Long,0.000136,-0.0000131015
1/11/2026 - 09:00:00,MAVIA,194,Short,0.000153,0.0000125
1/11/2026 - 09:00:00,STRK,369.9,Short,0.000222,0.0000073061
1/11/2026 - 09:00:00,TNSR,258.3,Short,0.000231,0.0000125
1/11/2026 - 09:00:00,MERL,203,Short,0.00065,0.0000125
1/11/2026 - 09:00:00,EIGEN,27.48,Short,-0.00002,-0.0000017804
1/11/2026 - 09:00:00,REZ,3636,Short,-0.000891,-0.0000457082
1/11/2026 - 09:00:00,TURBO,5084,Short,-0.000057,-0.0000058389
1/11/2026 - 09:00:00,HMSTR,134918,Short,0.000419,0.0000125
1/11/2026 - 09:00:00,XLM,133,Long,0.00007,-0.0000023371
1/11/2026 - 09:00:00,ALGO,165,Long,-0.000277,0.0000125
1/11/2026 - 09:00:00,ME,140.2,Short,0.00038,0.0000125
1/11/2026 - 09:00:00,MOVE,1395,Short,0.000611,0.0000125
1/11/2026 - 09:00:00,AIXBT,1051,Short,0.000486,0.0000125
1/11/2026 - 09:00:00,IP,22.1,Short,-0.004057,-0.0000904625
1/11/2026 - 09:00:00,PAXG,0.003,Long,-0.000169,0.0000125
1/11/2026 - 09:00:00,AVNT,117,Short,-0.017692,-0.0004695398
1/11/2026 - 09:00:00,ZEC,0.12,Short,-0.000867,-0.0000190499
1/11/2026 - 10:00:00,BTC,0.00082,Long,-0.00093,0.0000125
1/11/2026 - 10:00:00,ETH,0.0066,Long,-0.000256,0.0000125
1/11/2026 - 10:00:00,ATOM,35.16,Long,-0.001151,0.0000125
1/11/2026 - 10:00:00,SOL,0.32,Long,-0.000547,0.0000125
1/11/2026 - 10:00:00,AVAX,0.83,Long,-0.000033,0.0000028925
1/11/2026 - 10:00:00,BNB,0.06,Long,-0.000687,0.0000125
1/11/2026 - 10:00:00,XRP,16,Long,-0.000355,0.000010604
1/11/2026 - 10:00:00,BCH,0.033,Long,0.000165,-0.0000076355
1/11/2026 - 10:00:00,YGG,152,Short,0.000129,0.0000125
1/11/2026 - 10:00:00,TRX,174,Long,-0.00065,0.0000125
1/11/2026 - 10:00:00,BANANA,2.9,Short,0.000266,0.0000125
1/11/2026 - 10:00:00,ARK,35,Long,-0.000124,0.0000125
1/11/2026 - 10:00:00,TON,37.8,Long,-0.000822,0.0000125
1/11/2026 - 10:00:00,POLYX,176,Short,-0.00623,-0.0005557794
1/11/2026 - 10:00:00,GMT,1342,Short,-0.018042,-0.0006624519
1/11/2026 - 10:00:00,USTC,2996,Short,-0.001843,-0.0000855706
1/11/2026 - 10:00:00,CAKE,5.1,Long,-0.000131,0.0000125
1/11/2026 - 10:00:00,ETC,0.83,Long,0.000073,-0.0000070847
1/11/2026 - 10:00:00,MAVIA,194,Short,0.000158,0.0000125
1/11/2026 - 10:00:00,STRK,369.9,Short,0.0001,0.0000033022
1/11/2026 - 10:00:00,TNSR,258.3,Short,0.000231,0.0000125
1/11/2026 - 10:00:00,MERL,203,Short,0.000651,0.0000125
1/11/2026 - 10:00:00,EIGEN,27.48,Short,0.000141,0.0000125
1/11/2026 - 10:00:00,REZ,3636,Short,-0.000425,-0.0000218113
1/11/2026 - 10:00:00,TURBO,5084,Short,0.000036,0.0000037469
1/11/2026 - 10:00:00,HMSTR,134918,Short,0.003389,0.0001004783
1/11/2026 - 10:00:00,XLM,133,Long,-0.000031,0.0000010297
1/11/2026 - 10:00:00,ALGO,165,Long,-0.000276,0.0000125
1/11/2026 - 10:00:00,ME,140.2,Short,-0.000131,-0.0000043437
1/11/2026 - 10:00:00,MOVE,1395,Short,0.000613,0.0000125
1/11/2026 - 10:00:00,AIXBT,1051,Short,0.00049,0.0000125
1/11/2026 - 10:00:00,IP,22.1,Short,-0.001755,-0.0000391487
1/11/2026 - 10:00:00,PAXG,0.003,Long,-0.000169,0.0000125
1/11/2026 - 10:00:00,AVNT,117,Short,-0.015253,-0.0004065206
1/11/2026 - 10:00:00,ZEC,0.12,Short,-0.001424,-0.0000312934
1/11/2026 - 11:00:00,BTC,0.00082,Long,-0.00093,0.0000125
1/11/2026 - 11:00:00,ETH,0.0066,Long,-0.000256,0.0000125
1/11/2026 - 11:00:00,ATOM,35.16,Long,-0.001147,0.0000125
1/11/2026 - 11:00:00,SOL,0.32,Long,-0.000545,0.0000125
1/11/2026 - 11:00:00,AVAX,0.83,Long,-0.000049,0.0000043309
1/11/2026 - 11:00:00,BNB,0.06,Long,-0.000685,0.0000125
1/11/2026 - 11:00:00,XRP,16,Long,-0.000413,0.0000123493
1/11/2026 - 11:00:00,BCH,0.033,Long,-0.000188,0.0000087972
1/11/2026 - 11:00:00,YGG,152,Short,0.00013,0.0000125
1/11/2026 - 11:00:00,TRX,174,Long,-0.00065,0.0000125
1/11/2026 - 11:00:00,BANANA,2.9,Short,0.000267,0.0000125
1/11/2026 - 11:00:00,ARK,35,Long,-0.000124,0.0000125
1/11/2026 - 11:00:00,TON,37.8,Long,-0.000827,0.0000125
1/11/2026 - 11:00:00,POLYX,176,Short,-0.005399,-0.0004771144
1/11/2026 - 11:00:00,GMT,1342,Short,-0.014064,-0.0005240149
1/11/2026 - 11:00:00,USTC,2996,Short,-0.000487,-0.0000226512
1/11/2026 - 11:00:00,CAKE,5.1,Long,-0.00013,0.0000125
1/11/2026 - 11:00:00,ETC,0.83,Long,0.000063,-0.0000061063
1/11/2026 - 11:00:00,MAVIA,194,Short,0.000156,0.0000125
1/11/2026 - 11:00:00,STRK,369.9,Short,0.000242,0.0000079834
1/11/2026 - 11:00:00,TNSR,258.3,Short,0.00023,0.0000125
1/11/2026 - 11:00:00,MERL,203,Short,0.000652,0.0000125
1/11/2026 - 11:00:00,EIGEN,27.48,Short,0.000142,0.0000125
1/11/2026 - 11:00:00,REZ,3636,Short,-0.000171,-0.0000087395
1/11/2026 - 11:00:00,TURBO,5084,Short,-0.000018,-0.0000018464
1/11/2026 - 11:00:00,HMSTR,134918,Short,0.000421,0.0000125
1/11/2026 - 11:00:00,XLM,133,Long,-0.000379,0.0000125
1/11/2026 - 11:00:00,ALGO,165,Long,-0.000277,0.0000125
1/11/2026 - 11:00:00,ME,140.2,Short,0.000381,0.0000125
1/11/2026 - 11:00:00,MOVE,1395,Short,0.000616,0.0000125
1/11/2026 - 11:00:00,AIXBT,1051,Short,0.000493,0.0000125
1/11/2026 - 11:00:00,IP,22.1,Short,-0.001515,-0.0000336765
1/11/2026 - 11:00:00,PAXG,0.003,Long,-0.000169,0.0000125
1/11/2026 - 11:00:00,AVNT,117,Short,-0.01134,-0.0003022301
1/11/2026 - 11:00:00,ZEC,0.12,Short,-0.000591,-0.0000129048
1/11/2026 - 12:00:00,BTC,0.00082,Long,-0.000929,0.0000125
1/11/2026 - 12:00:00,ETH,0.0066,Long,-0.000193,0.0000094574
1/11/2026 - 12:00:00,ATOM,35.16,Long,0.00057,-0.0000062253
1/11/2026 - 12:00:00,SOL,0.32,Long,-0.000546,0.0000125
1/11/2026 - 12:00:00,AVAX,0.83,Long,-0.000014,0.0000012693
1/11/2026 - 12:00:00,BNB,0.06,Long,-0.000684,0.0000125
1/11/2026 - 12:00:00,XRP,16,Long,-0.000319,0.0000095331
1/11/2026 - 12:00:00,BCH,0.033,Long,-0.000236,0.0000108954
1/11/2026 - 12:00:00,YGG,152,Short,0.000117,0.0000112712
1/11/2026 - 12:00:00,TRX,174,Long,-0.00065,0.0000125
1/11/2026 - 12:00:00,BANANA,2.9,Short,0.000267,0.0000125
1/11/2026 - 12:00:00,ARK,35,Long,-0.000124,0.0000125
1/11/2026 - 12:00:00,TON,37.8,Long,-0.000824,0.0000125
1/11/2026 - 12:00:00,POLYX,176,Short,-0.005477,-0.0004861359
1/11/2026 - 12:00:00,GMT,1342,Short,-0.012006,-0.0004466743
1/11/2026 - 12:00:00,USTC,2996,Short,0.000049,0.0000023029
1/11/2026 - 12:00:00,CAKE,5.1,Long,-0.00013,0.0000125
1/11/2026 - 12:00:00,ETC,0.83,Long,0.000082,-0.000007882
1/11/2026 - 12:00:00,MAVIA,194,Short,0.000155,0.0000125
1/11/2026 - 12:00:00,STRK,369.9,Short,0.000019,6.371e-7
1/11/2026 - 12:00:00,TNSR,258.3,Short,0.00023,0.0000125
1/11/2026 - 12:00:00,MERL,203,Short,0.000647,0.0000125
1/11/2026 - 12:00:00,EIGEN,27.48,Short,0.000141,0.0000125
1/11/2026 - 12:00:00,REZ,3636,Short,-0.000022,-0.000001146
1/11/2026 - 12:00:00,TURBO,5084,Short,0.000088,0.0000090163
1/11/2026 - 12:00:00,HMSTR,134918,Short,0.004395,0.0001313562
1/11/2026 - 12:00:00,XLM,133,Long,-0.000202,0.000006685
1/11/2026 - 12:00:00,ALGO,165,Long,-0.000278,0.0000125
1/11/2026 - 12:00:00,ME,140.2,Short,0.000379,0.0000125
1/11/2026 - 12:00:00,MOVE,1395,Short,0.000614,0.0000125
1/11/2026 - 12:00:00,AIXBT,1051,Short,0.000489,0.0000125
1/11/2026 - 12:00:00,IP,22.1,Short,-0.000424,-0.0000090012
1/11/2026 - 12:00:00,PAXG,0.003,Long,-0.000169,0.0000125
1/11/2026 - 12:00:00,AVNT,117,Short,-0.00527,-0.0001405377
1/11/2026 - 12:00:00,ZEC,0.12,Short,-0.001194,-0.0000260045
1/11/2026 - 13:00:00,BTC,0.00082,Long,-0.00093,0.0000125
1/11/2026 - 13:00:00,ETH,0.0066,Long,-0.000256,0.0000125
1/11/2026 - 13:00:00,ATOM,35.16,Long,0.002766,-0.0000299468
1/11/2026 - 13:00:00,SOL,0.32,Long,-0.000546,0.0000125
1/11/2026 - 13:00:00,AVAX,0.83,Long,-0.000008,7.4e-7
1/11/2026 - 13:00:00,BNB,0.06,Long,-0.000684,0.0000125
1/11/2026 - 13:00:00,XRP,16,Long,-0.00036,0.0000107457
1/11/2026 - 13:00:00,BCH,0.033,Long,0.000167,-0.0000077875
1/11/2026 - 13:00:00,YGG,152,Short,-0.000107,-0.000010303
1/11/2026 - 13:00:00,TRX,174,Long,-0.000651,0.0000125
1/11/2026 - 13:00:00,BANANA,2.9,Short,0.000268,0.0000125
1/11/2026 - 13:00:00,ARK,35,Long,-0.000124,0.0000125
1/11/2026 - 13:00:00,TON,37.8,Long,-0.000827,0.0000125
1/11/2026 - 13:00:00,POLYX,176,Short,-0.004261,-0.0003747925
1/11/2026 - 13:00:00,GMT,1342,Short,-0.014558,-0.0005364989
1/11/2026 - 13:00:00,USTC,2996,Short,-0.000571,-0.0000264859
1/11/2026 - 13:00:00,CAKE,5.1,Long,-0.00013,0.0000125
1/11/2026 - 13:00:00,ETC,0.83,Long,0.000225,-0.0000216268
1/11/2026 - 13:00:00,MAVIA,194,Short,0.000153,0.0000125
1/11/2026 - 13:00:00,STRK,369.9,Short,0.00038,0.0000125
1/11/2026 - 13:00:00,TNSR,258.3,Short,-0.000724,-0.0000392666
1/11/2026 - 13:00:00,MERL,203,Short,0.00065,0.0000125
1/11/2026 - 13:00:00,EIGEN,27.48,Short,0.000141,0.0000125
1/11/2026 - 13:00:00,REZ,3636,Short,0.00011,0.0000056779
1/11/2026 - 13:00:00,TURBO,5084,Short,-0.000038,-0.0000039137
1/11/2026 - 13:00:00,HMSTR,134918,Short,0.001679,0.0000504121
1/11/2026 - 13:00:00,XLM,133,Long,-0.000377,0.0000125
1/11/2026 - 13:00:00,ALGO,165,Long,-0.000277,0.0000125
1/11/2026 - 13:00:00,ME,140.2,Short,0.000379,0.0000125
1/11/2026 - 13:00:00,MOVE,1395,Short,0.000612,0.0000125
1/11/2026 - 13:00:00,AIXBT,1051,Short,0.000491,0.0000125
1/11/2026 - 13:00:00,IP,22.1,Short,-0.00493,-0.0001041768
1/11/2026 - 13:00:00,PAXG,0.003,Long,-0.000169,0.0000125
1/11/2026 - 13:00:00,AVNT,117,Short,-0.003573,-0.0000947532
1/11/2026 - 13:00:00,ZEC,0.12,Short,0.000342,0.0000073638
1/11/2026 - 14:00:00,BTC,0.00082,Long,-0.000932,0.0000125
1/11/2026 - 14:00:00,ETH,0.0066,Long,-0.000256,0.0000125
1/11/2026 - 14:00:00,ATOM,35.16,Long,0.002705,-0.0000292963
1/11/2026 - 14:00:00,SOL,0.32,Long,-0.000548,0.0000125
1/11/2026 - 14:00:00,AVAX,0.83,Long,0.000059,-0.0000051816
1/11/2026 - 14:00:00,BNB,0.06,Long,-0.000685,0.0000125
1/11/2026 - 14:00:00,XRP,16,Long,-0.00042,0.0000125
1/11/2026 - 14:00:00,BCH,0.033,Long,0.000204,-0.0000095066
1/11/2026 - 14:00:00,YGG,152,Short,0.00013,0.0000125
1/11/2026 - 14:00:00,TRX,174,Long,-0.000649,0.0000125
1/11/2026 - 14:00:00,BANANA,2.9,Short,0.000267,0.0000125
1/11/2026 - 14:00:00,ARK,35,Long,-0.000125,0.0000125
1/11/2026 - 14:00:00,TON,37.8,Long,-0.000833,0.0000125
1/11/2026 - 14:00:00,POLYX,176,Short,-0.002622,-0.0002315266
1/11/2026 - 14:00:00,GMT,1342,Short,-0.009213,-0.0003421767
1/11/2026 - 14:00:00,USTC,2996,Short,-0.000023,-0.0000010867
1/11/2026 - 14:00:00,CAKE,5.1,Long,-0.00013,0.0000125
1/11/2026 - 14:00:00,ETC,0.83,Long,0.000142,-0.0000136424
1/11/2026 - 14:00:00,MAVIA,194,Short,0.000155,0.0000125
1/11/2026 - 14:00:00,STRK,369.9,Short,0.000346,0.0000113625
1/11/2026 - 14:00:00,TNSR,258.3,Short,-0.000127,-0.0000068735
1/11/2026 - 14:00:00,MERL,203,Short,0.000654,0.0000125
1/11/2026 - 14:00:00,EIGEN,27.48,Short,0.000142,0.0000125
1/11/2026 - 14:00:00,REZ,3636,Short,0.00025,0.0000125
1/11/2026 - 14:00:00,TURBO,5084,Short,-0.000251,-0.0000253073
1/11/2026 - 14:00:00,HMSTR,134918,Short,0.000418,0.0000125
1/11/2026 - 14:00:00,XLM,133,Long,-0.000379,0.0000125
1/11/2026 - 14:00:00,ALGO,165,Long,-0.00028,0.0000125
1/11/2026 - 14:00:00,ME,140.2,Short,0.00038,0.0000125
1/11/2026 - 14:00:00,MOVE,1395,Short,0.000614,0.0000125
1/11/2026 - 14:00:00,AIXBT,1051,Short,0.000492,0.0000125
1/11/2026 - 14:00:00,IP,22.1,Short,-0.001842,-0.0000390114
1/11/2026 - 14:00:00,PAXG,0.003,Long,-0.000169,0.0000125
1/11/2026 - 14:00:00,AVNT,117,Short,-0.009101,-0.0002426439
1/11/2026 - 14:00:00,ZEC,0.12,Short,0.000596,0.0000125
1/11/2026 - 15:00:00,BTC,0.00082,Long,-0.000931,0.0000125
1/11/2026 - 15:00:00,ETH,0.0066,Long,-0.000256,0.0000125
1/11/2026 - 15:00:00,ATOM,35.16,Long,0.004609,-0.0000500649
1/11/2026 - 15:00:00,SOL,0.32,Long,-0.000549,0.0000125
1/11/2026 - 15:00:00,AVAX,0.83,Long,0.000099,-0.0000086928
1/11/2026 - 15:00:00,BNB,0.06,Long,-0.000685,0.0000125
1/11/2026 - 15:00:00,XRP,16,Long,-0.000419,0.0000125
1/11/2026 - 15:00:00,BCH,0.033,Long,0.000565,-0.0000263876
1/11/2026 - 15:00:00,YGG,152,Short,-0.000038,-0.0000037122
1/11/2026 - 15:00:00,TRX,174,Long,-0.000652,0.0000125
1/11/2026 - 15:00:00,BANANA,2.9,Short,0.000266,0.0000125
1/11/2026 - 15:00:00,ARK,35,Long,-0.000125,0.0000125
1/11/2026 - 15:00:00,TON,37.8,Long,-0.00083,0.0000125
1/11/2026 - 15:00:00,POLYX,176,Short,-0.003903,-0.0003454228
1/11/2026 - 15:00:00,GMT,1342,Short,-0.010751,-0.0004014949
1/11/2026 - 15:00:00,USTC,2996,Short,0.000052,0.0000024083
1/11/2026 - 15:00:00,CAKE,5.1,Long,-0.000129,0.0000125
1/11/2026 - 15:00:00,ETC,0.83,Long,0,-8.25e-8
1/11/2026 - 15:00:00,MAVIA,194,Short,0.000958,0.00007837
1/11/2026 - 15:00:00,STRK,369.9,Short,0.000322,0.0000106174
1/11/2026 - 15:00:00,TNSR,258.3,Short,-0.000851,-0.0000458435
1/11/2026 - 15:00:00,MERL,203,Short,0.000648,0.0000125
1/11/2026 - 15:00:00,EIGEN,27.48,Short,0.00014,0.0000125
1/11/2026 - 15:00:00,REZ,3636,Short,-0.000958,-0.0000474151
1/11/2026 - 15:00:00,TURBO,5084,Short,-0.000063,-0.0000064722
1/11/2026 - 15:00:00,HMSTR,134918,Short,0.001743,0.0000525293
1/11/2026 - 15:00:00,XLM,133,Long,-0.000198,0.000006571
1/11/2026 - 15:00:00,ALGO,165,Long,-0.000277,0.0000125
1/11/2026 - 15:00:00,ME,140.2,Short,0.000378,0.0000125
1/11/2026 - 15:00:00,MOVE,1395,Short,0.000611,0.0000125
1/11/2026 - 15:00:00,AIXBT,1051,Short,0.000489,0.0000125
1/11/2026 - 15:00:00,IP,22.1,Short,-0.001229,-0.0000259058
1/11/2026 - 15:00:00,PAXG,0.003,Long,-0.000169,0.0000125
1/11/2026 - 15:00:00,AVNT,117,Short,-0.008095,-0.0002167546
1/11/2026 - 15:00:00,ZEC,0.12,Short,0.000587,0.0000125
1/11/2026 - 16:00:00,BTC,0.00082,Long,-0.000934,0.0000125
1/11/2026 - 16:00:00,ETH,0.0066,Long,-0.000257,0.0000125
1/11/2026 - 16:00:00,ATOM,35.16,Long,0.006578,-0.0000714505
1/11/2026 - 16:00:00,SOL,0.32,Long,-0.000556,0.0000125
1/11/2026 - 16:00:00,AVAX,0.83,Long,0.00006,-0.0000052081
1/11/2026 - 16:00:00,BNB,0.06,Long,-0.000683,0.0000125
1/11/2026 - 16:00:00,XRP,16,Long,-0.000403,0.0000119587
1/11/2026 - 16:00:00,BCH,0.033,Long,0.000372,-0.0000172495
1/11/2026 - 16:00:00,YGG,152,Short,-0.000027,-0.0000026705
1/11/2026 - 16:00:00,TRX,174,Long,-0.000652,0.0000125
1/11/2026 - 16:00:00,BANANA,2.9,Short,0.000266,0.0000125
1/11/2026 - 16:00:00,ARK,35,Long,-0.000125,0.0000125
1/11/2026 - 16:00:00,TON,37.8,Long,-0.000833,0.0000125
1/11/2026 - 16:00:00,POLYX,176,Short,-0.002642,-0.0002337665
1/11/2026 - 16:00:00,GMT,1342,Short,-0.012886,-0.000478722
1/11/2026 - 16:00:00,USTC,2996,Short,-0.001389,-0.0000639441
1/11/2026 - 16:00:00,CAKE,5.1,Long,-0.000129,0.0000125
1/11/2026 - 16:00:00,ETC,0.83,Long,0.000261,-0.0000250606
1/11/2026 - 16:00:00,MAVIA,194,Short,0.001174,0.000095868
1/11/2026 - 16:00:00,STRK,369.9,Short,0.000302,0.0000099253
1/11/2026 - 16:00:00,TNSR,258.3,Short,-0.000413,-0.0000222305
1/11/2026 - 16:00:00,MERL,203,Short,0.000645,0.0000125
1/11/2026 - 16:00:00,EIGEN,27.48,Short,0.000141,0.0000125
1/11/2026 - 16:00:00,REZ,3636,Short,-0.000291,-0.00001427
1/11/2026 - 16:00:00,TURBO,5084,Short,-0.000005,-5.66e-7
1/11/2026 - 16:00:00,HMSTR,134918,Short,0.000416,0.0000125
1/11/2026 - 16:00:00,XLM,133,Long,-0.000077,0.0000025605
1/11/2026 - 16:00:00,ALGO,165,Long,-0.000279,0.0000125
1/11/2026 - 16:00:00,ME,140.2,Short,0.000379,0.0000125
1/11/2026 - 16:00:00,MOVE,1395,Short,0.000615,0.0000125
1/11/2026 - 16:00:00,AIXBT,1051,Short,0.000493,0.0000125
1/11/2026 - 16:00:00,IP,22.1,Short,-0.00351,-0.0000730489
1/11/2026 - 16:00:00,PAXG,0.003,Long,-0.000169,0.0000125
1/11/2026 - 16:00:00,AVNT,117,Short,-0.006707,-0.0001783745
1/11/2026 - 16:00:00,ZEC,0.12,Short,-0.000724,-0.0000153546
1/11/2026 - 17:00:00,BTC,0.00082,Long,-0.000338,0.0000045364
1/11/2026 - 17:00:00,ETH,0.0066,Long,-0.000247,0.0000120436
1/11/2026 - 17:00:00,ATOM,35.16,Long,0.003921,-0.000043005
1/11/2026 - 17:00:00,SOL,0.32,Long,-0.000209,0.0000047368
1/11/2026 - 17:00:00,AVAX,0.83,Long,0.000029,-0.0000025673
1/11/2026 - 17:00:00,BNB,0.06,Long,-0.000681,0.0000125
1/11/2026 - 17:00:00,XRP,16,Long,-0.000417,0.0000125
1/11/2026 - 17:00:00,BCH,0.033,Long,0.000342,-0.0000158222
1/11/2026 - 17:00:00,YGG,152,Short,-0.000046,-0.0000045775
1/11/2026 - 17:00:00,TRX,174,Long,-0.000651,0.0000125
1/11/2026 - 17:00:00,BANANA,2.9,Short,0.000262,0.0000125
1/11/2026 - 17:00:00,ARK,35,Long,-0.000124,0.0000125
1/11/2026 - 17:00:00,TON,37.8,Long,-0.000829,0.0000125
1/11/2026 - 17:00:00,POLYX,176,Short,-0.002122,-0.0001890377
1/11/2026 - 17:00:00,GMT,1342,Short,-0.007446,-0.0002806644
1/11/2026 - 17:00:00,USTC,2996,Short,0.000268,0.0000125
1/11/2026 - 17:00:00,CAKE,5.1,Long,-0.000128,0.0000125
1/11/2026 - 17:00:00,ETC,0.83,Long,-0.000032,0.0000031494
1/11/2026 - 17:00:00,MAVIA,194,Short,0.000686,0.000056231
1/11/2026 - 17:00:00,STRK,369.9,Short,0.000313,0.0000103856
1/11/2026 - 17:00:00,TNSR,258.3,Short,-0.001868,-0.0001018306
1/11/2026 - 17:00:00,MERL,203,Short,0.000628,0.0000125
1/11/2026 - 17:00:00,EIGEN,27.48,Short,0.000139,0.0000125
1/11/2026 - 17:00:00,REZ,3636,Short,-0.006915,-0.0003360318
1/11/2026 - 17:00:00,TURBO,5084,Short,0.000122,0.0000125
1/11/2026 - 17:00:00,HMSTR,134918,Short,0.000411,0.0000125
1/11/2026 - 17:00:00,XLM,133,Long,-0.00008,0.0000026955
1/11/2026 - 17:00:00,ALGO,165,Long,-0.000276,0.0000125
1/11/2026 - 17:00:00,ME,140.2,Short,0.000375,0.0000125
1/11/2026 - 17:00:00,MOVE,1395,Short,0.000607,0.0000125
1/11/2026 - 17:00:00,AIXBT,1051,Short,0.000486,0.0000125
1/11/2026 - 17:00:00,IP,22.1,Short,-0.002452,-0.0000511929
1/11/2026 - 17:00:00,PAXG,0.003,Long,-0.000169,0.0000125
1/11/2026 - 17:00:00,AVNT,117,Short,-0.006771,-0.0001812448
1/11/2026 - 17:00:00,ZEC,0.12,Short,-0.000396,-0.0000083893
1/11/2026 - 18:00:00,BTC,0.00082,Long,-0.000728,0.000009759
1/11/2026 - 18:00:00,ETH,0.0066,Long,-0.000209,0.0000101377
1/11/2026 - 18:00:00,ATOM,35.16,Long,0.003337,-0.0000364931
1/11/2026 - 18:00:00,SOL,0.32,Long,0.000275,-0.0000061467
1/11/2026 - 18:00:00,AVAX,0.83,Long,0.00011,-0.0000095762
1/11/2026 - 18:00:00,BNB,0.06,Long,-0.00068,0.0000125
1/11/2026 - 18:00:00,XRP,16,Long,-0.000409,0.0000122166
1/11/2026 - 18:00:00,BCH,0.033,Long,-0.000187,0.0000086531
1/11/2026 - 18:00:00,YGG,152,Short,-0.000173,-0.0000166548
1/11/2026 - 18:00:00,TRX,174,Long,-0.000652,0.0000125
1/11/2026 - 18:00:00,BANANA,2.9,Short,0.000264,0.0000125
1/11/2026 - 18:00:00,ARK,35,Long,-0.000125,0.0000125
1/11/2026 - 18:00:00,TON,37.8,Long,-0.000831,0.0000125
1/11/2026 - 18:00:00,POLYX,176,Short,-0.002771,-0.0002449835
1/11/2026 - 18:00:00,GMT,1342,Short,-0.012459,-0.0004635191
1/11/2026 - 18:00:00,USTC,2996,Short,0.000267,0.0000125
1/11/2026 - 18:00:00,CAKE,5.1,Long,-0.000128,0.0000125
1/11/2026 - 18:00:00,ETC,0.83,Long,0.000109,-0.0000105592
1/11/2026 - 18:00:00,MAVIA,194,Short,0.000699,0.0000572314
1/11/2026 - 18:00:00,STRK,369.9,Short,0.000146,0.0000048238
1/11/2026 - 18:00:00,TNSR,258.3,Short,-0.002507,-0.000136257
1/11/2026 - 18:00:00,MERL,203,Short,0.000619,0.0000125
1/11/2026 - 18:00:00,EIGEN,27.48,Short,-0.000171,-0.0000152644
1/11/2026 - 18:00:00,REZ,3636,Short,-0.002654,-0.0001316465
1/11/2026 - 18:00:00,TURBO,5084,Short,0.000002,2.16e-7
1/11/2026 - 18:00:00,HMSTR,134918,Short,0.000413,0.0000125
1/11/2026 - 18:00:00,XLM,133,Long,-0.000088,0.00000295
1/11/2026 - 18:00:00,ALGO,165,Long,-0.000278,0.0000125
1/11/2026 - 18:00:00,ME,140.2,Short,0.000377,0.0000125
1/11/2026 - 18:00:00,MOVE,1395,Short,-0.000496,-0.0000101617
1/11/2026 - 18:00:00,AIXBT,1051,Short,0.000493,0.0000125
1/11/2026 - 18:00:00,IP,22.1,Short,-0.001095,-0.0000223584
1/11/2026 - 18:00:00,PAXG,0.003,Long,-0.000169,0.0000125
1/11/2026 - 18:00:00,AVNT,117,Short,-0.007052,-0.0001880164
1/11/2026 - 18:00:00,ZEC,0.12,Short,0.00059,0.0000125
1/11/2026 - 19:00:00,BTC,0.00082,Long,-0.000932,0.0000125
1/11/2026 - 19:00:00,ETH,0.0066,Long,-0.000138,0.0000067045
1/11/2026 - 19:00:00,ATOM,35.16,Long,0.002063,-0.0000224087
1/11/2026 - 19:00:00,SOL,0.32,Long,0.000562,-0.0000125833
1/11/2026 - 19:00:00,AVAX,0.83,Long,0.000034,-0.0000029932
1/11/2026 - 19:00:00,BNB,0.06,Long,-0.00068,0.0000125
1/11/2026 - 19:00:00,XRP,16,Long,-0.000395,0.0000118008
1/11/2026 - 19:00:00,BCH,0.033,Long,-0.000271,0.0000125
1/11/2026 - 19:00:00,YGG,152,Short,-0.000577,-0.0000552463
1/11/2026 - 19:00:00,TRX,174,Long,-0.000654,0.0000125
1/11/2026 - 19:00:00,BANANA,2.9,Short,0.000264,0.0000125
1/11/2026 - 19:00:00,ARK,35,Long,-0.000106,0.0000106625
1/11/2026 - 19:00:00,TON,37.8,Long,-0.000832,0.0000125
1/11/2026 - 19:00:00,POLYX,176,Short,-0.002668,-0.0002350851
1/11/2026 - 19:00:00,GMT,1342,Short,-0.013469,-0.0004963665
1/11/2026 - 19:00:00,USTC,2996,Short,0.000268,0.0000125
1/11/2026 - 19:00:00,CAKE,5.1,Long,-0.000127,0.0000125
1/11/2026 - 19:00:00,ETC,0.83,Long,0.000102,-0.0000097892
1/11/2026 - 19:00:00,MAVIA,194,Short,0.001693,0.0001395861
1/11/2026 - 19:00:00,STRK,369.9,Short,0.000082,0.0000026949
1/11/2026 - 19:00:00,TNSR,258.3,Short,-0.002412,-0.0001302417
1/11/2026 - 19:00:00,MERL,203,Short,0.000622,0.0000125
1/11/2026 - 19:00:00,EIGEN,27.48,Short,-0.000049,-0.0000043741
1/11/2026 - 19:00:00,REZ,3636,Short,-0.00093,-0.0000441997
1/11/2026 - 19:00:00,TURBO,5084,Short,0.000058,0.0000059563
1/11/2026 - 19:00:00,HMSTR,134918,Short,0.000413,0.0000125
1/11/2026 - 19:00:00,XLM,133,Long,-0.00003,0.000001022
1/11/2026 - 19:00:00,ALGO,165,Long,-0.000276,0.0000125
1/11/2026 - 19:00:00,ME,140.2,Short,0.000378,0.0000125
1/11/2026 - 19:00:00,MOVE,1395,Short,-0.002226,-0.000045573
1/11/2026 - 19:00:00,AIXBT,1051,Short,0.000492,0.0000125
1/11/2026 - 19:00:00,IP,22.1,Short,-0.000454,-0.0000092661
1/11/2026 - 19:00:00,PAXG,0.003,Long,-0.000169,0.0000125
1/11/2026 - 19:00:00,AVNT,117,Short,-0.003153,-0.000083917
1/11/2026 - 19:00:00,ZEC,0.12,Short,0.000101,0.0000021864
1/11/2026 - 20:00:00,BTC,0.00082,Long,-0.00073,0.0000098033
1/11/2026 - 20:00:00,ETH,0.0066,Long,-0.00018,0.000008739
1/11/2026 - 20:00:00,ATOM,35.16,Long,0.000297,-0.0000032644
1/11/2026 - 20:00:00,SOL,0.32,Long,0.000469,-0.0000104794
1/11/2026 - 20:00:00,AVAX,0.83,Long,0.000034,-0.0000030039
1/11/2026 - 20:00:00,BNB,0.072,Long,-0.000815,0.0000125
1/11/2026 - 20:00:00,XRP,16,Long,-0.000358,0.0000106933
1/11/2026 - 20:00:00,BCH,0.033,Long,-0.00007,0.0000032499
1/11/2026 - 20:00:00,YGG,152,Short,-0.00033,-0.0000317502
1/11/2026 - 20:00:00,TRX,174,Long,-0.000658,0.0000125
1/11/2026 - 20:00:00,BANANA,2.9,Short,0.000266,0.0000125
1/11/2026 - 20:00:00,ARK,35,Long,-0.000125,0.0000125
1/11/2026 - 20:00:00,TON,37.8,Long,-0.000837,0.0000125
1/11/2026 - 20:00:00,POLYX,176,Short,-0.002932,-0.000257882
1/11/2026 - 20:00:00,GMT,1342,Short,-0.013015,-0.0004726847
1/11/2026 - 20:00:00,USTC,4395,Short,0.000391,0.0000125
1/11/2026 - 20:00:00,CAKE,10.1,Long,-0.000253,0.0000125
1/11/2026 - 20:00:00,ETC,0.83,Long,0.000101,-0.0000097516
1/11/2026 - 20:00:00,MAVIA,194,Short,0.001197,0.0000984518
1/11/2026 - 20:00:00,STRK,491.7,Short,-0.000302,-0.0000074948
1/11/2026 - 20:00:00,TNSR,258.3,Short,-0.00368,-0.0001989715
1/11/2026 - 20:00:00,MERL,203,Short,0.000625,0.0000125
1/11/2026 - 20:00:00,EIGEN,27.48,Short,-0.000266,-0.0000237793
1/11/2026 - 20:00:00,REZ,3636,Short,-0.007604,-0.0003664193
1/11/2026 - 20:00:00,TURBO,5084,Short,-0.00004,-0.0000041644
1/11/2026 - 20:00:00,HMSTR,134918,Short,0.000413,0.0000125
1/11/2026 - 20:00:00,XLM,133,Long,0.000174,-0.0000057944
1/11/2026 - 20:00:00,ALGO,240,Long,-0.000402,0.0000125
1/11/2026 - 20:00:00,ME,140.2,Short,0.000378,0.0000125
1/11/2026 - 20:00:00,MOVE,1395,Short,-0.002607,-0.0000535703
1/11/2026 - 20:00:00,AIXBT,1051,Short,0.000491,0.0000125
1/11/2026 - 20:00:00,IP,22.1,Short,0.000297,0.0000059912
1/11/2026 - 20:00:00,PAXG,0.003,Long,-0.000169,0.0000125
1/11/2026 - 20:00:00,AVNT,117,Short,-0.003144,-0.0000844175
1/11/2026 - 20:00:00,ZEC,0.18,Short,0.000872,0.0000125
1/11/2026 - 21:00:00,BTC,0.00082,Long,-0.000763,0.0000102575
1/11/2026 - 21:00:00,ETH,0.0066,Long,-0.000222,0.0000107629
1/11/2026 - 21:00:00,ATOM,35.16,Long,0.002022,-0.0000221921
1/11/2026 - 21:00:00,SOL,0.32,Long,0.000338,-0.0000075768
1/11/2026 - 21:00:00,AVAX,0.83,Long,0.000057,-0.0000050332
1/11/2026 - 21:00:00,BNB,0.072,Long,-0.000814,0.0000125
1/11/2026 - 21:00:00,XRP,16,Long,-0.000294,0.0000088182
1/11/2026 - 21:00:00,BCH,0.033,Long,-0.000045,0.0000021027
1/11/2026 - 21:00:00,YGG,152,Short,0.000083,0.000008023
1/11/2026 - 21:00:00,TRX,174,Long,-0.000657,0.0000125
1/11/2026 - 21:00:00,BANANA,2.9,Short,0.000266,0.0000125
1/11/2026 - 21:00:00,ARK,35,Long,-0.000124,0.0000125
1/11/2026 - 21:00:00,TON,37.8,Long,-0.000831,0.0000125
1/11/2026 - 21:00:00,POLYX,176,Short,-0.004222,-0.0003725054
1/11/2026 - 21:00:00,GMT,1342,Short,-0.009052,-0.0003339397
1/11/2026 - 21:00:00,USTC,4395,Short,0.000392,0.0000125
1/11/2026 - 21:00:00,CAKE,10.1,Long,-0.000252,0.0000125
1/11/2026 - 21:00:00,ETC,0.83,Long,0,-2.83e-8
1/11/2026 - 21:00:00,MAVIA,194,Short,0.000154,0.0000125
1/11/2026 - 21:00:00,STRK,491.7,Short,-0.000374,-0.000009309
1/11/2026 - 21:00:00,TNSR,258.3,Short,-0.002394,-0.0001308438
1/11/2026 - 21:00:00,MERL,203,Short,0.000641,0.0000125
1/11/2026 - 21:00:00,EIGEN,27.48,Short,-0.000376,-0.0000336041
1/11/2026 - 21:00:00,REZ,3636,Short,0.000258,0.0000125
1/11/2026 - 21:00:00,TURBO,5084,Short,-0.000149,-0.000015227
1/11/2026 - 21:00:00,HMSTR,134918,Short,0.001572,0.0000477596
1/11/2026 - 21:00:00,XLM,133,Long,-0.000112,0.0000037604
1/11/2026 - 21:00:00,ALGO,240,Long,-0.000401,0.0000125
1/11/2026 - 21:00:00,ME,140.2,Short,0.000377,0.0000125
1/11/2026 - 21:00:00,MOVE,1395,Short,-0.004403,-0.000090914
1/11/2026 - 21:00:00,AIXBT,1051,Short,0.000491,0.0000125
1/11/2026 - 21:00:00,IP,22.1,Short,-0.000405,-0.0000081933
1/11/2026 - 21:00:00,PAXG,0.003,Long,-0.000169,0.0000125
1/11/2026 - 21:00:00,AVNT,117,Short,-0.007162,-0.0001923981
1/11/2026 - 21:00:00,ZEC,0.18,Short,0.000519,0.0000074389
1/11/2026 - 22:00:00,BTC,0.00082,Long,-0.000929,0.0000125
1/11/2026 - 22:00:00,ETH,0.0066,Long,-0.000244,0.0000119113
1/11/2026 - 22:00:00,ATOM,35.16,Long,0.000726,-0.0000079896
1/11/2026 - 22:00:00,SOL,0.32,Long,-0.000554,0.0000125
1/11/2026 - 22:00:00,AVAX,0.83,Long,0.00022,-0.0000193128
1/11/2026 - 22:00:00,BNB,0.072,Long,-0.000812,0.0000125
1/11/2026 - 22:00:00,XRP,16,Long,-0.000285,0.000008637
1/11/2026 - 22:00:00,BCH,0.033,Long,-0.00027,0.0000125
1/11/2026 - 22:00:00,YGG,152,Short,0.000127,0.0000125
1/11/2026 - 22:00:00,TRX,174,Long,0.000592,-0.0000113434
1/11/2026 - 22:00:00,BANANA,2.9,Short,0.000263,0.0000125
1/11/2026 - 22:00:00,ARK,35,Long,-0.000124,0.0000125
1/11/2026 - 22:00:00,TON,37.8,Long,-0.000829,0.0000125
1/11/2026 - 22:00:00,POLYX,176,Short,-0.003102,-0.0002749635
1/11/2026 - 22:00:00,GMT,1342,Short,-0.007021,-0.0002619423
1/11/2026 - 22:00:00,USTC,4395,Short,0.000387,0.0000125
1/11/2026 - 22:00:00,CAKE,10.1,Long,-0.000251,0.0000125
1/11/2026 - 22:00:00,ETC,0.83,Long,0.000241,-0.0000234852
1/11/2026 - 22:00:00,MAVIA,194,Short,0.000799,0.0000653273
1/11/2026 - 22:00:00,STRK,491.7,Short,-0.001227,-0.0000307472
1/11/2026 - 22:00:00,TNSR,258.3,Short,-0.003795,-0.0002090018
1/11/2026 - 22:00:00,MERL,203,Short,0.000646,0.0000125
1/11/2026 - 22:00:00,EIGEN,27.48,Short,-0.001126,-0.0001015133
1/11/2026 - 22:00:00,REZ,3636,Short,0.000209,0.0000101234
1/11/2026 - 22:00:00,TURBO,5084,Short,-0.000007,-7.408e-7
1/11/2026 - 22:00:00,HMSTR,134918,Short,0.000406,0.0000125
1/11/2026 - 22:00:00,XLM,133,Long,-0.000035,0.000001196
1/11/2026 - 22:00:00,ALGO,240,Long,-0.000397,0.0000125
1/11/2026 - 22:00:00,ME,140.2,Short,0.000371,0.0000125
1/11/2026 - 22:00:00,MOVE,1395,Short,-0.002941,-0.0000611472
1/11/2026 - 22:00:00,AIXBT,1051,Short,0.000484,0.0000125
1/11/2026 - 22:00:00,IP,22.1,Short,0.000249,0.0000050323
1/11/2026 - 22:00:00,PAXG,0.003,Long,-0.000169,0.0000125
1/11/2026 - 22:00:00,AVNT,117,Short,-0.011491,-0.0003110125
1/11/2026 - 22:00:00,ZEC,0.18,Short,0.000714,0.0000103069
1/11/2026 - 23:00:00,BTC,0.00082,Long,-0.00093,0.0000125
1/11/2026 - 23:00:00,ETH,0.0066,Long,-0.000257,0.0000125
1/11/2026 - 23:00:00,ATOM,35.16,Long,0.003328,-0.0000366778
1/11/2026 - 23:00:00,SOL,0.32,Long,-0.000554,0.0000125
1/11/2026 - 23:00:00,AVAX,0.83,Long,0.000209,-0.0000183411
1/11/2026 - 23:00:00,BNB,0.072,Long,-0.000814,0.0000125
1/11/2026 - 23:00:00,XRP,16,Long,-0.000226,0.0000068393
1/11/2026 - 23:00:00,BCH,0.033,Long,-0.000269,0.0000125
1/11/2026 - 23:00:00,YGG,152,Short,0.000128,0.0000125
1/11/2026 - 23:00:00,TRX,174,Long,0.001093,-0.0000209533
1/11/2026 - 23:00:00,BANANA,2.9,Short,0.000263,0.0000125
1/11/2026 - 23:00:00,ARK,35,Long,-0.000124,0.0000125
1/11/2026 - 23:00:00,TON,37.8,Long,-0.000829,0.0000125
1/11/2026 - 23:00:00,POLYX,176,Short,-0.004169,-0.000368561
1/11/2026 - 23:00:00,GMT,1342,Short,-0.008365,-0.0003116422
1/11/2026 - 23:00:00,USTC,4395,Short,0.000387,0.0000125
1/11/2026 - 23:00:00,CAKE,10.1,Long,-0.000251,0.0000125
1/11/2026 - 23:00:00,ETC,0.83,Long,0.000346,-0.0000337145
1/11/2026 - 23:00:00,MAVIA,194,Short,0.000894,0.0000727606
1/11/2026 - 23:00:00,STRK,491.7,Short,-0.001882,-0.0000468775
1/11/2026 - 23:00:00,TNSR,258.3,Short,-0.008513,-0.0004698429
1/11/2026 - 23:00:00,MERL,203,Short,0.00064,0.0000125
1/11/2026 - 23:00:00,EIGEN,27.48,Short,-0.000817,-0.0000727884
1/11/2026 - 23:00:00,REZ,3636,Short,0.000209,0.0000104043
1/11/2026 - 23:00:00,TURBO,5084,Short,-0.000196,-0.0000202645
1/11/2026 - 23:00:00,HMSTR,134918,Short,0.000406,0.0000125
1/11/2026 - 23:00:00,XLM,133,Long,0.000138,-0.0000046481
1/11/2026 - 23:00:00,ALGO,240,Long,-0.000398,0.0000125
1/11/2026 - 23:00:00,ME,140.2,Short,0.00037,0.0000125
1/11/2026 - 23:00:00,MOVE,1395,Short,-0.006226,-0.0001293757
1/11/2026 - 23:00:00,AIXBT,1051,Short,0.000486,0.0000125
1/11/2026 - 23:00:00,IP,22.1,Short,-0.000563,-0.000011203
1/11/2026 - 23:00:00,PAXG,0.003,Long,-0.000169,0.0000125
1/11/2026 - 23:00:00,AVNT,117,Short,-0.010801,-0.0002913799
1/11/2026 - 23:00:00,ZEC,0.18,Short,-0.000789,-0.0000114712
1/12/2026 - 00:00:00,BTC,0.00082,Long,-0.000927,0.0000125
1/12/2026 - 00:00:00,ETH,0.0066,Long,-0.000256,0.0000125
1/12/2026 - 00:00:00,ATOM,35.16,Long,0.005931,-0.0000656282
1/12/2026 - 00:00:00,SOL,0.32,Long,-0.000552,0.0000125
1/12/2026 - 00:00:00,AVAX,0.83,Long,0.000147,-0.0000130892
1/12/2026 - 00:00:00,BNB,0.072,Long,-0.000812,0.0000125
1/12/2026 - 00:00:00,XRP,16,Long,-0.000106,0.0000032374
1/12/2026 - 00:00:00,BCH,0.033,Long,0.000222,-0.000010444
1/12/2026 - 00:00:00,YGG,152,Short,0.000126,0.0000125
1/12/2026 - 00:00:00,TRX,174,Long,0.000924,-0.0000177539
1/12/2026 - 00:00:00,BANANA,2.9,Short,0.000259,0.0000125
1/12/2026 - 00:00:00,ARK,35,Long,0.000087,-0.000008847
1/12/2026 - 00:00:00,TON,37.8,Long,-0.000823,0.0000125
1/12/2026 - 00:00:00,POLYX,176,Short,-0.005369,-0.0004785918
1/12/2026 - 00:00:00,GMT,1342,Short,-0.008008,-0.0003019363
1/12/2026 - 00:00:00,USTC,4395,Short,0.000383,0.0000125
1/12/2026 - 00:00:00,CAKE,10.1,Long,-0.000251,0.0000125
1/12/2026 - 00:00:00,ETC,0.83,Long,0.000317,-0.0000310952
1/12/2026 - 00:00:00,MAVIA,194,Short,0.001364,0.000112377
1/12/2026 - 00:00:00,STRK,491.7,Short,-0.001978,-0.0000497336
1/12/2026 - 00:00:00,TNSR,258.3,Short,-0.001636,-0.0000905262
1/12/2026 - 00:00:00,MERL,203,Short,0.000645,0.0000125
1/12/2026 - 00:00:00,EIGEN,27.48,Short,-0.000573,-0.0000519408
1/12/2026 - 00:00:00,REZ,3636,Short,-0.000472,-0.0000235468
1/12/2026 - 00:00:00,TURBO,5084,Short,-0.000073,-0.0000076945
1/12/2026 - 00:00:00,HMSTR,134918,Short,0.000403,0.0000125
1/12/2026 - 00:00:00,XLM,133,Long,0.00008,-0.0000027186
1/12/2026 - 00:00:00,ALGO,240,Long,-0.000395,0.0000125
1/12/2026 - 00:00:00,ME,140.2,Short,0.000367,0.0000125
1/12/2026 - 00:00:00,MOVE,1395,Short,-0.007432,-0.000155791
1/12/2026 - 00:00:00,AIXBT,1051,Short,0.000478,0.0000125
1/12/2026 - 00:00:00,IP,22.1,Short,-0.000062,-0.0000012456
1/12/2026 - 00:00:00,PAXG,0.003,Long,-0.000169,0.0000125
1/12/2026 - 00:00:00,AVNT,117,Short,-0.007873,-0.0002162614
1/12/2026 - 00:00:00,ZEC,0.18,Short,-0.00071,-0.0000104146
1/12/2026 - 01:00:00,BTC,0.00082,Long,-0.000932,0.0000125
1/12/2026 - 01:00:00,ETH,0.0066,Long,-0.000257,0.0000125
1/12/2026 - 01:00:00,ATOM,35.16,Long,0.002819,-0.0000311531
1/12/2026 - 01:00:00,SOL,0.32,Long,-0.000558,0.0000125
1/12/2026 - 01:00:00,AVAX,0.83,Long,0.0002,-0.0000176404
1/12/2026 - 01:00:00,BNB,0.072,Long,-0.000813,0.0000125
1/12/2026 - 01:00:00,XRP,16,Long,-0.000414,0.0000125
1/12/2026 - 01:00:00,BCH,0.033,Long,0.000216,-0.0000100913
1/12/2026 - 01:00:00,YGG,152,Short,0.000126,0.0000125
1/12/2026 - 01:00:00,TRX,174,Long,0.000634,-0.000012172
1/12/2026 - 01:00:00,BANANA,2.9,Short,0.00026,0.0000125
1/12/2026 - 01:00:00,ARK,35,Long,-0.000123,0.0000125
1/12/2026 - 01:00:00,TON,37.8,Long,-0.000827,0.0000125
1/12/2026 - 01:00:00,POLYX,176,Short,-0.004915,-0.0004310094
1/12/2026 - 01:00:00,GMT,1342,Short,-0.012856,-0.0004909162
1/12/2026 - 01:00:00,USTC,4395,Short,-0.000101,-0.0000032889
1/12/2026 - 01:00:00,CAKE,10.1,Long,-0.000251,0.0000125
1/12/2026 - 01:00:00,ETC,0.83,Long,0.000513,-0.0000499477
1/12/2026 - 01:00:00,MAVIA,194,Short,0.00075,0.0000610782
1/12/2026 - 01:00:00,STRK,491.7,Short,-0.003297,-0.0000821338
1/12/2026 - 01:00:00,TNSR,258.3,Short,0.000185,0.0000102341
1/12/2026 - 01:00:00,MERL,203,Short,0.000659,0.0000125
1/12/2026 - 01:00:00,EIGEN,27.48,Short,-0.000132,-0.0000118424
1/12/2026 - 01:00:00,REZ,3636,Short,-0.000939,-0.0000466841
1/12/2026 - 01:00:00,TURBO,5084,Short,-0.000391,-0.0000402893
1/12/2026 - 01:00:00,HMSTR,134918,Short,0.000404,0.0000125
1/12/2026 - 01:00:00,XLM,133,Long,0.000275,-0.0000092176
1/12/2026 - 01:00:00,ALGO,240,Long,-0.000396,0.0000125
1/12/2026 - 01:00:00,ME,140.2,Short,0.00037,0.0000125
1/12/2026 - 01:00:00,MOVE,1395,Short,-0.004856,-0.0001012021
1/12/2026 - 01:00:00,AIXBT,1051,Short,0.000428,0.0000109741
1/12/2026 - 01:00:00,IP,22.1,Short,-0.002733,-0.0000541383
1/12/2026 - 01:00:00,PAXG,0.003,Long,-0.00017,0.0000125
1/12/2026 - 01:00:00,AVNT,117,Short,-0.011862,-0.0003248133
1/12/2026 - 01:00:00,ZEC,0.18,Short,0.000858,0.0000125
1/12/2026 - 02:00:00,BTC,0.00082,Long,-0.000935,0.0000125
1/12/2026 - 02:00:00,ETH,0.0066,Long,-0.000257,0.0000125
1/12/2026 - 02:00:00,ATOM,35.16,Long,-0.000511,0.0000056802
1/12/2026 - 02:00:00,SOL,0.32,Long,-0.000565,0.0000125
1/12/2026 - 02:00:00,AVAX,0.83,Long,0.00019,-0.0000166497
1/12/2026 - 02:00:00,BNB,0.072,Long,-0.000811,0.0000125
1/12/2026 - 02:00:00,XRP,16,Long,-0.000411,0.0000125
1/12/2026 - 02:00:00,BCH,0.033,Long,-0.000049,0.0000022676
1/12/2026 - 02:00:00,YGG,152,Short,0.000127,0.0000125
1/12/2026 - 02:00:00,TRX,174,Long,0.000457,-0.0000087905
1/12/2026 - 02:00:00,BANANA,2.9,Short,0.000258,0.0000125
1/12/2026 - 02:00:00,ARK,35,Long,-0.000122,0.0000125
1/12/2026 - 02:00:00,TON,37.8,Long,-0.000829,0.0000125
1/12/2026 - 02:00:00,POLYX,176,Short,-0.004538,-0.0004136229
1/12/2026 - 02:00:00,GMT,1342,Short,-0.010625,-0.0004157327
1/12/2026 - 02:00:00,USTC,4395,Short,0.000027,8.918e-7
1/12/2026 - 02:00:00,CAKE,10.1,Long,-0.00025,0.0000125
1/12/2026 - 02:00:00,ETC,0.83,Long,0.000017,-0.000001695
1/12/2026 - 02:00:00,MAVIA,194,Short,0.000154,0.0000125
1/12/2026 - 02:00:00,STRK,491.7,Short,-0.003064,-0.0000761106
1/12/2026 - 02:00:00,TNSR,258.3,Short,0.000228,0.0000125
1/12/2026 - 02:00:00,MERL,203,Short,0.000646,0.0000125
1/12/2026 - 02:00:00,EIGEN,27.48,Short,-0.000118,-0.0000106015
1/12/2026 - 02:00:00,REZ,3636,Short,-0.001477,-0.0000733418
1/12/2026 - 02:00:00,TURBO,5084,Short,0.000086,0.0000088907
1/12/2026 - 02:00:00,HMSTR,134918,Short,0.000404,0.0000125
1/12/2026 - 02:00:00,XLM,133,Long,-0.000373,0.0000125
1/12/2026 - 02:00:00,ALGO,240,Long,-0.000396,0.0000125
1/12/2026 - 02:00:00,ME,140.2,Short,0.000368,0.0000125
1/12/2026 - 02:00:00,MOVE,1395,Short,-0.004191,-0.0000883793
1/12/2026 - 02:00:00,AIXBT,1051,Short,0.000487,0.0000125
1/12/2026 - 02:00:00,IP,22.1,Short,-0.032598,-0.0006051463
1/12/2026 - 02:00:00,PAXG,0.003,Long,0.000472,-0.0000342928
1/12/2026 - 02:00:00,AVNT,117,Short,-0.027711,-0.0007425859
1/12/2026 - 02:00:00,ZEC,0.18,Short,0.00087,0.0000125
1/12/2026 - 03:00:00,BTC,0.00082,Long,-0.000936,0.0000125
1/12/2026 - 03:00:00,ETH,0.0066,Long,-0.000257,0.0000125
1/12/2026 - 03:00:00,ATOM,35.16,Long,-0.000942,0.0000103545
1/12/2026 - 03:00:00,SOL,0.32,Long,-0.000564,0.0000125
1/12/2026 - 03:00:00,AVAX,0.83,Long,0.000055,-0.0000048632
1/12/2026 - 03:00:00,BNB,0.072,Long,-0.000813,0.0000125
1/12/2026 - 03:00:00,XRP,16,Long,-0.000412,0.0000125
1/12/2026 - 03:00:00,BCH,0.033,Long,-0.00007,0.0000033232
1/12/2026 - 03:00:00,YGG,152,Short,0.000128,0.0000125
1/12/2026 - 03:00:00,TRX,174,Long,0.000512,-0.0000098647
1/12/2026 - 03:00:00,BANANA,2.9,Short,0.000259,0.0000125
1/12/2026 - 03:00:00,ARK,35,Long,-0.000122,0.0000125
1/12/2026 - 03:00:00,TON,37.8,Long,-0.000829,0.0000125
1/12/2026 - 03:00:00,POLYX,176,Short,-0.003373,-0.0003054466
1/12/2026 - 03:00:00,GMT,1342,Short,-0.010083,-0.0003935051
1/12/2026 - 03:00:00,USTC,4395,Short,-0.002559,-0.0000831406
1/12/2026 - 03:00:00,CAKE,10.1,Long,-0.000249,0.0000125
1/12/2026 - 03:00:00,ETC,0.83,Long,0.00018,-0.0000173739
1/12/2026 - 03:00:00,MAVIA,194,Short,0.00045,0.000036209
1/12/2026 - 03:00:00,STRK,491.7,Short,-0.002464,-0.0000605859
1/12/2026 - 03:00:00,TNSR,258.3,Short,0.000229,0.0000125
1/12/2026 - 03:00:00,MERL,203,Short,0.000657,0.0000125
1/12/2026 - 03:00:00,EIGEN,27.48,Short,0.000018,0.000001627
1/12/2026 - 03:00:00,REZ,3636,Short,-0.004972,-0.0002365848
1/12/2026 - 03:00:00,TURBO,5084,Short,0.000122,0.0000125
1/12/2026 - 03:00:00,HMSTR,134918,Short,0.000408,0.0000125
1/12/2026 - 03:00:00,XLM,133,Long,-0.000375,0.0000125
1/12/2026 - 03:00:00,ALGO,240,Long,-0.000398,0.0000125
1/12/2026 - 03:00:00,ME,140.2,Short,0.000369,0.0000125
1/12/2026 - 03:00:00,MOVE,1395,Short,-0.002885,-0.0000606137
1/12/2026 - 03:00:00,AIXBT,1051,Short,0.000488,0.0000125
1/12/2026 - 03:00:00,IP,22.1,Short,-0.022704,-0.0004185558
1/12/2026 - 03:00:00,PAXG,0.003,Long,-0.000171,0.0000125
1/12/2026 - 03:00:00,AVNT,117,Short,-0.043069,-0.0011601377
1/12/2026 - 03:00:00,ZEC,0.18,Short,0.000923,0.0000125
1/12/2026 - 04:00:00,BTC,0.00082,Long,-0.000945,0.0000125
1/12/2026 - 04:00:00,ETH,0.0066,Long,-0.00026,0.0000125
1/12/2026 - 04:00:00,ATOM,35.16,Long,0.000954,-0.0000103394
1/12/2026 - 04:00:00,SOL,0.32,Long,-0.000531,0.0000116688
1/12/2026 - 04:00:00,AVAX,0.83,Long,-0.000145,0.0000125
1/12/2026 - 04:00:00,BNB,0.072,Long,-0.000817,0.0000125
1/12/2026 - 04:00:00,XRP,16,Long,-0.000419,0.0000125
1/12/2026 - 04:00:00,BCH,0.033,Long,-0.000038,0.0000018061
1/12/2026 - 04:00:00,YGG,152,Short,0.000131,0.0000125
1/12/2026 - 04:00:00,TRX,174,Long,0.000339,-0.0000065126
1/12/2026 - 04:00:00,BANANA,2.9,Short,0.000264,0.0000125
1/12/2026 - 04:00:00,ARK,35,Long,-0.000124,0.0000125
1/12/2026 - 04:00:00,TON,37.8,Long,-0.000834,0.0000125
1/12/2026 - 04:00:00,POLYX,176,Short,-0.002233,-0.0001976794
1/12/2026 - 04:00:00,GMT,1342,Short,-0.010118,-0.0003906578
1/12/2026 - 04:00:00,USTC,4395,Short,-0.002672,-0.0000860704
1/12/2026 - 04:00:00,CAKE,10.1,Long,-0.000251,0.0000125
1/12/2026 - 04:00:00,ETC,0.83,Long,0.000034,-0.0000032404
1/12/2026 - 04:00:00,MAVIA,194,Short,0.000994,0.0000795784
1/12/2026 - 04:00:00,STRK,491.7,Short,0.000506,0.0000122838
1/12/2026 - 04:00:00,TNSR,258.3,Short,0.000233,0.0000125
1/12/2026 - 04:00:00,MERL,203,Short,0.000657,0.0000125
1/12/2026 - 04:00:00,EIGEN,27.48,Short,0.000144,0.0000125
1/12/2026 - 04:00:00,REZ,3636,Short,-0.012258,-0.0005904301
1/12/2026 - 04:00:00,TURBO,5084,Short,-0.00019,-0.0000191446
1/12/2026 - 04:00:00,HMSTR,134918,Short,0.000411,0.0000125
1/12/2026 - 04:00:00,XLM,133,Long,-0.000379,0.0000125
1/12/2026 - 04:00:00,ALGO,240,Long,-0.000403,0.0000125
1/12/2026 - 04:00:00,ME,140.2,Short,0.000374,0.0000125
1/12/2026 - 04:00:00,MOVE,1395,Short,-0.000869,-0.0000179903
1/12/2026 - 04:00:00,AIXBT,1051,Short,0.00039,0.0000098158
1/12/2026 - 04:00:00,IP,22.1,Short,-0.023762,-0.0004392299
1/12/2026 - 04:00:00,PAXG,0.003,Long,-0.000171,0.0000125
1/12/2026 - 04:00:00,AVNT,117,Short,-0.035766,-0.0009481798
1/12/2026 - 04:00:00,ZEC,0.18,Short,0.000928,0.0000125
1/12/2026 - 05:00:00,BTC,0.00082,Long,-0.000941,0.0000125
1/12/2026 - 05:00:00,ETH,0.0066,Long,-0.00026,0.0000125
1/12/2026 - 05:00:00,ATOM,35.16,Long,0.000123,-0.0000013488
1/12/2026 - 05:00:00,SOL,0.32,Long,-0.000275,0.0000060388
1/12/2026 - 05:00:00,AVAX,0.83,Long,-0.000145,0.0000125
1/12/2026 - 05:00:00,BNB,0.072,Long,-0.000814,0.0000125
1/12/2026 - 05:00:00,XRP,16,Long,-0.000416,0.0000125
1/12/2026 - 05:00:00,BCH,0.033,Long,-0.000267,0.0000125
1/12/2026 - 05:00:00,YGG,152,Short,0.000129,0.0000125
1/12/2026 - 05:00:00,TRX,174,Long,0.000324,-0.0000062419
1/12/2026 - 05:00:00,BANANA,2.9,Short,0.000261,0.0000125
1/12/2026 - 05:00:00,ARK,35,Long,-0.000123,0.0000125
1/12/2026 - 05:00:00,TON,37.8,Long,-0.000832,0.0000125
1/12/2026 - 05:00:00,POLYX,176,Short,-0.002416,-0.0002165642
1/12/2026 - 05:00:00,GMT,1342,Short,-0.008443,-0.0003292272
1/12/2026 - 05:00:00,USTC,4395,Short,-0.001526,-0.0000494752
1/12/2026 - 05:00:00,CAKE,10.1,Long,-0.000249,0.0000125
1/12/2026 - 05:00:00,ETC,0.83,Long,-0.00013,0.0000125
1/12/2026 - 05:00:00,MAVIA,194,Short,0.0014,0.0001129834
1/12/2026 - 05:00:00,STRK,491.7,Short,0.000508,0.0000125
1/12/2026 - 05:00:00,TNSR,258.3,Short,0.00023,0.0000125
1/12/2026 - 05:00:00,MERL,203,Short,0.000662,0.0000125
1/12/2026 - 05:00:00,EIGEN,27.48,Short,0.000143,0.0000125
1/12/2026 - 05:00:00,REZ,3636,Short,-0.009937,-0.0004810136
1/12/2026 - 05:00:00,TURBO,5084,Short,0.000082,0.000008432
1/12/2026 - 05:00:00,HMSTR,134918,Short,0.000406,0.0000125
1/12/2026 - 05:00:00,XLM,133,Long,-0.000375,0.0000125
1/12/2026 - 05:00:00,ALGO,240,Long,-0.000398,0.0000125
1/12/2026 - 05:00:00,ME,140.2,Short,0.00037,0.0000125
1/12/2026 - 05:00:00,MOVE,1395,Short,-0.000273,-0.0000057136
1/12/2026 - 05:00:00,AIXBT,1051,Short,0.000491,0.0000125
1/12/2026 - 05:00:00,IP,22.1,Short,-0.012394,-0.0002216494
1/12/2026 - 05:00:00,PAXG,0.003,Long,-0.000171,0.0000125
1/12/2026 - 05:00:00,AVNT,117,Short,-0.024297,-0.0006567688
1/12/2026 - 05:00:00,ZEC,0.18,Short,0.000925,0.0000125
1/12/2026 - 06:00:00,BTC,0.00082,Long,-0.000944,0.0000125
1/12/2026 - 06:00:00,ETH,0.0066,Long,-0.00026,0.0000125
1/12/2026 - 06:00:00,ATOM,35.16,Long,0.000794,-0.000008591
1/12/2026 - 06:00:00,SOL,0.32,Long,-0.000161,0.0000035274
1/12/2026 - 06:00:00,AVAX,0.83,Long,-0.000145,0.0000125
1/12/2026 - 06:00:00,BNB,0.072,Long,-0.000818,0.0000125
1/12/2026 - 06:00:00,XRP,16,Long,-0.000418,0.0000125
1/12/2026 - 06:00:00,BCH,0.033,Long,-0.000267,0.0000125
1/12/2026 - 06:00:00,YGG,152,Short,0.00013,0.0000125
1/12/2026 - 06:00:00,TRX,174,Long,0.000453,-0.0000087233
1/12/2026 - 06:00:00,BANANA,2.9,Short,0.000264,0.0000125
1/12/2026 - 06:00:00,ARK,35,Long,-0.000124,0.0000125
1/12/2026 - 06:00:00,TON,37.8,Long,-0.000835,0.0000125
1/12/2026 - 06:00:00,POLYX,176,Short,-0.002884,-0.0002564689
1/12/2026 - 06:00:00,GMT,1342,Short,-0.007784,-0.0003014826
1/12/2026 - 06:00:00,USTC,4395,Short,-0.001045,-0.0000335111
1/12/2026 - 06:00:00,CAKE,10.1,Long,-0.000251,0.0000125
1/12/2026 - 06:00:00,ETC,0.83,Long,-0.000019,0.0000018633
1/12/2026 - 06:00:00,MAVIA,194,Short,0.000856,0.0000691587
1/12/2026 - 06:00:00,STRK,491.7,Short,0.000512,0.0000125
1/12/2026 - 06:00:00,TNSR,258.3,Short,0.000232,0.0000125
1/12/2026 - 06:00:00,MERL,203,Short,0.000664,0.0000125
1/12/2026 - 06:00:00,EIGEN,27.48,Short,0.000146,0.0000125
1/12/2026 - 06:00:00,REZ,3636,Short,-0.005984,-0.0002883475
1/12/2026 - 06:00:00,TURBO,5084,Short,-0.000078,-0.0000079948
1/12/2026 - 06:00:00,HMSTR,134918,Short,0.000409,0.0000125
1/12/2026 - 06:00:00,XLM,133,Long,-0.000378,0.0000125
1/12/2026 - 06:00:00,ALGO,240,Long,-0.000402,0.0000125
1/12/2026 - 06:00:00,ME,140.2,Short,0.000374,0.0000125
1/12/2026 - 06:00:00,MOVE,1395,Short,-0.001415,-0.0000293427
1/12/2026 - 06:00:00,AIXBT,1051,Short,0.000499,0.0000125
1/12/2026 - 06:00:00,IP,22.1,Short,-0.016608,-0.0003036649
1/12/2026 - 06:00:00,PAXG,0.003,Long,-0.000171,0.0000125
1/12/2026 - 06:00:00,AVNT,117,Short,-0.020926,-0.0005674361
1/12/2026 - 06:00:00,ZEC,0.18,Short,0.000928,0.0000125
1/12/2026 - 07:00:00,BTC,0.00082,Long,-0.000944,0.0000125
1/12/2026 - 07:00:00,ETH,0.0066,Long,-0.00026,0.0000125
1/12/2026 - 07:00:00,ATOM,35.16,Long,-0.001153,0.0000125
1/12/2026 - 07:00:00,SOL,0.32,Long,0.000058,-0.0000012874
1/12/2026 - 07:00:00,AVAX,0.83,Long,-0.000145,0.0000125
1/12/2026 - 07:00:00,BNB,0.072,Long,-0.000817,0.0000125
1/12/2026 - 07:00:00,XRP,16,Long,-0.000416,0.0000125
1/12/2026 - 07:00:00,BCH,0.033,Long,-0.000265,0.0000125
1/12/2026 - 07:00:00,YGG,152,Short,0.00013,0.0000125
1/12/2026 - 07:00:00,TRX,174,Long,0.000464,-0.0000089372
1/12/2026 - 07:00:00,BANANA,2.9,Short,0.000264,0.0000125
1/12/2026 - 07:00:00,ARK,35,Long,-0.000123,0.0000125
1/12/2026 - 07:00:00,TON,37.8,Long,-0.000832,0.0000125
1/12/2026 - 07:00:00,POLYX,176,Short,-0.003216,-0.0002851095
1/12/2026 - 07:00:00,GMT,1342,Short,-0.007277,-0.0002819969
1/12/2026 - 07:00:00,USTC,4395,Short,-0.005018,-0.0001607861
1/12/2026 - 07:00:00,CAKE,10.1,Long,-0.000251,0.0000125
1/12/2026 - 07:00:00,ETC,0.83,Long,-0.000125,0.0000120296
1/12/2026 - 07:00:00,MAVIA,194,Short,0.000825,0.0000663882
1/12/2026 - 07:00:00,STRK,491.7,Short,0.000511,0.0000125
1/12/2026 - 07:00:00,TNSR,258.3,Short,0.000232,0.0000125
1/12/2026 - 07:00:00,MERL,203,Short,0.000652,0.0000125
1/12/2026 - 07:00:00,EIGEN,27.48,Short,0.000144,0.0000125
1/12/2026 - 07:00:00,REZ,3636,Short,-0.007468,-0.0003499029
1/12/2026 - 07:00:00,TURBO,5084,Short,-0.000025,-0.0000025519
1/12/2026 - 07:00:00,HMSTR,134918,Short,0.000408,0.0000125
1/12/2026 - 07:00:00,XLM,133,Long,-0.000376,0.0000125
1/12/2026 - 07:00:00,ALGO,240,Long,-0.000401,0.0000125
1/12/2026 - 07:00:00,ME,140.2,Short,0.000374,0.0000125
1/12/2026 - 07:00:00,MOVE,1395,Short,-0.004691,-0.0000973495
1/12/2026 - 07:00:00,AIXBT,1051,Short,0.000224,0.000005619
1/12/2026 - 07:00:00,IP,22.1,Short,-0.02278,-0.0004115669
1/12/2026 - 07:00:00,PAXG,0.003,Long,-0.000171,0.0000125
1/12/2026 - 07:00:00,AVNT,117,Short,-0.018015,-0.0004890451
1/12/2026 - 07:00:00,ZEC,0.18,Short,0.000933,0.0000125
1/12/2026 - 08:00:00,BTC,0.00082,Long,-0.000941,0.0000125
1/12/2026 - 08:00:00,ETH,0.0066,Long,-0.00026,0.0000125
1/12/2026 - 08:00:00,ATOM,35.16,Long,0.000069,-7.532e-7
1/12/2026 - 08:00:00,SOL,0.32,Long,-0.000568,0.0000125
1/12/2026 - 08:00:00,AVAX,0.83,Long,-0.000144,0.0000125
1/12/2026 - 08:00:00,BNB,0.072,Long,-0.000816,0.0000125
1/12/2026 - 08:00:00,XRP,16,Long,-0.000414,0.0000125
1/12/2026 - 08:00:00,BCH,0.033,Long,-0.00026,0.0000125
1/12/2026 - 08:00:00,YGG,152,Short,0.000129,0.0000125
1/12/2026 - 08:00:00,TRX,174,Long,0.000535,-0.0000103235
1/12/2026 - 08:00:00,BANANA,2.9,Short,0.000262,0.0000125
1/12/2026 - 08:00:00,ARK,35,Long,-0.000122,0.0000125
1/12/2026 - 08:00:00,TON,37.8,Long,-0.000826,0.0000125
1/12/2026 - 08:00:00,POLYX,176,Short,-0.001508,-0.0001343676
1/12/2026 - 08:00:00,GMT,1342,Short,-0.004964,-0.0001945328
1/12/2026 - 08:00:00,USTC,4395,Short,-0.000451,-0.0000145908
1/12/2026 - 08:00:00,CAKE,10.1,Long,-0.00025,0.0000125
1/12/2026 - 08:00:00,ETC,0.83,Long,-0.000063,0.0000060973
1/12/2026 - 08:00:00,MAVIA,194,Short,0.000723,0.0000584264
1/12/2026 - 08:00:00,STRK,491.7,Short,0.000506,0.0000125
1/12/2026 - 08:00:00,TNSR,258.3,Short,0.00023,0.0000125
1/12/2026 - 08:00:00,MERL,203,Short,0.000647,0.0000125
1/12/2026 - 08:00:00,EIGEN,27.48,Short,0.000143,0.0000125
1/12/2026 - 08:00:00,REZ,3636,Short,-0.015223,-0.0006788145
1/12/2026 - 08:00:00,TURBO,5084,Short,0.000121,0.0000125
1/12/2026 - 08:00:00,HMSTR,134918,Short,0.000404,0.0000125
1/12/2026 - 08:00:00,XLM,133,Long,-0.000332,0.0000110609
1/12/2026 - 08:00:00,ALGO,240,Long,-0.000399,0.0000125
1/12/2026 - 08:00:00,ME,140.2,Short,0.000372,0.0000125
1/12/2026 - 08:00:00,MOVE,1395,Short,-0.005435,-0.0001137569
1/12/2026 - 08:00:00,AIXBT,1051,Short,0.000494,0.0000125
1/12/2026 - 08:00:00,IP,22.1,Short,-0.021334,-0.0003728737
1/12/2026 - 08:00:00,PAXG,0.003,Long,-0.000171,0.0000125
1/12/2026 - 08:00:00,AVNT,117,Short,-0.017335,-0.0004738942
1/12/2026 - 08:00:00,ZEC,0.18,Short,0.000922,0.0000125
1/12/2026 - 09:00:00,BTC,0.00082,Long,-0.000937,0.0000125
1/12/2026 - 09:00:00,ETH,0.0066,Long,-0.000258,0.0000125
1/12/2026 - 09:00:00,ATOM,35.16,Long,-0.000904,0.0000098967
1/12/2026 - 09:00:00,SOL,0.32,Long,-0.000565,0.0000125
1/12/2026 - 09:00:00,AVAX,0.83,Long,-0.000119,0.0000105031
1/12/2026 - 09:00:00,BNB,0.072,Long,-0.000814,0.0000125
1/12/2026 - 09:00:00,XRP,16,Long,-0.00041,0.0000125
1/12/2026 - 09:00:00,BCH,0.033,Long,-0.000106,0.0000052226
1/12/2026 - 09:00:00,YGG,152,Short,0.000128,0.0000125
1/12/2026 - 09:00:00,TRX,174,Long,0.00044,-0.0000085086
1/12/2026 - 09:00:00,BANANA,2.9,Short,0.00026,0.0000125
1/12/2026 - 09:00:00,ARK,35,Long,-0.000122,0.0000125
1/12/2026 - 09:00:00,TON,37.8,Long,-0.000821,0.0000125
1/12/2026 - 09:00:00,POLYX,176,Short,-0.003356,-0.0002976213
1/12/2026 - 09:00:00,GMT,1342,Short,-0.003737,-0.0001483727
1/12/2026 - 09:00:00,USTC,4395,Short,0.000382,0.0000125
1/12/2026 - 09:00:00,CAKE,10.1,Long,-0.000248,0.0000125
1/12/2026 - 09:00:00,ETC,0.83,Long,-0.000128,0.0000125
1/12/2026 - 09:00:00,MAVIA,194,Short,0.000666,0.0000547013
1/12/2026 - 09:00:00,STRK,491.7,Short,0.000502,0.0000125
1/12/2026 - 09:00:00,TNSR,258.3,Short,0.000228,0.0000125
1/12/2026 - 09:00:00,MERL,203,Short,0.000659,0.0000125
1/12/2026 - 09:00:00,EIGEN,27.48,Short,-0.00001,-9.598e-7
1/12/2026 - 09:00:00,REZ,3636,Short,-0.012565,-0.0005703669
1/12/2026 - 09:00:00,TURBO,5084,Short,-0.000153,-0.0000160814
1/12/2026 - 09:00:00,HMSTR,134918,Short,0.000401,0.0000125
1/12/2026 - 09:00:00,XLM,133,Long,-0.00037,0.0000125
1/12/2026 - 09:00:00,ALGO,240,Long,-0.000396,0.0000125
1/12/2026 - 09:00:00,ME,140.2,Short,0.000366,0.0000125
1/12/2026 - 09:00:00,MOVE,1395,Short,-0.003623,-0.0000765154
1/12/2026 - 09:00:00,AIXBT,1051,Short,0.000485,0.0000125
1/12/2026 - 09:00:00,IP,22.1,Short,-0.025869,-0.0004537937
1/12/2026 - 09:00:00,PAXG,0.003,Long,-0.000172,0.0000125
1/12/2026 - 09:00:00,AVNT,117,Short,-0.015127,-0.0004177523
1/12/2026 - 09:00:00,ZEC,0.18,Short,0.000909,0.0000125
1/12/2026 - 10:00:00,BTC,0.00082,Long,-0.00093,0.0000125
1/12/2026 - 10:00:00,ETH,0.0066,Long,-0.000257,0.0000125
1/12/2026 - 10:00:00,ATOM,35.16,Long,0.001659,-0.0000182803
1/12/2026 - 10:00:00,SOL,0.32,Long,-0.00056,0.0000125
1/12/2026 - 10:00:00,AVAX,0.83,Long,0.000103,-0.0000091397
1/12/2026 - 10:00:00,BNB,0.072,Long,-0.000812,0.0000125
1/12/2026 - 10:00:00,XRP,16,Long,-0.00041,0.0000125
1/12/2026 - 10:00:00,BCH,0.033,Long,0.000056,-0.000002745
1/12/2026 - 10:00:00,YGG,152,Short,0.000127,0.0000125
1/12/2026 - 10:00:00,TRX,174,Long,-0.000331,0.0000063847
1/12/2026 - 10:00:00,BANANA,2.9,Short,0.00026,0.0000125
1/12/2026 - 10:00:00,ARK,35,Long,-0.000121,0.0000125
1/12/2026 - 10:00:00,TON,37.8,Long,-0.000823,0.0000125
1/12/2026 - 10:00:00,POLYX,176,Short,-0.003459,-0.0003090779
1/12/2026 - 10:00:00,GMT,1342,Short,-0.004834,-0.0001900946
1/12/2026 - 10:00:00,USTC,4395,Short,0.00038,0.0000125
1/12/2026 - 10:00:00,CAKE,10.1,Long,-0.000247,0.0000125
1/12/2026 - 10:00:00,ETC,0.83,Long,0.000103,-0.0000100867
1/12/2026 - 10:00:00,MAVIA,194,Short,0.00015,0.0000125
1/12/2026 - 10:00:00,STRK,491.7,Short,0.0005,0.0000125
1/12/2026 - 10:00:00,TNSR,258.3,Short,0.000028,0.0000015626
1/12/2026 - 10:00:00,MERL,203,Short,0.000654,0.0000125
1/12/2026 - 10:00:00,EIGEN,27.48,Short,-0.000209,-0.0000187984
1/12/2026 - 10:00:00,REZ,3636,Short,-0.003035,-0.0001434248
1/12/2026 - 10:00:00,TURBO,5084,Short,-0.000113,-0.0000119088
1/12/2026 - 10:00:00,HMSTR,134918,Short,0.000399,0.0000125
1/12/2026 - 10:00:00,XLM,133,Long,-0.000025,8.777e-7
1/12/2026 - 10:00:00,ALGO,240,Long,-0.000394,0.0000125
1/12/2026 - 10:00:00,ME,140.2,Short,0.000361,0.0000125
1/12/2026 - 10:00:00,MOVE,1395,Short,-0.002829,-0.0000601917
1/12/2026 - 10:00:00,AIXBT,1051,Short,0.00048,0.0000125
1/12/2026 - 10:00:00,IP,22.1,Short,-0.009686,-0.0001756033
1/12/2026 - 10:00:00,PAXG,0.003,Long,-0.000172,0.0000125
1/12/2026 - 10:00:00,AVNT,117,Short,-0.01106,-0.0003087238
1/12/2026 - 10:00:00,ZEC,0.18,Short,0.000907,0.0000125
1/12/2026 - 11:00:00,BTC,0.00082,Long,-0.000929,0.0000125
1/12/2026 - 11:00:00,ETH,0.0066,Long,-0.000257,0.0000125
1/12/2026 - 11:00:00,ATOM,35.16,Long,0.001797,-0.0000199073
1/12/2026 - 11:00:00,SOL,0.32,Long,0.000399,-0.0000089528
1/12/2026 - 11:00:00,AVAX,0.83,Long,0.000351,-0.0000311169
1/12/2026 - 11:00:00,BNB,0.072,Long,-0.00081,0.0000125
1/12/2026 - 11:00:00,XRP,16,Long,-0.000408,0.0000125
1/12/2026 - 11:00:00,BCH,0.033,Long,0.000063,-0.0000030752
1/12/2026 - 11:00:00,YGG,152,Short,0.000006,6.128e-7
1/12/2026 - 11:00:00,TRX,174,Long,-0.000361,0.0000069747
1/12/2026 - 11:00:00,BANANA,2.9,Short,0.000262,0.0000125
1/12/2026 - 11:00:00,ARK,35,Long,-0.000121,0.0000125
1/12/2026 - 11:00:00,TON,37.8,Long,-0.000823,0.0000125
1/12/2026 - 11:00:00,POLYX,176,Short,-0.001106,-0.0000997605
1/12/2026 - 11:00:00,GMT,1342,Short,-0.005546,-0.0002190437
1/12/2026 - 11:00:00,USTC,4395,Short,0.000326,0.0000107371
1/12/2026 - 11:00:00,CAKE,10.1,Long,-0.000245,0.0000125
1/12/2026 - 11:00:00,ETC,0.83,Long,0.000389,-0.0000381006
1/12/2026 - 11:00:00,MAVIA,194,Short,0.000151,0.0000125
1/12/2026 - 11:00:00,STRK,491.7,Short,0.000499,0.0000125
1/12/2026 - 11:00:00,TNSR,258.3,Short,0.000097,0.0000054419
1/12/2026 - 11:00:00,MERL,203,Short,0.000653,0.0000125
1/12/2026 - 11:00:00,EIGEN,27.48,Short,-0.000196,-0.0000176134
1/12/2026 - 11:00:00,REZ,3636,Short,-0.007149,-0.0003346511
1/12/2026 - 11:00:00,TURBO,5084,Short,-0.000175,-0.000018492
1/12/2026 - 11:00:00,HMSTR,134918,Short,0.000398,0.0000125
1/12/2026 - 11:00:00,XLM,133,Long,0.000593,-0.0000202941
1/12/2026 - 11:00:00,ALGO,240,Long,-0.000393,0.0000125
1/12/2026 - 11:00:00,ME,140.2,Short,0.000359,0.0000125
1/12/2026 - 11:00:00,MOVE,1395,Short,-0.00325,-0.0000694165
1/12/2026 - 11:00:00,AIXBT,1051,Short,0.000479,0.0000125
1/12/2026 - 11:00:00,IP,22.1,Short,-0.01476,-0.0002622913
1/12/2026 - 11:00:00,PAXG,0.003,Long,-0.000172,0.0000125
1/12/2026 - 11:00:00,AVNT,117,Short,-0.009078,-0.0002533821
1/12/2026 - 11:00:00,ZEC,0.18,Short,-0.001266,-0.0000177466
1/12/2026 - 12:00:00,BTC,0.00082,Long,-0.000926,0.0000125
1/12/2026 - 12:00:00,ETH,0.0066,Long,-0.000256,0.0000125
1/12/2026 - 12:00:00,ATOM,35.16,Long,0.002374,-0.0000262358
1/12/2026 - 12:00:00,SOL,0.32,Long,0.000342,-0.0000076803
1/12/2026 - 12:00:00,AVAX,0.83,Long,0.000388,-0.0000344731
1/12/2026 - 12:00:00,BNB,0.072,Long,-0.000809,0.0000125
1/12/2026 - 12:00:00,XRP,16,Long,-0.000407,0.0000125
1/12/2026 - 12:00:00,BCH,0.033,Long,0.000251,-0.0000121995
1/12/2026 - 12:00:00,YGG,152,Short,0.000126,0.0000125
1/12/2026 - 12:00:00,TRX,174,Long,-0.00053,0.0000102348
1/12/2026 - 12:00:00,BANANA,2.9,Short,0.000261,0.0000125
1/12/2026 - 12:00:00,ARK,35,Long,-0.00012,0.0000125
1/12/2026 - 12:00:00,TON,37.8,Long,-0.00082,0.0000125
1/12/2026 - 12:00:00,POLYX,176,Short,-0.001263,-0.0001139824
1/12/2026 - 12:00:00,GMT,1342,Short,-0.00573,-0.0002267911
1/12/2026 - 12:00:00,USTC,4395,Short,0.000371,0.0000122646
1/12/2026 - 12:00:00,CAKE,10.1,Long,-0.000244,0.0000125
1/12/2026 - 12:00:00,ETC,0.83,Long,0.000353,-0.0000347059
1/12/2026 - 12:00:00,MAVIA,194,Short,0.000471,0.0000397554
1/12/2026 - 12:00:00,STRK,491.7,Short,0.000499,0.0000125
1/12/2026 - 12:00:00,TNSR,258.3,Short,0.000225,0.0000125
1/12/2026 - 12:00:00,MERL,203,Short,0.000651,0.0000125
1/12/2026 - 12:00:00,EIGEN,27.48,Short,0.000138,0.0000125
1/12/2026 - 12:00:00,REZ,3636,Short,-0.002348,-0.0001082069
1/12/2026 - 12:00:00,TURBO,5084,Short,-0.000123,-0.0000130623
1/12/2026 - 12:00:00,HMSTR,134918,Short,0.000396,0.0000125
1/12/2026 - 12:00:00,XLM,133,Long,0.000249,-0.0000085615
1/12/2026 - 12:00:00,ALGO,240,Long,-0.00039,0.0000125
1/12/2026 - 12:00:00,ME,140.2,Short,0.000357,0.0000125
1/12/2026 - 12:00:00,MOVE,1395,Short,-0.003759,-0.0000804312
1/12/2026 - 12:00:00,AIXBT,1051,Short,0.000174,0.0000045582
1/12/2026 - 12:00:00,IP,22.1,Short,-0.013674,-0.0002418506
1/12/2026 - 12:00:00,PAXG,0.003,Long,-0.000172,0.0000125
1/12/2026 - 12:00:00,AVNT,117,Short,-0.008418,-0.0002361577
1/12/2026 - 12:00:00,ZEC,0.18,Short,-0.001035,-0.000014401
1/12/2026 - 13:00:00,BTC,0.00082,Long,-0.000928,0.0000125
1/12/2026 - 13:00:00,ETH,0.0066,Long,-0.000257,0.0000125
1/12/2026 - 13:00:00,ATOM,35.16,Long,0.001389,-0.0000153984
1/12/2026 - 13:00:00,SOL,0.32,Long,0.000278,-0.0000062066
1/12/2026 - 13:00:00,AVAX,0.83,Long,0.000423,-0.0000373565
1/12/2026 - 13:00:00,BNB,0.072,Long,-0.000811,0.0000125
1/12/2026 - 13:00:00,XRP,16,Long,-0.000409,0.0000125
1/12/2026 - 13:00:00,BCH,0.033,Long,0.000513,-0.000024818
1/12/2026 - 13:00:00,YGG,152,Short,0.000127,0.0000125
1/12/2026 - 13:00:00,TRX,174,Long,-0.000223,0.0000043174
1/12/2026 - 13:00:00,BANANA,2.9,Short,0.000263,0.0000125
1/12/2026 - 13:00:00,ARK,35,Long,-0.000121,0.0000125
1/12/2026 - 13:00:00,TON,37.8,Long,0.000638,-0.0000097845
1/12/2026 - 13:00:00,POLYX,176,Short,-0.001315,-0.0001175434
1/12/2026 - 13:00:00,GMT,1342,Short,-0.005789,-0.0002221219
1/12/2026 - 13:00:00,USTC,4395,Short,-0.003459,-0.0001134068
1/12/2026 - 13:00:00,CAKE,10.1,Long,0.000118,-0.000006042
1/12/2026 - 13:00:00,ETC,0.83,Long,0.000581,-0.0000568359
1/12/2026 - 13:00:00,MAVIA,194,Short,0.000979,0.0000823446
1/12/2026 - 13:00:00,STRK,491.7,Short,0.000501,0.0000125
1/12/2026 - 13:00:00,TNSR,258.3,Short,-0.001044,-0.0000577755
1/12/2026 - 13:00:00,MERL,203,Short,0.000635,0.0000125
1/12/2026 - 13:00:00,EIGEN,27.48,Short,-0.000039,-0.0000035187
1/12/2026 - 13:00:00,REZ,3636,Short,-0.005529,-0.0002560171
1/12/2026 - 13:00:00,TURBO,5084,Short,-0.000443,-0.0000466702
1/12/2026 - 13:00:00,HMSTR,134918,Short,0.000399,0.0000125
1/12/2026 - 13:00:00,XLM,133,Long,0.001091,-0.0000373457
1/12/2026 - 13:00:00,ALGO,240,Long,-0.00039,0.0000125
1/12/2026 - 13:00:00,ME,140.2,Short,0.00036,0.0000125
1/12/2026 - 13:00:00,MOVE,1395,Short,-0.002316,-0.0000493553
1/12/2026 - 13:00:00,AIXBT,1051,Short,0.000396,0.0000103246
1/12/2026 - 13:00:00,IP,22.1,Short,-0.01467,-0.0002567017
1/12/2026 - 13:00:00,PAXG,0.003,Long,-0.000172,0.0000125
1/12/2026 - 13:00:00,AVNT,117,Short,-0.005628,-0.000158116
1/12/2026 - 13:00:00,ZEC,0.18,Short,-0.000633,-0.0000087413
1/12/2026 - 14:00:00,BTC,0.00082,Long,-0.00093,0.0000125
1/12/2026 - 14:00:00,ETH,0.0066,Long,-0.000257,0.0000125
1/12/2026 - 14:00:00,ATOM,35.16,Long,0.004206,-0.0000461798
1/12/2026 - 14:00:00,SOL,0.32,Long,0.000525,-0.0000117553
1/12/2026 - 14:00:00,AVAX,0.83,Long,0.000309,-0.0000273135
1/12/2026 - 14:00:00,BNB,0.072,Long,-0.000811,0.0000125
1/12/2026 - 14:00:00,XRP,16,Long,-0.000409,0.0000125
1/12/2026 - 14:00:00,BCH,0.033,Long,0.000574,-0.0000278109
1/12/2026 - 14:00:00,YGG,152,Short,0.000126,0.0000125
1/12/2026 - 14:00:00,TRX,174,Long,-0.00019,0.0000036654
1/12/2026 - 14:00:00,BANANA,2.9,Short,0.000261,0.0000125
1/12/2026 - 14:00:00,ARK,35,Long,-0.00012,0.0000125
1/12/2026 - 14:00:00,TON,37.8,Long,-0.000813,0.0000125
1/12/2026 - 14:00:00,POLYX,176,Short,-0.001253,-0.0001126733
1/12/2026 - 14:00:00,GMT,1342,Short,-0.020597,-0.0007573324
1/12/2026 - 14:00:00,USTC,4395,Short,-0.002898,-0.0000952193
1/12/2026 - 14:00:00,CAKE,10.1,Long,0.000163,-0.0000083359
1/12/2026 - 14:00:00,ETC,0.83,Long,0.000136,-0.0000134201
1/12/2026 - 14:00:00,MAVIA,194,Short,0.000977,0.0000823319
1/12/2026 - 14:00:00,STRK,491.7,Short,0.000499,0.0000125
1/12/2026 - 14:00:00,TNSR,258.3,Short,-0.001725,-0.0000953911
1/12/2026 - 14:00:00,MERL,203,Short,0.00064,0.0000125
1/12/2026 - 14:00:00,EIGEN,27.48,Short,0.000139,0.0000125
1/12/2026 - 14:00:00,REZ,3636,Short,-0.003215,-0.000149129
1/12/2026 - 14:00:00,TURBO,5084,Short,-0.000199,-0.0000210928
1/12/2026 - 14:00:00,HMSTR,134918,Short,0.000401,0.0000125
1/12/2026 - 14:00:00,XLM,133,Long,0.000552,-0.0000190134
1/12/2026 - 14:00:00,ALGO,240,Long,-0.000387,0.0000125
1/12/2026 - 14:00:00,ME,140.2,Short,0.000358,0.0000125
1/12/2026 - 14:00:00,MOVE,1395,Short,-0.003671,-0.0000786747
1/12/2026 - 14:00:00,AIXBT,1051,Short,0.000477,0.0000125
1/12/2026 - 14:00:00,IP,22.1,Short,-0.015513,-0.0002690641
1/12/2026 - 14:00:00,PAXG,0.003,Long,-0.000172,0.0000125
1/12/2026 - 14:00:00,AVNT,117,Short,-0.008726,-0.0002441297
1/12/2026 - 14:00:00,ZEC,0.18,Short,-0.000621,-0.0000085431
1/12/2026 - 15:00:00,BTC,0.00082,Long,-0.000928,0.0000125
1/12/2026 - 15:00:00,ETH,0.0066,Long,-0.000256,0.0000125
1/12/2026 - 15:00:00,ATOM,35.16,Long,-0.000604,0.0000067216
1/12/2026 - 15:00:00,SOL,0.32,Long,0.000335,-0.0000074922
1/12/2026 - 15:00:00,AVAX,0.83,Long,0.000422,-0.0000374915
1/12/2026 - 15:00:00,BNB,0.072,Long,-0.00081,0.0000125
1/12/2026 - 15:00:00,XRP,16,Long,-0.00041,0.0000125
1/12/2026 - 15:00:00,BCH,0.033,Long,0.000574,-0.0000278532
1/12/2026 - 15:00:00,YGG,152,Short,0.000122,0.0000125
1/12/2026 - 15:00:00,TRX,174,Long,-0.000073,0.000001413
1/12/2026 - 15:00:00,BANANA,2.9,Short,0.000262,0.0000125
1/12/2026 - 15:00:00,ARK,35,Long,-0.000119,0.0000125
1/12/2026 - 15:00:00,TON,37.8,Long,-0.000811,0.0000125
1/12/2026 - 15:00:00,POLYX,176,Short,-0.002294,-0.0002082388
1/12/2026 - 15:00:00,GMT,1342,Short,-0.012806,-0.0004876084
1/12/2026 - 15:00:00,USTC,4395,Short,-0.0004,-0.0000132738
1/12/2026 - 15:00:00,CAKE,10.1,Long,-0.000244,0.0000125
1/12/2026 - 15:00:00,ETC,0.83,Long,0.000292,-0.0000289686
1/12/2026 - 15:00:00,MAVIA,194,Short,0.000554,0.0000469936
1/12/2026 - 15:00:00,STRK,491.7,Short,0.000495,0.0000125
1/12/2026 - 15:00:00,TNSR,258.3,Short,-0.001326,-0.0000746197
1/12/2026 - 15:00:00,MERL,203,Short,0.000642,0.0000125
1/12/2026 - 15:00:00,EIGEN,27.48,Short,-0.000027,-0.000002529
1/12/2026 - 15:00:00,REZ,3636,Short,-0.000343,-0.0000162535
1/12/2026 - 15:00:00,TURBO,5084,Short,0.000076,0.00000818
1/12/2026 - 15:00:00,HMSTR,134918,Short,0.000387,0.0000125
1/12/2026 - 15:00:00,XLM,133,Long,0.000968,-0.0000333797
1/12/2026 - 15:00:00,ALGO,240,Long,-0.000385,0.0000125
1/12/2026 - 15:00:00,ME,140.2,Short,0.000354,0.0000125
1/12/2026 - 15:00:00,MOVE,1395,Short,-0.004373,-0.0000944881
1/12/2026 - 15:00:00,AIXBT,1051,Short,0.000471,0.0000125
1/12/2026 - 15:00:00,IP,22.1,Short,-0.016665,-0.0002829606
1/12/2026 - 15:00:00,PAXG,0.003,Long,-0.000173,0.0000125
1/12/2026 - 15:00:00,AVNT,117,Short,-0.006072,-0.0001714199
1/12/2026 - 15:00:00,ZEC,0.18,Short,-0.000599,-0.0000083701
1/12/2026 - 16:00:00,BTC,0.00082,Long,-0.000931,0.0000125
1/12/2026 - 16:00:00,ETH,0.0066,Long,-0.000256,0.0000125
1/12/2026 - 16:00:00,ATOM,35.16,Long,0.006121,-0.0000676353
1/12/2026 - 16:00:00,SOL,0.32,Long,-0.000072,0.0000016029
1/12/2026 - 16:00:00,AVAX,0.83,Long,0.000334,-0.0000295878
1/12/2026 - 16:00:00,BNB,0.072,Long,-0.000809,0.0000125
1/12/2026 - 16:00:00,XRP,16,Long,-0.000399,0.0000120425
1/12/2026 - 16:00:00,BCH,0.033,Long,0.000727,-0.000035588
1/12/2026 - 16:00:00,YGG,152,Short,0.000125,0.0000125
1/12/2026 - 16:00:00,TRX,174,Long,-0.000316,0.0000061152
1/12/2026 - 16:00:00,BANANA,2.9,Short,0.000265,0.0000125
1/12/2026 - 16:00:00,ARK,35,Long,-0.00012,0.0000125
1/12/2026 - 16:00:00,TON,37.8,Long,-0.000816,0.0000125
1/12/2026 - 16:00:00,POLYX,176,Short,-0.001412,-0.0001270025
1/12/2026 - 16:00:00,GMT,1342,Short,-0.010265,-0.0003825981
1/12/2026 - 16:00:00,USTC,4395,Short,-0.002611,-0.000085566
1/12/2026 - 16:00:00,CAKE,10.1,Long,0.000055,-0.0000028259
1/12/2026 - 16:00:00,ETC,0.83,Long,0.000594,-0.0000583375
1/12/2026 - 16:00:00,MAVIA,194,Short,0.000626,0.0000524959
1/12/2026 - 16:00:00,STRK,491.7,Short,-0.000268,-0.0000067336
1/12/2026 - 16:00:00,TNSR,258.3,Short,0.000224,0.0000125
1/12/2026 - 16:00:00,MERL,203,Short,0.000653,0.0000125
1/12/2026 - 16:00:00,EIGEN,27.48,Short,0.000087,0.0000078856
1/12/2026 - 16:00:00,REZ,3636,Short,-0.000397,-0.0000190677
1/12/2026 - 16:00:00,TURBO,5084,Short,-0.000253,-0.0000267702
1/12/2026 - 16:00:00,HMSTR,134918,Short,0.000396,0.0000125
1/12/2026 - 16:00:00,XLM,133,Long,0.001281,-0.0000437768
1/12/2026 - 16:00:00,ALGO,240,Long,-0.00039,0.0000125
1/12/2026 - 16:00:00,ME,140.2,Short,0.000357,0.0000125
1/12/2026 - 16:00:00,MOVE,1395,Short,-0.002179,-0.0000463111
1/12/2026 - 16:00:00,AIXBT,1051,Short,0.000481,0.0000125
1/12/2026 - 16:00:00,IP,22.1,Short,-0.014979,-0.0002459049
1/12/2026 - 16:00:00,PAXG,0.003,Long,-0.000172,0.0000125
1/12/2026 - 16:00:00,AVNT,117,Short,-0.006495,-0.0001799003
1/12/2026 - 16:00:00,ZEC,0.18,Short,-0.000997,-0.0000138338
1/12/2026 - 17:00:00,BTC,0.00082,Long,-0.000939,0.0000125
1/12/2026 - 17:00:00,ETH,0.0066,Long,-0.000258,0.0000125
1/12/2026 - 17:00:00,ATOM,35.16,Long,0.011037,-0.0001216799
1/12/2026 - 17:00:00,SOL,0.32,Long,-0.00057,0.0000125
1/12/2026 - 17:00:00,AVAX,0.83,Long,0.000285,-0.0000248212
1/12/2026 - 17:00:00,BNB,0.072,Long,-0.000813,0.0000125
1/12/2026 - 17:00:00,XRP,16,Long,-0.000194,0.0000057957
1/12/2026 - 17:00:00,BCH,0.033,Long,0.000313,-0.0000153372
1/12/2026 - 17:00:00,YGG,152,Short,0.000126,0.0000125
1/12/2026 - 17:00:00,TRX,174,Long,-0.000649,0.0000125
1/12/2026 - 17:00:00,BANANA,2.9,Short,0.000265,0.0000125
1/12/2026 - 17:00:00,ARK,35,Long,-0.000121,0.0000125
1/12/2026 - 17:00:00,TON,37.8,Long,-0.000814,0.0000125
1/12/2026 - 17:00:00,POLYX,176,Short,-0.000214,-0.0000192161
1/12/2026 - 17:00:00,GMT,1342,Short,-0.00841,-0.0003195079
1/12/2026 - 17:00:00,USTC,4395,Short,-0.0035,-0.000113944
1/12/2026 - 17:00:00,CAKE,10.1,Long,0.00009,-0.0000046216
1/12/2026 - 17:00:00,ETC,0.83,Long,0.000406,-0.0000395922
1/12/2026 - 17:00:00,MAVIA,194,Short,0.000149,0.0000125
1/12/2026 - 17:00:00,STRK,491.7,Short,-0.000895,-0.0000223022
1/12/2026 - 17:00:00,TNSR,258.3,Short,0.000226,0.0000125
1/12/2026 - 17:00:00,MERL,203,Short,0.000654,0.0000125
1/12/2026 - 17:00:00,EIGEN,27.48,Short,0.00014,0.0000125
1/12/2026 - 17:00:00,REZ,3636,Short,-0.000141,-0.000006731
1/12/2026 - 17:00:00,TURBO,5084,Short,-0.000346,-0.0000363686
1/12/2026 - 17:00:00,HMSTR,134918,Short,0.000399,0.0000125
1/12/2026 - 17:00:00,XLM,133,Long,0.000733,-0.0000246462
1/12/2026 - 17:00:00,ALGO,240,Long,-0.000395,0.0000125
1/12/2026 - 17:00:00,ME,140.2,Short,0.000361,0.0000125
1/12/2026 - 17:00:00,MOVE,1395,Short,-0.00214,-0.0000450946
1/12/2026 - 17:00:00,AIXBT,1051,Short,0.000484,0.0000125
1/12/2026 - 17:00:00,IP,22.1,Short,-0.014068,-0.0002238298
1/12/2026 - 17:00:00,PAXG,0.003,Long,-0.000173,0.0000125
1/12/2026 - 17:00:00,AVNT,117,Short,-0.00765,-0.0002106988
1/12/2026 - 17:00:00,ZEC,0.18,Short,0.0009,0.0000125
1/12/2026 - 18:00:00,BTC,0.00082,Long,-0.000944,0.0000125
1/12/2026 - 18:00:00,ETH,0.0066,Long,-0.000258,0.0000125
1/12/2026 - 18:00:00,ATOM,35.16,Long,0.002009,-0.0000224135
1/12/2026 - 18:00:00,SOL,0.32,Long,-0.000571,0.0000125
1/12/2026 - 18:00:00,AVAX,0.83,Long,-0.000143,0.0000125
1/12/2026 - 18:00:00,BNB,0.072,Long,-0.000815,0.0000125
1/12/2026 - 18:00:00,XRP,16,Long,-0.000418,0.0000125
1/12/2026 - 18:00:00,BCH,0.033,Long,0.000123,-0.0000060375
1/12/2026 - 18:00:00,YGG,152,Short,0.000127,0.0000125
1/12/2026 - 18:00:00,TRX,174,Long,-0.00065,0.0000125
1/12/2026 - 18:00:00,BANANA,2.9,Short,0.000264,0.0000125
1/12/2026 - 18:00:00,ARK,35,Long,-0.000121,0.0000125
1/12/2026 - 18:00:00,TON,37.8,Long,-0.000822,0.0000125
1/12/2026 - 18:00:00,POLYX,176,Short,-0.000831,-0.000073801
1/12/2026 - 18:00:00,GMT,1342,Short,-0.007375,-0.0002833799
1/12/2026 - 18:00:00,USTC,4395,Short,-0.001262,-0.0000410408
1/12/2026 - 18:00:00,CAKE,10.1,Long,-0.000246,0.0000125
1/12/2026 - 18:00:00,ETC,0.83,Long,-0.000035,0.0000034854
1/12/2026 - 18:00:00,MAVIA,194,Short,0.00015,0.0000125
1/12/2026 - 18:00:00,STRK,491.7,Short,-0.001079,-0.0000267654
1/12/2026 - 18:00:00,TNSR,258.3,Short,0.000228,0.0000125
1/12/2026 - 18:00:00,MERL,203,Short,0.000655,0.0000125
1/12/2026 - 18:00:00,EIGEN,27.48,Short,0.000141,0.0000125
1/12/2026 - 18:00:00,REZ,3636,Short,-0.000392,-0.0000189061
1/12/2026 - 18:00:00,TURBO,5084,Short,-0.000269,-0.0000280753
1/12/2026 - 18:00:00,HMSTR,134918,Short,0.000401,0.0000125
1/12/2026 - 18:00:00,XLM,133,Long,-0.000371,0.0000125
1/12/2026 - 18:00:00,ALGO,240,Long,-0.000395,0.0000125
1/12/2026 - 18:00:00,ME,140.2,Short,0.000363,0.0000125
1/12/2026 - 18:00:00,MOVE,1395,Short,-0.002288,-0.000048021
1/12/2026 - 18:00:00,AIXBT,1051,Short,0.000484,0.0000125
1/12/2026 - 18:00:00,IP,22.1,Short,-0.016458,-0.000270655
1/12/2026 - 18:00:00,PAXG,0.003,Long,0.000053,-0.0000038766
1/12/2026 - 18:00:00,AVNT,117,Short,-0.008455,-0.0002332734
1/12/2026 - 18:00:00,ZEC,0.18,Short,0.000675,0.0000093459
1/12/2026 - 19:00:00,BTC,0.00082,Long,-0.000391,0.0000052117
1/12/2026 - 19:00:00,ETH,0.0066,Long,-0.000256,0.0000125
1/12/2026 - 19:00:00,ATOM,35.16,Long,0.001965,-0.0000221011
1/12/2026 - 19:00:00,SOL,0.32,Long,-0.000567,0.0000125
1/12/2026 - 19:00:00,AVAX,0.83,Long,-0.000142,0.0000125
1/12/2026 - 19:00:00,BNB,0.072,Long,-0.000814,0.0000125
1/12/2026 - 19:00:00,XRP,16,Long,-0.000245,0.0000074119
1/12/2026 - 19:00:00,BCH,0.033,Long,0.000227,-0.0000111624
1/12/2026 - 19:00:00,YGG,152,Short,0.000125,0.0000125
1/12/2026 - 19:00:00,TRX,174,Long,-0.000285,0.0000054976
1/12/2026 - 19:00:00,BANANA,2.9,Short,0.000261,0.0000125
1/12/2026 - 19:00:00,ARK,35,Long,-0.00012,0.0000125
1/12/2026 - 19:00:00,TON,37.8,Long,-0.000822,0.0000125
1/12/2026 - 19:00:00,POLYX,176,Short,-0.001278,-0.0001131432
1/12/2026 - 19:00:00,GMT,1342,Short,-0.006058,-0.0002361646
1/12/2026 - 19:00:00,USTC,4395,Short,0.00038,0.0000125
1/12/2026 - 19:00:00,CAKE,10.1,Long,-0.000246,0.0000125
1/12/2026 - 19:00:00,ETC,0.83,Long,-0.000031,0.0000030559
1/12/2026 - 19:00:00,MAVIA,194,Short,0.000149,0.0000125
1/12/2026 - 19:00:00,STRK,491.7,Short,-0.001162,-0.0000291418
1/12/2026 - 19:00:00,TNSR,258.3,Short,0.000226,0.0000125
1/12/2026 - 19:00:00,MERL,203,Short,0.000646,0.0000125
1/12/2026 - 19:00:00,EIGEN,27.48,Short,0.000138,0.0000125
1/12/2026 - 19:00:00,REZ,3636,Short,-0.000592,-0.000028526
1/12/2026 - 19:00:00,TURBO,5084,Short,0.00009,0.0000095985
1/12/2026 - 19:00:00,HMSTR,134918,Short,0.000396,0.0000125
1/12/2026 - 19:00:00,XLM,133,Long,-0.000367,0.0000125
1/12/2026 - 19:00:00,ALGO,240,Long,-0.000395,0.0000125
1/12/2026 - 19:00:00,ME,140.2,Short,0.000359,0.0000125
1/12/2026 - 19:00:00,MOVE,1395,Short,-0.003848,-0.0000810127
1/12/2026 - 19:00:00,AIXBT,1051,Short,0.000475,0.0000125
1/12/2026 - 19:00:00,IP,22.1,Short,-0.010611,-0.0001737305
1/12/2026 - 19:00:00,PAXG,0.003,Long,0.000019,-0.0000014288
1/12/2026 - 19:00:00,AVNT,117,Short,-0.006436,-0.0001791814
1/12/2026 - 19:00:00,ZEC,0.18,Short,-0.003184,-0.0000442593
1/12/2026 - 20:00:00,BTC,0.00093,Long,0.000184,-0.0000021591
1/12/2026 - 20:00:00,ETH,0.0099,Long,-0.000384,0.0000125
1/12/2026 - 20:00:00,ATOM,35.16,Long,0.000776,-0.0000087633
1/12/2026 - 20:00:00,SOL,0.4,Long,0.000238,-0.0000042283
1/12/2026 - 20:00:00,AVAX,0.83,Long,-0.000141,0.0000125
1/12/2026 - 20:00:00,BNB,0.072,Long,-0.000817,0.0000125
1/12/2026 - 20:00:00,XRP,16,Long,-0.000182,0.0000055194
1/12/2026 - 20:00:00,BCH,0.033,Long,0.000289,-0.0000141347
1/12/2026 - 20:00:00,YGG,152,Short,0.000125,0.0000125
1/12/2026 - 20:00:00,TRX,174,Long,-0.000099,0.0000019129
1/12/2026 - 20:00:00,BANANA,2.9,Short,0.000261,0.0000125
1/12/2026 - 20:00:00,ARK,35,Long,-0.000121,0.0000125
1/12/2026 - 20:00:00,TON,37.8,Long,-0.000827,0.0000125
1/12/2026 - 20:00:00,POLYX,176,Short,-0.001631,-0.0001443947
1/12/2026 - 20:00:00,GMT,1867,Short,-0.008724,-0.000244071
1/12/2026 - 20:00:00,USTC,4395,Short,0.00038,0.0000125
1/12/2026 - 20:00:00,CAKE,10.1,Long,-0.000247,0.0000125
1/12/2026 - 20:00:00,ETC,0.83,Long,-0.000089,0.000008775
1/12/2026 - 20:00:00,MAVIA,194,Short,0.00015,0.0000125
1/12/2026 - 20:00:00,STRK,491.7,Short,0.000295,0.0000073961
1/12/2026 - 20:00:00,TNSR,258.3,Short,0.000226,0.0000125
1/12/2026 - 20:00:00,MERL,203,Short,0.000643,0.0000125
1/12/2026 - 20:00:00,EIGEN,27.48,Short,0.000139,0.0000125
1/12/2026 - 20:00:00,REZ,3636,Short,0.000015,7.395e-7
1/12/2026 - 20:00:00,TURBO,5084,Short,-0.000137,-0.0000145215
1/12/2026 - 20:00:00,HMSTR,134918,Short,0.000396,0.0000125
1/12/2026 - 20:00:00,XLM,133,Long,-0.000367,0.0000125
1/12/2026 - 20:00:00,ALGO,240,Long,-0.000393,0.0000125
1/12/2026 - 20:00:00,ME,189,Short,0.000484,0.0000125
1/12/2026 - 20:00:00,MOVE,1395,Short,-0.004286,-0.0000903721
1/12/2026 - 20:00:00,AIXBT,1051,Short,0.000477,0.0000125
1/12/2026 - 20:00:00,ANIME,1363,Short,-0.007071,-0.0006995593
1/12/2026 - 20:00:00,IP,22.1,Short,-0.009714,-0.0001566209
1/12/2026 - 20:00:00,PAXG,0.003,Long,0.000201,-0.0000145022
1/12/2026 - 20:00:00,AVNT,117,Short,-0.006099,-0.0001698265
1/12/2026 - 20:00:00,ZEC,0.18,Short,-0.003368,-0.0000462293
1/12/2026 - 21:00:00,BTC,0.00093,Long,0.000157,-0.0000018426
1/12/2026 - 21:00:00,ETH,0.0099,Long,-0.000352,0.0000113971
1/12/2026 - 21:00:00,ATOM,35.16,Long,0.002097,-0.0000235879
1/12/2026 - 21:00:00,SOL,0.4,Long,0.001724,-0.00003058
1/12/2026 - 21:00:00,AVAX,0.83,Long,-0.000142,0.0000125
1/12/2026 - 21:00:00,BNB,0.072,Long,-0.000817,0.0000125
1/12/2026 - 21:00:00,XRP,16,Long,-0.000377,0.0000113918
1/12/2026 - 21:00:00,BCH,0.033,Long,0.000257,-0.0000125587
1/12/2026 - 21:00:00,YGG,152,Short,0.000125,0.0000125
1/12/2026 - 21:00:00,TRX,174,Long,-0.000272,0.0000052234
1/12/2026 - 21:00:00,BANANA,2.9,Short,0.000262,0.0000125
1/12/2026 - 21:00:00,ARK,35,Long,-0.000121,0.0000125
1/12/2026 - 21:00:00,TON,37.8,Long,-0.00083,0.0000125
1/12/2026 - 21:00:00,POLYX,176,Short,-0.000962,-0.0000850189
1/12/2026 - 21:00:00,GMT,1867,Short,-0.007848,-0.0002203553
1/12/2026 - 21:00:00,USTC,4395,Short,0.00038,0.0000125
1/12/2026 - 21:00:00,CAKE,10.1,Long,-0.000247,0.0000125
1/12/2026 - 21:00:00,ETC,0.83,Long,0.000104,-0.000010191
1/12/2026 - 21:00:00,MAVIA,194,Short,0.000159,0.0000133853
1/12/2026 - 21:00:00,STRK,491.7,Short,0.000501,0.0000125
1/12/2026 - 21:00:00,TNSR,258.3,Short,0.000226,0.0000125
1/12/2026 - 21:00:00,MERL,203,Short,0.000637,0.0000125
1/12/2026 - 21:00:00,EIGEN,27.48,Short,0.000139,0.0000125
1/12/2026 - 21:00:00,REZ,3636,Short,0.000259,0.0000125
1/12/2026 - 21:00:00,TURBO,5084,Short,-0.000188,-0.0000198759
1/12/2026 - 21:00:00,HMSTR,134918,Short,0.000396,0.0000125
1/12/2026 - 21:00:00,XLM,133,Long,-0.000368,0.0000125
1/12/2026 - 21:00:00,ALGO,240,Long,-0.000392,0.0000125
1/12/2026 - 21:00:00,ME,189,Short,0.000485,0.0000125
1/12/2026 - 21:00:00,MOVE,1395,Short,-0.006053,-0.0001273494
1/12/2026 - 21:00:00,AIXBT,1051,Short,0.000477,0.0000125
1/12/2026 - 21:00:00,ANIME,1363,Short,-0.006069,-0.000598113
1/12/2026 - 21:00:00,IP,22.1,Short,-0.00914,-0.0001397559
1/12/2026 - 21:00:00,PAXG,0.003,Long,0.000494,-0.0000356382
1/12/2026 - 21:00:00,AVNT,117,Short,-0.008294,-0.0002304748
1/12/2026 - 21:00:00,ZEC,0.18,Short,-0.001482,-0.0000200518
1/12/2026 - 22:00:00,BTC,0.00093,Long,0.000175,-0.0000020593
1/12/2026 - 22:00:00,ETH,0.0099,Long,-0.000246,0.0000080109
1/12/2026 - 22:00:00,ATOM,35.16,Long,0.002423,-0.0000272984
1/12/2026 - 22:00:00,SOL,0.4,Long,0.001941,-0.0000346086
1/12/2026 - 22:00:00,AVAX,0.83,Long,-0.000135,0.0000119759
1/12/2026 - 22:00:00,BNB,0.072,Long,-0.000814,0.0000125
1/12/2026 - 22:00:00,XRP,16,Long,-0.000232,0.0000070278
1/12/2026 - 22:00:00,BCH,0.033,Long,0.000389,-0.0000190663
1/12/2026 - 22:00:00,YGG,152,Short,0.000124,0.0000125
1/12/2026 - 22:00:00,TRX,174,Long,-0.000155,0.0000029787
1/12/2026 - 22:00:00,BANANA,2.9,Short,0.00026,0.0000125
1/12/2026 - 22:00:00,ARK,35,Long,-0.000018,0.0000018681
1/12/2026 - 22:00:00,TON,37.8,Long,-0.000822,0.0000125
1/12/2026 - 22:00:00,POLYX,176,Short,-0.000153,-0.0000136727
1/12/2026 - 22:00:00,GMT,1867,Short,-0.008747,-0.0002456228
1/12/2026 - 22:00:00,USTC,4395,Short,0.000377,0.0000125
1/12/2026 - 22:00:00,CAKE,10.1,Long,-0.000245,0.0000125
1/12/2026 - 22:00:00,ETC,0.83,Long,-0.000127,0.0000125
1/12/2026 - 22:00:00,MAVIA,194,Short,0.000148,0.0000125
1/12/2026 - 22:00:00,STRK,491.7,Short,0.000442,0.000011091
1/12/2026 - 22:00:00,TNSR,258.3,Short,0.000224,0.0000125
1/12/2026 - 22:00:00,MERL,203,Short,0.000641,0.0000125
1/12/2026 - 22:00:00,EIGEN,27.48,Short,0.000137,0.0000125
1/12/2026 - 22:00:00,REZ,3636,Short,0.000256,0.0000125
1/12/2026 - 22:00:00,TURBO,5084,Short,0.000117,0.0000125
1/12/2026 - 22:00:00,HMSTR,134918,Short,0.000392,0.0000125
1/12/2026 - 22:00:00,XLM,133,Long,-0.000366,0.0000125
1/12/2026 - 22:00:00,ALGO,240,Long,-0.000388,0.0000125
1/12/2026 - 22:00:00,ME,189,Short,0.000481,0.0000125
1/12/2026 - 22:00:00,MOVE,1395,Short,-0.002267,-0.0000481964
1/12/2026 - 22:00:00,AIXBT,1051,Short,0.000474,0.0000125
1/12/2026 - 22:00:00,ANIME,1363,Short,-0.005012,-0.0004966468
1/12/2026 - 22:00:00,IP,22.1,Short,-0.007961,-0.0001204944
1/12/2026 - 22:00:00,PAXG,0.003,Long,0.000026,-0.0000018874
1/12/2026 - 22:00:00,AVNT,117,Short,-0.00909,-0.0002549019
1/12/2026 - 22:00:00,ZEC,0.18,Short,-0.002011,-0.0000272545
1/12/2026 - 23:00:00,BTC,0.00093,Long,0.000567,-0.0000067
1/12/2026 - 23:00:00,ETH,0.0099,Long,-0.00018,0.0000058892
1/12/2026 - 23:00:00,ATOM,35.16,Long,-0.000347,0.0000039527
1/12/2026 - 23:00:00,SOL,0.4,Long,0.001606,-0.0000289341
1/12/2026 - 23:00:00,AVAX,0.83,Long,-0.00014,0.0000125
1/12/2026 - 23:00:00,BNB,0.072,Long,-0.000812,0.0000125
1/12/2026 - 23:00:00,XRP,16,Long,-0.000252,0.0000077096
1/12/2026 - 23:00:00,BCH,0.033,Long,0.000805,-0.0000393091
1/12/2026 - 23:00:00,YGG,152,Short,0.000123,0.0000125
1/12/2026 - 23:00:00,TRX,174,Long,-0.000023,4.49e-7
1/12/2026 - 23:00:00,BANANA,2.9,Short,0.00026,0.0000125
1/12/2026 - 23:00:00,ARK,35,Long,0.000066,-0.0000069524
1/12/2026 - 23:00:00,TON,37.8,Long,-0.000817,0.0000125
1/12/2026 - 23:00:00,POLYX,176,Short,-0.000102,-0.0000092061
1/12/2026 - 23:00:00,GMT,1867,Short,-0.00777,-0.000220148
1/12/2026 - 23:00:00,USTC,4395,Short,0.000375,0.0000125
1/12/2026 - 23:00:00,CAKE,10.1,Long,-0.000244,0.0000125
1/12/2026 - 23:00:00,ETC,0.83,Long,0.000103,-0.0000101751
1/12/2026 - 23:00:00,MAVIA,194,Short,0.000148,0.0000125
1/12/2026 - 23:00:00,STRK,491.7,Short,0.000496,0.0000125
1/12/2026 - 23:00:00,TNSR,258.3,Short,0.000221,0.0000125
1/12/2026 - 23:00:00,MERL,203,Short,0.000639,0.0000125
1/12/2026 - 23:00:00,EIGEN,27.48,Short,0.000136,0.0000125
1/12/2026 - 23:00:00,REZ,3636,Short,0.000252,0.0000125
1/12/2026 - 23:00:00,TURBO,5084,Short,-0.000021,-0.0000022835
1/12/2026 - 23:00:00,HMSTR,134918,Short,0.000387,0.0000125
1/12/2026 - 23:00:00,XLM,133,Long,-0.000364,0.0000125
1/12/2026 - 23:00:00,ALGO,240,Long,-0.000386,0.0000125
1/12/2026 - 23:00:00,ME,189,Short,0.000478,0.0000125
1/12/2026 - 23:00:00,MOVE,1395,Short,-0.003063,-0.0000654648
1/12/2026 - 23:00:00,AIXBT,1051,Short,0.000468,0.0000125
1/12/2026 - 23:00:00,ANIME,1363,Short,-0.005161,-0.0005128718
1/12/2026 - 23:00:00,IP,22.1,Short,-0.005054,-0.0000782492
1/12/2026 - 23:00:00,PAXG,0.003,Long,-0.000172,0.0000125
1/12/2026 - 23:00:00,AVNT,117,Short,-0.010976,-0.0003093799
1/12/2026 - 23:00:00,ZEC,0.18,Short,-0.002246,-0.0000307347
1/13/2026 - 00:00:00,BTC,0.00093,Long,0.000793,-0.0000093532
1/13/2026 - 00:00:00,ETH,0.0099,Long,-0.000218,0.000007139
1/13/2026 - 00:00:00,ATOM,35.16,Long,0.002469,-0.0000278842
1/13/2026 - 00:00:00,SOL,0.4,Long,0.000847,-0.0000152156
1/13/2026 - 00:00:00,AVAX,0.83,Long,-0.000061,0.0000054984
1/13/2026 - 00:00:00,BNB,0.072,Long,-0.000815,0.0000125
1/13/2026 - 00:00:00,XRP,16,Long,-0.000253,0.0000077256
1/13/2026 - 00:00:00,BCH,0.033,Long,0.000616,-0.0000301166
1/13/2026 - 00:00:00,YGG,152,Short,0.000123,0.0000125
1/13/2026 - 00:00:00,TRX,174,Long,0.000297,-0.0000057016
1/13/2026 - 00:00:00,BANANA,2.9,Short,0.000261,0.0000125
1/13/2026 - 00:00:00,ARK,35,Long,-0.000121,0.0000125
1/13/2026 - 00:00:00,TON,37.8,Long,-0.000588,0.0000089996
1/13/2026 - 00:00:00,POLYX,176,Short,-0.000377,-0.0000338279
1/13/2026 - 00:00:00,GMT,1867,Short,-0.011833,-0.0003340298
1/13/2026 - 00:00:00,USTC,4395,Short,0.000374,0.0000125
1/13/2026 - 00:00:00,CAKE,10.1,Long,-0.000245,0.0000125
1/13/2026 - 00:00:00,ETC,0.83,Long,0.000562,-0.0000552986
1/13/2026 - 00:00:00,MAVIA,194,Short,0.000149,0.0000125
1/13/2026 - 00:00:00,STRK,491.7,Short,0.000498,0.0000125
1/13/2026 - 00:00:00,TNSR,258.3,Short,0.000221,0.0000125
1/13/2026 - 00:00:00,MERL,203,Short,0.000638,0.0000125
1/13/2026 - 00:00:00,EIGEN,27.48,Short,0.000137,0.0000125
1/13/2026 - 00:00:00,REZ,3636,Short,-0.001184,-0.0000585468
1/13/2026 - 00:00:00,TURBO,5084,Short,-0.000336,-0.0000359908
1/13/2026 - 00:00:00,HMSTR,134918,Short,0.000392,0.0000125
1/13/2026 - 00:00:00,XLM,133,Long,-0.000285,0.000009773
1/13/2026 - 00:00:00,ALGO,240,Long,-0.000388,0.0000125
1/13/2026 - 00:00:00,ME,189,Short,0.000477,0.0000125
1/13/2026 - 00:00:00,MOVE,1395,Short,-0.005487,-0.0001172398
1/13/2026 - 00:00:00,AIXBT,1051,Short,0.00047,0.0000125
1/13/2026 - 00:00:00,ANIME,1363,Short,-0.00418,-0.0004132167
1/13/2026 - 00:00:00,IP,22.1,Short,-0.005708,-0.0000901493
1/13/2026 - 00:00:00,PAXG,0.003,Long,-0.000173,0.0000125
1/13/2026 - 00:00:00,AVNT,117,Short,-0.01259,-0.000354405
1/13/2026 - 00:00:00,ZEC,0.18,Short,-0.002732,-0.0000375291
1/13/2026 - 01:00:00,BTC,0.00093,Long,0.000612,-0.0000072182
1/13/2026 - 01:00:00,ETH,0.0099,Long,-0.000171,0.0000056031
1/13/2026 - 01:00:00,ATOM,35.16,Long,-0.001093,0.0000125
1/13/2026 - 01:00:00,SOL,0.4,Long,-0.000104,0.0000018759
1/13/2026 - 01:00:00,AVAX,0.83,Long,0.000039,-0.0000035522
1/13/2026 - 01:00:00,BNB,0.072,Long,-0.000815,0.0000125
1/13/2026 - 01:00:00,XRP,16,Long,-0.000018,5.485e-7
1/13/2026 - 01:00:00,BCH,0.033,Long,0.0007,-0.0000341681
1/13/2026 - 01:00:00,YGG,152,Short,0.000123,0.0000125
1/13/2026 - 01:00:00,TRX,174,Long,0.000528,-0.000010134
1/13/2026 - 01:00:00,BANANA,2.9,Short,0.000259,0.0000125
1/13/2026 - 01:00:00,ARK,35,Long,-0.00012,0.0000125
1/13/2026 - 01:00:00,TON,37.8,Long,-0.000817,0.0000125
1/13/2026 - 01:00:00,POLYX,176,Short,-0.000928,-0.0000828232
1/13/2026 - 01:00:00,GMT,1867,Short,-0.008979,-0.000253867
1/13/2026 - 01:00:00,USTC,4395,Short,-0.001963,-0.0000654783
1/13/2026 - 01:00:00,CAKE,10.1,Long,-0.000245,0.0000125
1/13/2026 - 01:00:00,ETC,0.83,Long,0.000456,-0.0000448607
1/13/2026 - 01:00:00,MAVIA,194,Short,0.000149,0.0000125
1/13/2026 - 01:00:00,STRK,491.7,Short,0.000497,0.0000125
1/13/2026 - 01:00:00,TNSR,258.3,Short,0.00022,0.0000125
1/13/2026 - 01:00:00,MERL,203,Short,0.000641,0.0000125
1/13/2026 - 01:00:00,EIGEN,27.48,Short,0.000137,0.0000125
1/13/2026 - 01:00:00,REZ,3636,Short,-0.000718,-0.0000355158
1/13/2026 - 01:00:00,TURBO,5084,Short,-0.000494,-0.00005289
1/13/2026 - 01:00:00,HMSTR,134918,Short,0.000394,0.0000125
1/13/2026 - 01:00:00,XLM,133,Long,-0.000364,0.0000125
1/13/2026 - 01:00:00,ALGO,240,Long,-0.000386,0.0000125
1/13/2026 - 01:00:00,ME,189,Short,0.000477,0.0000125
1/13/2026 - 01:00:00,MOVE,1395,Short,-0.007314,-0.0001561422
1/13/2026 - 01:00:00,AIXBT,1051,Short,0.000468,0.0000125
1/13/2026 - 01:00:00,ANIME,1363,Short,-0.003111,-0.000304229
1/13/2026 - 01:00:00,IP,22.1,Short,-0.00314,-0.0000489974
1/13/2026 - 01:00:00,PAXG,0.003,Long,-0.000173,0.0000125
1/13/2026 - 01:00:00,AVNT,117,Short,-0.020782,-0.0005588032
1/13/2026 - 01:00:00,ZEC,0.18,Short,-0.002634,-0.0000359658
1/13/2026 - 02:00:00,BTC,0.00093,Long,0.000051,-6.014e-7
1/13/2026 - 02:00:00,ETH,0.0099,Long,-0.000307,0.0000099782
1/13/2026 - 02:00:00,ATOM,35.16,Long,-0.000333,0.0000038014
1/13/2026 - 02:00:00,SOL,0.4,Long,0.000302,-0.0000054327
1/13/2026 - 02:00:00,AVAX,0.83,Long,0.000022,-0.0000019875
1/13/2026 - 02:00:00,BNB,0.072,Long,-0.000815,0.0000125
1/13/2026 - 02:00:00,XRP,16,Long,0.000005,-1.623e-7
1/13/2026 - 02:00:00,BCH,0.033,Long,0.000481,-0.0000234408
1/13/2026 - 02:00:00,YGG,152,Short,0.000096,0.0000097076
1/13/2026 - 02:00:00,TRX,174,Long,0.000002,-5.15e-8
1/13/2026 - 02:00:00,BANANA,2.9,Short,0.000261,0.0000125
1/13/2026 - 02:00:00,ARK,35,Long,-0.000123,0.0000125
1/13/2026 - 02:00:00,TON,37.8,Long,-0.000817,0.0000125
1/13/2026 - 02:00:00,POLYX,176,Short,-0.000732,-0.0000652534
1/13/2026 - 02:00:00,GMT,1867,Short,-0.017663,-0.0004932162
1/13/2026 - 02:00:00,USTC,4395,Short,0.000377,0.0000125
1/13/2026 - 02:00:00,CAKE,10.1,Long,-0.000245,0.0000125
1/13/2026 - 02:00:00,ETC,0.83,Long,0.000111,-0.0000109461
1/13/2026 - 02:00:00,MAVIA,194,Short,0.000149,0.0000125
1/13/2026 - 02:00:00,STRK,491.7,Short,0.000498,0.0000125
1/13/2026 - 02:00:00,TNSR,258.3,Short,-0.000004,-2.479e-7
1/13/2026 - 02:00:00,MERL,203,Short,0.000642,0.0000125
1/13/2026 - 02:00:00,EIGEN,27.48,Short,0.000138,0.0000125
1/13/2026 - 02:00:00,REZ,3636,Short,-0.000427,-0.0000210186
1/13/2026 - 02:00:00,TURBO,5084,Short,-0.000264,-0.0000281661
1/13/2026 - 02:00:00,HMSTR,134918,Short,0.000396,0.0000125
1/13/2026 - 02:00:00,XLM,133,Long,-0.000365,0.0000125
1/13/2026 - 02:00:00,ALGO,240,Long,-0.000388,0.0000125
1/13/2026 - 02:00:00,ME,189,Short,0.000479,0.0000125
1/13/2026 - 02:00:00,MOVE,1395,Short,-0.006278,-0.0001341711
1/13/2026 - 02:00:00,AIXBT,1051,Short,0.000471,0.0000125
1/13/2026 - 02:00:00,ANIME,1363,Short,-0.002162,-0.00021049
1/13/2026 - 02:00:00,IP,22.1,Short,-0.001086,-0.0000169889
1/13/2026 - 02:00:00,PAXG,0.003,Long,-0.000172,0.0000125
1/13/2026 - 02:00:00,AVNT,117,Short,-0.057672,-0.0015389636
1/13/2026 - 02:00:00,ZEC,0.18,Short,-0.000664,-0.0000091836
1/13/2026 - 03:00:00,BTC,0.00093,Long,-0.00004,4.796e-7
1/13/2026 - 03:00:00,ETH,0.0099,Long,-0.000165,0.0000053958
1/13/2026 - 03:00:00,ATOM,35.16,Long,0.000112,-0.0000012785
1/13/2026 - 03:00:00,SOL,0.4,Long,-0.000011,2.144e-7
1/13/2026 - 03:00:00,AVAX,0.83,Long,0.000162,-0.000014457
1/13/2026 - 03:00:00,BNB,0.072,Long,-0.000813,0.0000125
1/13/2026 - 03:00:00,XRP,16,Long,-0.000189,0.0000057527
1/13/2026 - 03:00:00,BCH,0.033,Long,0.000432,-0.0000209649
1/13/2026 - 03:00:00,YGG,152,Short,0.000123,0.0000125
1/13/2026 - 03:00:00,TRX,174,Long,0.000552,-0.0000106162
1/13/2026 - 03:00:00,BANANA,2.9,Short,0.00026,0.0000125
1/13/2026 - 03:00:00,ARK,35,Long,-0.000122,0.0000125
1/13/2026 - 03:00:00,TON,37.8,Long,-0.000817,0.0000125
1/13/2026 - 03:00:00,POLYX,176,Short,-0.00014,-0.0000123643
1/13/2026 - 03:00:00,GMT,1867,Short,-0.019499,-0.0005375242
1/13/2026 - 03:00:00,USTC,4395,Short,0.000377,0.0000125
1/13/2026 - 03:00:00,CAKE,10.1,Long,-0.000245,0.0000125
1/13/2026 - 03:00:00,ETC,0.83,Long,0.000004,-4.045e-7
1/13/2026 - 03:00:00,MAVIA,194,Short,0.000148,0.0000125
1/13/2026 - 03:00:00,STRK,491.7,Short,0.000477,0.0000119807
1/13/2026 - 03:00:00,TNSR,258.3,Short,0.000214,0.0000121446
1/13/2026 - 03:00:00,MERL,203,Short,0.000645,0.0000125
1/13/2026 - 03:00:00,EIGEN,27.48,Short,0.000137,0.0000125
1/13/2026 - 03:00:00,REZ,3636,Short,0.000253,0.0000125
1/13/2026 - 03:00:00,TURBO,5084,Short,-0.000188,-0.0000201084
1/13/2026 - 03:00:00,HMSTR,134918,Short,0.000392,0.0000125
1/13/2026 - 03:00:00,XLM,133,Long,-0.000089,0.000003063
1/13/2026 - 03:00:00,ALGO,240,Long,-0.000388,0.0000125
1/13/2026 - 03:00:00,ME,189,Short,0.000479,0.0000125
1/13/2026 - 03:00:00,MOVE,1395,Short,-0.006963,-0.0001492359
1/13/2026 - 03:00:00,AIXBT,1051,Short,0.000467,0.0000125
1/13/2026 - 03:00:00,ANIME,1363,Short,-0.000697,-0.0000672315
1/13/2026 - 03:00:00,IP,22.1,Short,-0.002562,-0.000038722
1/13/2026 - 03:00:00,PAXG,0.003,Long,-0.000172,0.0000125
1/13/2026 - 03:00:00,AVNT,117,Short,-0.042151,-0.0011444355
1/13/2026 - 03:00:00,ZEC,0.18,Short,-0.000966,-0.0000135255
1/13/2026 - 04:00:00,BTC,0.00093,Long,-0.000078,9.312e-7
1/13/2026 - 04:00:00,ETH,0.0099,Long,-0.000249,0.0000081192
1/13/2026 - 04:00:00,ATOM,35.16,Long,0.000649,-0.0000073409
1/13/2026 - 04:00:00,SOL,0.4,Long,-0.000188,0.0000034039
1/13/2026 - 04:00:00,AVAX,0.83,Long,0.000174,-0.0000155887
1/13/2026 - 04:00:00,BNB,0.072,Long,-0.000814,0.0000125
1/13/2026 - 04:00:00,XRP,16,Long,-0.000329,0.0000100243
1/13/2026 - 04:00:00,BCH,0.033,Long,0.000085,-0.0000041299
1/13/2026 - 04:00:00,YGG,152,Short,0.000124,0.0000125
1/13/2026 - 04:00:00,TRX,174,Long,0.000679,-0.0000130512
1/13/2026 - 04:00:00,BANANA,2.9,Short,0.00026,0.0000125
1/13/2026 - 04:00:00,ARK,35,Long,-0.000123,0.0000125
1/13/2026 - 04:00:00,TON,37.8,Long,-0.000818,0.0000125
1/13/2026 - 04:00:00,POLYX,176,Short,0.000142,0.0000125
1/13/2026 - 04:00:00,GMT,1867,Short,-0.018482,-0.00050949
1/13/2026 - 04:00:00,USTC,4395,Short,0.000378,0.0000125
1/13/2026 - 04:00:00,CAKE,10.1,Long,-0.000245,0.0000125
1/13/2026 - 04:00:00,ETC,0.83,Long,0.000158,-0.0000154997
1/13/2026 - 04:00:00,MAVIA,194,Short,0.000149,0.0000125
1/13/2026 - 04:00:00,STRK,491.7,Short,0.000224,0.00000562
1/13/2026 - 04:00:00,TNSR,258.3,Short,-0.001203,-0.0000680475
1/13/2026 - 04:00:00,MERL,203,Short,0.000647,0.0000125
1/13/2026 - 04:00:00,EIGEN,27.48,Short,0.000136,0.0000125
1/13/2026 - 04:00:00,REZ,3636,Short,0.00025,0.0000124183
1/13/2026 - 04:00:00,TURBO,5084,Short,-0.000051,-0.0000054861
1/13/2026 - 04:00:00,HMSTR,134918,Short,0.000392,0.0000125
1/13/2026 - 04:00:00,XLM,133,Long,-0.000167,0.0000057276
1/13/2026 - 04:00:00,ALGO,240,Long,-0.000388,0.0000125
1/13/2026 - 04:00:00,ME,189,Short,0.000481,0.0000125
1/13/2026 - 04:00:00,MOVE,1395,Short,-0.005556,-0.000118957
1/13/2026 - 04:00:00,AIXBT,1051,Short,0.000461,0.0000125
1/13/2026 - 04:00:00,ANIME,1363,Short,0.000129,0.0000125
1/13/2026 - 04:00:00,IP,22.1,Short,-0.001582,-0.0000252527
1/13/2026 - 04:00:00,PAXG,0.003,Long,-0.000172,0.0000125
1/13/2026 - 04:00:00,AVNT,117,Short,-0.033068,-0.0008932836
1/13/2026 - 04:00:00,ZEC,0.18,Short,-0.000134,-0.0000018836
1/13/2026 - 05:00:00,BTC,0.00093,Long,-0.000112,0.0000013279
1/13/2026 - 05:00:00,ETH,0.0099,Long,-0.000385,0.0000125
1/13/2026 - 05:00:00,ATOM,35.16,Long,0.000949,-0.0000106489
1/13/2026 - 05:00:00,SOL,0.4,Long,-0.000106,0.0000019222
1/13/2026 - 05:00:00,AVAX,0.83,Long,0.000089,-0.0000079073
1/13/2026 - 05:00:00,BNB,0.072,Long,-0.000815,0.0000125
1/13/2026 - 05:00:00,XRP,16,Long,-0.000236,0.0000072212
1/13/2026 - 05:00:00,BCH,0.033,Long,0.000026,-0.0000013169
1/13/2026 - 05:00:00,YGG,152,Short,0.000125,0.0000125
1/13/2026 - 05:00:00,TRX,174,Long,-0.000043,8.321e-7
1/13/2026 - 05:00:00,BANANA,2.9,Short,0.000261,0.0000125
1/13/2026 - 05:00:00,ARK,35,Long,-0.000124,0.0000125
1/13/2026 - 05:00:00,TON,37.8,Long,-0.00082,0.0000125
1/13/2026 - 05:00:00,POLYX,176,Short,-0.000331,-0.0000285328
1/13/2026 - 05:00:00,GMT,1867,Short,-0.018425,-0.0005010917
1/13/2026 - 05:00:00,USTC,4395,Short,0.000379,0.0000125
1/13/2026 - 05:00:00,CAKE,10.1,Long,-0.000246,0.0000125
1/13/2026 - 05:00:00,ETC,0.83,Long,0.000171,-0.0000167804
1/13/2026 - 05:00:00,MAVIA,194,Short,0.000499,0.0000415905
1/13/2026 - 05:00:00,STRK,491.7,Short,0.0005,0.0000125
1/13/2026 - 05:00:00,TNSR,258.3,Short,-0.00102,-0.0000573888
1/13/2026 - 05:00:00,MERL,203,Short,0.000645,0.0000125
1/13/2026 - 05:00:00,EIGEN,27.48,Short,-0.000031,-0.0000029121
1/13/2026 - 05:00:00,REZ,3636,Short,0.000191,0.0000094543
1/13/2026 - 05:00:00,TURBO,5084,Short,-0.000217,-0.0000230807
1/13/2026 - 05:00:00,HMSTR,134918,Short,0.000401,0.0000125
1/13/2026 - 05:00:00,XLM,133,Long,-0.000021,7.412e-7
1/13/2026 - 05:00:00,ALGO,240,Long,-0.00039,0.0000125
1/13/2026 - 05:00:00,ME,189,Short,0.000484,0.0000125
1/13/2026 - 05:00:00,MOVE,1395,Short,-0.005209,-0.00011097
1/13/2026 - 05:00:00,AIXBT,1051,Short,0.000461,0.0000125
1/13/2026 - 05:00:00,ANIME,1363,Short,-0.000814,-0.0000789747
1/13/2026 - 05:00:00,IP,22.1,Short,-0.00451,-0.0000691099
1/13/2026 - 05:00:00,PAXG,0.003,Long,-0.000172,0.0000125
1/13/2026 - 05:00:00,AVNT,117,Short,-0.026173,-0.0007064665
1/13/2026 - 05:00:00,ZEC,0.18,Short,0.000256,0.0000035869
1/13/2026 - 06:00:00,BTC,0.00093,Long,-0.000753,0.0000088481
1/13/2026 - 06:00:00,ETH,0.0099,Long,-0.000386,0.0000125
1/13/2026 - 06:00:00,ATOM,35.16,Long,0.000815,-0.0000091055
1/13/2026 - 06:00:00,SOL,0.4,Long,-0.000045,8.263e-7
1/13/2026 - 06:00:00,AVAX,0.83,Long,0.000134,-0.0000118294
1/13/2026 - 06:00:00,BNB,0.072,Long,-0.000818,0.0000125
1/13/2026 - 06:00:00,XRP,16,Long,-0.000248,0.0000075515
1/13/2026 - 06:00:00,BCH,0.033,Long,0.000196,-0.0000096634
1/13/2026 - 06:00:00,YGG,152,Short,0.000126,0.0000125
1/13/2026 - 06:00:00,TRX,174,Long,0.000158,-0.000003046
1/13/2026 - 06:00:00,BANANA,2.9,Short,0.000263,0.0000125
1/13/2026 - 06:00:00,ARK,35,Long,-0.000122,0.0000125
1/13/2026 - 06:00:00,TON,37.8,Long,0.000078,-0.0000011938
1/13/2026 - 06:00:00,POLYX,176,Short,-0.005175,-0.0004462302
1/13/2026 - 06:00:00,GMT,1867,Short,-0.014369,-0.0003958627
1/13/2026 - 06:00:00,USTC,4395,Short,0.000381,0.0000125
1/13/2026 - 06:00:00,CAKE,10.1,Long,-0.000246,0.0000125
1/13/2026 - 06:00:00,ETC,0.83,Long,0.000054,-0.0000053175
1/13/2026 - 06:00:00,MAVIA,194,Short,0.000985,0.0000823097
1/13/2026 - 06:00:00,STRK,491.7,Short,0.000504,0.0000125
1/13/2026 - 06:00:00,TNSR,258.3,Short,-0.001008,-0.0000564823
1/13/2026 - 06:00:00,MERL,203,Short,0.000642,0.0000125
1/13/2026 - 06:00:00,EIGEN,27.48,Short,0.000138,0.0000125
1/13/2026 - 06:00:00,REZ,3636,Short,0.000256,0.0000125
1/13/2026 - 06:00:00,TURBO,5084,Short,0.000118,0.0000125
1/13/2026 - 06:00:00,HMSTR,134918,Short,0.000403,0.0000125
1/13/2026 - 06:00:00,XLM,133,Long,-0.000279,0.0000094666
1/13/2026 - 06:00:00,ALGO,240,Long,-0.000392,0.0000125
1/13/2026 - 06:00:00,ME,189,Short,0.000485,0.0000125
1/13/2026 - 06:00:00,MOVE,1395,Short,-0.005521,-0.0001169468
1/13/2026 - 06:00:00,AIXBT,1051,Short,0.000466,0.0000125
1/13/2026 - 06:00:00,ANIME,1363,Short,-0.00119,-0.0001158517
1/13/2026 - 06:00:00,IP,22.1,Short,-0.007811,-0.0001178453
1/13/2026 - 06:00:00,PAXG,0.003,Long,-0.000172,0.0000125
1/13/2026 - 06:00:00,AVNT,117,Short,-0.020944,-0.0005672959
1/13/2026 - 06:00:00,ZEC,0.18,Short,0.000518,0.0000072348
1/13/2026 - 07:00:00,BTC,0.00093,Long,-0.001068,0.0000125
1/13/2026 - 07:00:00,ETH,0.0099,Long,-0.000387,0.0000125
1/13/2026 - 07:00:00,ATOM,35.16,Long,0.000066,-7.373e-7
1/13/2026 - 07:00:00,SOL,0.4,Long,-0.000699,0.0000125
1/13/2026 - 07:00:00,AVAX,0.83,Long,-0.000081,0.0000071464
1/13/2026 - 07:00:00,BNB,0.072,Long,-0.000818,0.0000125
1/13/2026 - 07:00:00,XRP,16,Long,-0.000368,0.0000111548
1/13/2026 - 07:00:00,BCH,0.033,Long,0.000072,-0.0000035836
1/13/2026 - 07:00:00,YGG,152,Short,0.000126,0.0000125
1/13/2026 - 07:00:00,TRX,174,Long,0.000588,-0.0000113321
1/13/2026 - 07:00:00,BANANA,2.9,Short,0.000262,0.0000125
1/13/2026 - 07:00:00,ARK,35,Long,-0.000122,0.0000125
1/13/2026 - 07:00:00,TON,37.8,Long,-0.000474,0.0000072109
1/13/2026 - 07:00:00,POLYX,176,Short,-0.00523,-0.0004500392
1/13/2026 - 07:00:00,GMT,1867,Short,-0.015528,-0.0004297919
1/13/2026 - 07:00:00,USTC,4395,Short,0.000381,0.0000125
1/13/2026 - 07:00:00,CAKE,10.1,Long,-0.000246,0.0000125
1/13/2026 - 07:00:00,ETC,0.83,Long,-0.000082,0.0000079569
1/13/2026 - 07:00:00,MAVIA,194,Short,0.000256,0.0000213997
1/13/2026 - 07:00:00,STRK,491.7,Short,0.000504,0.0000125
1/13/2026 - 07:00:00,TNSR,258.3,Short,-0.002441,-0.000135688
1/13/2026 - 07:00:00,MERL,203,Short,0.000638,0.0000125
1/13/2026 - 07:00:00,EIGEN,27.48,Short,0.000138,0.0000125
1/13/2026 - 07:00:00,REZ,3636,Short,-0.001274,-0.0000627238
1/13/2026 - 07:00:00,TURBO,5084,Short,0.000119,0.0000125
1/13/2026 - 07:00:00,HMSTR,134918,Short,0.000401,0.0000125
1/13/2026 - 07:00:00,XLM,133,Long,-0.000371,0.0000125
1/13/2026 - 07:00:00,ALGO,240,Long,-0.000389,0.0000125
1/13/2026 - 07:00:00,ME,189,Short,0.000483,0.0000125
1/13/2026 - 07:00:00,MOVE,1395,Short,-0.006092,-0.000128758
1/13/2026 - 07:00:00,AIXBT,1051,Short,0.000466,0.0000125
1/13/2026 - 07:00:00,ANIME,1363,Short,-0.000685,-0.0000668822
1/13/2026 - 07:00:00,IP,22.1,Short,-0.006416,-0.0000944324
1/13/2026 - 07:00:00,PAXG,0.003,Long,-0.000172,0.0000125
1/13/2026 - 07:00:00,AVNT,117,Short,-0.017732,-0.0004813595
1/13/2026 - 07:00:00,ZEC,0.18,Short,0.000888,0.0000124392
1/13/2026 - 08:00:00,BTC,0.00093,Long,-0.001071,0.0000125
1/13/2026 - 08:00:00,ETH,0.0099,Long,-0.000387,0.0000125
1/13/2026 - 08:00:00,ATOM,35.16,Long,0.002834,-0.0000316259
1/13/2026 - 08:00:00,SOL,0.4,Long,-0.000703,0.0000125
1/13/2026 - 08:00:00,AVAX,0.83,Long,-0.000142,0.0000125
1/13/2026 - 08:00:00,BNB,0.072,Long,-0.00082,0.0000125
1/13/2026 - 08:00:00,XRP,16,Long,-0.000412,0.0000125
1/13/2026 - 08:00:00,BCH,0.033,Long,-0.000145,0.0000072269
1/13/2026 - 08:00:00,YGG,152,Short,0.000116,0.000011454
1/13/2026 - 08:00:00,TRX,174,Long,-0.000104,0.0000020141
1/13/2026 - 08:00:00,BANANA,2.9,Short,0.000264,0.0000125
1/13/2026 - 08:00:00,ARK,35,Long,-0.000123,0.0000125
1/13/2026 - 08:00:00,TON,37.8,Long,0.000204,-0.0000030946
1/13/2026 - 08:00:00,POLYX,176,Short,-0.002807,-0.0002424213
1/13/2026 - 08:00:00,GMT,1867,Short,-0.014295,-0.0004009411
1/13/2026 - 08:00:00,USTC,4395,Short,0.000144,0.0000047067
1/13/2026 - 08:00:00,CAKE,10.1,Long,-0.000246,0.0000125
1/13/2026 - 08:00:00,ETC,0.83,Long,0.000096,-0.0000092868
1/13/2026 - 08:00:00,MAVIA,194,Short,0.000377,0.0000311667
1/13/2026 - 08:00:00,STRK,491.7,Short,0.000506,0.0000125
1/13/2026 - 08:00:00,TNSR,258.3,Short,-0.003283,-0.0001819229
1/13/2026 - 08:00:00,MERL,203,Short,0.000637,0.0000125
1/13/2026 - 08:00:00,EIGEN,27.48,Short,0.00014,0.0000125
1/13/2026 - 08:00:00,REZ,3636,Short,0.000255,0.0000125
1/13/2026 - 08:00:00,TURBO,5084,Short,0.00012,0.0000125
1/13/2026 - 08:00:00,HMSTR,134918,Short,0.000403,0.0000125
1/13/2026 - 08:00:00,XLM,133,Long,-0.000372,0.0000125
1/13/2026 - 08:00:00,ALGO,240,Long,-0.00039,0.0000125
1/13/2026 - 08:00:00,ME,189,Short,0.000485,0.0000125
1/13/2026 - 08:00:00,MOVE,1395,Short,-0.005921,-0.0001240353
1/13/2026 - 08:00:00,AIXBT,1051,Short,0.00047,0.0000125
1/13/2026 - 08:00:00,ANIME,1363,Short,-0.000284,-0.000027801
1/13/2026 - 08:00:00,PAXG,0.003,Long,-0.000172,0.0000125
1/13/2026 - 08:00:00,AVNT,117,Short,-0.014458,-0.0003905824
1/13/2026 - 08:00:00,ZEC,0.18,Short,0.000899,0.0000125
1/13/2026 - 09:00:00,BTC,0.00093,Long,-0.001068,0.0000125
1/13/2026 - 09:00:00,ETH,0.0099,Long,-0.000386,0.0000125
1/13/2026 - 09:00:00,ATOM,35.16,Long,-0.001113,0.0000125
1/13/2026 - 09:00:00,SOL,0.4,Long,-0.000699,0.0000125
1/13/2026 - 09:00:00,AVAX,0.83,Long,-0.000142,0.0000125
1/13/2026 - 09:00:00,BNB,0.072,Long,-0.000819,0.0000125
1/13/2026 - 09:00:00,XRP,16,Long,-0.00041,0.0000125
1/13/2026 - 09:00:00,BCH,0.033,Long,-0.000093,0.0000046119
1/13/2026 - 09:00:00,YGG,152,Short,0.000128,0.0000125
1/13/2026 - 09:00:00,TRX,174,Long,-0.000038,7.383e-7
1/13/2026 - 09:00:00,BANANA,2.9,Short,0.000262,0.0000125
1/13/2026 - 09:00:00,ARK,35,Long,-0.000123,0.0000125
1/13/2026 - 09:00:00,TON,37.8,Long,0.000053,-8.141e-7
1/13/2026 - 09:00:00,POLYX,176,Short,-0.000517,-0.0000446803
1/13/2026 - 09:00:00,GMT,1867,Short,-0.012155,-0.0003443227
1/13/2026 - 09:00:00,USTC,4395,Short,0.00038,0.0000125
1/13/2026 - 09:00:00,CAKE,10.1,Long,-0.000251,0.0000125
1/13/2026 - 09:00:00,ETC,0.83,Long,-0.000128,0.0000125
1/13/2026 - 09:00:00,MAVIA,194,Short,0.001088,0.0000907619
1/13/2026 - 09:00:00,STRK,491.7,Short,0.000504,0.0000125
1/13/2026 - 09:00:00,TNSR,258.3,Short,-0.000679,-0.0000380247
1/13/2026 - 09:00:00,MERL,203,Short,0.000638,0.0000125
1/13/2026 - 09:00:00,EIGEN,27.48,Short,0.000139,0.0000125
1/13/2026 - 09:00:00,REZ,3636,Short,0.000254,0.0000125
1/13/2026 - 09:00:00,TURBO,5084,Short,0.000119,0.0000125
1/13/2026 - 09:00:00,HMSTR,134918,Short,0.000399,0.0000125
1/13/2026 - 09:00:00,XLM,133,Long,-0.000369,0.0000125
1/13/2026 - 09:00:00,ALGO,240,Long,-0.000391,0.0000125
1/13/2026 - 09:00:00,ME,189,Short,0.000483,0.0000125
1/13/2026 - 09:00:00,MOVE,1395,Short,-0.004827,-0.000101387
1/13/2026 - 09:00:00,AIXBT,1051,Short,0.000471,0.0000125
1/13/2026 - 09:00:00,ANIME,1363,Short,-0.000331,-0.0000323561
1/13/2026 - 09:00:00,PAXG,0.003,Long,-0.000172,0.0000125
1/13/2026 - 09:00:00,AVNT,117,Short,-0.010527,-0.0002869362
1/13/2026 - 09:00:00,ZEC,0.18,Short,0.000904,0.0000125
1/13/2026 - 10:00:00,BTC,0.00093,Long,-0.001071,0.0000125
1/13/2026 - 10:00:00,ETH,0.0099,Long,-0.000388,0.0000125
1/13/2026 - 10:00:00,ATOM,35.16,Long,0.001724,-0.0000192153
1/13/2026 - 10:00:00,SOL,0.4,Long,-0.000708,0.0000125
1/13/2026 - 10:00:00,AVAX,0.83,Long,-0.000143,0.0000125
1/13/2026 - 10:00:00,BNB,0.072,Long,-0.000491,0.0000075025
1/13/2026 - 10:00:00,XRP,16,Long,-0.000413,0.0000125
1/13/2026 - 10:00:00,BCH,0.033,Long,-0.000087,0.0000043362
1/13/2026 - 10:00:00,YGG,152,Short,0.000128,0.0000125
1/13/2026 - 10:00:00,TRX,174,Long,0.000562,-0.0000108212
1/13/2026 - 10:00:00,BANANA,2.9,Short,0.000265,0.0000125
1/13/2026 - 10:00:00,ARK,35,Long,-0.000122,0.0000125
1/13/2026 - 10:00:00,TON,37.8,Long,-0.000829,0.0000125
1/13/2026 - 10:00:00,POLYX,176,Short,0.000146,0.0000125
1/13/2026 - 10:00:00,GMT,1867,Short,-0.009451,-0.0002662212
1/13/2026 - 10:00:00,USTC,4395,Short,0.000381,0.0000125
1/13/2026 - 10:00:00,CAKE,10.1,Long,-0.00025,0.0000125
1/13/2026 - 10:00:00,ETC,0.83,Long,-0.00007,0.0000067721
1/13/2026 - 10:00:00,MAVIA,194,Short,0.000151,0.0000125
1/13/2026 - 10:00:00,STRK,491.7,Short,0.000506,0.0000125
1/13/2026 - 10:00:00,TNSR,258.3,Short,-0.000365,-0.0000203841
1/13/2026 - 10:00:00,MERL,203,Short,0.000639,0.0000125
1/13/2026 - 10:00:00,EIGEN,27.48,Short,0.000139,0.0000125
1/13/2026 - 10:00:00,REZ,3636,Short,0.000179,0.000008744
1/13/2026 - 10:00:00,TURBO,5084,Short,0.000119,0.0000125
1/13/2026 - 10:00:00,HMSTR,134918,Short,0.000403,0.0000125
1/13/2026 - 10:00:00,XLM,133,Long,-0.000326,0.000010966
1/13/2026 - 10:00:00,ALGO,240,Long,-0.000393,0.0000125
1/13/2026 - 10:00:00,ME,189,Short,0.000485,0.0000125
1/13/2026 - 10:00:00,MOVE,1395,Short,-0.003801,-0.0000791246
1/13/2026 - 10:00:00,AIXBT,1051,Short,0.00047,0.0000125
1/13/2026 - 10:00:00,ANIME,1363,Short,-0.001483,-0.0001434527
1/13/2026 - 10:00:00,PAXG,0.003,Long,-0.000172,0.0000125
1/13/2026 - 10:00:00,AVNT,117,Short,-0.01024,-0.0002803062
1/13/2026 - 10:00:00,ZEC,0.18,Short,0.00091,0.0000125
1/13/2026 - 11:00:00,BTC,0.00093,Long,-0.001072,0.0000125
1/13/2026 - 11:00:00,ETH,0.0099,Long,-0.000388,0.0000125
1/13/2026 - 11:00:00,ATOM,35.16,Long,0.001903,-0.0000212328
1/13/2026 - 11:00:00,SOL,0.4,Long,-0.000709,0.0000125
1/13/2026 - 11:00:00,AVAX,0.83,Long,-0.000143,0.0000125
1/13/2026 - 11:00:00,BNB,0.072,Long,0.001498,-0.0000228849
1/13/2026 - 11:00:00,XRP,16,Long,-0.000413,0.0000125
1/13/2026 - 11:00:00,BCH,0.033,Long,-0.000252,0.0000125
1/13/2026 - 11:00:00,YGG,152,Short,0.000127,0.0000125
1/13/2026 - 11:00:00,TRX,174,Long,0.000152,-0.0000029202
1/13/2026 - 11:00:00,BANANA,2.9,Short,0.000265,0.0000125
1/13/2026 - 11:00:00,ARK,35,Long,-0.000122,0.0000125
1/13/2026 - 11:00:00,TON,37.8,Long,-0.000826,0.0000125
1/13/2026 - 11:00:00,POLYX,176,Short,0.000144,0.0000125
1/13/2026 - 11:00:00,GMT,1867,Short,-0.009274,-0.0002613492
1/13/2026 - 11:00:00,USTC,4395,Short,0.000382,0.0000125
1/13/2026 - 11:00:00,CAKE,10.1,Long,-0.000249,0.0000125
1/13/2026 - 11:00:00,ETC,0.83,Long,-0.000129,0.0000125
1/13/2026 - 11:00:00,MAVIA,194,Short,0.000609,0.0000509878
1/13/2026 - 11:00:00,STRK,491.7,Short,0.000508,0.0000125
1/13/2026 - 11:00:00,TNSR,258.3,Short,-0.002142,-0.0001192039
1/13/2026 - 11:00:00,MERL,203,Short,0.000635,0.0000125
1/13/2026 - 11:00:00,EIGEN,27.48,Short,0.000139,0.0000125
1/13/2026 - 11:00:00,REZ,3636,Short,-0.00069,-0.0000334743
1/13/2026 - 11:00:00,TURBO,5084,Short,0.000119,0.0000125
1/13/2026 - 11:00:00,HMSTR,134918,Short,0.000403,0.0000125
1/13/2026 - 11:00:00,XLM,133,Long,-0.000371,0.0000125
1/13/2026 - 11:00:00,ALGO,240,Long,-0.000397,0.0000125
1/13/2026 - 11:00:00,ME,189,Short,0.000485,0.0000125
1/13/2026 - 11:00:00,MOVE,1395,Short,-0.002003,-0.0000416692
1/13/2026 - 11:00:00,AIXBT,1051,Short,-0.000219,-0.0000058112
1/13/2026 - 11:00:00,ANIME,1363,Short,-0.000791,-0.0000764146
1/13/2026 - 11:00:00,PAXG,0.003,Long,-0.000172,0.0000125
1/13/2026 - 11:00:00,AVNT,117,Short,-0.010138,-0.0002746507
1/13/2026 - 11:00:00,ZEC,0.18,Short,0.000917,0.0000125
1/13/2026 - 12:00:00,BTC,0.00093,Long,-0.001071,0.0000125
1/13/2026 - 12:00:00,ETH,0.0099,Long,-0.000387,0.0000125
1/13/2026 - 12:00:00,ATOM,35.16,Long,0.001266,-0.0000141637
1/13/2026 - 12:00:00,SOL,0.4,Long,-0.00071,0.0000125
1/13/2026 - 12:00:00,AVAX,0.83,Long,-0.000143,0.0000125
1/13/2026 - 12:00:00,BNB,0.072,Long,-0.000818,0.0000125
1/13/2026 - 12:00:00,XRP,16,Long,-0.000412,0.0000125
1/13/2026 - 12:00:00,BCH,0.033,Long,-0.000113,0.0000056626
1/13/2026 - 12:00:00,YGG,152,Short,0.000128,0.0000125
1/13/2026 - 12:00:00,TRX,174,Long,0.000346,-0.0000066662
1/13/2026 - 12:00:00,BANANA,2.9,Short,0.000265,0.0000125
1/13/2026 - 12:00:00,ARK,35,Long,-0.000122,0.0000125
1/13/2026 - 12:00:00,TON,37.8,Long,-0.000822,0.0000125
1/13/2026 - 12:00:00,POLYX,176,Short,-0.000627,-0.000053893
1/13/2026 - 12:00:00,GMT,1867,Short,-0.007173,-0.0002021624
1/13/2026 - 12:00:00,USTC,4395,Short,-0.000408,-0.0000133603
1/13/2026 - 12:00:00,CAKE,10.1,Long,-0.000249,0.0000125
1/13/2026 - 12:00:00,ETC,0.83,Long,-0.000064,0.0000062299
1/13/2026 - 12:00:00,MAVIA,194,Short,0.000529,0.000044477
1/13/2026 - 12:00:00,STRK,491.7,Short,0.000512,0.0000125
1/13/2026 - 12:00:00,TNSR,258.3,Short,-0.001481,-0.000082027
1/13/2026 - 12:00:00,MERL,203,Short,0.000636,0.0000125
1/13/2026 - 12:00:00,EIGEN,27.48,Short,0.000139,0.0000125
1/13/2026 - 12:00:00,REZ,3636,Short,-0.001969,-0.0000952497
1/13/2026 - 12:00:00,TURBO,5084,Short,0.000118,0.0000125
1/13/2026 - 12:00:00,HMSTR,134918,Short,0.000403,0.0000125
1/13/2026 - 12:00:00,XLM,133,Long,-0.00037,0.0000125
1/13/2026 - 12:00:00,ALGO,240,Long,-0.000397,0.0000125
1/13/2026 - 12:00:00,ME,189,Short,0.000486,0.0000125
1/13/2026 - 12:00:00,MOVE,1395,Short,-0.002422,-0.0000505546
1/13/2026 - 12:00:00,AIXBT,1051,Short,-0.000083,-0.000002208
1/13/2026 - 12:00:00,ANIME,1363,Short,0.000005,5.426e-7
1/13/2026 - 12:00:00,PAXG,0.003,Long,-0.000172,0.0000125
1/13/2026 - 12:00:00,AVNT,117,Short,-0.008044,-0.0002158373
1/13/2026 - 12:00:00,ZEC,0.18,Short,0.000911,0.0000125
1/13/2026 - 13:00:00,BTC,0.00093,Long,-0.001069,0.0000125
1/13/2026 - 13:00:00,ETH,0.0099,Long,-0.000387,0.0000125
1/13/2026 - 13:00:00,ATOM,35.16,Long,0.008426,-0.0000945173
1/13/2026 - 13:00:00,SOL,0.4,Long,-0.000709,0.0000125
1/13/2026 - 13:00:00,AVAX,0.83,Long,-0.000142,0.0000125
1/13/2026 - 13:00:00,BNB,0.072,Long,-0.000816,0.0000125
1/13/2026 - 13:00:00,XRP,16,Long,-0.000412,0.0000125
1/13/2026 - 13:00:00,BCH,0.033,Long,0.000252,-0.000012542
1/13/2026 - 13:00:00,YGG,152,Short,-0.000066,-0.0000064097
1/13/2026 - 13:00:00,TRX,174,Long,0.000702,-0.0000135264
1/13/2026 - 13:00:00,BANANA,2.9,Short,0.000268,0.0000125
1/13/2026 - 13:00:00,ARK,35,Long,-0.000122,0.0000125
1/13/2026 - 13:00:00,TON,37.8,Long,-0.000822,0.0000125
1/13/2026 - 13:00:00,POLYX,176,Short,0.000144,0.0000125
1/13/2026 - 13:00:00,GMT,1867,Short,-0.00557,-0.0001576482
1/13/2026 - 13:00:00,USTC,4395,Short,-0.000036,-0.0000011954
1/13/2026 - 13:00:00,CAKE,10.1,Long,-0.000248,0.0000125
1/13/2026 - 13:00:00,ETC,0.83,Long,0.000007,-6.929e-7
1/13/2026 - 13:00:00,MAVIA,194,Short,0.000762,0.0000636778
1/13/2026 - 13:00:00,STRK,491.7,Short,0.000521,0.0000125
1/13/2026 - 13:00:00,TNSR,258.3,Short,-0.000763,-0.0000421067
1/13/2026 - 13:00:00,MERL,203,Short,0.00064,0.0000125
1/13/2026 - 13:00:00,EIGEN,27.48,Short,0.000139,0.0000125
1/13/2026 - 13:00:00,REZ,3636,Short,-0.001014,-0.0000492937
1/13/2026 - 13:00:00,TURBO,5084,Short,0.000061,0.0000065072
1/13/2026 - 13:00:00,HMSTR,134918,Short,0.000404,0.0000125
1/13/2026 - 13:00:00,XLM,133,Long,0.000298,-0.0000100223
1/13/2026 - 13:00:00,ALGO,240,Long,-0.000398,0.0000125
1/13/2026 - 13:00:00,ME,189,Short,0.000485,0.0000125
1/13/2026 - 13:00:00,MOVE,1395,Short,-0.002579,-0.0000538039
1/13/2026 - 13:00:00,AIXBT,1051,Short,0.000295,0.000007718
1/13/2026 - 13:00:00,ANIME,1363,Short,0.0001,0.0000096959
1/13/2026 - 13:00:00,PAXG,0.003,Long,-0.000172,0.0000125
1/13/2026 - 13:00:00,AVNT,117,Short,-0.008401,-0.0002248654
1/13/2026 - 13:00:00,ZEC,0.18,Short,0.00092,0.0000125
1/13/2026 - 14:00:00,BTC,0.00093,Long,-0.00107,0.0000125
1/13/2026 - 14:00:00,ETH,0.0099,Long,-0.000387,0.0000125
1/13/2026 - 14:00:00,ATOM,35.16,Long,0.010363,-0.0001160395
1/13/2026 - 14:00:00,SOL,0.4,Long,-0.000711,0.0000125
1/13/2026 - 14:00:00,AVAX,0.83,Long,-0.000052,0.0000045716
1/13/2026 - 14:00:00,BNB,0.072,Long,-0.000818,0.0000125
1/13/2026 - 14:00:00,XRP,16,Long,-0.000362,0.0000109802
1/13/2026 - 14:00:00,BCH,0.033,Long,0.000045,-0.000002245
1/13/2026 - 14:00:00,YGG,152,Short,0.00013,0.0000125
1/13/2026 - 14:00:00,TRX,174,Long,0.000757,-0.0000145616
1/13/2026 - 14:00:00,BANANA,2.9,Short,0.000264,0.0000125
1/13/2026 - 14:00:00,ARK,35,Long,-0.000123,0.0000125
1/13/2026 - 14:00:00,TON,37.8,Long,-0.000826,0.0000125
1/13/2026 - 14:00:00,POLYX,176,Short,-0.000084,-0.0000072782
1/13/2026 - 14:00:00,GMT,1867,Short,-0.005178,-0.0001454797
1/13/2026 - 14:00:00,USTC,4395,Short,0.000385,0.0000125
1/13/2026 - 14:00:00,CAKE,10.1,Long,-0.00025,0.0000125
1/13/2026 - 14:00:00,ETC,0.83,Long,-0.000008,7.872e-7
1/13/2026 - 14:00:00,MAVIA,194,Short,0.000233,0.0000194886
1/13/2026 - 14:00:00,STRK,491.7,Short,0.000523,0.0000125
1/13/2026 - 14:00:00,TNSR,258.3,Short,0.000226,0.0000125
1/13/2026 - 14:00:00,MERL,203,Short,0.000638,0.0000125
1/13/2026 - 14:00:00,EIGEN,27.48,Short,0.00014,0.0000125
1/13/2026 - 14:00:00,REZ,3636,Short,0.000133,0.0000064826
1/13/2026 - 14:00:00,TURBO,5084,Short,0.000119,0.0000125
1/13/2026 - 14:00:00,HMSTR,134918,Short,0.000403,0.0000125
1/13/2026 - 14:00:00,XLM,133,Long,0.000053,-0.0000018004
1/13/2026 - 14:00:00,ALGO,240,Long,-0.000399,0.0000125
1/13/2026 - 14:00:00,ME,189,Short,0.000488,0.0000125
1/13/2026 - 14:00:00,MOVE,1395,Short,-0.004604,-0.0000957665
1/13/2026 - 14:00:00,AIXBT,1051,Short,0.000476,0.0000125
1/13/2026 - 14:00:00,ANIME,1363,Short,-0.000143,-0.0000139593
1/13/2026 - 14:00:00,PAXG,0.003,Long,-0.000172,0.0000125
1/13/2026 - 14:00:00,AVNT,117,Short,-0.004848,-0.0001315658
1/13/2026 - 14:00:00,ZEC,0.18,Short,0.000576,0.0000078458
1/13/2026 - 15:00:00,BTC,0.00093,Long,-0.00107,0.0000125
1/13/2026 - 15:00:00,ETH,0.0099,Long,-0.000388,0.0000125
1/13/2026 - 15:00:00,ATOM,35.16,Long,0.002931,-0.0000325068
1/13/2026 - 15:00:00,SOL,0.4,Long,-0.000712,0.0000125
1/13/2026 - 15:00:00,AVAX,0.83,Long,-0.000144,0.0000125
1/13/2026 - 15:00:00,BNB,0.072,Long,-0.000818,0.0000125
1/13/2026 - 15:00:00,XRP,16,Long,-0.000413,0.0000125
1/13/2026 - 15:00:00,BCH,0.033,Long,-0.000066,0.0000033058
1/13/2026 - 15:00:00,YGG,152,Short,0.000132,0.0000125
1/13/2026 - 15:00:00,TRX,174,Long,-0.000251,0.0000048318
1/13/2026 - 15:00:00,BANANA,2.9,Short,0.000264,0.0000125
1/13/2026 - 15:00:00,ARK,35,Long,-0.000123,0.0000125
1/13/2026 - 15:00:00,TON,37.8,Long,-0.000824,0.0000125
1/13/2026 - 15:00:00,POLYX,176,Short,-0.000332,-0.0000286141
1/13/2026 - 15:00:00,GMT,1867,Short,-0.004557,-0.0001280708
1/13/2026 - 15:00:00,USTC,4395,Short,-0.00039,-0.0000126299
1/13/2026 - 15:00:00,CAKE,10.1,Long,-0.000249,0.0000125
1/13/2026 - 15:00:00,ETC,0.83,Long,-0.000063,0.0000060426
1/13/2026 - 15:00:00,MAVIA,194,Short,0.000394,0.0000328033
1/13/2026 - 15:00:00,STRK,491.7,Short,0.000527,0.0000125
1/13/2026 - 15:00:00,TNSR,258.3,Short,-0.000131,-0.0000071876
1/13/2026 - 15:00:00,MERL,203,Short,0.000639,0.0000125
1/13/2026 - 15:00:00,EIGEN,27.48,Short,0.000141,0.0000125
1/13/2026 - 15:00:00,REZ,3636,Short,-0.000121,-0.0000059437
1/13/2026 - 15:00:00,TURBO,5084,Short,0.00012,0.0000125
1/13/2026 - 15:00:00,HMSTR,134918,Short,0.000404,0.0000125
1/13/2026 - 15:00:00,XLM,133,Long,-0.000373,0.0000125
1/13/2026 - 15:00:00,ALGO,240,Long,-0.0004,0.0000125
1/13/2026 - 15:00:00,ME,189,Short,0.000495,0.0000125
1/13/2026 - 15:00:00,MOVE,1395,Short,-0.003726,-0.0000769627
1/13/2026 - 15:00:00,AIXBT,1051,Short,0.000332,0.0000086366
1/13/2026 - 15:00:00,ANIME,1363,Short,-0.00044,-0.0000428938
1/13/2026 - 15:00:00,PAXG,0.003,Long,-0.000173,0.0000125
1/13/2026 - 15:00:00,AVNT,117,Short,-0.005191,-0.0001402402
1/13/2026 - 15:00:00,ZEC,0.18,Short,0.000918,0.0000125
1/13/2026 - 16:00:00,BTC,0.00093,Long,-0.001075,0.0000125
1/13/2026 - 16:00:00,ETH,0.0099,Long,-0.000389,0.0000125
1/13/2026 - 16:00:00,ATOM,35.16,Long,-0.001139,0.0000125
1/13/2026 - 16:00:00,SOL,0.4,Long,-0.00071,0.0000125
1/13/2026 - 16:00:00,AVAX,0.83,Long,-0.000144,0.0000125
1/13/2026 - 16:00:00,BNB,0.072,Long,-0.000819,0.0000125
1/13/2026 - 16:00:00,XRP,16,Long,-0.000415,0.0000125
1/13/2026 - 16:00:00,BCH,0.033,Long,-0.00022,0.0000109504
1/13/2026 - 16:00:00,YGG,152,Short,0.000131,0.0000125
1/13/2026 - 16:00:00,TRX,174,Long,-0.00028,0.0000053876
1/13/2026 - 16:00:00,BANANA,2.9,Short,0.000263,0.0000125
1/13/2026 - 16:00:00,ARK,35,Long,-0.000125,0.0000125
1/13/2026 - 16:00:00,TON,37.8,Long,-0.000819,0.0000125
1/13/2026 - 16:00:00,POLYX,176,Short,-0.000249,-0.0000214648
1/13/2026 - 16:00:00,GMT,1867,Short,-0.004796,-0.000135648
1/13/2026 - 16:00:00,USTC,4395,Short,0.000116,0.0000037157
1/13/2026 - 16:00:00,CAKE,10.1,Long,-0.000249,0.0000125
1/13/2026 - 16:00:00,ETC,0.83,Long,-0.000133,0.0000125
1/13/2026 - 16:00:00,MAVIA,194,Short,0.000766,0.00006373
1/13/2026 - 16:00:00,STRK,491.7,Short,0.000529,0.0000125
1/13/2026 - 16:00:00,TNSR,258.3,Short,0.00023,0.0000125
1/13/2026 - 16:00:00,MERL,203,Short,0.000635,0.0000125
1/13/2026 - 16:00:00,EIGEN,27.48,Short,0.000142,0.0000125
1/13/2026 - 16:00:00,REZ,3636,Short,-0.000345,-0.0000170106
1/13/2026 - 16:00:00,TURBO,5084,Short,-0.000149,-0.0000154032
1/13/2026 - 16:00:00,HMSTR,134918,Short,0.000408,0.0000125
1/13/2026 - 16:00:00,XLM,133,Long,-0.000359,0.0000119161
1/13/2026 - 16:00:00,ALGO,240,Long,-0.000403,0.0000125
1/13/2026 - 16:00:00,ME,189,Short,0.000495,0.0000125
1/13/2026 - 16:00:00,MOVE,1395,Short,-0.001524,-0.0000314706
1/13/2026 - 16:00:00,AIXBT,1051,Short,0.000278,0.0000071905
1/13/2026 - 16:00:00,ANIME,1363,Short,-0.000669,-0.0000651081
1/13/2026 - 16:00:00,PAXG,0.003,Long,-0.000173,0.0000125
1/13/2026 - 16:00:00,AVNT,117,Short,-0.008065,-0.000217638
1/13/2026 - 16:00:00,ZEC,0.15,Short,0.000742,0.0000125
1/13/2026 - 17:00:00,BTC,0.00093,Long,-0.001086,0.0000125
1/13/2026 - 17:00:00,ETH,0.0099,Long,-0.000393,0.0000125
1/13/2026 - 17:00:00,ATOM,35.16,Long,-0.000711,0.0000077047
1/13/2026 - 17:00:00,SOL,0.4,Long,-0.000717,0.0000125
1/13/2026 - 17:00:00,AVAX,0.83,Long,-0.000148,0.0000125
1/13/2026 - 17:00:00,BNB,0.072,Long,-0.000824,0.0000125
1/13/2026 - 17:00:00,XRP,16,Long,-0.000419,0.0000125
1/13/2026 - 17:00:00,BCH,0.033,Long,-0.000038,0.0000019126
1/13/2026 - 17:00:00,YGG,152,Short,0.000133,0.0000125
1/13/2026 - 17:00:00,TRX,174,Long,-0.000655,0.0000125
1/13/2026 - 17:00:00,BANANA,2.9,Short,0.000265,0.0000125
1/13/2026 - 17:00:00,ARK,35,Long,-0.000126,0.0000125
1/13/2026 - 17:00:00,TON,37.8,Long,-0.000825,0.0000125
1/13/2026 - 17:00:00,POLYX,176,Short,-0.000161,-0.0000137945
1/13/2026 - 17:00:00,GMT,1867,Short,-0.010894,-0.0003059935
1/13/2026 - 17:00:00,USTC,4395,Short,-0.000288,-0.0000092328
1/13/2026 - 17:00:00,CAKE,10.1,Long,-0.000251,0.0000125
1/13/2026 - 17:00:00,ETC,0.83,Long,-0.000135,0.0000125
1/13/2026 - 17:00:00,MAVIA,194,Short,0.000222,0.0000183996
1/13/2026 - 17:00:00,STRK,491.7,Short,0.000531,0.0000125
1/13/2026 - 17:00:00,TNSR,258.3,Short,-0.00104,-0.000056347
1/13/2026 - 17:00:00,MERL,203,Short,0.000637,0.0000125
1/13/2026 - 17:00:00,EIGEN,27.48,Short,0.000144,0.0000125
1/13/2026 - 17:00:00,REZ,3636,Short,0.000153,0.0000075157
1/13/2026 - 17:00:00,TURBO,5084,Short,0.000063,0.000006398
1/13/2026 - 17:00:00,HMSTR,134918,Short,0.000411,0.0000125
1/13/2026 - 17:00:00,XLM,133,Long,-0.000318,0.0000104232
1/13/2026 - 17:00:00,ALGO,240,Long,-0.000407,0.0000125
1/13/2026 - 17:00:00,ME,189,Short,0.000502,0.0000125
1/13/2026 - 17:00:00,MOVE,1395,Short,-0.000389,-0.0000079654
1/13/2026 - 17:00:00,AIXBT,1051,Short,0.000486,0.0000125
1/13/2026 - 17:00:00,ANIME,1363,Short,-0.000691,-0.000067148
1/13/2026 - 17:00:00,PAXG,0.003,Long,-0.000173,0.0000125
1/13/2026 - 17:00:00,AVNT,117,Short,-0.009978,-0.0002657335
1/13/2026 - 17:00:00,ZEC,0.15,Short,-0.00074,-0.0000125857
1/13/2026 - 18:00:00,BTC,0.00093,Long,-0.001085,0.0000125
1/13/2026 - 18:00:00,ETH,0.0099,Long,-0.000393,0.0000125
1/13/2026 - 18:00:00,ATOM,35.16,Long,-0.001165,0.0000125
1/13/2026 - 18:00:00,SOL,0.4,Long,-0.000715,0.0000125
1/13/2026 - 18:00:00,AVAX,0.83,Long,-0.00015,0.0000125
1/13/2026 - 18:00:00,BNB,0.072,Long,-0.000827,0.0000125
1/13/2026 - 18:00:00,XRP,16,Long,-0.000421,0.0000125
1/13/2026 - 18:00:00,BCH,0.033,Long,-0.000163,0.0000080826
1/13/2026 - 18:00:00,YGG,152,Short,0.000134,0.0000125
1/13/2026 - 18:00:00,TRX,174,Long,-0.000118,0.0000022452
1/13/2026 - 18:00:00,BANANA,2.9,Short,0.000267,0.0000125
1/13/2026 - 18:00:00,ARK,35,Long,-0.000127,0.0000125
1/13/2026 - 18:00:00,TON,37.8,Long,-0.000831,0.0000125
1/13/2026 - 18:00:00,POLYX,176,Short,-0.000757,-0.0000644293
1/13/2026 - 18:00:00,GMT,1867,Short,-0.009411,-0.000262063
1/13/2026 - 18:00:00,USTC,4395,Short,0.000261,0.0000083754
1/13/2026 - 18:00:00,CAKE,10.1,Long,-0.000252,0.0000125
1/13/2026 - 18:00:00,ETC,0.83,Long,-0.000136,0.0000125
1/13/2026 - 18:00:00,MAVIA,194,Short,0.000153,0.0000125
1/13/2026 - 18:00:00,STRK,491.7,Short,0.000537,0.0000125
1/13/2026 - 18:00:00,TNSR,258.3,Short,0.000232,0.0000125
1/13/2026 - 18:00:00,MERL,203,Short,0.00063,0.0000125
1/13/2026 - 18:00:00,EIGEN,27.48,Short,0.000146,0.0000125
1/13/2026 - 18:00:00,REZ,3636,Short,0.000256,0.0000125
1/13/2026 - 18:00:00,TURBO,5084,Short,0.000081,0.0000082244
1/13/2026 - 18:00:00,HMSTR,134918,Short,0.000418,0.0000125
1/13/2026 - 18:00:00,XLM,133,Long,-0.000384,0.0000125
1/13/2026 - 18:00:00,ALGO,240,Long,-0.000411,0.0000125
1/13/2026 - 18:00:00,ME,189,Short,0.000504,0.0000125
1/13/2026 - 18:00:00,MOVE,1395,Short,0.000318,0.0000064967
1/13/2026 - 18:00:00,AIXBT,1051,Short,0.000484,0.0000125
1/13/2026 - 18:00:00,ANIME,1363,Short,-0.00197,-0.0001917444
1/13/2026 - 18:00:00,PAXG,0.003,Long,-0.000173,0.0000125
1/13/2026 - 18:00:00,AVNT,117,Short,-0.008197,-0.0002188078
1/13/2026 - 18:00:00,ZEC,0.15,Short,0.000113,0.0000019455
1/13/2026 - 19:00:00,BTC,0.00093,Long,-0.001083,0.0000125
1/13/2026 - 19:00:00,ETH,0.0099,Long,-0.000393,0.0000125
1/13/2026 - 19:00:00,ATOM,35.16,Long,-0.001149,0.0000125
1/13/2026 - 19:00:00,SOL,0.4,Long,-0.000714,0.0000125
1/13/2026 - 19:00:00,AVAX,0.83,Long,-0.00015,0.0000125
1/13/2026 - 19:00:00,BNB,0.072,Long,-0.000828,0.0000125
1/13/2026 - 19:00:00,XRP,16,Long,-0.000313,0.0000093582
1/13/2026 - 19:00:00,BCH,0.033,Long,0.000082,-0.0000040841
1/13/2026 - 19:00:00,YGG,152,Short,0.000134,0.0000125
1/13/2026 - 19:00:00,TRX,174,Long,0.000041,-7.994e-7
1/13/2026 - 19:00:00,BANANA,2.9,Short,0.000267,0.0000125
1/13/2026 - 19:00:00,ARK,35,Long,-0.000126,0.0000125
1/13/2026 - 19:00:00,TON,37.8,Long,-0.000831,0.0000125
1/13/2026 - 19:00:00,POLYX,176,Short,-0.0012,-0.0001019663
1/13/2026 - 19:00:00,GMT,1867,Short,-0.00888,-0.0002453614
1/13/2026 - 19:00:00,USTC,4395,Short,0.000389,0.0000125
1/13/2026 - 19:00:00,CAKE,10.1,Long,-0.000252,0.0000125
1/13/2026 - 19:00:00,ETC,0.83,Long,-0.000135,0.0000125
1/13/2026 - 19:00:00,MAVIA,194,Short,0.000209,0.0000170558
1/13/2026 - 19:00:00,STRK,491.7,Short,0.000535,0.0000125
1/13/2026 - 19:00:00,TNSR,258.3,Short,0.000231,0.0000125
1/13/2026 - 19:00:00,MERL,203,Short,0.00063,0.0000125
1/13/2026 - 19:00:00,EIGEN,27.48,Short,0.000145,0.0000125
1/13/2026 - 19:00:00,REZ,3636,Short,0.000179,0.0000087776
1/13/2026 - 19:00:00,TURBO,5084,Short,0.000123,0.0000125
1/13/2026 - 19:00:00,HMSTR,134918,Short,0.000421,0.0000125
1/13/2026 - 19:00:00,XLM,133,Long,-0.000354,0.0000115563
1/13/2026 - 19:00:00,ALGO,240,Long,-0.000408,0.0000125
1/13/2026 - 19:00:00,ME,189,Short,0.000506,0.0000125
1/13/2026 - 19:00:00,MOVE,1395,Short,0.000254,0.0000051893
1/13/2026 - 19:00:00,AIXBT,1051,Short,0.000485,0.0000125
1/13/2026 - 19:00:00,ANIME,1363,Short,-0.001919,-0.0001864503
1/13/2026 - 19:00:00,PAXG,0.003,Long,-0.000172,0.0000125
1/13/2026 - 19:00:00,AVNT,117,Short,-0.008737,-0.0002324246
1/13/2026 - 19:00:00,ZEC,0.15,Short,0.000657,0.0000112572
1/13/2026 - 20:00:00,BTC,0.00104,Long,-0.001217,0.0000125
1/13/2026 - 20:00:00,ETH,0.0099,Long,-0.000396,0.0000125
1/13/2026 - 20:00:00,ATOM,35.16,Long,-0.001024,0.0000111664
1/13/2026 - 20:00:00,SOL,0.4,Long,-0.000717,0.0000125
1/13/2026 - 20:00:00,AVAX,0.83,Long,-0.00015,0.0000125
1/13/2026 - 20:00:00,BNB,0.083,Long,-0.000974,0.0000125
1/13/2026 - 20:00:00,XRP,16,Long,-0.000421,0.0000125
1/13/2026 - 20:00:00,BCH,0.033,Long,0.000348,-0.0000172297
1/13/2026 - 20:00:00,YGG,152,Short,0.000134,0.0000125
1/13/2026 - 20:00:00,TRX,208,Long,0.000619,-0.0000098221
1/13/2026 - 20:00:00,BANANA,2.9,Short,0.000268,0.0000125
1/13/2026 - 20:00:00,ARK,35,Long,-0.000127,0.0000125
1/13/2026 - 20:00:00,TON,37.8,Long,-0.000834,0.0000125
1/13/2026 - 20:00:00,POLYX,176,Short,-0.001308,-0.0001117865
1/13/2026 - 20:00:00,GMT,2385,Short,-0.010274,-0.0002236725
1/13/2026 - 20:00:00,USTC,4395,Short,0.00039,0.0000125
1/13/2026 - 20:00:00,CAKE,10.1,Long,-0.000255,0.0000125
1/13/2026 - 20:00:00,ETC,0.83,Long,-0.000134,0.0000125
1/13/2026 - 20:00:00,MAVIA,194,Short,0.00073,0.0000593434
1/13/2026 - 20:00:00,STRK,491.7,Short,0.000532,0.0000125
1/13/2026 - 20:00:00,TNSR,258.3,Short,0.000231,0.0000125
1/13/2026 - 20:00:00,MERL,203,Short,0.000619,0.0000125
1/13/2026 - 20:00:00,EIGEN,27.48,Short,0.000145,0.0000125
1/13/2026 - 20:00:00,REZ,3636,Short,0.0002,0.0000098318
1/13/2026 - 20:00:00,TURBO,5084,Short,-0.000063,-0.0000064239
1/13/2026 - 20:00:00,HMSTR,134918,Short,0.000419,0.0000125
1/13/2026 - 20:00:00,XLM,133,Long,-0.000384,0.0000125
1/13/2026 - 20:00:00,ALGO,240,Long,-0.000407,0.0000125
1/13/2026 - 20:00:00,ME,235.7,Short,0.000636,0.0000125
1/13/2026 - 20:00:00,MOVE,1395,Short,-0.00047,-0.0000096279
1/13/2026 - 20:00:00,AIXBT,1051,Short,0.000488,0.0000125
1/13/2026 - 20:00:00,BIO,226,Short,0.000125,0.0000125
1/13/2026 - 20:00:00,ANIME,1363,Short,-0.002223,-0.0002159281
1/13/2026 - 20:00:00,PAXG,0.003,Long,-0.000172,0.0000125
1/13/2026 - 20:00:00,AVNT,117,Short,-0.00656,-0.0001752888
1/13/2026 - 20:00:00,ZEC,0.15,Short,0.000228,0.0000039201
1/13/2026 - 21:00:00,BTC,0.00104,Long,-0.001082,0.0000110475
1/13/2026 - 21:00:00,ETH,0.0099,Long,-0.000397,0.0000125
1/13/2026 - 21:00:00,ATOM,35.16,Long,0.001685,-0.0000182834
1/13/2026 - 21:00:00,SOL,0.4,Long,-0.000721,0.0000125
1/13/2026 - 21:00:00,AVAX,0.83,Long,-0.00015,0.0000125
1/13/2026 - 21:00:00,BNB,0.083,Long,-0.000976,0.0000125
1/13/2026 - 21:00:00,XRP,16,Long,-0.000427,0.0000125
1/13/2026 - 21:00:00,BCH,0.033,Long,0.000183,-0.0000090587
1/13/2026 - 21:00:00,YGG,152,Short,0.000134,0.0000125
1/13/2026 - 21:00:00,TRX,208,Long,-0.000086,0.0000013649
1/13/2026 - 21:00:00,BANANA,2.9,Short,0.00027,0.0000125
1/13/2026 - 21:00:00,ARK,35,Long,-0.000128,0.0000125
1/13/2026 - 21:00:00,TON,37.8,Long,-0.000782,0.0000116393
1/13/2026 - 21:00:00,POLYX,176,Short,-0.000601,-0.0000510896
1/13/2026 - 21:00:00,GMT,2385,Short,-0.00924,-0.0002003746
1/13/2026 - 21:00:00,USTC,4395,Short,0.000358,0.0000114474
1/13/2026 - 21:00:00,CAKE,10.1,Long,-0.000255,0.0000125
1/13/2026 - 21:00:00,ETC,0.83,Long,-0.000135,0.0000125
1/13/2026 - 21:00:00,MAVIA,194,Short,0.00045,0.0000363927
1/13/2026 - 21:00:00,STRK,491.7,Short,0.000889,0.0000208406
1/13/2026 - 21:00:00,TNSR,258.3,Short,0.000233,0.0000125
1/13/2026 - 21:00:00,MERL,203,Short,0.000622,0.0000125
1/13/2026 - 21:00:00,EIGEN,27.48,Short,0.000145,0.0000125
1/13/2026 - 21:00:00,REZ,3636,Short,0.000255,0.0000125
1/13/2026 - 21:00:00,TURBO,5084,Short,-0.000138,-0.0000139453
1/13/2026 - 21:00:00,HMSTR,134918,Short,0.000421,0.0000125
1/13/2026 - 21:00:00,XLM,133,Long,-0.000386,0.0000125
1/13/2026 - 21:00:00,ALGO,240,Long,-0.000409,0.0000125
1/13/2026 - 21:00:00,ME,235.7,Short,0.000632,0.0000125
1/13/2026 - 21:00:00,MOVE,1395,Short,0.000362,0.0000073796
1/13/2026 - 21:00:00,AIXBT,1051,Short,0.00049,0.0000125
1/13/2026 - 21:00:00,BIO,226,Short,0.000126,0.0000125
1/13/2026 - 21:00:00,ANIME,1363,Short,-0.001478,-0.0001435819
1/13/2026 - 21:00:00,PAXG,0.003,Long,-0.000172,0.0000125
1/13/2026 - 21:00:00,AVNT,117,Short,-0.006806,-0.0001812717
1/13/2026 - 21:00:00,ZEC,0.15,Short,0.000747,0.0000125
1/13/2026 - 22:00:00,BTC,0.00104,Long,-0.000666,0.000006783
1/13/2026 - 22:00:00,ETH,0.0099,Long,-0.000396,0.0000125
1/13/2026 - 22:00:00,ATOM,35.16,Long,0.000212,-0.0000023366
1/13/2026 - 22:00:00,SOL,0.4,Long,-0.000719,0.0000125
1/13/2026 - 22:00:00,AVAX,0.83,Long,-0.00015,0.0000125
1/13/2026 - 22:00:00,BNB,0.083,Long,-0.000978,0.0000125
1/13/2026 - 22:00:00,XRP,16,Long,-0.000426,0.0000125
1/13/2026 - 22:00:00,BCH,0.033,Long,-0.00003,0.0000015214
1/13/2026 - 22:00:00,YGG,152,Short,0.000134,0.0000125
1/13/2026 - 22:00:00,TRX,208,Long,-0.000411,0.0000064654
1/13/2026 - 22:00:00,BANANA,2.9,Short,0.000269,0.0000125
1/13/2026 - 22:00:00,ARK,35,Long,-0.000084,0.0000082864
1/13/2026 - 22:00:00,TON,37.8,Long,-0.000838,0.0000125
1/13/2026 - 22:00:00,POLYX,176,Short,-0.000943,-0.0000792567
1/13/2026 - 22:00:00,GMT,2385,Short,-0.009108,-0.000198908
1/13/2026 - 22:00:00,USTC,4395,Short,0.00039,0.0000125
1/13/2026 - 22:00:00,CAKE,10.1,Long,-0.000255,0.0000125
1/13/2026 - 22:00:00,ETC,0.83,Long,-0.000134,0.0000125
1/13/2026 - 22:00:00,MAVIA,194,Short,0.000153,0.0000125
1/13/2026 - 22:00:00,STRK,491.7,Short,0.000528,0.0000125
1/13/2026 - 22:00:00,TNSR,258.3,Short,0.000232,0.0000125
1/13/2026 - 22:00:00,MERL,203,Short,0.000623,0.0000125
1/13/2026 - 22:00:00,EIGEN,27.48,Short,0.000144,0.0000125
1/13/2026 - 22:00:00,REZ,3636,Short,0.000253,0.0000125
1/13/2026 - 22:00:00,TURBO,5084,Short,0.000122,0.0000125
1/13/2026 - 22:00:00,HMSTR,134918,Short,0.000419,0.0000125
1/13/2026 - 22:00:00,XLM,133,Long,-0.000386,0.0000125
1/13/2026 - 22:00:00,ALGO,240,Long,-0.000407,0.0000125
1/13/2026 - 22:00:00,ME,235.7,Short,0.00063,0.0000125
1/13/2026 - 22:00:00,MOVE,1395,Short,0.000615,0.0000125
1/13/2026 - 22:00:00,AIXBT,1051,Short,0.000486,0.0000125
1/13/2026 - 22:00:00,BIO,226,Short,0.000125,0.0000125
1/13/2026 - 22:00:00,ANIME,1363,Short,-0.001363,-0.0001322965
1/13/2026 - 22:00:00,PAXG,0.003,Long,-0.000128,0.0000093181
1/13/2026 - 22:00:00,AVNT,117,Short,-0.007263,-0.0001936297
1/13/2026 - 22:00:00,ZEC,0.15,Short,0.000728,0.0000125
1/13/2026 - 23:00:00,BTC,0.00104,Long,0.000015,-1.611e-7
1/13/2026 - 23:00:00,ETH,0.0099,Long,-0.000397,0.0000125
1/13/2026 - 23:00:00,ATOM,35.16,Long,0.002652,-0.0000290693
1/13/2026 - 23:00:00,SOL,0.4,Long,-0.000716,0.0000125
1/13/2026 - 23:00:00,AVAX,0.83,Long,-0.00015,0.0000125
1/13/2026 - 23:00:00,BNB,0.083,Long,-0.000977,0.0000125
1/13/2026 - 23:00:00,XRP,16,Long,-0.000423,0.0000124847
1/13/2026 - 23:00:00,BCH,0.033,Long,-0.000157,0.0000077571
1/13/2026 - 23:00:00,YGG,152,Short,0.000135,0.0000125
1/13/2026 - 23:00:00,TRX,208,Long,-0.000455,0.0000071842
1/13/2026 - 23:00:00,BANANA,2.9,Short,0.000274,0.0000125
1/13/2026 - 23:00:00,ARK,35,Long,-0.000127,0.0000125
1/13/2026 - 23:00:00,TON,37.8,Long,-0.00084,0.0000125
1/13/2026 - 23:00:00,POLYX,176,Short,-0.00316,-0.0002629267
1/13/2026 - 23:00:00,GMT,2385,Short,-0.008251,-0.00018011
1/13/2026 - 23:00:00,USTC,4395,Short,0.000369,0.0000117855
1/13/2026 - 23:00:00,CAKE,10.1,Long,-0.000256,0.0000125
1/13/2026 - 23:00:00,ETC,0.83,Long,-0.000135,0.0000125
1/13/2026 - 23:00:00,MAVIA,194,Short,0.000153,0.0000125
1/13/2026 - 23:00:00,STRK,491.7,Short,0.000531,0.0000125
1/13/2026 - 23:00:00,TNSR,258.3,Short,0.000006,3.722e-7
1/13/2026 - 23:00:00,MERL,203,Short,0.000613,0.0000125
1/13/2026 - 23:00:00,EIGEN,27.48,Short,0.000146,0.0000125
1/13/2026 - 23:00:00,REZ,3636,Short,0.000254,0.0000125
1/13/2026 - 23:00:00,TURBO,5084,Short,0.000122,0.0000123366
1/13/2026 - 23:00:00,HMSTR,134918,Short,0.000423,0.0000125
1/13/2026 - 23:00:00,XLM,133,Long,-0.000386,0.0000125
1/13/2026 - 23:00:00,ALGO,240,Long,-0.000408,0.0000125
1/13/2026 - 23:00:00,ME,235.7,Short,0.000632,0.0000125
1/13/2026 - 23:00:00,MOVE,1395,Short,0.000616,0.0000125
1/13/2026 - 23:00:00,AIXBT,1051,Short,0.000489,0.0000125
1/13/2026 - 23:00:00,BIO,226,Short,0.000126,0.0000125
1/13/2026 - 23:00:00,ANIME,1363,Short,-0.001481,-0.0001438668
1/13/2026 - 23:00:00,PAXG,0.003,Long,-0.000097,0.0000070547
1/13/2026 - 23:00:00,AVNT,117,Short,-0.005224,-0.0001390393
1/13/2026 - 23:00:00,ZEC,0.15,Short,0.000731,0.0000125
1/14/2026 - 00:00:00,BTC,0.00104,Long,-0.001244,0.0000125
1/14/2026 - 00:00:00,ETH,0.0099,Long,-0.000412,0.0000125
1/14/2026 - 00:00:00,ATOM,35.16,Long,0.001648,-0.000017639
1/14/2026 - 00:00:00,SOL,0.4,Long,-0.000734,0.0000125
1/14/2026 - 00:00:00,AVAX,0.83,Long,-0.000153,0.0000125
1/14/2026 - 00:00:00,BNB,0.083,Long,-0.000981,0.0000125
1/14/2026 - 00:00:00,XRP,16,Long,-0.000434,0.0000125
1/14/2026 - 00:00:00,BCH,0.033,Long,-0.000256,0.0000125
1/14/2026 - 00:00:00,YGG,152,Short,0.000139,0.0000125
1/14/2026 - 00:00:00,TRX,208,Long,-0.000291,0.0000045934
1/14/2026 - 00:00:00,BANANA,2.9,Short,0.00028,0.0000125
1/14/2026 - 00:00:00,ARK,35,Long,-0.000129,0.0000125
1/14/2026 - 00:00:00,TON,37.8,Long,-0.000855,0.0000125
1/14/2026 - 00:00:00,POLYX,176,Short,-0.000568,-0.0000470842
1/14/2026 - 00:00:00,GMT,2385,Short,-0.00907,-0.0001948349
1/14/2026 - 00:00:00,USTC,4395,Short,0.000396,0.0000125
1/14/2026 - 00:00:00,CAKE,10.1,Long,-0.000259,0.0000125
1/14/2026 - 00:00:00,ETC,0.83,Long,-0.000139,0.0000125
1/14/2026 - 00:00:00,MAVIA,194,Short,0.000157,0.0000125
1/14/2026 - 00:00:00,STRK,491.7,Short,0.00062,0.0000142442
1/14/2026 - 00:00:00,TNSR,258.3,Short,-0.000336,-0.0000176303
1/14/2026 - 00:00:00,MERL,203,Short,0.000623,0.0000125
1/14/2026 - 00:00:00,EIGEN,27.48,Short,0.000153,0.0000125
1/14/2026 - 00:00:00,REZ,3636,Short,0.000261,0.0000125
1/14/2026 - 00:00:00,TURBO,5084,Short,0.000128,0.0000125
1/14/2026 - 00:00:00,HMSTR,134918,Short,0.000433,0.0000125
1/14/2026 - 00:00:00,XLM,133,Long,-0.000398,0.0000125
1/14/2026 - 00:00:00,ALGO,240,Long,-0.00042,0.0000125
1/14/2026 - 00:00:00,ME,235.7,Short,0.000644,0.0000125
1/14/2026 - 00:00:00,MOVE,1395,Short,0.000627,0.0000125
1/14/2026 - 00:00:00,AIXBT,1051,Short,0.000512,0.0000125
1/14/2026 - 00:00:00,BIO,226,Short,0.00013,0.0000125
1/14/2026 - 00:00:00,ANIME,1363,Short,-0.001824,-0.0001720699
1/14/2026 - 00:00:00,PAXG,0.003,Long,-0.000172,0.0000125
1/14/2026 - 00:00:00,AVNT,117,Short,-0.004062,-0.000105608
1/14/2026 - 00:00:00,ZEC,0.15,Short,0.00076,0.0000125
1/14/2026 - 01:00:00,BTC,0.00104,Long,-0.000479,0.0000048368
1/14/2026 - 01:00:00,ETH,0.0099,Long,-0.000411,0.0000125
1/14/2026 - 01:00:00,ATOM,35.16,Long,-0.001158,0.0000125
1/14/2026 - 01:00:00,SOL,0.4,Long,-0.000727,0.0000125
1/14/2026 - 01:00:00,AVAX,0.83,Long,-0.000153,0.0000125
1/14/2026 - 01:00:00,BNB,0.083,Long,-0.000979,0.0000125
1/14/2026 - 01:00:00,XRP,16,Long,-0.000433,0.0000125
1/14/2026 - 01:00:00,BCH,0.033,Long,0.0002,-0.0000098558
1/14/2026 - 01:00:00,YGG,152,Short,0.000137,0.0000125
1/14/2026 - 01:00:00,TRX,208,Long,0.000168,-0.0000026428
1/14/2026 - 01:00:00,BANANA,2.9,Short,0.000278,0.0000125
1/14/2026 - 01:00:00,ARK,35,Long,-0.000129,0.0000125
1/14/2026 - 01:00:00,TON,37.8,Long,-0.00085,0.0000125
1/14/2026 - 01:00:00,POLYX,176,Short,0.000151,0.0000125
1/14/2026 - 01:00:00,GMT,2385,Short,-0.009354,-0.0002006265
1/14/2026 - 01:00:00,USTC,4395,Short,0.000394,0.0000125
1/14/2026 - 01:00:00,CAKE,10.1,Long,-0.00026,0.0000125
1/14/2026 - 01:00:00,ETC,0.83,Long,-0.000137,0.0000125
1/14/2026 - 01:00:00,MAVIA,194,Short,0.00018,0.0000145814
1/14/2026 - 01:00:00,STRK,491.7,Short,0.00115,0.0000266756
1/14/2026 - 01:00:00,TNSR,258.3,Short,0.000236,0.0000125
1/14/2026 - 01:00:00,MERL,203,Short,0.000631,0.0000125
1/14/2026 - 01:00:00,EIGEN,27.48,Short,0.000153,0.0000125
1/14/2026 - 01:00:00,REZ,3636,Short,0.000258,0.0000125
1/14/2026 - 01:00:00,TURBO,5084,Short,0.000126,0.0000125
1/14/2026 - 01:00:00,HMSTR,134918,Short,0.000426,0.0000125
1/14/2026 - 01:00:00,XLM,133,Long,-0.000396,0.0000125
1/14/2026 - 01:00:00,ALGO,240,Long,-0.000415,0.0000125
1/14/2026 - 01:00:00,ME,235.7,Short,0.000638,0.0000125
1/14/2026 - 01:00:00,MOVE,1395,Short,0.000625,0.0000125
1/14/2026 - 01:00:00,AIXBT,1051,Short,0.000505,0.0000125
1/14/2026 - 01:00:00,BIO,226,Short,0.000128,0.0000125
1/14/2026 - 01:00:00,ANIME,1363,Short,-0.001961,-0.0001864192
1/14/2026 - 01:00:00,PAXG,0.003,Long,-0.000172,0.0000125
1/14/2026 - 01:00:00,AVNT,117,Short,-0.005483,-0.0001427903
1/14/2026 - 01:00:00,ZEC,0.15,Short,0.000757,0.0000125
1/14/2026 - 02:00:00,BTC,0.00104,Long,-0.000407,0.0000041113
1/14/2026 - 02:00:00,ETH,0.0099,Long,-0.000411,0.0000125
1/14/2026 - 02:00:00,ATOM,35.16,Long,-0.000853,0.0000091261
1/14/2026 - 02:00:00,SOL,0.4,Long,-0.000725,0.0000125
1/14/2026 - 02:00:00,AVAX,0.83,Long,-0.000153,0.0000125
1/14/2026 - 02:00:00,BNB,0.083,Long,-0.000983,0.0000125
1/14/2026 - 02:00:00,XRP,16,Long,-0.000433,0.0000125
1/14/2026 - 02:00:00,BCH,0.033,Long,0.000402,-0.0000199258
1/14/2026 - 02:00:00,YGG,152,Short,0.000139,0.0000125
1/14/2026 - 02:00:00,TRX,208,Long,0.000297,-0.0000046821
1/14/2026 - 02:00:00,BANANA,2.9,Short,0.00028,0.0000125
1/14/2026 - 02:00:00,ARK,35,Long,-0.000129,0.0000125
1/14/2026 - 02:00:00,TON,37.8,Long,-0.000843,0.0000125
1/14/2026 - 02:00:00,POLYX,176,Short,0.00015,0.0000125
1/14/2026 - 02:00:00,GMT,2385,Short,-0.006603,-0.0001428166
1/14/2026 - 02:00:00,USTC,4395,Short,0.000397,0.0000125
1/14/2026 - 02:00:00,CAKE,10.1,Long,-0.000261,0.0000125
1/14/2026 - 02:00:00,ETC,0.83,Long,-0.000138,0.0000125
1/14/2026 - 02:00:00,MAVIA,194,Short,0.000165,0.0000133551
1/14/2026 - 02:00:00,STRK,491.7,Short,0.000561,0.0000125
1/14/2026 - 02:00:00,TNSR,258.3,Short,-0.000335,-0.0000173669
1/14/2026 - 02:00:00,MERL,203,Short,0.000625,0.0000125
1/14/2026 - 02:00:00,EIGEN,27.48,Short,0.000154,0.0000125
1/14/2026 - 02:00:00,REZ,3636,Short,-0.000531,-0.0000255768
1/14/2026 - 02:00:00,TURBO,5084,Short,0.000126,0.0000125
1/14/2026 - 02:00:00,HMSTR,134918,Short,0.00043,0.0000125
1/14/2026 - 02:00:00,XLM,133,Long,-0.000398,0.0000125
1/14/2026 - 02:00:00,ALGO,240,Long,-0.000418,0.0000125
1/14/2026 - 02:00:00,ME,235.7,Short,0.000652,0.0000125
1/14/2026 - 02:00:00,MOVE,1395,Short,0.000635,0.0000125
1/14/2026 - 02:00:00,AIXBT,1051,Short,0.000514,0.0000125
1/14/2026 - 02:00:00,BIO,226,Short,0.00013,0.0000125
1/14/2026 - 02:00:00,ANIME,1363,Short,-0.002132,-0.0002023341
1/14/2026 - 02:00:00,PAXG,0.003,Long,-0.000173,0.0000125
1/14/2026 - 02:00:00,AVNT,117,Short,-0.005093,-0.0001338397
1/14/2026 - 02:00:00,ZEC,0.15,Short,0.000774,0.0000125
1/14/2026 - 03:00:00,BTC,0.00104,Long,-0.000387,0.0000039134
1/14/2026 - 03:00:00,ETH,0.0099,Long,-0.000412,0.0000125
1/14/2026 - 03:00:00,ATOM,35.16,Long,-0.001162,0.0000125
1/14/2026 - 03:00:00,SOL,0.4,Long,-0.000728,0.0000125
1/14/2026 - 03:00:00,AVAX,0.83,Long,-0.000153,0.0000125
1/14/2026 - 03:00:00,BNB,0.083,Long,-0.000983,0.0000125
1/14/2026 - 03:00:00,XRP,16,Long,-0.000434,0.0000125
1/14/2026 - 03:00:00,BCH,0.033,Long,0.000125,-0.0000061692
1/14/2026 - 03:00:00,YGG,152,Short,0.000138,0.0000125
1/14/2026 - 03:00:00,TRX,208,Long,0.001028,-0.0000162311
1/14/2026 - 03:00:00,BANANA,2.9,Short,0.000279,0.0000125
1/14/2026 - 03:00:00,ARK,35,Long,-0.000129,0.0000125
1/14/2026 - 03:00:00,TON,37.8,Long,-0.000845,0.0000125
1/14/2026 - 03:00:00,POLYX,176,Short,0.00015,0.0000125
1/14/2026 - 03:00:00,GMT,2385,Short,-0.004659,-0.00010165
1/14/2026 - 03:00:00,USTC,4395,Short,0.000395,0.0000125
1/14/2026 - 03:00:00,CAKE,10.1,Long,-0.000261,0.0000125
1/14/2026 - 03:00:00,ETC,0.83,Long,-0.000138,0.0000125
1/14/2026 - 03:00:00,MAVIA,194,Short,0.000154,0.0000125
1/14/2026 - 03:00:00,STRK,491.7,Short,0.000576,0.0000125
1/14/2026 - 03:00:00,TNSR,258.3,Short,-0.000232,-0.0000121825
1/14/2026 - 03:00:00,MERL,203,Short,0.000637,0.0000125
1/14/2026 - 03:00:00,EIGEN,27.48,Short,0.000154,0.0000125
1/14/2026 - 03:00:00,REZ,3636,Short,-0.000071,-0.0000034678
1/14/2026 - 03:00:00,TURBO,5084,Short,0.000126,0.0000125
1/14/2026 - 03:00:00,HMSTR,134918,Short,0.001247,0.0000362501
1/14/2026 - 03:00:00,XLM,133,Long,-0.000399,0.0000125
1/14/2026 - 03:00:00,ALGO,240,Long,-0.000417,0.0000125
1/14/2026 - 03:00:00,ME,235.7,Short,0.000659,0.0000125
1/14/2026 - 03:00:00,MOVE,1395,Short,0.00064,0.0000125
1/14/2026 - 03:00:00,AIXBT,1051,Short,0.000511,0.0000125
1/14/2026 - 03:00:00,BIO,226,Short,0.000131,0.0000125
1/14/2026 - 03:00:00,ANIME,1363,Short,-0.002019,-0.000192809
1/14/2026 - 03:00:00,PAXG,0.003,Long,-0.000173,0.0000125
1/14/2026 - 03:00:00,AVNT,117,Short,-0.005212,-0.0001374847
1/14/2026 - 03:00:00,ZEC,0.15,Short,0.000778,0.0000125
1/14/2026 - 04:00:00,BTC,0.00104,Long,-0.000705,0.0000071098
1/14/2026 - 04:00:00,ETH,0.0099,Long,-0.000411,0.0000125
1/14/2026 - 04:00:00,ATOM,35.16,Long,0.000495,-0.0000053367
1/14/2026 - 04:00:00,SOL,0.4,Long,-0.000727,0.0000125
1/14/2026 - 04:00:00,AVAX,0.83,Long,-0.000152,0.0000125
1/14/2026 - 04:00:00,BNB,0.083,Long,-0.000983,0.0000125
1/14/2026 - 04:00:00,XRP,16,Long,-0.000434,0.0000125
1/14/2026 - 04:00:00,BCH,0.033,Long,0.00009,-0.0000044507
1/14/2026 - 04:00:00,YGG,152,Short,0.000137,0.0000125
1/14/2026 - 04:00:00,TRX,208,Long,0.001501,-0.000023706
1/14/2026 - 04:00:00,BANANA,2.9,Short,0.000278,0.0000125
1/14/2026 - 04:00:00,ARK,35,Long,-0.000128,0.0000125
1/14/2026 - 04:00:00,TON,37.8,Long,-0.000844,0.0000125
1/14/2026 - 04:00:00,POLYX,176,Short,0.000149,0.0000125
1/14/2026 - 04:00:00,GMT,2385,Short,-0.005562,-0.0001209848
1/14/2026 - 04:00:00,USTC,4395,Short,0.000394,0.0000125
1/14/2026 - 04:00:00,CAKE,10.1,Long,-0.000263,0.0000125
1/14/2026 - 04:00:00,ETC,0.83,Long,-0.000137,0.0000125
1/14/2026 - 04:00:00,MAVIA,194,Short,0.000263,0.0000212228
1/14/2026 - 04:00:00,STRK,491.7,Short,0.000564,0.0000125
1/14/2026 - 04:00:00,TNSR,258.3,Short,0.000238,0.0000125
1/14/2026 - 04:00:00,MERL,203,Short,0.000645,0.0000125
1/14/2026 - 04:00:00,EIGEN,27.48,Short,0.000113,0.0000092674
1/14/2026 - 04:00:00,REZ,3636,Short,0.000013,6.529e-7
1/14/2026 - 04:00:00,TURBO,5084,Short,0.000126,0.0000125
1/14/2026 - 04:00:00,HMSTR,134918,Short,0.000428,0.0000125
1/14/2026 - 04:00:00,XLM,133,Long,-0.000401,0.0000125
1/14/2026 - 04:00:00,ALGO,240,Long,-0.000417,0.0000125
1/14/2026 - 04:00:00,ME,235.7,Short,0.000651,0.0000125
1/14/2026 - 04:00:00,MOVE,1395,Short,0.000239,0.0000046806
1/14/2026 - 04:00:00,AIXBT,1051,Short,0.000507,0.0000125
1/14/2026 - 04:00:00,BIO,226,Short,0.000131,0.0000125
1/14/2026 - 04:00:00,ANIME,1363,Short,-0.002014,-0.0001925831
1/14/2026 - 04:00:00,PAXG,0.003,Long,-0.000173,0.0000125
1/14/2026 - 04:00:00,AVNT,117,Short,-0.005056,-0.0001333717
1/14/2026 - 04:00:00,ZEC,0.15,Short,0.000778,0.0000125
1/14/2026 - 05:00:00,BTC,0.00104,Long,-0.000397,0.0000039885
1/14/2026 - 05:00:00,ETH,0.0099,Long,-0.000414,0.0000125
1/14/2026 - 05:00:00,ATOM,35.16,Long,0.003222,-0.0000346256
1/14/2026 - 05:00:00,SOL,0.4,Long,-0.000731,0.0000125
1/14/2026 - 05:00:00,AVAX,0.83,Long,-0.000153,0.0000125
1/14/2026 - 05:00:00,BNB,0.083,Long,-0.000985,0.0000125
1/14/2026 - 05:00:00,XRP,16,Long,-0.000436,0.0000125
1/14/2026 - 05:00:00,BCH,0.033,Long,0.000078,-0.0000038644
1/14/2026 - 05:00:00,YGG,152,Short,0.000138,0.0000125
1/14/2026 - 05:00:00,TRX,208,Long,0.001514,-0.0000238971
1/14/2026 - 05:00:00,BANANA,2.9,Short,0.00028,0.0000125
1/14/2026 - 05:00:00,ARK,35,Long,-0.000129,0.0000125
1/14/2026 - 05:00:00,TON,37.8,Long,-0.000841,0.0000125
1/14/2026 - 05:00:00,POLYX,176,Short,0.000149,0.0000125
1/14/2026 - 05:00:00,GMT,2385,Short,-0.004058,-0.0000880325
1/14/2026 - 05:00:00,USTC,4395,Short,0.000397,0.0000125
1/14/2026 - 05:00:00,CAKE,10.1,Long,-0.000454,0.0000215484
1/14/2026 - 05:00:00,ETC,0.83,Long,-0.000138,0.0000125
1/14/2026 - 05:00:00,MAVIA,194,Short,0.000156,0.0000125
1/14/2026 - 05:00:00,STRK,491.7,Short,0.000567,0.0000125
1/14/2026 - 05:00:00,TNSR,258.3,Short,0.000238,0.0000125
1/14/2026 - 05:00:00,MERL,203,Short,0.000638,0.0000125
1/14/2026 - 05:00:00,EIGEN,27.48,Short,0.000154,0.0000125
1/14/2026 - 05:00:00,REZ,3636,Short,-0.000074,-0.0000036211
1/14/2026 - 05:00:00,TURBO,5084,Short,0.000128,0.0000125
1/14/2026 - 05:00:00,HMSTR,134918,Short,0.00043,0.0000125
1/14/2026 - 05:00:00,XLM,133,Long,-0.000405,0.0000125
1/14/2026 - 05:00:00,ALGO,240,Long,-0.000421,0.0000125
1/14/2026 - 05:00:00,ME,235.7,Short,0.000654,0.0000125
1/14/2026 - 05:00:00,MOVE,1395,Short,0.000641,0.0000125
1/14/2026 - 05:00:00,AIXBT,1051,Short,0.00051,0.0000125
1/14/2026 - 05:00:00,BIO,226,Short,0.000131,0.0000125
1/14/2026 - 05:00:00,ANIME,1363,Short,-0.001306,-0.0001242864
1/14/2026 - 05:00:00,PAXG,0.003,Long,-0.000173,0.0000125
1/14/2026 - 05:00:00,AVNT,117,Short,-0.004176,-0.0001093586
1/14/2026 - 05:00:00,ZEC,0.15,Short,0.00078,0.0000125
1/14/2026 - 06:00:00,BTC,0.00104,Long,-0.000173,0.0000017512
1/14/2026 - 06:00:00,ETH,0.0099,Long,-0.000413,0.0000125
1/14/2026 - 06:00:00,ATOM,35.16,Long,0.002139,-0.0000230816
1/14/2026 - 06:00:00,SOL,0.4,Long,-0.000625,0.0000107972
1/14/2026 - 06:00:00,AVAX,0.83,Long,-0.000152,0.0000125
1/14/2026 - 06:00:00,BNB,0.083,Long,-0.000979,0.0000125
1/14/2026 - 06:00:00,XRP,16,Long,-0.000432,0.0000125
1/14/2026 - 06:00:00,BCH,0.033,Long,0.000028,-0.0000014242
1/14/2026 - 06:00:00,YGG,152,Short,0.000137,0.0000125
1/14/2026 - 06:00:00,TRX,208,Long,0.001021,-0.0000161154
1/14/2026 - 06:00:00,BANANA,2.9,Short,0.000276,0.0000125
1/14/2026 - 06:00:00,ARK,35,Long,-0.000128,0.0000125
1/14/2026 - 06:00:00,TON,37.8,Long,-0.00084,0.0000125
1/14/2026 - 06:00:00,POLYX,176,Short,0.000147,0.0000125
1/14/2026 - 06:00:00,GMT,2385,Short,-0.004099,-0.0000891206
1/14/2026 - 06:00:00,USTC,4395,Short,0.000395,0.0000125
1/14/2026 - 06:00:00,CAKE,10.1,Long,-0.000423,0.0000202648
1/14/2026 - 06:00:00,ETC,0.83,Long,-0.000137,0.0000125
1/14/2026 - 06:00:00,MAVIA,194,Short,0.000515,0.0000414798
1/14/2026 - 06:00:00,STRK,491.7,Short,0.00056,0.0000125
1/14/2026 - 06:00:00,TNSR,258.3,Short,0.000237,0.0000125
1/14/2026 - 06:00:00,MERL,203,Short,0.000641,0.0000125
1/14/2026 - 06:00:00,EIGEN,27.48,Short,0.000154,0.0000125
1/14/2026 - 06:00:00,REZ,3636,Short,-0.000378,-0.0000183447
1/14/2026 - 06:00:00,TURBO,5084,Short,0.000126,0.0000125
1/14/2026 - 06:00:00,HMSTR,134918,Short,0.00139,0.0000407341
1/14/2026 - 06:00:00,XLM,133,Long,-0.000406,0.0000125
1/14/2026 - 06:00:00,ALGO,240,Long,-0.000418,0.0000125
1/14/2026 - 06:00:00,ME,235.7,Short,0.000655,0.0000125
1/14/2026 - 06:00:00,MOVE,1395,Short,0.000635,0.0000125
1/14/2026 - 06:00:00,AIXBT,1051,Short,0.000502,0.0000125
1/14/2026 - 06:00:00,BIO,226,Short,0.00013,0.0000125
1/14/2026 - 06:00:00,ANIME,1363,Short,-0.001387,-0.0001319876
1/14/2026 - 06:00:00,PAXG,0.003,Long,-0.000173,0.0000125
1/14/2026 - 06:00:00,AVNT,117,Short,-0.003821,-0.0001002478
1/14/2026 - 06:00:00,ZEC,0.15,Short,0.000786,0.0000125
1/14/2026 - 07:00:00,BTC,0.00104,Long,0.000429,-0.0000043451
1/14/2026 - 07:00:00,ETH,0.0099,Long,-0.000412,0.0000125
1/14/2026 - 07:00:00,ATOM,35.16,Long,0.004448,-0.0000475331
1/14/2026 - 07:00:00,SOL,0.4,Long,-0.000237,0.0000041035
1/14/2026 - 07:00:00,AVAX,0.83,Long,-0.000152,0.0000125
1/14/2026 - 07:00:00,BNB,0.083,Long,-0.000975,0.0000125
1/14/2026 - 07:00:00,XRP,16,Long,-0.00043,0.0000125
1/14/2026 - 07:00:00,BCH,0.033,Long,0.000146,-0.0000072429
1/14/2026 - 07:00:00,YGG,152,Short,0.000138,0.0000125
1/14/2026 - 07:00:00,TRX,208,Long,0.001444,-0.0000228794
1/14/2026 - 07:00:00,BANANA,2.9,Short,0.000276,0.0000125
1/14/2026 - 07:00:00,ARK,35,Long,-0.000129,0.0000125
1/14/2026 - 07:00:00,TON,37.8,Long,-0.000833,0.0000125
1/14/2026 - 07:00:00,POLYX,176,Short,0.000147,0.0000125
1/14/2026 - 07:00:00,GMT,2385,Short,-0.002713,-0.000058635
1/14/2026 - 07:00:00,USTC,4395,Short,0.000395,0.0000125
1/14/2026 - 07:00:00,CAKE,10.1,Long,-0.000259,0.0000125
1/14/2026 - 07:00:00,ETC,0.83,Long,-0.000137,0.0000125
1/14/2026 - 07:00:00,MAVIA,194,Short,0.000968,0.0000784828
1/14/2026 - 07:00:00,STRK,491.7,Short,0.000557,0.0000125
1/14/2026 - 07:00:00,TNSR,258.3,Short,0.000238,0.0000125
1/14/2026 - 07:00:00,MERL,203,Short,0.000629,0.0000125
1/14/2026 - 07:00:00,EIGEN,27.48,Short,0.000154,0.0000125
1/14/2026 - 07:00:00,REZ,3636,Short,-0.00074,-0.0000361965
1/14/2026 - 07:00:00,TURBO,5084,Short,0.000126,0.0000125
1/14/2026 - 07:00:00,HMSTR,134918,Short,0.001089,0.0000320458
1/14/2026 - 07:00:00,XLM,133,Long,-0.000405,0.0000125
1/14/2026 - 07:00:00,ALGO,240,Long,-0.000418,0.0000125
1/14/2026 - 07:00:00,ME,235.7,Short,0.000659,0.0000125
1/14/2026 - 07:00:00,MOVE,1395,Short,0.000636,0.0000125
1/14/2026 - 07:00:00,AIXBT,1051,Short,0.000501,0.0000125
1/14/2026 - 07:00:00,BIO,226,Short,0.00013,0.0000125
1/14/2026 - 07:00:00,ANIME,1363,Short,-0.001606,-0.0001523711
1/14/2026 - 07:00:00,PAXG,0.003,Long,-0.000173,0.0000125
1/14/2026 - 07:00:00,AVNT,117,Short,-0.003156,-0.0000830405
1/14/2026 - 07:00:00,ZEC,0.15,Short,0.000777,0.0000125
1/14/2026 - 08:00:00,BTC,0.00104,Long,-0.000922,0.0000093327
1/14/2026 - 08:00:00,ETH,0.0099,Long,-0.000412,0.0000125
1/14/2026 - 08:00:00,ATOM,35.16,Long,0.001791,-0.0000190575
1/14/2026 - 08:00:00,SOL,0.4,Long,-0.00056,0.0000096919
1/14/2026 - 08:00:00,AVAX,0.83,Long,-0.000152,0.0000125
1/14/2026 - 08:00:00,BNB,0.083,Long,-0.000973,0.0000125
1/14/2026 - 08:00:00,XRP,16,Long,-0.000429,0.0000125
1/14/2026 - 08:00:00,BCH,0.033,Long,0.000372,-0.0000183858
1/14/2026 - 08:00:00,YGG,152,Short,0.000138,0.0000125
1/14/2026 - 08:00:00,TRX,208,Long,0.00106,-0.0000167801
1/14/2026 - 08:00:00,BANANA,2.9,Short,0.000275,0.0000125
1/14/2026 - 08:00:00,ARK,35,Long,-0.00013,0.0000125
1/14/2026 - 08:00:00,TON,37.8,Long,-0.000835,0.0000125
1/14/2026 - 08:00:00,POLYX,176,Short,0.000146,0.0000125
1/14/2026 - 08:00:00,GMT,2385,Short,-0.003159,-0.0000679297
1/14/2026 - 08:00:00,USTC,4395,Short,0.000393,0.0000125
1/14/2026 - 08:00:00,CAKE,10.1,Long,-0.000279,0.0000134714
1/14/2026 - 08:00:00,ETC,0.83,Long,-0.000137,0.0000125
1/14/2026 - 08:00:00,MAVIA,194,Short,0.000156,0.0000125
1/14/2026 - 08:00:00,STRK,491.7,Short,0.00056,0.0000125
1/14/2026 - 08:00:00,TNSR,258.3,Short,0.000236,0.0000125
1/14/2026 - 08:00:00,MERL,203,Short,0.000621,0.0000125
1/14/2026 - 08:00:00,EIGEN,27.48,Short,0.000155,0.0000125
1/14/2026 - 08:00:00,REZ,3636,Short,0.000147,0.000007093
1/14/2026 - 08:00:00,TURBO,5084,Short,0.000126,0.0000125
1/14/2026 - 08:00:00,HMSTR,134918,Short,0.000424,0.0000125
1/14/2026 - 08:00:00,XLM,133,Long,-0.000406,0.0000125
1/14/2026 - 08:00:00,ALGO,240,Long,-0.00042,0.0000125
1/14/2026 - 08:00:00,ME,235.7,Short,0.000668,0.0000125
1/14/2026 - 08:00:00,MOVE,1395,Short,0.000638,0.0000125
1/14/2026 - 08:00:00,AIXBT,1051,Short,0.000502,0.0000125
1/14/2026 - 08:00:00,BIO,226,Short,0.000131,0.0000125
1/14/2026 - 08:00:00,ANIME,1363,Short,-0.001103,-0.0001050646
1/14/2026 - 08:00:00,PAXG,0.003,Long,-0.000174,0.0000125
1/14/2026 - 08:00:00,AVNT,117,Short,-0.003776,-0.0000986306
1/14/2026 - 08:00:00,ZEC,0.15,Short,0.00078,0.0000125
1/14/2026 - 09:00:00,BTC,0.00104,Long,-0.001237,0.0000125
1/14/2026 - 09:00:00,ETH,0.0099,Long,-0.000412,0.0000125
1/14/2026 - 09:00:00,ATOM,35.16,Long,0.000429,-0.000004602
1/14/2026 - 09:00:00,SOL,0.4,Long,-0.000724,0.0000125
1/14/2026 - 09:00:00,AVAX,0.83,Long,-0.000152,0.0000125
1/14/2026 - 09:00:00,BNB,0.083,Long,-0.000972,0.0000125
1/14/2026 - 09:00:00,XRP,16,Long,-0.000429,0.0000125
1/14/2026 - 09:00:00,BCH,0.033,Long,0.000251,-0.0000124224
1/14/2026 - 09:00:00,YGG,152,Short,0.000137,0.0000125
1/14/2026 - 09:00:00,TRX,208,Long,0.000751,-0.0000119236
1/14/2026 - 09:00:00,BANANA,2.9,Short,0.000274,0.0000125
1/14/2026 - 09:00:00,ARK,35,Long,-0.000129,0.0000125
1/14/2026 - 09:00:00,TON,37.8,Long,-0.000835,0.0000125
1/14/2026 - 09:00:00,POLYX,176,Short,0.000146,0.0000125
1/14/2026 - 09:00:00,GMT,2385,Short,-0.000783,-0.0000169489
1/14/2026 - 09:00:00,USTC,4395,Short,0.000267,0.0000084191
1/14/2026 - 09:00:00,CAKE,10.1,Long,-0.000258,0.0000125
1/14/2026 - 09:00:00,ETC,0.83,Long,-0.000137,0.0000125
1/14/2026 - 09:00:00,MAVIA,194,Short,0.000732,0.000059173
1/14/2026 - 09:00:00,STRK,491.7,Short,0.000555,0.0000125
1/14/2026 - 09:00:00,TNSR,258.3,Short,0.000235,0.0000125
1/14/2026 - 09:00:00,MERL,203,Short,0.000628,0.0000125
1/14/2026 - 09:00:00,EIGEN,27.48,Short,0.000154,0.0000125
1/14/2026 - 09:00:00,REZ,3636,Short,0.000262,0.0000125
1/14/2026 - 09:00:00,TURBO,5084,Short,0.000126,0.0000125
1/14/2026 - 09:00:00,HMSTR,134918,Short,0.003135,0.0000929726
1/14/2026 - 09:00:00,XLM,133,Long,-0.000405,0.0000125
1/14/2026 - 09:00:00,ALGO,240,Long,-0.000416,0.0000125
1/14/2026 - 09:00:00,ME,235.7,Short,0.000676,0.0000125
1/14/2026 - 09:00:00,MOVE,1395,Short,0.000637,0.0000125
1/14/2026 - 09:00:00,AIXBT,1051,Short,0.000498,0.0000125
1/14/2026 - 09:00:00,BIO,226,Short,0.00013,0.0000125
1/14/2026 - 09:00:00,ANIME,1363,Short,-0.001626,-0.0001557183
1/14/2026 - 09:00:00,PAXG,0.003,Long,-0.000173,0.0000125
1/14/2026 - 09:00:00,AVNT,117,Short,-0.002103,-0.0000555845
1/14/2026 - 09:00:00,ZEC,0.15,Short,0.000775,0.0000125
1/14/2026 - 10:00:00,BTC,0.00104,Long,-0.001233,0.0000125
1/14/2026 - 10:00:00,ETH,0.0099,Long,-0.000217,0.0000066036
1/14/2026 - 10:00:00,ATOM,35.16,Long,0.001488,-0.0000159187
1/14/2026 - 10:00:00,SOL,0.4,Long,-0.000724,0.0000125
1/14/2026 - 10:00:00,AVAX,0.83,Long,-0.000152,0.0000125
1/14/2026 - 10:00:00,BNB,0.083,Long,-0.000971,0.0000125
1/14/2026 - 10:00:00,XRP,16,Long,-0.000428,0.0000125
1/14/2026 - 10:00:00,BCH,0.033,Long,0.000354,-0.0000178671
1/14/2026 - 10:00:00,YGG,152,Short,0.000137,0.0000125
1/14/2026 - 10:00:00,TRX,208,Long,0.000891,-0.0000142017
1/14/2026 - 10:00:00,BANANA,2.9,Short,0.000275,0.0000125
1/14/2026 - 10:00:00,ARK,35,Long,-0.00013,0.0000125
1/14/2026 - 10:00:00,TON,37.8,Long,-0.000833,0.0000125
1/14/2026 - 10:00:00,POLYX,176,Short,0.000146,0.0000125
1/14/2026 - 10:00:00,GMT,2385,Short,0.000233,0.0000051186
1/14/2026 - 10:00:00,USTC,4395,Short,-0.000236,-0.0000074206
1/14/2026 - 10:00:00,CAKE,10.1,Long,-0.000446,0.0000215497
1/14/2026 - 10:00:00,ETC,0.83,Long,-0.000137,0.0000125
1/14/2026 - 10:00:00,MAVIA,194,Short,0.000473,0.0000382865
1/14/2026 - 10:00:00,STRK,491.7,Short,0.000557,0.0000125
1/14/2026 - 10:00:00,TNSR,258.3,Short,0.000235,0.0000125
1/14/2026 - 10:00:00,MERL,203,Short,0.000623,0.0000125
1/14/2026 - 10:00:00,EIGEN,27.48,Short,0.000155,0.0000125
1/14/2026 - 10:00:00,REZ,3636,Short,0.000266,0.0000125
1/14/2026 - 10:00:00,TURBO,5084,Short,0.000126,0.0000125
1/14/2026 - 10:00:00,HMSTR,134918,Short,0.000421,0.0000125
1/14/2026 - 10:00:00,XLM,133,Long,-0.000405,0.0000125
1/14/2026 - 10:00:00,ALGO,240,Long,-0.000415,0.0000125
1/14/2026 - 10:00:00,ME,235.7,Short,0.000659,0.0000125
1/14/2026 - 10:00:00,MOVE,1395,Short,0.000639,0.0000125
1/14/2026 - 10:00:00,AIXBT,1051,Short,0.0005,0.0000125
1/14/2026 - 10:00:00,BIO,226,Short,0.000131,0.0000125
1/14/2026 - 10:00:00,ANIME,1363,Short,-0.002034,-0.0001953925
1/14/2026 - 10:00:00,PAXG,0.003,Long,-0.000173,0.0000125
1/14/2026 - 10:00:00,AVNT,117,Short,-0.002089,-0.0000550968
1/14/2026 - 10:00:00,ZEC,0.15,Short,0.00077,0.0000125
1/14/2026 - 11:00:00,BTC,0.00104,Long,-0.001236,0.0000125
1/14/2026 - 11:00:00,ETH,0.0099,Long,-0.000411,0.0000125
1/14/2026 - 11:00:00,ATOM,35.16,Long,0.000405,-0.0000043015
1/14/2026 - 11:00:00,SOL,0.4,Long,-0.000727,0.0000125
1/14/2026 - 11:00:00,AVAX,0.83,Long,-0.000152,0.0000125
1/14/2026 - 11:00:00,BNB,0.083,Long,-0.000972,0.0000125
1/14/2026 - 11:00:00,XRP,16,Long,-0.000429,0.0000125
1/14/2026 - 11:00:00,BCH,0.033,Long,0.000259,-0.0000130331
1/14/2026 - 11:00:00,YGG,152,Short,0.000138,0.0000125
1/14/2026 - 11:00:00,TRX,208,Long,0.001397,-0.0000222183
1/14/2026 - 11:00:00,BANANA,2.9,Short,0.000275,0.0000125
1/14/2026 - 11:00:00,ARK,35,Long,-0.00013,0.0000125
1/14/2026 - 11:00:00,TON,37.8,Long,-0.00084,0.0000125
1/14/2026 - 11:00:00,POLYX,176,Short,0.000147,0.0000125
1/14/2026 - 11:00:00,GMT,2385,Short,-0.000026,-5.818e-7
1/14/2026 - 11:00:00,USTC,4395,Short,-0.001028,-0.0000323422
1/14/2026 - 11:00:00,CAKE,10.1,Long,-0.000259,0.0000125
1/14/2026 - 11:00:00,ETC,0.83,Long,-0.000137,0.0000125
1/14/2026 - 11:00:00,MAVIA,194,Short,0.000647,0.0000521149
1/14/2026 - 11:00:00,STRK,491.7,Short,0.000565,0.0000125
1/14/2026 - 11:00:00,TNSR,258.3,Short,0.000142,0.0000074709
1/14/2026 - 11:00:00,MERL,203,Short,0.000623,0.0000125
1/14/2026 - 11:00:00,EIGEN,27.48,Short,0.000156,0.0000125
1/14/2026 - 11:00:00,REZ,3636,Short,0.000267,0.0000125
1/14/2026 - 11:00:00,TURBO,5084,Short,0.000127,0.0000125
1/14/2026 - 11:00:00,HMSTR,134918,Short,0.000424,0.0000125
1/14/2026 - 11:00:00,XLM,133,Long,-0.000405,0.0000125
1/14/2026 - 11:00:00,ALGO,240,Long,-0.000416,0.0000125
1/14/2026 - 11:00:00,ME,235.7,Short,0.000668,0.0000125
1/14/2026 - 11:00:00,MOVE,1395,Short,0.000643,0.0000125
1/14/2026 - 11:00:00,AIXBT,1051,Short,0.000504,0.0000125
1/14/2026 - 11:00:00,BIO,226,Short,0.000133,0.0000125
1/14/2026 - 11:00:00,ANIME,1363,Short,-0.002394,-0.0002285753
1/14/2026 - 11:00:00,PAXG,0.003,Long,-0.000173,0.0000125
1/14/2026 - 11:00:00,AVNT,117,Short,-0.003699,-0.0000975253
1/14/2026 - 11:00:00,ZEC,0.15,Short,0.000772,0.0000125
1/14/2026 - 12:00:00,BTC,0.00104,Long,-0.001236,0.0000125
1/14/2026 - 12:00:00,ETH,0.0099,Long,-0.000409,0.0000125
1/14/2026 - 12:00:00,ATOM,35.16,Long,-0.001164,0.0000125
1/14/2026 - 12:00:00,SOL,0.4,Long,-0.000561,0.0000096927
1/14/2026 - 12:00:00,AVAX,0.83,Long,-0.000151,0.0000125
1/14/2026 - 12:00:00,BNB,0.083,Long,-0.000971,0.0000125
1/14/2026 - 12:00:00,XRP,16,Long,-0.000427,0.0000125
1/14/2026 - 12:00:00,BCH,0.033,Long,0.000148,-0.0000074555
1/14/2026 - 12:00:00,YGG,152,Short,0.000137,0.0000125
1/14/2026 - 12:00:00,TRX,208,Long,0.000561,-0.0000089334
1/14/2026 - 12:00:00,BANANA,2.9,Short,0.000277,0.0000125
1/14/2026 - 12:00:00,ARK,35,Long,-0.00013,0.0000125
1/14/2026 - 12:00:00,TON,37.8,Long,-0.000839,0.0000125
1/14/2026 - 12:00:00,POLYX,176,Short,0.000147,0.0000125
1/14/2026 - 12:00:00,GMT,2385,Short,-0.000279,-0.0000061217
1/14/2026 - 12:00:00,USTC,4395,Short,0.000023,7.438e-7
1/14/2026 - 12:00:00,CAKE,10.1,Long,-0.000258,0.0000125
1/14/2026 - 12:00:00,ETC,0.83,Long,-0.000136,0.0000125
1/14/2026 - 12:00:00,MAVIA,194,Short,0.001151,0.0000936815
1/14/2026 - 12:00:00,STRK,491.7,Short,0.000561,0.0000125
1/14/2026 - 12:00:00,TNSR,258.3,Short,0.000237,0.0000125
1/14/2026 - 12:00:00,MERL,203,Short,0.000623,0.0000125
1/14/2026 - 12:00:00,EIGEN,27.48,Short,0.000155,0.0000125
1/14/2026 - 12:00:00,REZ,3636,Short,0.000264,0.0000125
1/14/2026 - 12:00:00,TURBO,5084,Short,0.000126,0.0000125
1/14/2026 - 12:00:00,HMSTR,134918,Short,0.001605,0.0000474027
1/14/2026 - 12:00:00,XLM,133,Long,-0.000401,0.0000125
1/14/2026 - 12:00:00,ALGO,240,Long,-0.000413,0.0000125
1/14/2026 - 12:00:00,ME,235.7,Short,0.000669,0.0000125
1/14/2026 - 12:00:00,MOVE,1395,Short,0.000641,0.0000125
1/14/2026 - 12:00:00,AIXBT,1051,Short,0.000503,0.0000125
1/14/2026 - 12:00:00,BIO,226,Short,0.000132,0.0000125
1/14/2026 - 12:00:00,ANIME,1363,Short,-0.002183,-0.0002094364
1/14/2026 - 12:00:00,PAXG,0.003,Long,-0.000173,0.0000125
1/14/2026 - 12:00:00,AVNT,117,Short,-0.003676,-0.0000964619
1/14/2026 - 12:00:00,ZEC,0.15,Short,0.000786,0.0000125
1/14/2026 - 13:00:00,BTC,0.00104,Long,-0.001232,0.0000125
1/14/2026 - 13:00:00,ETH,0.0099,Long,-0.000404,0.0000124373
1/14/2026 - 13:00:00,ATOM,35.16,Long,0.000923,-0.0000099141
1/14/2026 - 13:00:00,SOL,0.4,Long,0.000459,-0.0000079977
1/14/2026 - 13:00:00,AVAX,0.83,Long,-0.00015,0.0000125
1/14/2026 - 13:00:00,BNB,0.083,Long,-0.000963,0.0000125
1/14/2026 - 13:00:00,XRP,16,Long,-0.000423,0.0000125
1/14/2026 - 13:00:00,BCH,0.033,Long,0.000304,-0.0000153655
1/14/2026 - 13:00:00,YGG,152,Short,0.000137,0.0000125
1/14/2026 - 13:00:00,TRX,208,Long,0.000501,-0.0000080016
1/14/2026 - 13:00:00,BANANA,2.9,Short,0.000275,0.0000125
1/14/2026 - 13:00:00,ARK,35,Long,-0.000129,0.0000125
1/14/2026 - 13:00:00,TON,37.8,Long,-0.000839,0.0000125
1/14/2026 - 13:00:00,POLYX,176,Short,0.000146,0.0000125
1/14/2026 - 13:00:00,GMT,2385,Short,-0.000377,-0.000008281
1/14/2026 - 13:00:00,USTC,4395,Short,0.000396,0.0000125
1/14/2026 - 13:00:00,CAKE,10.1,Long,-0.000256,0.0000125
1/14/2026 - 13:00:00,ETC,0.83,Long,-0.000136,0.0000125
1/14/2026 - 13:00:00,MAVIA,194,Short,0.001257,0.0001030115
1/14/2026 - 13:00:00,STRK,491.7,Short,0.000556,0.0000125
1/14/2026 - 13:00:00,TNSR,258.3,Short,0.000238,0.0000125
1/14/2026 - 13:00:00,MERL,203,Short,0.00062,0.0000125
1/14/2026 - 13:00:00,EIGEN,27.48,Short,0.000153,0.0000125
1/14/2026 - 13:00:00,REZ,3636,Short,0.000264,0.0000125
1/14/2026 - 13:00:00,TURBO,5084,Short,0.000124,0.0000125
1/14/2026 - 13:00:00,HMSTR,134918,Short,0.000424,0.0000125
1/14/2026 - 13:00:00,XLM,133,Long,-0.000397,0.0000125
1/14/2026 - 13:00:00,ALGO,240,Long,-0.000409,0.0000125
1/14/2026 - 13:00:00,ME,235.7,Short,0.000675,0.0000125
1/14/2026 - 13:00:00,MOVE,1395,Short,0.000651,0.0000125
1/14/2026 - 13:00:00,AIXBT,1051,Short,0.000499,0.0000125
1/14/2026 - 13:00:00,BIO,226,Short,0.000132,0.0000125
1/14/2026 - 13:00:00,ANIME,1363,Short,-0.003196,-0.0003057358
1/14/2026 - 13:00:00,PAXG,0.003,Long,-0.000173,0.0000125
1/14/2026 - 13:00:00,AVNT,117,Short,-0.003243,-0.0000854729
1/14/2026 - 13:00:00,ZEC,0.15,Short,0.000769,0.0000125