token,side,open_date,close_date,open_price,close_price,effective_open,effective_close,position_size,return,fees,pnl_eur_no_funding,funding,pnl_eur
APT,LONG,2025-06-05,2025-07-05,4.6204,4.4034,4.6250203999999995,4.3989966,10.0,-0.04886979525538941,0.009,-0.49769795255389415,-0.005301291020056907,-0.5029992435739511
CHILLGUY,LONG,2025-06-05,2025-07-05,0.057217,0.052364,0.05727421699999999,0.052311636,10.0,-0.08664598592417226,0.009,-0.8754598592417226,0.0660686068450661,-0.8093912523966565
ETH,LONG,2025-06-05,2025-07-05,2529.9,2505.5,2532.4298999999996,2502.9945,10.0,-0.011623381954225012,0.009,-0.12523381954225013,0.051269573565136006,-0.07396424597711412
OM,SHORT,2025-06-05,2025-07-05,0.2928,0.20364,0.2925072,0.20384363999999996,10.0,0.30311582073877175,0.009,3.0221582073877173,0.06938159288954254,3.09153980027726
BERA,SHORT,2025-06-05,2025-07-05,2.2742,1.6246,2.2719258,1.6262245999999998,10.0,0.28420875364855674,0.009,2.8330875364855674,-0.25323615208740535,2.579851384398162
USUAL,SHORT,2025-06-05,2025-07-05,0.09746,0.06623,0.09736254000000001,0.06629622999999998,10.0,0.3190786723518103,0.009,3.1817867235181034,-0.2217555860279528,2.9600311374901507
APT,LONG,2025-06-06,2025-07-06,4.6007,4.4528,4.605300699999999,4.4483472,10.0,-0.03408105359982234,0.009,-0.34981053599822337,-0.012266477047785395,-0.36207701304600876
PROMPT,LONG,2025-06-06,2025-07-06,0.17532,0.1295,0.17549531999999998,0.1293705,10.0,-0.26282649588604406,0.009,-2.6372649588604404,0.04069861065730984,-2.5965663482031305
GMX,LONG,2025-06-06,2025-07-06,15.065,13.998,15.080064999999998,13.984001999999998,10.0,-0.07268290952326792,0.009,-0.7358290952326793,-0.04810992391412107,-0.7839390191468003
WCT,SHORT,2025-06-06,2025-07-06,0.41186,0.30371,0.41144814,0.30401370999999994,10.0,0.26111293151063963,0.009,2.6021293151063962,-0.23142485002496305,2.3707044650814333
OM,SHORT,2025-06-06,2025-07-06,0.30029,0.21082,0.29998971,0.21103081999999998,10.0,0.2965398046486329,0.009,2.956398046486329,0.06643195707286094,3.02283000355919
LDO,SHORT,2025-06-06,2025-07-06,0.76428,0.7357,0.76351572,0.7364356999999999,10.0,0.03546753431612396,0.009,0.3456753431612396,0.10021451083963274,0.44588985400087233
BTC,LONG,2025-06-07,2025-07-07,105672.0,108062.0,105777.67199999999,107953.938,10.0,0.020573963851274808,0.009,0.19673963851274806,0.07097194514278024,0.2677115836555283
ADA,LONG,2025-06-07,2025-07-07,0.66391,0.57981,0.6645739099999999,0.5792301900000001,10.0,-0.12841870364727348,0.009,-1.2931870364727347,0.07500098696811618,-1.2181860495046186
BNB,LONG,2025-06-07,2025-07-07,651.54,661.11,652.1915399999999,660.44889,10.0,0.012660927800443545,0.009,0.11760927800443545,0.00052039609357705,0.1181296740980125
OM,SHORT,2025-06-07,2025-07-07,0.30339,0.20648,0.30308661,0.20668647999999998,10.0,0.31806132907026147,0.009,3.1716132907026147,0.06493627190584238,3.236549562608457
MAVIA,SHORT,2025-06-07,2025-07-07,0.16057,0.13081,0.16040943,0.13094081,10.0,0.18370877572471894,0.009,1.8280877572471894,0.10658001266864423,1.9346677699158337
AI16Z,SHORT,2025-06-07,2025-07-07,0.21458,0.15015,0.21436542,0.15030015,10.0,0.29886009599869234,0.009,2.9796009599869238,0.07291385308012832,3.0525148130670523
VVV,LONG,2025-06-08,2025-07-08,3.0218,2.7609,3.0248217999999993,2.7581390999999997,10.0,-0.08816476395402852,0.009,-0.8906476395402851,-0.18965235707518374,-1.080299996615469
GMX,LONG,2025-06-08,2025-07-08,15.932,14.02,15.947931999999998,14.00598,10.0,-0.12176826437434013,0.009,-1.226682643743401,-0.055318455552544374,-1.2820010992959454
RENDER,LONG,2025-06-08,2025-07-08,3.8914,3.2106,3.8952913999999996,3.2073894,10.0,-0.1765983412691538,0.009,-1.774983412691538,0.06953643654456763,-1.7054469761469704
PROMPT,SHORT,2025-06-08,2025-07-08,0.20408,0.12524,0.20387592000000002,0.12536524,10.0,0.38509050014342067,0.009,3.8419050014342067,0.036697136710750346,3.878602138144957
MAVIA,SHORT,2025-06-08,2025-07-08,0.16071,0.13322,0.16054928999999998,0.13335322,10.0,0.169393897662207,0.009,1.6849389766220702,0.10594803366349363,1.7908870102855639
DOOD,SHORT,2025-06-08,2025-07-08,0.003024,0.002558,0.0030209760000000003,0.0025605579999999997,10.0,0.15240703666629613,0.009,1.5150703666629615,0.016835976271906826,1.5319063429348683
APT,LONG,2025-06-09,2025-07-09,4.8397,4.627,4.8445396999999994,4.622373,10.0,-0.045859196901616855,0.009,-0.46759196901616856,-0.02049584905661935,-0.4880878180727879
AVAX,LONG,2025-06-09,2025-07-09,21.38,19.101,21.401379999999996,19.081899,10.0,-0.10837997362786869,0.009,-1.0927997362786868,0.030334783781419707,-1.0624649524972671
INJ,LONG,2025-06-09,2025-07-09,13.538,10.975,13.551537999999999,10.964025,10.0,-0.19093869640479183,0.009,-1.9183869640479183,0.027733990529311144,-1.890652973518607
DOOD,SHORT,2025-06-09,2025-07-09,0.003023,0.002622,0.003019977,0.002624622,10.0,0.13091324867705947,0.009,1.3001324867705948,0.014289154094219929,1.3144216408648146
OM,SHORT,2025-06-09,2025-07-09,0.29904,0.20878,0.29874096,0.20898877999999996,10.0,0.3004347980939743,0.009,2.995347980939743,0.06359168380653259,3.0589396647462754
PROMPT,SHORT,2025-06-09,2025-07-09,0.18423,0.12843,0.18404577,0.12855842999999997,10.0,0.3014866356341687,0.009,3.0058663563416874,0.039747667160565554,3.045614023502253
APT,LONG,2025-06-10,2025-07-10,5.0605,4.6891,5.065560499999999,4.6844109,10.0,-0.07524332203711706,0.009,-0.7614332203711706,-0.02277253453099613,-0.7842057549021667
GMX,LONG,2025-06-10,2025-07-10,17.581,11.222,17.598580999999996,11.210778,10.0,-0.36297261693996796,0.009,-3.6387261693996797,-0.09205930644158188,-3.7307854758412615
RUNE,LONG,2025-06-10,2025-07-10,1.741,1.4484,1.7427409999999999,1.4469516,10.0,-0.1697265399735244,0.009,-1.706265399735244,0.05036189941012463,-1.6559035003251192
OM,SHORT,2025-06-10,2025-07-10,0.30725,0.21694,0.30694275000000004,0.21715693999999996,10.0,0.2925164709054052,0.009,2.9161647090540526,0.06095374680907107,2.9771184558631236
MOODENG,SHORT,2025-06-10,2025-07-10,0.20972,0.20277,0.20951028,0.20297277,10.0,0.03120376718507558,0.009,0.3030376718507558,-0.1266763453993761,0.1763613264513797
MAVIA,SHORT,2025-06-10,2025-07-10,0.17437,0.16448,0.17419563,0.16464447999999998,10.0,0.054830020707178524,0.009,0.5393002070717853,0.09619019834739828,0.6354904054191836
AAVE,LONG,2025-06-11,2025-07-11,306.0,308.98,306.306,308.67102,10.0,0.007721102426984831,0.009,0.06821102426984832,0.08721895368892546,0.15542997795877378
GMX,LONG,2025-06-11,2025-07-11,17.368,13.377,17.385367999999996,13.363623,10.0,-0.2313292994430717,0.009,-2.322292994430717,-0.1400423525059119,-2.4623353469366287
ARB,LONG,2025-06-11,2025-07-11,0.40603,0.42117,0.40643602999999995,0.42074882999999996,10.0,0.03521538186464428,0.009,0.3431538186464428,0.04260234981445913,0.38575616846090194
OM,SHORT,2025-06-11,2025-07-11,0.29324,0.23529,0.29294676,0.23552528999999997,10.0,0.19601333020375444,0.009,1.9511333020375445,0.061866075563150116,2.0129993776006945
STRK,SHORT,2025-06-11,2025-07-11,0.14234,0.15227,0.14219766,0.15242226999999997,10.0,-0.07190420714377414,0.009,-0.7280420714377415,0.0105957634742372,-0.7174463079635043
AI16Z,SHORT,2025-06-11,2025-07-11,0.2075,0.19647,0.2072925,0.19666646999999998,10.0,0.05126104417670687,0.009,0.5036104417670687,0.07187126975732361,0.5754817115243923
WCT,LONG,2025-06-12,2025-07-12,0.38467,0.32983,0.38505467,0.32950017000000004,10.0,-0.14427691527543338,0.009,-1.4517691527543337,-0.15154196925322322,-1.6033111220075569
MANTA,LONG,2025-06-12,2025-07-12,0.22367,0.22437,0.22389367,0.22414563,10.0,0.0011253556208177895,0.009,0.0022535562081778954,-0.063026966462607,-0.0607734102544291
ETH,LONG,2025-06-12,2025-07-12,2695.7,2941.6,2698.3956999999996,2938.6584,10.0,0.08903909089389679,0.009,0.8813909089389679,0.0520762771599436,0.9334671860989114
OM,SHORT,2025-06-12,2025-07-12,0.2744,0.21562,0.27412559999999997,0.21583561999999998,10.0,0.21263968049682336,0.009,2.1173968049682337,0.06451680967370432,2.181913614641938
DOOD,SHORT,2025-06-12,2025-07-12,0.002751,0.002762,0.002748249,0.002764762,10.0,-0.006008553082344474,0.009,-0.06908553082344474,0.032464347819284214,-0.03662118300416052
PNUT,SHORT,2025-06-12,2025-07-12,0.24518,0.27266,0.24493482,0.27293266,10.0,-0.11430730836881418,0.009,-1.1520730836881417,-0.0045667949901120625,-1.1566398786782537
APT,LONG,2025-06-13,2025-07-13,4.4236,4.994,4.4280235999999995,4.989006,10.0,0.12668911701373958,0.009,1.257891170137396,-0.02531845925344662,1.2325727108839495
WCT,LONG,2025-06-13,2025-07-13,0.38592,0.33931,0.38630591999999997,0.33897069,10.0,-0.12253301735577843,0.009,-1.234330173557784,-0.13505353473961776,-1.3693837082974019
KAITO,LONG,2025-06-13,2025-07-13,1.4535,1.5444,1.4549534999999998,1.5428556,10.0,0.06041574524546676,0.009,0.5951574524546676,-0.1578120616696685,0.43734539078499907
OM,SHORT,2025-06-13,2025-07-13,0.25498,0.22442,0.25472501999999997,0.22464441999999998,10.0,0.11809048047184367,0.009,1.1719048047184368,0.06865441010078241,1.2405592148192193
VIRTUAL,SHORT,2025-06-13,2025-07-13,1.8323,1.7342,1.8304677,1.7359341999999998,10.0,0.05164445130607891,0.009,0.5074445130607891,0.030441498927022855,0.5378860119878119
DOOD,SHORT,2025-06-13,2025-07-13,0.002534,0.003266,0.0025314659999999996,0.0032692659999999994,10.0,-0.2914516726671423,0.009,-2.923516726671423,0.05149499740822117,-2.8720217292632015
BCH,LONG,2025-06-14,2025-07-14,424.13,503.93,424.55412999999993,503.42607,10.0,0.18577593391919203,0.009,1.8487593391919204,-0.07807462754339478,1.7706847116485256
BTC,LONG,2025-06-14,2025-07-14,104610.0,120065.0,104714.60999999999,119944.935,10.0,0.14544603661322916,0.009,1.4454603661322918,0.08210348611649321,1.527563852248785
POLYX,LONG,2025-06-14,2025-07-14,0.13218,0.15132,0.13231217999999997,0.15116868,10.0,0.14251522422198795,0.009,1.4161522422198796,-0.004604850025674128,1.4115473921942054
MOODENG,SHORT,2025-06-14,2025-07-14,0.15333,0.1891,0.15317667,0.18928909999999996,10.0,-0.23575672457169866,0.009,-2.3665672457169866,-0.1198396603723661,-2.4864069060893526
HYPE,SHORT,2025-06-14,2025-07-14,39.275,46.95,39.235724999999995,46.99695,10.0,-0.1978101589813876,0.009,-1.987101589813876,0.13247657857562212,-1.8546250112382539
kNEIRO,SHORT,2025-06-14,2025-07-14,0.39184,0.47723,0.39144816000000004,0.4777072299999999,10.0,-0.2203588592675972,0.009,-2.212588592675972,0.031938181232707794,-2.1806504114432643
SOPH,LONG,2025-06-15,2025-07-15,0.043914,0.034483,0.043957913999999994,0.034448517,10.0,-0.21632957833258415,0.009,-2.172295783325841,-0.5088230482870275,-2.681118831612869
TRX,LONG,2025-06-15,2025-07-15,0.27229,0.29977,0.27256228999999993,0.29947023,10.0,0.09872216732549496,0.009,0.9782216732549497,0.07095831055906526,1.049179983814015
kLUNC,LONG,2025-06-15,2025-07-15,0.059941,0.062118,0.060000940999999995,0.062055882,10.0,0.034248479536346015,0.009,0.33348479536346015,0.07290541669968142,0.4063902120631416
UMA,SHORT,2025-06-15,2025-07-15,1.1975,1.2072,1.1963025,1.2084072,10.0,-0.01011842740443981,0.009,-0.11018427404439811,0.03697547316502306,-0.07320880087937505
HMSTR,SHORT,2025-06-15,2025-07-15,0.000902,0.000748,0.000901098,0.0007487479999999999,10.0,0.16907151053492528,0.009,1.681715105349253,0.02888745314161168,1.7106025584908646
MOODENG,SHORT,2025-06-15,2025-07-15,0.15784,0.18741,0.15768216000000002,0.18759740999999996,10.0,-0.18971867204254397,0.009,-1.9061867204254397,-0.10187906118599589,-2.008065781611436
LTC,LONG,2025-06-16,2025-07-16,88.804,98.679,88.892804,98.580321,10.0,0.10897976623619612,0.009,1.0807976623619613,0.09318811044870405,1.1739857728106653
SOPH,LONG,2025-06-16,2025-07-16,0.043401,0.036342,0.043444401,0.036305658,10.0,-0.16431905690217719,0.009,-1.6521905690217717,-0.5018417104199686,-2.1540322794417404
SOL,LONG,2025-06-16,2025-07-16,157.79,174.39,157.94778999999997,174.21561,10.0,0.10299492003022032,0.009,1.0209492003022032,0.06151257826481778,1.082461778567021
MOODENG,SHORT,2025-06-16,2025-07-16,0.16237,0.20243,0.16220763,0.20263242999999997,10.0,-0.24921639012912022,0.009,-2.501163901291202,-0.0918808497412853,-2.5930447510324877
UMA,SHORT,2025-06-16,2025-07-16,1.2107,1.2428,1.2094893000000002,1.2440427999999997,10.0,-0.028568669437587794,0.009,-0.29468669437587797,0.04122635529028657,-0.2534603390855914
PURR,SHORT,2025-06-16,2025-07-16,0.2792,0.20042,0.2789208,0.20062041999999997,10.0,0.2807262133193367,0.009,2.7982621331933673,0.09638627706893857,2.894648410262306
MKR,LONG,2025-06-17,2025-07-17,2048.9,1846.0,2050.9489,1844.154,10.0,-0.1008288894959791,0.009,-1.017288894959791,0.09062008696486783,-0.9266688079949231
ETC,LONG,2025-06-17,2025-07-17,16.701,19.816,16.717700999999998,19.796184,10.0,0.18414511660425092,0.009,1.8324511660425093,0.028511937358372423,1.8609631034008818
BCH,LONG,2025-06-17,2025-07-17,473.0,490.95,473.47299999999996,490.45905,10.0,0.0358754353468942,0.009,0.34975435346894196,-0.07145396332103415,0.2783003901479078
OM,SHORT,2025-06-17,2025-07-17,0.25229,0.22937,0.25203771,0.22959936999999997,10.0,0.08902770938523467,0.009,0.8812770938523468,0.06910351786917124,0.950380611721518
USUAL,SHORT,2025-06-17,2025-07-17,0.08313,0.08957,0.08304687,0.08965956999999998,10.0,-0.07962611956356676,0.009,-0.8052611956356676,-0.21315106553949598,-1.0184122611751636
FTT,SHORT,2025-06-17,2025-07-17,0.86761,0.87844,0.86674239,0.8793184399999999,10.0,-0.014509559178246664,0.009,-0.15409559178246665,0.11738016616759682,-0.03671542561486983
BTC,LONG,2025-06-18,2025-07-18,103770.0,117378.0,103873.76999999999,117260.622,10.0,0.12887615420139284,0.009,1.2797615420139286,0.12388195028816226,1.4036434923020908
SOPH,LONG,2025-06-18,2025-07-18,0.039857,0.034395,0.039896856999999994,0.034360605,10.0,-0.13876411367441782,0.009,-1.396641136744178,-0.46954371134422956,-1.8661848480884076
BNB,LONG,2025-06-18,2025-07-18,639.19,732.17,639.82919,731.43783,10.0,0.1431767125222904,0.009,1.422767125222904,0.04409397743042953,1.4668611026533336
OM,SHORT,2025-06-18,2025-07-18,0.24982,0.2305,0.24957017999999997,0.23073049999999998,10.0,0.0754885058783866,0.009,0.745885058783866,0.06977146868063325,0.8156565274644992
USUAL,SHORT,2025-06-18,2025-07-18,0.07634,0.08936,0.07626366000000001,0.08944935999999999,10.0,-0.17289623917865965,0.009,-1.7379623917865965,-0.22895601604027394,-1.9669184078268704
kNEIRO,SHORT,2025-06-18,2025-07-18,0.3692,0.55008,0.36883079999999996,0.5506300799999999,10.0,-0.4929069914985407,0.009,-4.938069914985408,0.06090401801630993,-4.877165896969098
TAO,LONG,2025-06-19,2025-07-19,348.81,413.44,349.15880999999996,413.02656,10.0,0.18291891302986188,0.009,1.8201891302986188,0.14271979933847295,1.9629089296370918
SUSHI,LONG,2025-06-19,2025-07-19,0.61161,1.0034,0.61222161,1.0023966,10.0,0.63731005836269,0.009,6.364100583626899,0.05430771501620141,6.418408298643101
NEAR,LONG,2025-06-19,2025-07-19,2.1886,2.941,2.1907886,2.938059,10.0,0.34109653482768726,0.009,3.401965348276873,0.08480931841479367,3.4867746666916664
USUAL,SHORT,2025-06-19,2025-07-19,0.07542,0.08988,0.07534458,0.08996987999999999,10.0,-0.19411217104136747,0.009,-1.9501217104136745,-0.20877839525497388,-2.1589001056686485
IP,SHORT,2025-06-19,2025-07-19,2.668,4.6167,2.6653320000000003,4.6213166999999995,10.0,-0.7338615602108852,0.009,-7.347615602108853,-0.887246240533637,-8.23486184264249
ZEN,SHORT,2025-06-19,2025-07-19,8.0051,9.3055,7.9970949000000005,9.314805499999999,10.0,-0.1647736604951378,0.009,-1.6567366049513779,0.0860756210410858,-1.570660983910292
ETC,LONG,2025-06-20,2025-07-20,16.158,24.846,16.174158,24.821154,10.0,0.5346179998983566,0.009,5.337179998983565,0.05248778345889783,5.389667782442463
SOPH,LONG,2025-06-20,2025-07-20,0.036911,0.035683,0.03694791099999999,0.035647317,10.0,-0.035200745178800376,0.009,-0.36100745178800375,-0.4499970051745822,-0.8110044569625859
SOL,LONG,2025-06-20,2025-07-20,139.82,182.13,139.95981999999998,181.94787,10.0,0.3000007430704042,0.009,2.991007430704042,0.11498918212091158,3.1059966128249537
XAI,SHORT,2025-06-20,2025-07-20,0.05009,0.06741,0.05003991,0.06747740999999999,10.0,-0.34847184976951373,0.009,-3.4937184976951374,0.020592291160795455,-3.473126206534342
ZEN,SHORT,2025-06-20,2025-07-20,7.6727,9.9007,7.6650273,9.9106007,10.0,-0.29296352277832066,0.009,-2.9386352277832066,0.09010383234928596,-2.8485313954339206
ZEREBRO,SHORT,2025-06-20,2025-07-20,0.028799,0.032186,0.028770201000000002,0.032218185999999996,10.0,-0.11984570424099551,0.009,-1.207457042409955,0.1742667933939704,-1.0331902490159848
BNB,LONG,2025-06-21,2025-07-21,630.57,757.56,631.20057,756.8024399999999,10.0,0.19898884121730112,0.009,1.9808884121730113,0.07841087559843302,2.059299287771444
SOPH,LONG,2025-06-21,2025-07-21,0.035036,0.037751,0.03507103599999999,0.037713249,10.0,0.07533889218442263,0.009,0.7443889218442263,-0.4607966380850854,0.2835922837591409
BTC,LONG,2025-06-21,2025-07-21,102192.0,116812.0,102294.192,116695.188,10.0,0.14078019209536355,0.009,1.3988019209536355,0.13544146257545103,1.5342433835290865
XAI,SHORT,2025-06-21,2025-07-21,0.04705,0.06507,0.04700295,0.06513506999999999,10.0,-0.38576557428842206,0.009,-3.8666557428842205,0.02448929642160759,-3.842166446462613
OMNI,SHORT,2025-06-21,2025-07-21,1.4932,2.6328,1.4917068,2.6354328,10.0,-0.7667230584455336,0.009,-7.676230584455336,-0.09345450096077862,-7.769685085416115
FTT,SHORT,2025-06-21,2025-07-21,0.76748,1.0959,0.76671252,1.0969959,10.0,-0.4307786443868166,0.009,-4.316786443868167,0.12014845882797114,-4.196637985040195
SOPH,LONG,2025-06-22,2025-07-22,0.032032,0.038525,0.03206403199999999,0.038486475,10.0,0.20030054236472844,0.009,1.9940054236472844,-0.5487365181657442,1.4452689054815402
XLM,LONG,2025-06-22,2025-07-22,0.22202,0.46841,0.22224201999999996,0.46794159,10.0,1.1055495715886676,0.009,11.046495715886676,0.009139237072494213,11.05563495295917
SEI,LONG,2025-06-22,2025-07-22,0.19822,0.34172,0.19841821999999998,0.34137828000000003,10.0,0.7204986517871195,0.009,7.195986517871194,0.08674702497981288,7.282733542851007
OM,SHORT,2025-06-22,2025-07-22,0.1998,0.30201,0.1996002,0.30231200999999996,10.0,-0.5145877108339568,0.009,-5.154877108339568,0.08333987985823661,-5.071537228481332
XAI,SHORT,2025-06-22,2025-07-22,0.04387,0.06361,0.04382613,0.06367360999999999,10.0,-0.4528686425198847,0.009,-4.537686425198848,0.030872611077455384,-4.506813814121392
USUAL,SHORT,2025-06-22,2025-07-22,0.06158,0.0924,0.061518420000000004,0.09249239999999999,10.0,-0.5034911494801066,0.009,-5.043911494801067,-0.19306162141989336,-5.236973116220961
SOPH,LONG,2025-06-23,2025-07-23,0.037268,0.04218,0.037305267999999996,0.04213782,10.0,0.12954073939369648,0.009,1.286407393936965,-0.47139821350054384,0.815009180436421
BTC,LONG,2025-06-23,2025-07-23,103127.0,118482.0,103230.127,118363.518,10.0,0.14659858938272938,0.009,1.456985893827294,0.14240836370481266,1.5993942575321065
LTC,LONG,2025-06-23,2025-07-23,83.015,112.22,83.09801499999999,112.10778,10.0,0.3491029839882459,0.009,3.482029839882459,0.19930917678212892,3.681339016664588
OM,SHORT,2025-06-23,2025-07-23,0.2106,0.2807,0.2103894,0.28098069999999997,10.0,-0.3355268849096008,0.009,-3.364268849096008,0.08398662248991631,-3.280282226606092
USUAL,SHORT,2025-06-23,2025-07-23,0.06586,0.0852,0.06579414,0.08528519999999999,10.0,-0.29624310006939814,0.009,-2.9714310006939813,-0.16286126439087129,-3.1342922650848526
XAI,SHORT,2025-06-23,2025-07-23,0.04874,0.0592,0.04869126,0.0592592,10.0,-0.21703977264092156,0.009,-2.1793977264092157,0.03328963251597925,-2.1461080938932366
RSR,LONG,2025-06-24,2025-07-24,0.006641,0.0088,0.006647640999999999,0.0087912,10.0,0.3224540855921675,0.009,3.215540855921675,0.0989201905969351,3.3144610465186104
LINK,LONG,2025-06-24,2025-07-24,13.335,18.338,13.348334999999999,18.319662,10.0,0.3724304941402806,0.009,3.7153049414028065,0.21896695769562272,3.9342718990984293
SEI,LONG,2025-06-24,2025-07-24,0.278,0.32595,0.27827799999999997,0.32562405,10.0,0.1701393929811197,0.009,1.6923939298111972,0.08129196412404144,1.7736858939352387
AIXBT,SHORT,2025-06-24,2025-07-24,0.14102,0.15093,0.14087898000000001,0.15108093,10.0,-0.07241641016992022,0.009,-0.7331641016992022,0.08916187895199126,-0.644002222747211
WCT,SHORT,2025-06-24,2025-07-24,0.31644,0.36065,0.31612356,0.36101065,10.0,-0.14199223240431671,0.009,-1.428922324043167,0.016315929367112025,-1.412606394676055
INIT,SHORT,2025-06-24,2025-07-24,0.46041,0.41773,0.45994958999999996,0.41814772999999994,10.0,0.09088356834930547,0.009,0.8998356834930546,0.10523514149622354,1.0050708249892781
ALGO,LONG,2025-06-25,2025-07-25,0.17795,0.26206,0.17812794999999998,0.26179794,10.0,0.46971848045183273,0.009,4.688184804518327,0.08385378148600488,4.772038586004332
LINK,LONG,2025-06-25,2025-07-25,13.224,17.726,13.237224,17.708274,10.0,0.3377634162570642,0.009,3.368634162570642,0.22197111890506654,3.5906052814757086
SEI,LONG,2025-06-25,2025-07-25,0.2865,0.32012,0.28678649999999994,0.31979988000000004,10.0,0.11511483281116823,0.009,1.1421483281116824,0.08984148943862424,1.2319898175503066
USUAL,SHORT,2025-06-25,2025-07-25,0.06595,0.08355,0.06588405,0.08363354999999999,10.0,-0.26940511398434047,0.009,-2.7030511398434047,-0.1365725237288843,-2.839623663572289
ALT,SHORT,2025-06-25,2025-07-25,0.026726,0.033012,0.026699274,0.033045012,10.0,-0.23767455249906796,0.009,-2.3857455249906794,0.06259559340800804,-2.3231499315826714
OM,SHORT,2025-06-25,2025-07-25,0.21116,0.26292,0.21094884,0.26318291999999993,10.0,-0.24761491933304744,0.009,-2.485149193330474,0.09548046382701134,-2.389668729503463
ONDO,LONG,2025-06-26,2025-07-26,0.74066,1.0569,0.7414006599999999,1.0558431,10.0,0.4241194497992489,0.009,4.232194497992489,0.15352668242879638,4.385721180421285
BSV,LONG,2025-06-26,2025-07-26,30.81,29.654,30.840809999999994,29.624346,10.0,-0.039443322013915816,0.009,-0.40343322013915817,-0.15999784397627692,-0.5634310641154351
BTC,LONG,2025-06-26,2025-07-26,107473.0,118307.0,107580.47299999998,118188.693,10.0,0.09860730023003354,0.009,0.9770730023003354,0.1585437108629835,1.135616713163319
USUAL,SHORT,2025-06-26,2025-07-26,0.06051,0.0908,0.06044949,0.0908908,10.0,-0.5035825777851888,0.009,-5.044825777851888,-0.1336137042779021,-5.17843948212979
WCT,SHORT,2025-06-26,2025-07-26,0.29072,0.37478,0.29042927999999996,0.37515477999999997,10.0,-0.29172506298263046,0.009,-2.9262506298263045,0.04416090155434742,-2.882089728271957
PNUT,SHORT,2025-06-26,2025-07-26,0.19741,0.27878,0.19721259,0.27905877999999995,10.0,-0.41501503529769557,0.009,-4.1591503529769565,0.09104212895910956,-4.0681082240178466
FET,LONG,2025-06-27,2025-07-27,0.667,0.73808,0.667667,0.73734192,10.0,0.10435579413090654,0.009,1.0345579413090655,0.14487162710247772,1.1794295684115432
ETH,LONG,2025-06-27,2025-07-27,2411.4,3832.3,2413.8114,3828.4677,10.0,0.5860674533229896,0.009,5.851674533229896,0.22978507593513725,6.081459609165033
STG,LONG,2025-06-27,2025-07-27,0.15134,0.17838,0.15149133999999997,0.17820162,10.0,0.17631555704768362,0.009,1.7541555704768363,0.0622856509085602,1.8164412213853964
USUAL,SHORT,2025-06-27,2025-07-27,0.06114,0.0932,0.06107886,0.09329319999999999,10.0,-0.5274220900652041,0.009,-5.283220900652042,-0.12562476873045764,-5.408845669382499
ALT,SHORT,2025-06-27,2025-07-27,0.026261,0.039755,0.026234739,0.039794754999999994,10.0,-0.516872533018148,0.009,-5.17772533018148,0.0704489797326743,-5.107276350448806
OM,SHORT,2025-06-27,2025-07-27,0.20031,0.27982,0.20010968999999998,0.28009982,10.0,-0.39973141730417966,0.009,-4.006314173041797,0.0599316366748157,-3.946382536366981
SOL,LONG,2025-06-28,2025-07-28,150.7,185.36,150.85069999999996,185.17464,10.0,0.22753583510053357,0.009,2.266358351005336,0.18902753232514008,2.455385883330476
SUI,LONG,2025-06-28,2025-07-28,2.7639,3.9841,2.7666638999999997,3.9801159000000004,10.0,0.43859754703128223,0.009,4.376975470312822,0.2805051431694685,4.65748061348229
BCH,LONG,2025-06-28,2025-07-28,490.26,578.66,490.7502599999999,578.08134,10.0,0.17795422054386698,0.009,1.77054220543867,0.04412448579167336,1.8146666912303433
S,SHORT,2025-06-28,2025-07-28,0.30953,0.32275,0.30922047,0.32307274999999996,10.0,-0.04479742236987072,0.009,-0.4569742236987072,0.20258926710854552,-0.2543849565901617
ANIME,SHORT,2025-06-28,2025-07-28,0.017462,0.018567,0.017444538,0.018585566999999997,10.0,-0.06540895494050908,0.009,-0.6630895494050908,0.11129927573587792,-0.5517902736692128
AIXBT,SHORT,2025-06-28,2025-07-28,0.1314,0.1407,0.13126859999999999,0.14084069999999999,10.0,-0.07291995191538571,0.009,-0.7381995191538571,0.13837324324606193,-0.5998262759077951
RUNE,LONG,2025-06-29,2025-07-29,1.3378,1.3899,1.3391378,1.3885101,10.0,0.03686872254670126,0.009,0.3596872254670126,0.11803575398640827,0.47772297945342085
ATOM,LONG,2025-06-29,2025-07-29,4.0334,4.553,4.0374334,4.548447,10.0,0.1265689237127726,0.009,1.256689237127726,0.09345122366823436,1.3501404607959604
RSR,LONG,2025-06-29,2025-07-29,0.006873,0.00835,0.006879872999999999,0.008341649999999999,10.0,0.21247150928512784,0.009,2.1157150928512785,0.1061710428031157,2.221886135654394
AIXBT,SHORT,2025-06-29,2025-07-29,0.13416,0.13253,0.13402584,0.13266253,10.0,0.010171993699125529,0.009,0.09271993699125529,0.13844381875353287,0.23116375574478815
SPX,SHORT,2025-06-29,2025-07-29,1.2605,2.028,1.2592394999999998,2.0300279999999997,10.0,-0.6121063546688299,0.009,-6.1300635466883,0.40669940973007923,-5.723364136958221
ALT,SHORT,2025-06-29,2025-07-29,0.026875,0.037325,0.026848125,0.037362324999999995,10.0,-0.3916176641758035,0.009,-3.925176641758035,0.07121477850024908,-3.853961863257786
SUSHI,LONG,2025-06-30,2025-07-30,0.61204,0.82684,0.61265204,0.82601316,10.0,0.3482582380693617,0.009,3.473582380693617,0.10673959303845623,3.5803219737320733
AI16Z,LONG,2025-06-30,2025-07-30,0.16188,0.1396,0.16204187999999997,0.1394604,10.0,-0.1393558257902214,0.009,-1.402558257902214,0.27171843515355415,-1.1308398227486598
BNB,LONG,2025-06-30,2025-07-30,659.32,785.69,659.97932,784.90431,10.0,0.18928621884697838,0.009,1.883862188469784,0.19641899997140816,2.0802811884411923
ANIME,SHORT,2025-06-30,2025-07-30,0.017554,0.0172,0.017536446,0.0172172,10.0,0.018204714912018215,0.009,0.17304714912018215,0.11492472373826484,0.287971872858447
AIXBT,SHORT,2025-06-30,2025-07-30,0.13268,0.13125,0.13254732,0.13138125,10.0,0.0087973864729969,0.009,0.07897386472996899,0.1391424086669576,0.21811627339692657
MELANIA,SHORT,2025-06-30,2025-07-30,0.20356,0.22221,0.20335644,0.22243220999999996,10.0,-0.09380460240157609,0.009,-0.9470460240157609,0.08366944340911948,-0.8633765806066414
BNB,LONG,2025-07-01,2025-07-31,645.51,796.3,646.1555099999999,795.5037,10.0,0.23113350840264452,0.009,2.302335084026445,0.20211335830890004,2.5044484423353452
SOL,LONG,2025-07-01,2025-07-31,145.39,175.29,145.53538999999998,175.11471,10.0,0.20324486023640043,0.009,2.0234486023640046,0.20318534001578586,2.2266339423797903
BTC,LONG,2025-07-01,2025-07-31,105371.0,116788.0,105476.37099999998,116671.212,10.0,0.10613600841462413,0.009,1.0523600841462415,0.17793614949134917,1.2302962336375907
ALT,SHORT,2025-07-01,2025-07-31,0.025105,0.034125,0.025079894999999998,0.034159125,10.0,-0.3620122811518948,0.009,-3.629122811518948,0.07905775237998405,-3.550065059138964
ANIME,SHORT,2025-07-01,2025-07-31,0.016376,0.017193,0.016359624000000003,0.017210193,10.0,-0.051991965096508046,0.009,-0.5289196509650804,0.1258598650519107,-0.4030597859131697
OM,SHORT,2025-07-01,2025-07-31,0.19471,0.24627,0.19451529,0.24651626999999995,10.0,-0.2673362078631451,0.009,-2.682362078631451,0.03419902858515647,-2.6481630500462945
SOPH,LONG,2025-07-02,2025-08-01,0.03349,0.040104,0.033523489999999996,0.040063896,10.0,0.1950991976074092,0.009,1.9419919760740922,-1.7441040089811357,0.19788796709295653
ONDO,LONG,2025-07-02,2025-08-01,0.80011,0.91043,0.8009101099999999,0.9095195699999999,10.0,0.135607552762694,0.009,1.3470755276269402,0.19677028618190376,1.543845813808844
BTC,LONG,2025-07-02,2025-08-01,109617.0,113249.0,109726.61699999998,113135.751,10.0,0.031069343913154822,0.009,0.3016934391315482,0.17391921263345794,0.47561265176500617
OM,SHORT,2025-07-02,2025-08-01,0.21478,0.24139,0.21456522,0.24163138999999997,10.0,-0.1261442558118225,0.009,-1.270442558118225,0.02340549143868703,-1.247037066679538
ANIME,SHORT,2025-07-02,2025-08-01,0.017484,0.016439,0.017466515999999998,0.016455438999999995,10.0,0.057886587113308845,0.009,0.5698658711330884,0.12489047893552441,0.6947563500686128
ZEREBRO,SHORT,2025-07-02,2025-08-01,0.02957,0.027136,0.02954043,0.027163135999999997,10.0,0.0804759443244395,0.009,0.795759443244395,0.24431578310985996,1.040075226354255
MERL,LONG,2025-07-03,2025-08-02,0.097322,0.094957,0.09741932199999999,0.094862043,10.0,-0.026250223749247566,0.009,-0.27150223749247565,-0.15836987365146107,-0.42987211114393675
kBONK,LONG,2025-07-03,2025-08-02,0.016708,0.024662,0.016724707999999998,0.024637337999999998,10.0,0.4731102031796311,0.009,4.722102031796311,0.5558700912330429,5.277972123029354
ETH,LONG,2025-07-03,2025-08-02,2585.1,3380.4,2587.6850999999997,3377.0196,10.0,0.305034990540387,0.009,3.0413499054038704,0.23953555845802105,3.2808854638618916
ANIME,SHORT,2025-07-03,2025-08-02,0.017504,0.015704,0.017486495999999997,0.015719703999999998,10.0,0.10103750917279253,0.009,1.0013750917279254,0.12905289760195526,1.1304279893298808
AIXBT,SHORT,2025-07-03,2025-08-02,0.13136,0.11338,0.13122864,0.11349337999999998,10.0,0.13514778481282766,0.009,1.3424778481282766,0.14975361277538196,1.4922314609036587
GRIFFAIN,SHORT,2025-07-03,2025-08-02,0.045265,0.033879,0.045219735,0.03391287899999999,10.0,0.25004250909475706,0.009,2.491425090947571,0.16813524419776013,2.659560335145331
ADA,LONG,2025-07-04,2025-08-03,0.56644,0.72337,0.56700644,0.72264663,10.0,0.2744945718782311,0.009,2.7359457187823115,0.20817664779311856,2.94412236657543
SUI,LONG,2025-07-04,2025-08-03,2.8325,3.4321,2.8353325,3.4286679,10.0,0.20926483930897008,0.009,2.083648393089701,0.2879078039590066,2.3715561970487076
LINK,LONG,2025-07-04,2025-08-03,13.008,16.265,13.021007999999998,16.248735,10.0,0.24788610835658823,0.009,2.4698610835658825,0.24916222106138025,2.719023304627263
ALT,SHORT,2025-07-04,2025-08-03,0.025498,0.032519,0.025472502,0.032551518999999994,10.0,-0.27790819292113483,0.009,-2.7880819292113483,0.07088742660175273,-2.717194502609596
ANIME,SHORT,2025-07-04,2025-08-03,0.016508,0.016333,0.016491492,0.016349332999999997,10.0,0.008620141828283506,0.009,0.07720141828283507,0.1335044966237136,0.21070591490654866
SEI,SHORT,2025-07-04,2025-08-03,0.25985,0.27865,0.25959015,0.27892865,10.0,-0.07449627807526588,0.009,-0.7539627807526588,0.20114988228316827,-0.5528128984694904
SOPH,LONG,2025-07-05,2025-08-04,0.03137,0.043007,0.03140137,0.042963993,10.0,0.368220335609561,0.009,3.6732033560956103,-1.8672962490200269,1.8059071070755834
BTC,LONG,2025-07-05,2025-08-04,108133.0,114723.0,108241.13299999999,114608.277,10.0,0.05882370059818217,0.009,0.5792370059818217,0.17366173018466097,0.7528987361664827
PAXG,LONG,2025-07-05,2025-08-04,3342.8,3378.0,3346.1427999999996,3374.622,10.0,0.008511053383615375,0.009,0.07611053383615375,0.11714044611963363,0.19325097995578738
OMNI,SHORT,2025-07-05,2025-08-04,1.4386,4.1612,1.4371614000000001,4.1653611999999995,10.0,-1.8983252681292437,0.009,-18.992252681292438,-5.231749343732373,-24.22400202502481
OM,SHORT,2025-07-05,2025-08-04,0.20364,0.25507,0.20343635999999998,0.25532507,10.0,-0.2550611404962221,0.009,-2.559611404962221,-0.11319780230426854,-2.6728092072664893
USUAL,SHORT,2025-07-05,2025-08-04,0.06623,0.0721,0.06616377,0.07217209999999999,10.0,-0.09080997047175506,0.009,-0.9170997047175505,-0.09809307423972363,-1.0151927789572741
TRB,LONG,2025-07-06,2025-08-05,36.557,34.963,36.593557,34.928037,10.0,-0.04551402313800743,0.009,-0.4641402313800743,0.10409833675846272,-0.3600418946216116
NEAR,LONG,2025-07-06,2025-08-05,2.1729,2.4165,2.1750728999999995,2.4140835000000003,10.0,0.1098862479505863,0.009,1.0898624795058631,0.15900784866585393,1.248870328171717
kFLOKI,LONG,2025-07-06,2025-08-05,0.083402,0.10216,0.083485402,0.10205784,10.0,0.22246329963171282,0.009,2.215632996317128,0.29584111119028933,2.5114741075074174
BLAST,SHORT,2025-07-06,2025-08-05,0.002195,0.002949,0.002192805,0.0029519489999999993,10.0,-0.3461976783161291,0.009,-3.4709767831612908,-1.1170587324919452,-4.588035515653236
OM,SHORT,2025-07-06,2025-08-05,0.21082,0.24801,0.21060918,0.24825800999999997,10.0,-0.17876158104789147,0.009,-1.7966158104789147,-0.1471645926226008,-1.9437804031015156
ANIME,SHORT,2025-07-06,2025-08-05,0.016554,0.015968,0.016537446,0.015983967999999998,10.0,0.033468166729010214,0.009,0.3256816672901021,0.13311391148276464,0.45879557877286675
DOGE,LONG,2025-07-07,2025-08-06,0.16789,0.20575,0.16805789,0.20554424999999998,10.0,0.2230562337775394,0.009,2.221562337775394,0.2892943549335292,2.510856692708923
kBONK,LONG,2025-07-07,2025-08-06,0.021392,0.024594,0.021413392,0.024569406000000002,10.0,0.14738505697742807,0.009,1.4648505697742809,0.42508225023410584,1.8899328200083867
XLM,LONG,2025-07-07,2025-08-06,0.24983,0.39866,0.25007982999999995,0.39826134,10.0,0.5925368311390811,0.009,5.91636831139081,0.13734912918035017,6.053717440571161
ANIME,SHORT,2025-07-07,2025-08-06,0.016155,0.016373,0.016138845,0.016389372999999995,10.0,-0.015523291784511,0.009,-0.16423291784511002,0.1382905142558219,-0.02594240358928812
JTO,SHORT,2025-07-07,2025-08-06,1.8401,1.6704,1.8382599000000002,1.6720704,10.0,0.09040587786308138,0.009,0.8950587786308138,0.15795081123681148,1.0530095898676253
BLAST,SHORT,2025-07-07,2025-08-06,0.002349,0.002947,0.002346651,0.0029499469999999996,10.0,-0.257088079991443,0.009,-2.57988079991443,-0.988930756371527,-3.568811556285957
LINK,LONG,2025-07-08,2025-08-07,13.918,18.3,13.931917999999998,18.2817,12.0,0.3122170256816042,0.0108,3.7358043081792505,0.2833767107552313,4.019181018934482
CELO,LONG,2025-07-08,2025-08-07,0.29588,0.32045,0.29617587999999995,0.32012955,12.0,0.0808765048659602,0.0108,0.9597180583915222,-0.012774202918090422,0.9469438554734319
COMP,SHORT,2025-07-08,2025-08-07,41.221,47.684,41.179778999999996,47.731683999999994,12.0,-0.15910490923227147,0.0108,-1.9200589107872574,0.13027793750300604,-1.7897809732842513
SEI,SHORT,2025-07-08,2025-08-07,0.26034,0.30409,0.26007966,0.30439409,12.0,-0.17038791114999158,0.0108,-2.0554549337998993,0.21320473852017494,-1.8422501952797243
OMNI,SHORT,2025-07-08,2025-08-07,1.4638,4.7654,1.4623362,4.770165399999999,12.0,-2.2620169014485167,0.0108,-27.1550028173822,-6.651509804764514,-33.80651262214671
ATOM,LONG,2025-07-09,2025-08-08,4.3034,4.5941,4.307703399999999,4.5895059,10.0,0.0654182690479573,0.009,0.6451826904795731,0.10328313974174733,0.7484658302213204
ETC,LONG,2025-07-09,2025-08-08,17.599,22.611,17.616598999999997,22.588389,10.0,0.2822218976545929,0.009,2.813218976545929,0.1667343610890502,2.979953337634979
LINK,LONG,2025-07-09,2025-08-08,14.29,19.76,14.304289999999998,19.74024,10.0,0.38002235692928504,0.009,3.7912235692928506,0.23084426648082504,4.022067835773676
MOVE,SHORT,2025-07-09,2025-08-08,0.14609,0.1415,0.14594391,0.14164149999999998,10.0,0.029479887170352184,0.009,0.2857988717035218,-0.39182125398538387,-0.10602238228186206
OM,SHORT,2025-07-09,2025-08-08,0.20878,0.27838,0.20857122,0.27865838,10.0,-0.336034664801788,0.009,-3.36934664801788,-0.18443603120372987,-3.5537826792216096
AIXBT,SHORT,2025-07-09,2025-08-08,0.14113,0.12971,0.14098887000000002,0.12983970999999997,10.0,0.07907829887564916,0.009,0.7817829887564915,0.15622223736029656,0.9380052261167882
AVAX,LONG,2025-07-10,2025-08-09,19.783,24.502,19.802782999999998,24.477498,10.0,0.2360635371301096,0.009,2.351635371301096,0.18508845412066577,2.536723825421762
ADA,LONG,2025-07-10,2025-08-09,0.65234,0.816,0.65299234,0.8151839999999999,10.0,0.24838217857195688,0.009,2.474821785719569,0.18519268474709827,2.6600144704666673
ETH,LONG,2025-07-10,2025-08-09,2818.9,4262.3,2821.7189,4258.0377,10.0,0.5090226386476697,0.009,5.081226386476697,0.21173594381212102,5.292962330288818
GRIFFAIN,SHORT,2025-07-10,2025-08-09,0.050813,0.04126,0.050762187,0.04130125999999999,10.0,0.18637745060117303,0.009,1.8547745060117304,0.14619614971305314,2.0009706557247835
AIXBT,SHORT,2025-07-10,2025-08-09,0.14984,0.13676,0.14969016,0.13689675999999998,10.0,0.08546587163778842,0.009,0.8456587163778841,0.14916164651130046,0.9948203628891846
MOVE,SHORT,2025-07-10,2025-08-09,0.14942,0.14257,0.14927057999999999,0.14271256999999998,10.0,0.04393370749949524,0.009,0.4303370749949524,-0.3512082279491378,0.07912884704581458
SUI,LONG,2025-07-11,2025-08-10,3.5178,3.8934,3.5213177999999994,3.8895066000000003,10.0,0.1045599462792029,0.009,1.036599462792029,0.22539917377298357,1.2619986365650124
GALA,LONG,2025-07-11,2025-08-10,0.017843,0.017893,0.017860842999999998,0.017875106999999998,10.0,0.0007986185198537351,0.009,-0.001013814801462648,0.0934561243809713,0.09244230957950865
ALGO,LONG,2025-07-11,2025-08-10,0.22841,0.26688,0.22863841,0.26661312,10.0,0.16609068441299954,0.009,1.6519068441299956,0.11483529481594978,1.7667421389459452
ZEREBRO,SHORT,2025-07-11,2025-08-10,0.033635,0.03105,0.033601365,0.03108105,10.0,0.07500632786793042,0.009,0.7410632786793042,0.24536954705325217,0.9864328257325564
MOVE,SHORT,2025-07-11,2025-08-10,0.15505,0.14112,0.15489495,0.14126112,10.0,0.08801984829072873,0.009,0.8711984829072873,-0.2789486732189138,0.5922498096883735
GMX,SHORT,2025-07-11,2025-08-10,13.377,18.138,13.363623,18.156138,10.0,-0.3586239300525013,0.009,-3.595239300525013,0.02009959602856201,-3.575139704496451
ALGO,LONG,2025-07-12,2025-08-11,0.21757,0.2566,0.21778756999999999,0.2563434,10.0,0.17703411631802501,0.009,1.7613411631802502,0.12229854110301153,1.8836397042832618
DOT,LONG,2025-07-12,2025-08-11,3.8977,3.9094,3.9015976999999995,3.9054906000000003,10.0,0.0009977707337690798,0.009,0.0009777073376907985,0.1388324205005811,0.13981012783827187
HYPE,LONG,2025-07-12,2025-08-11,46.691,43.761,46.737691,43.717239,10.0,-0.06462561447462176,0.009,-0.6552561447462176,0.1964640563627972,-0.45879208838342045
MOVE,SHORT,2025-07-12,2025-08-11,0.14893,0.14007,0.14878107000000002,0.14021007,10.0,0.05760813522849394,0.009,0.5670813522849394,-0.26074495228734407,0.3063363999975953
ANIME,SHORT,2025-07-12,2025-08-11,0.017779,0.017547,0.017761221,0.017564547,10.0,0.01107322520225388,0.009,0.1017322520225388,0.13759053032587118,0.23932278234840998
SYRUP,SHORT,2025-07-12,2025-08-11,0.5009,0.50072,0.5003991,0.50122072,10.0,-0.0016419294119433216,0.009,-0.025419294119433215,-0.04023973780290574,-0.06565903192233896
HYPE,LONG,2025-07-13,2025-08-12,49.031,44.403,49.08003099999999,44.358596999999996,10.0,-0.09619867599513121,0.009,-0.9709867599513121,0.1837560873825447,-0.7872306725687674
SAND,LONG,2025-07-13,2025-08-12,0.31734,0.30039,0.31765733999999995,0.30008961,10.0,-0.05530402665967029,0.009,-0.5620402665967029,0.11614896538282417,-0.44589130121387877
ALGO,LONG,2025-07-13,2025-08-12,0.26345,0.27455,0.26371345,0.27427545000000003,10.0,0.04005104783241058,0.009,0.3915104783241058,0.10151995786096613,0.4930304361850719
IP,SHORT,2025-07-13,2025-08-12,4.239,5.8207,4.234761,5.8265207,10.0,-0.375879465216573,0.009,-3.76779465216573,0.11340638088893329,-3.654388271276797
ALT,SHORT,2025-07-13,2025-08-12,0.035979,0.038211,0.035943021,0.038249211,10.0,-0.06416238635032931,0.009,-0.6506238635032932,0.06433859317072986,-0.5862852703325633
W,SHORT,2025-07-13,2025-08-12,0.08066,0.08879,0.08057934,0.08887878999999999,10.0,-0.10299724470317063,0.009,-1.0389724470317063,0.05355355407850201,-0.9854188929532043
HYPE,LONG,2025-07-14,2025-08-13,46.95,47.887,46.99695,47.839113,10.0,0.017919524564891962,0.009,0.1701952456489196,0.19087556552463514,0.3610708111735548
RENDER,LONG,2025-07-14,2025-08-13,3.7326,4.2012,3.7363326,4.1969988,10.0,0.12329368108181814,0.009,1.2239368108181814,0.1498740547798127,1.3738108655979941
BTC,LONG,2025-07-14,2025-08-13,120065.0,122859.0,120185.06499999999,122736.141,10.0,0.021226231395723053,0.009,0.20326231395723052,0.14681202081205347,0.35007433476928396
OMNI,SHORT,2025-07-14,2025-08-13,2.7707,4.3461,2.7679293,4.350446099999999,10.0,-0.5717331002637962,0.009,-5.726331002637963,-3.5393714718114735,-9.265702474449437
MOVE,SHORT,2025-07-14,2025-08-13,0.14722,0.14616,0.14707278,0.14630616,10.0,0.005212521310877483,0.009,0.043125213108774825,-0.2532660223562103,-0.2101408092474355
INIT,SHORT,2025-07-14,2025-08-13,0.49471,0.47563,0.49421529,0.47610562999999995,10.0,0.036643261279917155,0.009,0.35743261279917155,0.14510577656452112,0.5025383893636927
BTC,LONG,2025-07-15,2025-08-14,116473.0,118014.0,116589.47299999998,117895.986,10.0,0.011206097483604039,0.009,0.10306097483604039,0.1478049223271813,0.25086589716322166
SUI,LONG,2025-07-15,2025-08-14,3.9691,3.7314,3.9730690999999996,3.7276686,10.0,-0.06176597834656329,0.009,-0.6266597834656329,0.19916699298872,-0.4274927904769129
RENDER,LONG,2025-07-15,2025-08-14,3.7906,3.8099,3.7943905999999994,3.8060901,10.0,0.003083367326495233,0.009,0.02183367326495233,0.15021361751879211,0.17204729078374445
INIT,SHORT,2025-07-15,2025-08-14,0.47842,0.42062,0.47794158000000003,0.4210406199999999,10.0,0.11905421578930234,0.009,1.1815421578930234,0.15195048997465338,1.3334926478676767
MOVE,SHORT,2025-07-15,2025-08-14,0.14644,0.13421,0.14629356,0.13434421,10.0,0.08168062900376474,0.009,0.8078062900376474,-0.25142258665384865,0.5563837033837987
SYRUP,SHORT,2025-07-15,2025-08-14,0.44026,0.42672,0.43981973999999996,0.4271467199999999,10.0,0.028814122804037934,0.009,0.27914122804037933,-0.08345225946461611,0.19568896857576323
SUI,LONG,2025-07-16,2025-08-15,4.0185,3.6538,4.0225185,3.6501462,10.0,-0.09257192974998134,0.009,-0.9347192974998134,0.19834911416138917,-0.7363701833384242
ETH,LONG,2025-07-16,2025-08-15,3384.6,4382.5,3387.9845999999993,4378.1175,10.0,0.2922483472917797,0.009,2.9134834729177967,0.1931418475867925,3.1066253205045893
AVAX,LONG,2025-07-16,2025-08-15,22.638,23.522,22.660638,23.498478,10.0,0.0369733632389344,0.009,0.360733632389344,0.19689887171985185,0.5576325041091958
SYRUP,SHORT,2025-07-16,2025-08-15,0.48398,0.41779,0.48349602,0.41820778999999997,10.0,0.13503364515803057,0.009,1.3413364515803057,-0.07993176008849048,1.261404691491815
MELANIA,SHORT,2025-07-16,2025-08-15,0.2476,0.20433,0.2473524,0.20453433,10.0,0.17310553687775018,0.009,1.722055368777502,0.07796493302543255,1.8000203018029346
GRIFFAIN,SHORT,2025-07-16,2025-08-15,0.054162,0.037263,0.054107838,0.03730026299999999,10.0,0.3106310586647355,0.009,3.0973105866473554,0.14408560304050588,3.2413961896878614
RENDER,LONG,2025-07-17,2025-08-16,4.0341,3.9204,4.038134099999999,3.9164795999999997,10.0,-0.03012641407822468,0.009,-0.31026414078224684,0.13953662997689953,-0.17072751080534732
NEAR,LONG,2025-07-17,2025-08-16,2.7513,2.7366,2.7540513,2.7338634,10.0,-0.007330255612885575,0.009,-0.08230255612885574,0.13131223269664585,0.04900967656779011
ETH,LONG,2025-07-17,2025-08-16,3414.9,4418.1,3418.3149,4413.6819000000005,10.0,0.29118645564222323,0.009,2.9028645564222324,0.1877906692013366,3.090655225623569
SYRUP,SHORT,2025-07-17,2025-08-16,0.44281,0.44055,0.44236718999999997,0.4409905499999999,10.0,0.0031119848648812317,0.009,0.022119848648812314,-0.11224764001116357,-0.09012779136235124
MOVE,SHORT,2025-07-17,2025-08-16,0.15268,0.13775,0.15252732000000002,0.13788775,10.0,0.0959799857494383,0.009,0.9507998574943831,-0.23465007283272266,0.7161497846616605
JTO,SHORT,2025-07-17,2025-08-16,1.9088,1.7709,1.9068912,1.7726708999999998,10.0,0.070386973310276,0.009,0.69486973310276,0.1433551926029655,0.8382249257057255
ADA,LONG,2025-07-18,2025-08-17,0.81787,0.95137,0.8186878699999999,0.95041863,10.0,0.16090474138819252,0.009,1.6000474138819254,0.13549781838240746,1.7355452322643328
ETH,LONG,2025-07-18,2025-08-17,3550.7,4461.4,3554.2506999999996,4456.9385999999995,10.0,0.2539741780173244,0.009,2.530741780173244,0.1752775537909861,2.7060193339642304
RUNE,LONG,2025-07-18,2025-08-17,1.6133,1.3697,1.6149132999999998,1.3683303,10.0,-0.15269116924109785,0.009,-1.5359116924109784,0.09389931303110824,-1.44201237937987
OMNI,SHORT,2025-07-18,2025-08-17,2.6419,4.073,2.6392581,4.077073,10.0,-0.5447799516083706,0.009,-5.456799516083706,-3.8298112539476143,-9.28661077003132
ZEREBRO,SHORT,2025-07-18,2025-08-17,0.031951,0.027632,0.031919049,0.027659631999999996,10.0,0.13344435794437365,0.009,1.3254435794437365,0.26341363016219566,1.5888572096059321
SEI,SHORT,2025-07-18,2025-08-17,0.35116,0.34195,0.35080884,0.34229194999999996,10.0,0.02427786597395908,0.009,0.23377865973959078,0.07964850633507412,0.3134271660746649
ADA,LONG,2025-07-19,2025-08-18,0.82957,0.91935,0.83039957,0.91843065,10.0,0.10601050768848548,0.009,1.0511050768848549,0.12137537668711702,1.172480453571972
AVAX,LONG,2025-07-19,2025-08-18,24.973,23.825,24.997972999999995,23.801175,10.0,-0.04787580177000728,0.009,-0.4877580177000728,0.16175614389918738,-0.3260018738008854
RENDER,LONG,2025-07-19,2025-08-18,4.157,3.7661,4.161156999999999,3.7623339,10.0,-0.09584428080939979,0.009,-0.9674428080939979,0.11669960295297681,-0.8507432051410211
OMNI,SHORT,2025-07-19,2025-08-18,2.6349,3.9124,2.6322651,3.9163123999999994,10.0,-0.48781078319201177,0.009,-4.887107831920118,-3.8639146966713955,-8.751022528591513
MOVE,SHORT,2025-07-19,2025-08-18,0.1611,0.13202,0.1609389,0.13215201999999998,10.0,0.17886837799935265,0.009,1.7796837799935266,-0.22485591453085613,1.5548278654626704
ZEREBRO,SHORT,2025-07-19,2025-08-18,0.030783,0.027181,0.030752217000000002,0.027208180999999998,10.0,0.11524489437623323,0.009,1.1434489437623323,0.2547939205992205,1.3982428643615528
DOT,LONG,2025-07-20,2025-08-19,4.5368,3.7412,4.5413368,3.7374588,10.0,-0.17701351725333378,0.009,-1.7791351725333377,0.08476663140388531,-1.6943685411294525
ATOM,LONG,2025-07-20,2025-08-19,5.2366,4.3081,5.241836599999999,4.303791899999999,10.0,-0.17895344162387664,0.009,-1.7985344162387662,0.07830409459974393,-1.7202303216390222
AVAX,LONG,2025-07-20,2025-08-19,25.32,22.494,25.345319999999997,22.471505999999998,10.0,-0.11338637665651882,0.009,-1.1428637665651882,0.15823180806756437,-0.9846319584976237
SYRUP,SHORT,2025-07-20,2025-08-19,0.42365,0.40282,0.42322635000000003,0.40322282,10.0,0.04726437756061277,0.009,0.4636437756061277,-0.14223763019944294,0.3214061454066848
HYPER,SHORT,2025-07-20,2025-08-19,0.35842,0.31744,0.35806158,0.31775743999999995,10.0,0.11256203472039654,0.009,1.1166203472039655,-1.205061960432225,-0.0884416132282595
GRIFFAIN,SHORT,2025-07-20,2025-08-19,0.053312,0.035683,0.053258688,0.035718682999999994,10.0,0.32933603246103255,0.009,3.2843603246103257,0.13555054026942984,3.4199108648797556
GMT,LONG,2025-07-21,2025-08-20,0.056933,0.042747,0.05698993299999999,0.042704253,10.0,-0.2506702367942773,0.009,-2.515702367942773,0.04046236375333166,-2.475240004189441
STX,LONG,2025-07-21,2025-08-20,0.86881,0.6788,0.8696788099999999,0.6781212,10.0,-0.22026247828206824,0.009,-2.211624782820682,0.10587546181727714,-2.105749321003405
MINA,LONG,2025-07-21,2025-08-20,0.23309,0.18778,0.23332308999999996,0.18759222,10.0,-0.1959980471714135,0.009,-1.968980471714135,0.08745756506653501,-1.8815229066476
SYRUP,SHORT,2025-07-21,2025-08-20,0.4142,0.42398,0.41378580000000004,0.42440397999999996,10.0,-0.025661054584279887,0.009,-0.26561054584279886,-0.1526001621220931,-0.41821070796489196
HYPER,SHORT,2025-07-21,2025-08-20,0.3463,0.36041,0.3459537,0.36077041,10.0,-0.042828592381003616,0.009,-0.43728592381003617,-1.2482557919579123,-1.6855417157679484
GRIFFAIN,SHORT,2025-07-21,2025-08-20,0.053772,0.037901,0.053718228,0.03793890099999999,10.0,0.29374250766425153,0.009,2.9284250766425153,0.1305834716005152,3.0590085482430305
GMT,LONG,2025-07-22,2025-08-21,0.055985,0.041105,0.056040984999999995,0.041063895,10.0,-0.2672524403345158,0.009,-2.6815244033451577,0.03952731764373878,-2.641997085701419
AVAX,LONG,2025-07-22,2025-08-21,24.884,22.815,24.908883999999997,22.792185,10.0,-0.08497767302621817,0.009,-0.8587767302621817,0.14009866616794237,-0.7186780640942394
NEAR,LONG,2025-07-22,2025-08-21,2.9214,2.4526,2.9243213999999997,2.4501474,10.0,-0.16214838765670547,0.009,-1.6304838765670546,0.0832388905629183,-1.5472449860041364
MOVE,SHORT,2025-07-22,2025-08-21,0.18156,0.1261,0.18137844,0.12622609999999998,10.0,0.3040732955912512,0.009,3.031732955912512,-0.20035320173268664,2.8313797541798253
JTO,SHORT,2025-07-22,2025-08-21,2.138,1.7406,2.135862,1.7423405999999997,10.0,0.18424476862269204,0.009,1.8334476862269204,0.08101454240971562,1.9144622286366362
SYRUP,SHORT,2025-07-22,2025-08-21,0.44783,0.40841,0.44738217,0.40881840999999997,10.0,0.08619869674287658,0.009,0.8529869674287659,-0.1539369003596187,0.6990500670691472
SOL,LONG,2025-07-23,2025-08-22,188.47,199.01,188.65846999999997,198.81099,10.0,0.05381428143671493,0.009,0.5291428143671493,0.11715242185749734,0.6462952362246466
GMT,LONG,2025-07-23,2025-08-22,0.052125,0.044352,0.05217712499999999,0.044307648000000005,10.0,-0.15082235749861625,0.009,-1.5172235749861624,0.04144270342999926,-1.475780871556163
AVAX,LONG,2025-07-23,2025-08-22,23.857,25.094,23.880856999999995,25.068906000000002,10.0,0.04974901026374417,0.009,0.4884901026374417,0.13814379727762705,0.6266338999150687
SEI,SHORT,2025-07-23,2025-08-22,0.32821,0.32582,0.32788179,0.32614582,10.0,0.005294499581693851,0.009,0.04394499581693851,0.009974901823032019,0.05391989763997053
HYPER,SHORT,2025-07-23,2025-08-22,0.4092,0.33509,0.4087908,0.33542509,10.0,0.17947006145930883,0.009,1.7857006145930883,-1.0627489914485355,0.7229516231445527
SYRUP,SHORT,2025-07-23,2025-08-22,0.46577,0.43557,0.46530423000000004,0.43600556999999995,10.0,0.06296667451314612,0.009,0.6206667451314613,-0.15793156016471202,0.46273518496674926
BNB,LONG,2025-07-24,2025-08-23,779.35,884.07,780.1293499999999,883.1859300000001,12.0,0.13210191361214674,0.0108,1.574422963345761,0.1331954658185646,1.7076184291643255
AVAX,LONG,2025-07-24,2025-08-23,24.001,26.001,24.025001,25.974999,12.0,0.08116536602849676,0.0108,0.9631843923419611,0.15691122677317682,1.1200956191151379
ALT,SHORT,2025-07-24,2025-08-23,0.033558,0.037607,0.033524441999999995,0.037644607,12.0,-0.12290033045143609,0.0108,-1.4856039654172328,0.0807465244260531,-1.4048574409911798
HYPER,SHORT,2025-07-24,2025-08-23,0.42951,0.33027,0.42908049,0.33060027,12.0,0.22951456031011808,0.0108,2.7433747237214168,-1.1611889836011327,1.5821857401202841
kNEIRO,SHORT,2025-07-24,2025-08-23,0.45843,0.40313,0.45797157,0.40353312999999996,12.0,0.11886860138501618,0.0108,1.415623216620194,0.09420130388549666,1.5098245205056908
BNB,LONG,2025-07-25,2025-08-24,774.63,870.13,775.4046299999999,869.25987,12.0,0.12104033993193994,0.0108,1.4416840791832792,0.13273110919440348,1.5744151883776827
TRX,LONG,2025-07-25,2025-08-24,0.31491,0.36515,0.31522490999999997,0.36478485,12.0,0.15722088714372234,0.0108,1.8758506457246682,0.13312147189858822,2.0089721176232564
kNEIRO,SHORT,2025-07-25,2025-08-24,0.44895,0.3922,0.44850105,0.39259219999999995,12.0,0.1246571217614765,0.0108,1.4850854611377182,0.09567693164667507,1.5807623927843932
OMNI,SHORT,2025-07-25,2025-08-24,2.3875,3.7575,2.3851125,3.7612574999999993,12.0,-0.576972784302627,0.0108,-6.934473411631524,-5.368268203552813,-12.302741615184338
HYPER,SHORT,2025-07-25,2025-08-24,0.53101,0.32561,0.53047899,0.32593561,12.0,0.3855824337171205,0.0108,4.616189204605446,-0.798105902563538,3.8180833020419076
DOT,LONG,2025-07-26,2025-08-25,4.195,3.7772,4.199195,3.7734228,10.0,-0.10139376713870148,0.009,-1.0229376713870146,0.0848650268780564,-0.9380726445089582
STX,LONG,2025-07-26,2025-08-25,0.81781,0.62838,0.81862781,0.6277516200000001,10.0,-0.23316602205341633,0.009,-2.340660220534163,0.08507969500783269,-2.2555805255263306
SUI,LONG,2025-07-26,2025-08-25,4.2101,3.3721,4.2143101,3.3687279,10.0,-0.2006454627057462,0.009,-2.015454627057462,0.10933279781200723,-1.9061218292454547
SYRUP,SHORT,2025-07-26,2025-08-25,0.54928,0.39857,0.54873072,0.3989685699999999,10.0,0.2729246687701394,0.009,2.720246687701394,0.06504752489674717,2.7852942125981413
HYPER,SHORT,2025-07-26,2025-08-25,0.50037,0.29598,0.49986962999999995,0.29627598,10.0,0.40729349770659196,0.009,4.063934977065919,-0.3246540246803552,3.739280952385564
KAITO,SHORT,2025-07-26,2025-08-25,1.3628,1.009,1.3614372,1.0100089999999997,10.0,0.25813030523919883,0.009,2.5723030523919883,0.0188866555280699,2.591189707920058
AVAX,LONG,2025-07-27,2025-08-26,25.427,24.229,25.452426999999997,24.204771,10.0,-0.04901913676051387,0.009,-0.4991913676051387,0.12805870210204318,-0.37113266550309554
INJ,LONG,2025-07-27,2025-08-26,15.445,13.545,15.460444999999998,13.531455,10.0,-0.12476937112741575,0.009,-1.2566937112741574,0.09370907281601533,-1.1629846384581422
DOT,LONG,2025-07-27,2025-08-26,4.1792,3.9073,4.183379199999999,3.9033927000000004,10.0,-0.06692831001311066,0.009,-0.6782831001311066,0.08452511048023092,-0.5937579896508757
OMNI,SHORT,2025-07-27,2025-08-26,2.7935,3.5053,2.7907064999999998,3.5088052999999997,10.0,-0.2573179228987355,0.009,-2.582179228987355,-3.87597250758222,-6.458151736569574
SYRUP,SHORT,2025-07-27,2025-08-26,0.56999,0.40962,0.56942001,0.41002961999999993,10.0,0.27991708615930105,0.009,2.7901708615930105,0.0643299200948523,2.8545007816878627
kNEIRO,SHORT,2025-07-27,2025-08-26,0.46755,0.36143,0.46708245000000004,0.3617914299999999,10.0,0.22542277064788052,0.009,2.2452277064788055,0.07553181064769186,2.3207595171264974
BNB,LONG,2025-07-28,2025-08-27,832.39,860.56,833.2223899999999,859.69944,10.0,0.03177669049435899,0.009,0.3087669049435899,0.08049988372780045,0.3892667886713903
LINK,LONG,2025-07-28,2025-08-27,18.233,24.187,18.251233,24.162813,10.0,0.3239003085435379,0.009,3.230003085435379,0.18585430416509396,3.415857389600473
MINA,LONG,2025-07-28,2025-08-27,0.20887,0.17969,0.20907886999999997,0.17951030999999998,10.0,-0.1414229950640158,0.009,-1.4232299506401578,0.08226472971443743,-1.3409652209257203
MOVE,SHORT,2025-07-28,2025-08-27,0.1443,0.12271,0.1441557,0.12283270999999998,10.0,0.1479163848533219,0.009,1.4701638485332191,-0.1415330043334395,1.3286308441997796
LAUNCHCOIN,SHORT,2025-07-28,2025-08-27,0.088221,0.051829,0.088132779,0.051880828999999996,10.0,0.4113333360338042,0.009,4.104333360338042,0.13303627509922275,4.237369635437265
BABY,SHORT,2025-07-28,2025-08-27,0.056948,0.04897,0.056891052,0.049018969999999995,10.0,0.1383711800583333,0.009,1.374711800583333,0.049539864987397327,1.4242516655707302
AVAX,LONG,2025-07-29,2025-08-28,24.104,24.207,24.128103999999997,24.182793,10.0,0.002266609925089983,0.009,0.013666099250899831,0.11656870149316335,0.13023480074406318
BNB,LONG,2025-07-29,2025-08-28,804.19,869.38,804.99419,868.51062,10.0,0.07890296698911581,0.009,0.7800296698911581,0.07139346064912594,0.851423130540284
ATOM,LONG,2025-07-29,2025-08-28,4.553,4.6025,4.5575529999999995,4.5978975,10.0,0.008852228377816051,0.009,0.07952228377816052,0.07607722038765102,0.15559950416581153
ALT,SHORT,2025-07-29,2025-08-28,0.037325,0.033319,0.037287675,0.033352319,10.0,0.10554039639103271,0.009,1.0464039639103273,0.06390763519433701,1.1103115991046644
OMNI,SHORT,2025-07-29,2025-08-28,4.9867,3.3644,4.9817133,3.3677643999999995,10.0,0.3239746655031313,0.009,3.230746655031313,-2.164313917081198,1.066432737950115
USUAL,SHORT,2025-07-29,2025-08-28,0.08219,0.06671,0.08210781,0.06677671,10.0,0.1867191440132187,0.009,1.8581914401321873,-0.01070649584917683,1.8474849442830104
TRX,LONG,2025-07-30,2025-08-29,0.32751,0.33675,0.32783751,0.33641325,12.0,0.026158507609455667,0.0108,0.30310209131346805,0.12014647957966738,0.42324857089313545
TON,LONG,2025-07-30,2025-08-29,3.3655,3.0587,3.3688654999999996,3.0556413,12.0,-0.09297616660564206,0.0108,-1.1265139992677047,0.12360436517113552,-1.002909634096569
kNEIRO,SHORT,2025-07-30,2025-08-29,0.42293,0.34277,0.42250707,0.34311276999999996,12.0,0.18791235848432083,0.0108,2.2441483018118498,0.09706637597364703,2.341214677785497
VINE,SHORT,2025-07-30,2025-08-29,0.11585,0.068115,0.11573415,0.06818311499999999,12.0,0.41086433865890065,0.0108,4.919572063906808,0.07440375335872085,4.993975817265529
HYPER,SHORT,2025-07-30,2025-08-29,0.43873,0.30429,0.43829127,0.30459429,12.0,0.3050413940483004,0.0108,3.6496967285796047,-0.25416099189606034,3.395535736683544
BTC,LONG,2025-07-31,2025-08-30,116788.0,108817.0,116904.78799999999,108708.183,10.0,-0.07011350980765632,0.009,-0.7101350980765632,0.095837201108692,-0.6142978969678712
LTC,LONG,2025-07-31,2025-08-30,108.18,110.27,108.28818,110.15973,10.0,0.017283049728973182,0.009,0.1638304972897318,0.11743795054963524,0.28126844783936705
BNB,LONG,2025-07-31,2025-08-30,796.3,859.05,797.0962999999998,858.1909499999999,10.0,0.07664651059100404,0.009,0.7574651059100403,0.07446868211786958,0.83193378802791
VINE,SHORT,2025-07-31,2025-08-30,0.10086,0.069714,0.10075914000000001,0.069783714,10.0,0.30742050795590364,0.009,3.0652050795590364,0.06591668147377003,3.1311217610328064
OMNI,SHORT,2025-07-31,2025-08-30,4.59,3.2412,4.5854099999999995,3.2444412,10.0,0.29244250786734444,0.009,2.9154250786734446,-0.9888566519064164,1.9265684267670282
ALT,SHORT,2025-07-31,2025-08-30,0.034125,0.033844,0.034090875,0.033877844,10.0,0.006248915582248987,0.009,0.053489155822489864,0.06947510763965431,0.12296426346214417
POLYX,LONG,2025-08-01,2025-08-31,0.13444,0.1325,0.13457444,0.1323675,10.0,-0.01639939946991413,0.009,-0.1729939946991413,0.08194167285332937,-0.09105232184581194
LTC,LONG,2025-08-01,2025-08-31,106.27,110.2,106.37626999999999,110.0898,10.0,0.03490938345553953,0.009,0.3400938345553953,0.11995753811381053,0.46005137266920587
POL,LONG,2025-08-01,2025-08-31,0.20051,0.28653,0.20071050999999998,0.28624347,10.0,0.42615087769942905,0.009,4.25250877699429,0.09359964178926157,4.346108418783552
OMNI,SHORT,2025-08-01,2025-08-31,4.5042,3.236,4.4996958,3.239236,10.0,0.28012111396508177,0.009,2.7922111396508176,-0.8776267281628907,1.914584411487927
BLAST,SHORT,2025-08-01,2025-08-31,0.003081,0.002503,0.003077919,0.0025055029999999996,10.0,0.18597500454040555,0.009,1.8507500454040557,-0.39138433618753443,1.4593657092165213
RESOLV,SHORT,2025-08-01,2025-08-31,0.17998,0.14584,0.17980002,0.14598583999999998,10.0,0.18806549632196942,0.009,1.8716549632196944,0.06681270717667329,1.9384676703963677
LTC,LONG,2025-08-02,2025-09-01,104.71,109.31,104.81470999999998,109.20069000000001,12.0,0.04184508071433898,0.0108,0.4913409685720677,0.14718083575883578,0.6385218043309036
ATOM,LONG,2025-08-02,2025-09-01,4.0576,4.4357,4.061657599999999,4.4312643,12.0,0.09099898031778955,0.0108,1.0811877638134748,0.10022093844352613,1.181408702257001
RESOLV,SHORT,2025-08-02,2025-09-01,0.16167,0.13919,0.16150833,0.13932919,12.0,0.13732505314122195,0.0108,1.6371006376946635,0.08851841142772016,1.7256190491223837
OMNI,SHORT,2025-08-02,2025-09-01,4.0595,3.0928,4.0554405,3.0958927999999997,12.0,0.23660751526252202,0.0108,2.8284901831502642,-1.0658045366448847,1.7626856465053795
USUAL,SHORT,2025-08-02,2025-09-01,0.06824,0.06111,0.06817176,0.061171109999999994,12.0,0.10269134902780865,0.0108,1.2214961883337039,0.0026168504772063964,1.2241130388109103
DOT,LONG,2025-08-03,2025-09-02,3.594,3.7449,3.5975939999999995,3.7411551,10.0,0.0399047530099284,0.009,0.390047530099284,0.09184626821661923,0.48189379831590323
POLYX,LONG,2025-08-03,2025-09-02,0.13385,0.1279,0.13398385,0.12777210000000003,10.0,-0.04636193093421305,0.009,-0.4726193093421305,0.08505559990812325,-0.3875637094340072
BRETT,LONG,2025-08-03,2025-09-02,0.052215,0.044872,0.05226721499999999,0.044827128,10.0,-0.14234710994262834,0.009,-1.4324710994262833,0.1021623342615634,-1.3303087651647199
OMNI,SHORT,2025-08-03,2025-09-02,4.1298,3.0755,4.1256702,3.0785754999999995,10.0,0.2537999038313825,0.009,2.528999038313825,-0.8390441822608603,1.689954856052965
USUAL,SHORT,2025-08-03,2025-09-02,0.07048,0.05896,0.07040952,0.059018959999999995,10.0,0.1617758507656352,0.009,1.608758507656352,-0.002768650927033732,1.6059898567293183
CFX,SHORT,2025-08-03,2025-09-02,0.21739,0.17329,0.21717261,0.17346329,10.0,0.2012653437281985,0.009,2.003653437281985,0.05405352727012859,2.0577069645521138
BNB,LONG,2025-08-04,2025-09-03,760.59,856.85,761.3505899999999,855.99315,10.0,0.12430877606596473,0.009,1.2340877606596474,0.08171490432364414,1.3158026649832917
ATOM,LONG,2025-08-04,2025-09-03,4.2643,4.5369,4.2685642999999995,4.5323631,10.0,0.06180035755816093,0.009,0.6090035755816092,0.07711896169297486,0.686122537274584
AAVE,LONG,2025-08-04,2025-09-03,266.19,327.79,266.45619,327.46221,10.0,0.22895328496590767,0.009,2.280532849659077,0.12584896504802534,2.4063818147071023
FARTCOIN,SHORT,2025-08-04,2025-09-03,0.94832,0.79969,0.94737168,0.8004896899999999,10.0,0.15504156721256449,0.009,1.541415672125645,0.18108796738403665,1.7225036395096816
OMNI,SHORT,2025-08-04,2025-09-03,4.1612,3.2008,4.1570388,3.2040007999999998,10.0,0.22925886570988943,0.009,2.2835886570988944,-0.8037085913381179,1.4798800657607765
KAITO,SHORT,2025-08-04,2025-09-03,1.1408,1.0552,1.1396592,1.0562551999999998,10.0,0.07318328145817649,0.009,0.7228328145817648,0.04104672588504528,0.7638795404668102
LTC,LONG,2025-08-05,2025-09-04,120.01,109.79,120.13001,109.68021,10.0,-0.08698742304275174,0.009,-0.8788742304275174,0.1077929345029606,-0.7710812959245569
ADA,LONG,2025-08-05,2025-09-04,0.71986,0.80399,0.72057986,0.80318601,10.0,0.11463843854864338,0.009,1.1373843854864338,0.10424389437291517,1.241628279859349
MNT,LONG,2025-08-05,2025-09-04,0.9171,1.1371,0.9180170999999999,1.1359629,10.0,0.23740930316003928,0.009,2.365093031600393,0.21943380338249693,2.58452683498289
FARTCOIN,SHORT,2025-08-05,2025-09-04,0.92615,0.74339,0.9252238500000001,0.7441333899999999,10.0,0.19572610455296863,0.009,1.9482610455296863,0.186100915895456,2.1343619614251423
OMNI,SHORT,2025-08-05,2025-09-04,3.9478,3.0113,3.9438522,3.0143112999999997,10.0,0.23569364490890407,0.009,2.347936449089041,-0.8091100130710019,1.5388264360180388
REZ,SHORT,2025-08-05,2025-09-04,0.012077,0.010811,0.012064923,0.010821810999999999,10.0,0.10303522036568331,0.009,1.0213522036568332,-0.19085323391239215,0.830498969744441
LTC,LONG,2025-08-06,2025-09-05,120.03,113.16,120.15002999999999,113.04684,10.0,-0.05911933605010323,0.009,-0.6001933605010323,0.10720518207552676,-0.4929881784255056
MNT,LONG,2025-08-06,2025-09-05,0.87623,1.1723,0.8771062299999999,1.1711277,10.0,0.3352176280859391,0.009,3.343176280859391,0.22792290942527002,3.571099190284661
TRX,LONG,2025-08-06,2025-09-05,0.33593,0.33253,0.33626593,0.33219747,10.0,-0.012098936100960321,0.009,-0.1299893610096032,0.09192365860906576,-0.03806570240053744
OMNI,SHORT,2025-08-06,2025-09-05,4.1594,3.1497,4.1552406,3.1528497,10.0,0.24123534507243696,0.009,2.40335345072437,-0.7136369517877497,1.6897164989366202
FARTCOIN,SHORT,2025-08-06,2025-09-05,0.95504,0.74793,0.95408496,0.7486779299999999,10.0,0.2152921790109762,0.009,2.143921790109762,0.18068171207979214,2.324603502189554
MEME,SHORT,2025-08-06,2025-09-05,0.001687,0.002501,0.001685313,0.002503501,10.0,-0.48548133195436105,0.009,-4.863813319543611,0.0649664160491256,-4.798846903494485
ATOM,LONG,2025-08-07,2025-09-06,4.392,4.3578,4.396392,4.3534422,10.0,-0.009769329031624047,0.009,-0.10669329031624046,0.06842190759195269,-0.038271382724287775
SNX,LONG,2025-08-07,2025-09-06,0.61452,0.65509,0.6151345199999999,0.65443491,10.0,0.0638890985991163,0.009,0.629890985991163,0.09798628953938401,0.727877275530547
BNB,LONG,2025-08-07,2025-09-06,780.42,857.33,781.2004199999999,856.47267,10.0,0.09635459489384313,0.009,0.9545459489384313,0.08198855848166339,1.0365345074200947
OMNI,SHORT,2025-08-07,2025-09-06,4.7654,3.2423,4.7606345999999995,3.2455423,10.0,0.3182542722350503,0.009,3.1735427223505033,-0.5752330945416186,2.5983096278088844
KAITO,SHORT,2025-08-07,2025-09-06,1.1405,0.98619,1.1393595,0.9871761899999999,10.0,0.13356917636619536,0.009,1.3266917636619537,0.04999391475476352,1.3766856784167172
GRIFFAIN,SHORT,2025-08-07,2025-09-06,0.037017,0.033069,0.036979983,0.033102069,10.0,0.1048652185697328,0.009,1.039652185697328,0.1419535205712777,1.1816057062686056
INJ,LONG,2025-08-08,2025-09-07,14.259,12.969,14.273259,12.956031,10.0,-0.09228642176254212,0.009,-0.9318642176254212,0.09239272089814948,-0.8394714967272716
NEAR,LONG,2025-08-08,2025-09-07,2.7224,2.4602,2.7251223999999996,2.4577398,10.0,-0.09811764785317514,0.009,-0.9901764785317514,0.09132751001859588,-0.8988489685131555
DOT,LONG,2025-08-08,2025-09-07,3.986,3.9885,3.9899859999999996,3.9845115,10.0,-0.0013720599520899584,0.009,-0.02272059952089958,0.07848810823000382,0.05576750870910424
VINE,SHORT,2025-08-08,2025-09-07,0.067022,0.064632,0.066954978,0.06469663199999999,10.0,0.0337293218138315,0.009,0.328293218138315,0.09451089188364756,0.4228041100219626
LAUNCHCOIN,SHORT,2025-08-08,2025-09-07,0.081281,0.073691,0.081199719,0.073764691,10.0,0.09156470110444606,0.009,0.9066470110444605,0.11725160053444272,1.0238986115789033
FARTCOIN,SHORT,2025-08-08,2025-09-07,1.0493,0.74057,1.0482506999999999,0.7413105699999999,10.0,0.2928117577216977,0.009,2.9191175772169773,0.16337904102493803,3.0824966182419153
DOT,LONG,2025-08-09,2025-09-08,4.132,4.0204,4.136131999999999,4.0163796000000005,10.0,-0.02895275102438669,0.009,-0.2985275102438669,0.07516672733805405,-0.22336078290581288
kSHIB,LONG,2025-08-09,2025-09-08,0.013878,0.012832,0.013891877999999998,0.012819167999999999,10.0,-0.07721850134301492,0.009,-0.7811850134301491,0.054119147386120156,-0.727065866044029
BNB,LONG,2025-08-09,2025-09-08,804.36,876.77,805.1643599999999,875.89323,10.0,0.08784401485430894,0.009,0.8694401485430894,0.07975709489201685,0.9491972434351063
OMNI,SHORT,2025-08-09,2025-09-08,4.7768,3.2221,4.7720232,3.2253220999999996,10.0,0.32411852063083013,0.009,3.2321852063083014,-0.4309773051189064,2.801207901189395
FARTCOIN,SHORT,2025-08-09,2025-09-08,1.1072,0.80673,1.1060927999999999,0.8075367299999998,10.0,0.26991954924577766,0.009,2.6901954924577764,0.15428211941792772,2.8444776118757042
VINE,SHORT,2025-08-09,2025-09-08,0.069101,0.069312,0.069031899,0.06938131199999999,10.0,-0.005061616514417384,0.009,-0.059616165144173845,0.09161792702732979,0.03200176188315595
DOT,LONG,2025-08-10,2025-09-09,4.0769,4.1033,4.0809769,4.0991967,10.0,0.004464568275306992,0.009,0.03564568275306992,0.07544007222682395,0.11108575497989387
FIL,LONG,2025-08-10,2025-09-09,2.6237,2.4403,2.6263236999999995,2.4378597,10.0,-0.07175962353764669,0.009,-0.7265962353764669,0.06440450823301029,-0.6621917271434566
LINK,LONG,2025-08-10,2025-09-09,22.162,23.094,22.184161999999997,23.070906,10.0,0.03997194034194322,0.009,0.39071940341943223,0.14991915191477598,0.5406385553342082
SYRUP,SHORT,2025-08-10,2025-09-09,0.50947,0.45859,0.50896053,0.4590485899999999,10.0,0.09806642570102646,0.009,0.9716642570102646,0.07445280844709118,1.0461170654573557
LAUNCHCOIN,SHORT,2025-08-10,2025-09-09,0.077868,0.08525,0.07779013200000001,0.08533525,10.0,-0.09699325359159937,0.009,-0.9789325359159937,0.1376701814884438,-0.8412623544275499
FARTCOIN,SHORT,2025-08-10,2025-09-09,1.0949,0.8395,1.0938051,0.8403394999999999,10.0,0.23172830333301617,0.009,2.3082830333301616,0.15239655685170056,2.4606795901818623
IOTA,LONG,2025-08-11,2025-09-10,0.2022,0.19256,0.20240219999999998,0.19236744,10.0,-0.04957831486021386,0.009,-0.5047831486021386,0.08713560262289641,-0.41764754597924214
SOL,LONG,2025-08-11,2025-09-10,176.68,221.3,176.85667999999998,221.0787,10.0,0.25004438622278796,0.009,2.4914438622278796,0.12609540416731788,2.6175392663951973
FTT,LONG,2025-08-11,2025-09-10,0.93639,0.80774,0.9373263899999998,0.8069322600000001,10.0,-0.13911283347095327,0.009,-1.4001283347095326,0.21490761780838158,-1.185220716901151
OMNI,SHORT,2025-08-11,2025-09-10,4.4863,3.6408,4.4818137,3.6444407999999995,10.0,0.18683795357223362,0.009,1.8593795357223364,-0.4134008667377674,1.445978668984569
FXS,SHORT,2025-08-11,2025-09-10,3.0628,2.9419,3.0597372000000003,2.9448418999999997,10.0,0.03755070860334037,0.009,0.3665070860334037,0.08425341285669893,0.4507604988901026
USUAL,SHORT,2025-08-11,2025-09-10,0.07648,0.06578,0.07640352,0.06584577999999999,10.0,0.13818394754587235,0.009,1.3728394754587236,-0.0079209555246931,1.3649185199340306
BNB,LONG,2025-08-12,2025-09-11,831.45,896.45,832.28145,895.5535500000001,10.0,0.07602248013577635,0.009,0.7512248013577635,0.07739903062299419,0.8286238319807577
IOTA,LONG,2025-08-12,2025-09-11,0.21185,0.19392,0.21206185,0.19372608000000002,10.0,-0.08646425559335624,0.009,-0.8736425559335624,0.08296798278049541,-0.790674573153067
LTC,LONG,2025-08-12,2025-09-11,129.02,115.12,129.14902,115.00488,10.0,-0.1095179816308324,0.009,-1.1041798163083238,0.09205457827322266,-1.0121252380351011
OMNI,SHORT,2025-08-12,2025-09-11,4.418,3.4376,4.413582,3.4410376,10.0,0.2203526296781163,0.009,2.1945262967811634,-0.7860481964959756,1.4084781002851878
MAV,SHORT,2025-08-12,2025-09-11,0.060771,0.073422,0.060710229,0.07349542199999999,10.0,-0.2105937205408992,0.009,-2.114937205408992,-0.10278993901016252,-2.2177271444191544
USUAL,SHORT,2025-08-12,2025-09-11,0.07954,0.0682,0.07946046,0.06826819999999999,10.0,0.14085319918862804,0.009,1.3995319918862805,-0.00825108672967662,1.391280905156604
LTC,LONG,2025-08-13,2025-09-12,130.33,117.19,130.46033,117.07281,10.0,-0.10261755431708623,0.009,-1.0351755431708622,0.0964211031498234,-0.9387544400210388
GALA,LONG,2025-08-13,2025-09-12,0.018737,0.018075,0.018755736999999998,0.018056925,10.0,-0.037258573203494835,0.009,-0.3815857320349484,0.07937619405758356,-0.30220953797736483
IOTA,LONG,2025-08-13,2025-09-12,0.21509,0.19912,0.21530508999999998,0.19892088,10.0,-0.07609764358102256,0.009,-0.7699764358102256,0.08066642073120521,-0.6893100150790203
OMNI,SHORT,2025-08-13,2025-09-12,4.3461,3.515,4.3417539,3.518515,10.0,0.18960975655483372,0.009,1.8870975655483373,-0.9972599146212089,0.8898376509271284
FARTCOIN,SHORT,2025-08-13,2025-09-12,1.1192,0.90711,1.1180808,0.9080171099999998,10.0,0.1878788098319908,0.009,1.869788098319908,0.1505118842577835,2.0202999825776917
VINE,SHORT,2025-08-13,2025-09-12,0.067659,0.079557,0.067591341,0.079636557,10.0,-0.17820649541484904,0.009,-1.7910649541484902,0.09663653767140083,-1.6944284164770893
DYDX,LONG,2025-08-14,2025-09-13,0.66385,0.66892,0.66451385,0.66825108,10.0,0.00562400618136106,0.009,0.047240061813610595,0.05154633353827013,0.09878639535188072
SOL,LONG,2025-08-14,2025-09-13,193.05,238.95,193.24304999999998,238.71105,10.0,0.2352891863381375,0.009,2.343891863381375,0.10900672691680247,2.4528985902981777
ADA,LONG,2025-08-14,2025-09-13,0.90085,0.92722,0.90175085,0.92629278,10.0,0.02721586566843829,0.009,0.2631586566843829,0.08883193938406601,0.3519905960684489
LAUNCHCOIN,SHORT,2025-08-14,2025-09-13,0.062057,0.091719,0.061994943000000004,0.09181071899999999,10.0,-0.4809388404470342,0.009,-4.818388404470342,0.369948758678607,-4.448439645791735
OMNI,SHORT,2025-08-14,2025-09-13,3.964,3.5632,3.960036,3.5667631999999996,10.0,0.09931041030940135,0.009,0.9841041030940135,-1.1571598741294775,-0.173055771035464
VINE,SHORT,2025-08-14,2025-09-13,0.060591,0.084624,0.060530409,0.084708624,10.0,-0.3994391480156692,0.009,-4.003391480156692,0.11906252768749671,-3.884328952469195
POLYX,LONG,2025-08-15,2025-09-14,0.134,0.13666,0.134134,0.13652334,10.0,0.017813082439948034,0.009,0.16913082439948032,0.08483447838072375,0.25396530278020407
BNB,LONG,2025-08-15,2025-09-14,820.35,927.88,821.17035,926.95212,10.0,0.12881830182982137,0.009,1.2791830182982138,0.08162830926009446,1.3608113275583082
DOT,LONG,2025-08-15,2025-09-14,3.8305,4.3297,3.834330499999999,4.3253702999999994,10.0,0.12806402577972878,0.009,1.2716402577972878,0.0773006286724371,1.348940886469725
OMNI,SHORT,2025-08-15,2025-09-14,3.9644,3.4704,3.9604356,3.4738703999999996,10.0,0.12285648578656355,0.009,1.2195648578656355,-1.1859803985816864,0.03358445928394915
VINE,SHORT,2025-08-15,2025-09-14,0.061285,0.078577,0.061223715,0.07865557699999999,10.0,-0.28472401584908713,0.009,-2.856240158490871,0.14491030319726594,-2.7113298552936054
MAV,SHORT,2025-08-15,2025-09-14,0.05135,0.071226,0.05129865,0.07129722599999999,10.0,-0.3898460485802256,0.009,-3.9074604858022557,-0.16583834023248176,-4.073298826034738
MNT,LONG,2025-08-16,2025-09-15,1.3187,1.6307,1.3200186999999999,1.6290693,10.0,0.234125925640296,0.009,2.3322592564029603,0.18498222100209644,2.5172414774050567
RENDER,LONG,2025-08-16,2025-09-15,3.9204,3.7393,3.9243203999999996,3.7355607,10.0,-0.04809997165369052,0.009,-0.48999971653690516,0.0985113037839622,-0.391488412752943
POL,LONG,2025-08-16,2025-09-15,0.23643,0.25563,0.23666642999999998,0.25537437,10.0,0.0790477128505299,0.009,0.781477128505299,0.11523809956967704,0.8967152280749761
PROVE,SHORT,2025-08-16,2025-09-15,1.3428,0.86941,1.3414572,0.87027941,10.0,0.35124325248692245,0.009,3.5034325248692246,-0.451398786160848,3.0520337387083765
LAUNCHCOIN,SHORT,2025-08-16,2025-09-15,0.0535,0.085348,0.0534465,0.08543334799999998,10.0,-0.5984834928386326,0.009,-5.993834928386326,0.5010136672459,-5.492821261140426
MEME,SHORT,2025-08-16,2025-09-15,0.001962,0.002553,0.0019600380000000003,0.002555553,10.0,-0.3038282931249289,0.009,-3.0472829312492893,0.06797100322085592,-2.9793119280284333
NEO,LONG,2025-08-17,2025-09-16,6.3227,6.6559,6.3290226999999994,6.6492441,10.0,0.050595710456213146,0.009,0.4969571045621315,0.054915969136056356,0.5518730736981878
GALA,LONG,2025-08-17,2025-09-16,0.017294,0.017084,0.017311293999999998,0.017066915999999998,10.0,-0.014116680128013537,0.009,-0.15016680128013538,0.08551167868075028,-0.06465512259938509
LTC,LONG,2025-08-17,2025-09-16,120.55,115.17,120.67054999999998,115.05483,10.0,-0.046537618333553486,0.009,-0.4743761833355349,0.10653936455100274,-0.3678368187845321
OMNI,SHORT,2025-08-17,2025-09-16,4.073,3.5916,4.068927,3.5951915999999997,10.0,0.11642759872565928,0.009,1.155275987256593,-1.2058689072719906,-0.05059292001539761
MAVIA,SHORT,2025-08-17,2025-09-16,0.17578,0.16132,0.17560422,0.16148131999999998,10.0,0.08042460483011184,0.009,0.7952460483011183,0.21330938166041796,1.0085554299615362
LAUNCHCOIN,SHORT,2025-08-17,2025-09-16,0.054832,0.08789,0.054777168,0.08797788999999999,10.0,-0.606105120293915,0.009,-6.070051202939149,0.5262576201713641,-5.543793582767785
DOT,LONG,2025-08-18,2025-09-17,3.9301,4.2814,3.9340300999999993,4.2771186,10.0,0.08721044101823228,0.009,0.8631044101823228,0.07600575633315568,0.9391101665154784
BNB,LONG,2025-08-18,2025-09-17,844.63,956.94,845.4746299999999,955.98306,10.0,0.13070579066340535,0.009,1.2980579066340536,0.081871479222978,1.3799293858570316
DOGE,LONG,2025-08-18,2025-09-17,0.2237,0.27287,0.22392369999999998,0.27259713,10.0,0.21736613855523132,0.009,2.1646613855523134,0.12334173461156636,2.2880031201638795
LAUNCHCOIN,SHORT,2025-08-18,2025-09-17,0.052137,0.083228,0.052084863,0.08331122799999999,10.0,-0.5995286000848267,0.009,-6.004286000848267,0.5877052175864992,-5.416580783261768
OMNI,SHORT,2025-08-18,2025-09-17,3.9124,3.6117,3.9084876,3.6153116999999995,10.0,0.07501006271581889,0.009,0.7411006271581889,-1.3292355996283576,-0.5881349724701687
MAV,SHORT,2025-08-18,2025-09-17,0.055927,0.071766,0.055871073,0.07183776599999998,10.0,-0.2857774541040224,0.009,-2.8667745410402237,-0.20374318317835063,-3.070517724218574
BNB,LONG,2025-08-19,2025-09-18,832.05,988.36,832.8820499999998,987.37164,10.0,0.1854879571483143,0.009,1.845879571483143,0.0857379158503416,1.9316174873334846
LTC,LONG,2025-08-19,2025-09-18,113.08,118.53,113.19307999999998,118.41147,10.0,0.04610166981939191,0.009,0.4520166981939191,0.11332324791427183,0.5653399461081909
POLYX,LONG,2025-08-19,2025-09-18,0.12919,0.13944,0.12931918999999997,0.13930056000000002,10.0,0.07718398174315852,0.009,0.7628398174315852,0.08822087541771646,0.8510606928493017
PENGU,SHORT,2025-08-19,2025-09-18,0.030379,0.038331,0.030348621,0.03836933099999999,10.0,-0.2642858138430736,0.009,-2.6518581384307356,0.1261460057988467,-2.525712132631889
LDO,SHORT,2025-08-19,2025-09-18,1.2912,1.3361,1.2899087999999999,1.3374361,10.0,-0.03684547310631578,0.009,-0.3774547310631578,0.10057422631755052,-0.27688050474560727
OMNI,SHORT,2025-08-19,2025-09-18,3.6236,3.8679,3.6199764,3.8717678999999996,10.0,-0.06955611644318993,0.009,-0.7045611644318993,-1.5097102857575537,-2.214271450189453
NEO,LONG,2025-08-20,2025-09-19,6.2646,6.5969,6.2708645999999995,6.5903031,10.0,0.05094010481425487,0.009,0.5004010481425487,0.05888341817479204,0.5592844663173407
POLYX,LONG,2025-08-20,2025-09-19,0.13384,0.13543,0.13397383999999998,0.13529457,10.0,0.00985811857001352,0.009,0.08958118570013521,0.08578234171350169,0.1753635274136369
ONDO,LONG,2025-08-20,2025-09-19,0.95262,1.017,0.9535726199999999,1.0159829999999999,10.0,0.06544900586596121,0.009,0.6454900586596121,0.16577229280268135,0.8112623514622934
SCR,SHORT,2025-08-20,2025-09-19,0.40264,0.31891,0.40223736,0.31922891,10.0,0.20636683275765338,0.009,2.054668327576534,0.07783575015013525,2.132504077726669
ARB,SHORT,2025-08-20,2025-09-19,0.51419,0.48975,0.5136758100000001,0.49023975,10.0,0.045624223574008846,0.009,0.4472422357400885,0.12942345614997908,0.5766656918900676
CFX,SHORT,2025-08-20,2025-09-19,0.18793,0.17594,0.18774207,0.17611594,10.0,0.0619260776234118,0.009,0.610260776234118,0.06438332546924619,0.6746441017033642
DOGE,LONG,2025-08-21,2025-09-20,0.21511,0.26614,0.21532510999999996,0.26587385999999996,10.0,0.23475548207080918,0.009,2.338554820708092,0.14298831315047283,2.481543133858565
AAVE,LONG,2025-08-21,2025-09-20,297.55,297.26,297.84754999999996,296.96274,10.0,-0.002970680806338542,0.009,-0.03870680806338542,0.09254381888674258,0.053837010823357165
GALA,LONG,2025-08-21,2025-09-20,0.016154,0.017508,0.016170154,0.017490492,10.0,0.0816527783223339,0.009,0.8075277832233391,0.09268545231059641,0.9002132355339355
LAUNCHCOIN,SHORT,2025-08-21,2025-09-20,0.041555,0.069527,0.041513445,0.06959652699999999,10.0,-0.6764816073443191,0.009,-6.773816073443191,0.806513237386466,-5.967302836056725
UMA,SHORT,2025-08-21,2025-09-20,1.464,1.31,1.462536,1.31131,10.0,0.10339984793536712,0.009,1.0249984793536713,-0.04499292182407817,0.9800055575295931
KAITO,SHORT,2025-08-21,2025-09-20,1.0706,1.1496,1.0695294,1.1507496,10.0,-0.07594012843405704,0.009,-0.7684012843405704,-0.8340219507485536,-1.602423235089124
ETH,LONG,2025-08-22,2025-09-21,4836.3,4494.7,4841.136299999999,4490.2053,10.0,-0.07248938642772765,0.009,-0.7338938642772764,0.0780045676234524,-0.655889296653824
LTC,LONG,2025-08-22,2025-09-21,122.49,115.24,122.61248999999998,115.12476,10.0,-0.06106824843048197,0.009,-0.6196824843048196,0.10471148918409537,-0.5149709951207243
AAVE,LONG,2025-08-22,2025-09-21,337.91,298.3,338.24791,298.0017,10.0,-0.11898435676956574,0.009,-1.1988435676956573,0.08147654104665422,-1.117367026649003
ZEREBRO,SHORT,2025-08-22,2025-09-21,0.026031,0.020196,0.026004969,0.020216195999999995,10.0,0.22260257260833513,0.009,2.2170257260833512,0.2302091181056205,2.447234844188972
OMNI,SHORT,2025-08-22,2025-09-21,3.9231,4.0241,3.9191768999999996,4.028124099999999,10.0,-0.027798490034986634,0.009,-0.28698490034986635,-1.5984181656277625,-1.8854030659776289
VVV,SHORT,2025-08-22,2025-09-21,3.6538,2.4456,3.6501462,2.4480456,10.0,0.32932943891398103,0.009,3.2842943891398106,0.03797333309972625,3.3222677222395367
SOL,LONG,2025-08-23,2025-09-22,204.31,217.12,204.51430999999997,216.90288,10.0,0.060575565592451926,0.009,0.5967556559245193,0.11783066794255131,0.7145863238670707
AAVE,LONG,2025-08-23,2025-09-22,355.44,263.2,355.79544,262.9368,10.0,-0.2609888423527856,0.009,-2.6188884235278556,0.0762761447286677,-2.542612278799188
DOGE,LONG,2025-08-23,2025-09-22,0.23741,0.23616,0.23764740999999998,0.23592384,10.0,-0.007252635322219501,0.009,-0.08152635322219501,0.13178466913369688,0.05025831591150187
LAUNCHCOIN,SHORT,2025-08-23,2025-09-22,0.044895,0.06038,0.044850104999999994,0.060440379999999995,10.0,-0.34760843926675317,0.009,-3.4850843926675314,0.7582921534840777,-2.7267922391834536
PROVE,SHORT,2025-08-23,2025-09-22,1.122,0.80204,1.120878,0.8028420399999999,10.0,0.2837382480519736,0.009,2.8283824805197364,-0.2920465428799834,2.536335937639753
GRASS,SHORT,2025-08-23,2025-09-22,0.81422,0.73186,0.8134057800000001,0.7325918599999999,10.0,0.09935252734496207,0.009,0.9845252734496207,-0.0006144414984240731,0.9839108319511967
SOL,LONG,2025-08-24,2025-09-23,205.14,214.49,205.34513999999996,214.27551,10.0,0.04348956103855217,0.009,0.4258956103855217,0.11155228450495593,0.5374478948904776
AAVE,LONG,2025-08-24,2025-09-23,354.12,273.97,354.47411999999997,273.69603,10.0,-0.22788148821696763,0.009,-2.2878148821696764,0.07098150396443612,-2.2168333782052403
DOT,LONG,2025-08-24,2025-09-23,4.135,3.966,4.139135,3.962034,10.0,-0.04278695911102187,0.009,-0.4368695911102187,0.07416844360850758,-0.3627011475017111
VINE,SHORT,2025-08-24,2025-09-23,0.070863,0.059396,0.07079213699999999,0.059455395999999994,10.0,0.16014124563014673,0.009,1.5924124563014674,0.1917079009698069,1.7841203572712743
LAUNCHCOIN,SHORT,2025-08-24,2025-09-23,0.049583,0.060477,0.049533417,0.060537477,10.0,-0.22215426809743402,0.009,-2.2305426809743403,0.6821572845448962,-1.548385396429444
PROVE,SHORT,2025-08-24,2025-09-23,1.0796,0.79171,1.0785204,0.7925017099999999,10.0,0.2651954381205956,0.009,2.642954381205956,-0.2963175300530894,2.3466368511528666
SOL,LONG,2025-08-25,2025-09-24,191.28,213.12,191.47127999999998,212.90688,10.0,0.11195203792443453,0.009,1.1105203792443454,0.11370542827618849,1.224225807520534
POLYX,LONG,2025-08-25,2025-09-24,0.12727,0.12552,0.12739726999999998,0.12539448,10.0,-0.01572082353099071,0.009,-0.16620823530990714,0.08661838997782292,-0.07958984533208421
ALGO,LONG,2025-08-25,2025-09-24,0.24848,0.21673,0.24872847999999997,0.21651327,10.0,-0.12951958698095195,0.009,-1.3041958698095195,0.08945941630242746,-1.2147364535070921
VVV,SHORT,2025-08-25,2025-09-24,2.8944,2.0743,2.8915056,2.0763743,10.0,0.2819054889604917,0.009,2.8100548896049173,0.04435632317049638,2.8544112127754135
PROVE,SHORT,2025-08-25,2025-09-24,1.0011,0.79548,1.0000989,0.7962754799999999,10.0,0.2038032638572046,0.009,2.0290326385720463,-0.2806269207562672,1.748405717815779
OMNI,SHORT,2025-08-25,2025-09-24,3.4257,4.155,3.4222742999999998,4.159155,10.0,-0.2153190058435703,0.009,-2.1621900584357028,-2.2519205392922776,-4.41411059772798
POL,LONG,2025-08-26,2025-09-25,0.24611,0.21827,0.24635610999999996,0.21805173,10.0,-0.1148921372398678,0.009,-1.1579213723986779,0.12363241213627704,-1.0342889602624008
POLYX,LONG,2025-08-26,2025-09-25,0.13089,0.11825,0.13102089,0.11813175,10.0,-0.09837469429493272,0.009,-0.9927469429493272,0.08363528815137801,-0.9091116547979492
DYM,LONG,2025-08-26,2025-09-25,0.22541,0.17194,0.22563540999999998,0.17176806,10.0,-0.2387362426846034,0.009,-2.396362426846034,0.0651826728333997,-2.331179754012634
MEME,SHORT,2025-08-26,2025-09-25,0.003393,0.002191,0.003389607,0.0021931909999999997,10.0,0.3529659928127362,0.009,3.5206599281273623,0.03684494403392488,3.557504872161287
VINE,SHORT,2025-08-26,2025-09-25,0.070246,0.054041,0.070175754,0.05409504099999999,10.0,0.22914913033923393,0.009,2.2824913033923395,0.2071817913940191,2.4896730947863586
PROVE,SHORT,2025-08-26,2025-09-25,1.033,0.72899,1.0319669999999999,0.72971899,10.0,0.2928853442018979,0.009,2.919853442018979,-0.2721821070463397,2.6476713349726393
SAND,LONG,2025-08-27,2025-09-26,0.28155,0.2654,0.28183155,0.2651346,10.0,-0.05924443164720199,0.009,-0.6014443164720199,0.0887228578252151,-0.5127214586468047
CELO,LONG,2025-08-27,2025-09-26,0.32209,0.25195,0.32241208999999993,0.25169805,10.0,-0.2193281275525367,0.009,-2.2022812755253667,0.07041151254309355,-2.131869762982273
HYPE,LONG,2025-08-27,2025-09-26,48.741,44.883,48.78974099999999,44.838117000000004,10.0,-0.08099292841091305,0.009,-0.8189292841091305,0.13415450064270684,-0.6847747834664236
MEME,SHORT,2025-08-27,2025-09-26,0.003137,0.002324,0.003133863,0.002326324,10.0,0.25768165360132217,0.009,2.567816536013222,0.03350406584429504,2.601320601857517
BIO,SHORT,2025-08-27,2025-09-26,0.18308,0.13491,0.18289692,0.13504491,10.0,0.26163376616730344,0.009,2.6073376616730344,-1.6340523721020015,0.9732852895710329
KAITO,SHORT,2025-08-27,2025-09-26,1.0695,1.0222,1.0684304999999998,1.0232222,10.0,0.042312813046800776,0.009,0.4141281304680078,-0.9029863610744172,-0.4888582306064094
DOGE,LONG,2025-08-28,2025-09-27,0.2197,0.22969,0.2199197,0.22946031,10.0,0.043382243609826704,0.009,0.42482243609826703,0.13719446919480155,0.5620169052930686
SOL,LONG,2025-08-28,2025-09-27,209.79,202.13,209.99978999999996,201.92786999999998,10.0,-0.03843775272346691,0.009,-0.3933775272346691,0.09755728236818716,-0.29582024486648195
POLYX,LONG,2025-08-28,2025-09-27,0.13368,0.11818,0.13381368,0.11806182,10.0,-0.11771487040786857,0.009,-1.1861487040786856,0.08164843089697557,-1.10450027318171
VINE,SHORT,2025-08-28,2025-09-27,0.072012,0.053676,0.07193998800000001,0.053729676,10.0,0.25313198550992266,0.009,2.522319855099227,0.2092769638202469,2.7315968189194737
PROVE,SHORT,2025-08-28,2025-09-27,1.0863,0.73264,1.0852137,0.7333726399999999,10.0,0.3242136180182761,0.009,3.2331361801827607,-0.2662429875182372,2.9668931926645237
MEME,SHORT,2025-08-28,2025-09-27,0.002959,0.002343,0.002956041,0.0023453429999999997,10.0,0.2065932103106825,0.009,2.056932103106825,0.027202631441512484,2.0841347345483374
CELO,LONG,2025-08-29,2025-09-28,0.30838,0.25099,0.30868837999999993,0.25073901,10.0,-0.1877277337099633,0.009,-1.8862773370996329,0.07209685595900955,-1.8141804811406232
SOL,LONG,2025-08-29,2025-09-28,203.03,206.04,203.23302999999999,205.83396,10.0,0.012797772094427787,0.009,0.11897772094427787,0.0998829242684125,0.21886064521269039
DOT,LONG,2025-08-29,2025-09-28,3.7577,3.9009,3.7614576999999993,3.8969991,10.0,0.03603427469089992,0.009,0.3513427469089992,0.08273313394163653,0.43407588085063575
PROVE,SHORT,2025-08-29,2025-09-28,0.99677,0.71857,0.9957732300000001,0.71928857,10.0,0.2776582575934483,0.009,2.767582575934483,-0.2750850753339693,2.492497500600514
NXPC,SHORT,2025-08-29,2025-09-28,0.71593,0.55601,0.7152140699999999,0.5565660099999999,10.0,0.2218189863071346,0.009,2.209189863071346,0.048060346798756357,2.257250209870102
KAITO,SHORT,2025-08-29,2025-09-28,1.0522,1.4641,1.0511478,1.4655640999999997,10.0,-0.39425121757377946,0.009,-3.9515121757377947,-1.192406192676967,-5.143918368414761
POLYX,LONG,2025-08-30,2025-09-29,0.13108,0.119,0.13121107999999998,0.118881,10.0,-0.09397133229907094,0.009,-0.9487133229907094,0.08307283420394071,-0.8656404887867687
POL,LONG,2025-08-30,2025-09-29,0.25394,0.22727,0.25419393999999995,0.22704273,10.0,-0.10681297122976244,0.009,-1.0771297122976242,0.11731874724971811,-0.9598109650479061
ONDO,LONG,2025-08-30,2025-09-29,0.90573,0.8973,0.90663573,0.8964027,10.0,-0.011286815268134178,0.009,-0.12186815268134178,0.19031891115061172,0.06845075846926994
MEME,SHORT,2025-08-30,2025-09-29,0.002858,0.002371,0.0028551419999999997,0.0023733709999999996,10.0,0.16873801723346868,0.009,1.678380172334687,0.026196787595152888,1.70457695992984
PROVE,SHORT,2025-08-30,2025-09-29,0.96387,0.66574,0.96290613,0.66640574,10.0,0.30792242438003803,0.009,3.0702242438003804,-0.32920165023830517,2.741022593562075
VVV,SHORT,2025-08-30,2025-09-29,2.804,1.9444,2.801196,1.9463443999999996,10.0,0.3051737900525348,0.009,3.0427379005253483,0.058048286085514905,3.100786186610863
DOT,LONG,2025-08-31,2025-09-30,3.7973,3.9016,3.8010972999999995,3.8976984000000003,10.0,0.025414003477364524,0.009,0.2451400347736452,0.08729980590912526,0.33243984068277044
APT,LONG,2025-08-31,2025-09-30,4.2858,4.3281,4.2900858,4.3237719,10.0,0.007852080720623284,0.009,0.06952080720623284,0.10335989844750892,0.17288070565374175
BCH,LONG,2025-08-31,2025-09-30,543.61,559.12,544.15361,558.56088,10.0,0.026476476008309567,0.009,0.2557647600830957,0.10084152911063111,0.3566062891937268
VVV,SHORT,2025-08-31,2025-09-30,2.823,1.994,2.820177,1.9959939999999998,10.0,0.29224513213177766,0.009,2.9134513213177766,0.0598470954772697,2.9732984167950463
HYPER,SHORT,2025-08-31,2025-09-30,0.30247,0.23889,0.30216753,0.23912888999999996,10.0,0.20862148888068832,0.009,2.0772148888068833,0.05814361329713356,2.1353585021040167
MAV,SHORT,2025-08-31,2025-09-30,0.07066,0.059201,0.07058934,0.05926020099999999,10.0,0.16049362410811616,0.009,1.5959362410811617,-0.1804596237464042,1.4154766173347575
SAND,LONG,2025-09-01,2025-10-01,0.27107,0.27809,0.27134106999999996,0.27781191,10.0,0.023847624688735965,0.009,0.22947624688735965,0.09296422816240094,0.3224404750497606
ETH,LONG,2025-09-01,2025-10-01,4364.7,4332.7,4369.064699999999,4328.3673,10.0,-0.009314899822838311,0.009,-0.10214899822838311,0.06543514150422172,-0.03671385672416139
HMSTR,LONG,2025-09-01,2025-10-01,0.000671,0.000643,0.000671671,0.000642357,10.0,-0.04364339088631192,0.009,-0.4454339088631192,0.09232730166108111,-0.35310660720203807
CFX,SHORT,2025-09-01,2025-10-01,0.1778,0.14881,0.1776222,0.14895880999999997,10.0,0.1613727901129478,0.009,1.6047279011294782,0.07385581926003619,1.6785837203895144
VVV,SHORT,2025-09-01,2025-10-01,2.6656,1.9903,2.6629344,1.9922902999999998,10.0,0.25184401838813614,0.009,2.5094401838813614,0.06237616656339713,2.5718163504447586
VINE,SHORT,2025-09-01,2025-10-01,0.064445,0.06165,0.064380555,0.06171165,10.0,0.04145514123014326,0.009,0.4055514123014326,0.24295083789445432,0.6485022501958869
BTC,LONG,2025-09-02,2025-10-02,110770.0,120829.0,110880.76999999999,120708.171,10.0,0.08863034591119826,0.009,0.8773034591119825,0.08475414435048567,0.9620576034624682
ETH,LONG,2025-09-02,2025-10-02,4272.4,4495.8,4276.6723999999995,4491.3042000000005,10.0,0.05018663575914794,0.009,0.49286635759147934,0.06981195664273934,0.5626783142342187
ATOM,LONG,2025-09-02,2025-10-02,4.3716,4.2936,4.3759716,4.2893064,10.0,-0.019804790323593432,0.009,-0.20704790323593433,0.05507766934367217,-0.15197023389226216
VVV,SHORT,2025-09-02,2025-10-02,2.7445,2.0836,2.7417555,2.0856836,10.0,0.23928898838718485,0.009,2.3838898838718485,0.06265181388985999,2.4465416977617087
MORPHO,SHORT,2025-09-02,2025-10-02,1.8701,1.9899,1.8682299,1.9918898999999999,10.0,-0.06619099715725558,0.009,-0.6709099715725558,0.23402151818911582,-0.43688845338344
MEME,SHORT,2025-09-02,2025-10-02,0.002503,0.002609,0.002500497,0.002611609,10.0,-0.04443596612993338,0.009,-0.4533596612993338,0.03682519751273447,-0.4165344637865993
SOL,LONG,2025-09-03,2025-10-03,210.31,233.12,210.52030999999997,232.88688,10.0,0.10624423838251058,0.009,1.053442383825106,0.09306094093505754,1.1465033247601635
ETH,LONG,2025-09-03,2025-10-03,4474.0,4520.1,4478.473999999999,4515.579900000001,10.0,0.00828538917497375,0.009,0.0738538917497375,0.06894687883973427,0.14280077058947177
SAND,LONG,2025-09-03,2025-10-03,0.283,0.28771,0.28328299999999995,0.28742229,10.0,0.014611854576519149,0.009,0.13711854576519147,0.09001748709887288,0.22713603286406436
LAUNCHCOIN,SHORT,2025-09-03,2025-10-03,0.060573,0.11957,0.060512427,0.11968956999999998,10.0,-0.9779337226054406,0.009,-9.788337226054407,0.7725791169118866,-9.01575810914252
BIO,SHORT,2025-09-03,2025-10-03,0.14429,0.1415,0.14414571,0.14164149999999998,10.0,0.0173727681524482,0.009,0.164727681524482,-1.0204757085184843,-0.8557480269940023
MEME,SHORT,2025-09-03,2025-10-03,0.002575,0.002545,0.002572425,0.0025475449999999996,10.0,0.009671807730060374,0.009,0.08771807730060376,0.04202858860102822,0.12974666590163197
ATOM,LONG,2025-09-04,2025-10-04,4.3427,4.1148,4.347042699999999,4.1106852,10.0,-0.05437202169649716,0.009,-0.5527202169649715,0.05811097268911116,-0.4946092442758604
DOGE,LONG,2025-09-04,2025-10-04,0.21066,0.2495,0.21087065999999996,0.24925049999999999,10.0,0.1820065437268515,0.009,1.8110654372685149,0.14383365143249424,1.9548990887010091
SAND,LONG,2025-09-04,2025-10-04,0.26997,0.27823,0.27023996999999994,0.27795177,10.0,0.028536859295832693,0.009,0.27636859295832694,0.09443208030192576,0.3708006732602527
PROMPT,SHORT,2025-09-04,2025-10-04,0.162,0.14023,0.161838,0.14037022999999998,10.0,0.1326497485139462,0.009,1.317497485139462,0.08503610772185767,1.4025335928613198
BABY,SHORT,2025-09-04,2025-10-04,0.043855,0.053665,0.043811144999999996,0.05371866499999999,10.0,-0.2261415445772987,0.009,-2.270415445772987,0.05676937071512284,-2.213646075057864
VVV,SHORT,2025-09-04,2025-10-04,2.6166,1.9219,2.6139834,1.9238218999999996,10.0,0.26402673406418736,0.009,2.6312673406418736,0.09423234761571173,2.7254996882575853
ONDO,LONG,2025-09-05,2025-10-05,0.91797,0.91339,0.9188879699999999,0.91247661,10.0,-0.006977303228814571,0.009,-0.07877303228814571,0.18832581838821988,0.10955278610007417
POLYX,LONG,2025-09-05,2025-10-05,0.12716,0.11766,0.12728715999999998,0.11754234,10.0,-0.07655776120702189,0.009,-0.7745776120702189,0.08032789922526358,-0.6942497128449553
JUP,LONG,2025-09-05,2025-10-05,0.49515,0.44919,0.4956451499999999,0.44874081,10.0,-0.0946329042057608,0.009,-0.955329042057608,0.1179456218872716,-0.8373834201703364
MAV,SHORT,2025-09-05,2025-10-05,0.076011,0.056637,0.075934989,0.05669363699999999,10.0,0.2533924381025459,0.009,2.524924381025459,-0.12038465412021064,2.4045397269052486
BIO,SHORT,2025-09-05,2025-10-05,0.16634,0.13557,0.16617366,0.13570556999999997,10.0,0.18335089929414825,0.009,1.8245089929414826,-0.8724871059291828,0.9520218870122998
USUAL,SHORT,2025-09-05,2025-10-05,0.05983,0.05192,0.059770170000000004,0.05197192,10.0,0.13047060097035035,0.009,1.2957060097035036,0.055491038293014716,1.3511970479965183
BCH,LONG,2025-09-06,2025-10-06,594.68,604.26,595.2746799999999,603.65574,10.0,0.014079315451482268,0.009,0.13179315451482268,0.08301776039555388,0.21481091491037657
SAND,LONG,2025-09-06,2025-10-06,0.27813,0.2875,0.27840813,0.2872125,10.0,0.03162396873970601,0.009,0.3072396873970601,0.09172976126031235,0.39896944865737244
DOT,LONG,2025-09-06,2025-10-06,3.7885,4.4009,3.7922884999999997,4.3964991,10.0,0.15932611667071217,0.009,1.5842611667071218,0.09627175601629466,1.6805329227234165
PROMPT,SHORT,2025-09-06,2025-10-06,0.17337,0.15393,0.17319663,0.15408393,10.0,0.11035260905480657,0.009,1.0945260905480658,0.0785463960903281,1.173072486638394
PYTH,SHORT,2025-09-06,2025-10-06,0.16898,0.16636,0.16881101999999998,0.16652635999999998,10.0,0.013533832092241337,0.009,0.12633832092241337,0.014041432934117692,0.14037975385653106
GRIFFAIN,SHORT,2025-09-06,2025-10-06,0.033069,0.034158,0.033035931000000004,0.034192158,10.0,-0.03499907418985697,0.009,-0.3589907418985697,0.27832442061318025,-0.08066632128538948
POLYX,LONG,2025-09-07,2025-10-07,0.12647,0.11588,0.12659647,0.11576412,10.0,-0.08556597194218758,0.009,-0.8646597194218758,0.08044721871905276,-0.784212500702823
BIGTIME,LONG,2025-09-07,2025-10-07,0.051211,0.047354,0.051262210999999995,0.047306646,10.0,-0.07716337088932809,0.009,-0.780633708893281,0.26324331155441194,-0.517390397338869
GAS,LONG,2025-09-07,2025-10-07,3.2273,2.9863,3.2305273,2.9833137,10.0,-0.0765242256271909,0.009,-0.774242256271909,0.0872056902378135,-0.6870365660340956
BIO,SHORT,2025-09-07,2025-10-07,0.16102,0.12684,0.16085897999999998,0.12696684,10.0,0.21069473398376634,0.009,2.0979473398376633,-0.6039383027515157,1.4940090370861476
LDO,SHORT,2025-09-07,2025-10-07,1.1787,1.1887,1.1775213,1.1898887,10.0,-0.010502909798744216,0.009,-0.11402909798744215,0.13108724368281066,0.01705814569536851
PROVE,SHORT,2025-09-07,2025-10-07,0.8748,0.75888,0.8739252000000001,0.7596388799999999,10.0,0.13077357192583547,0.009,1.2987357192583548,-0.22586705337784058,1.0728686658805142
BNB,LONG,2025-09-08,2025-10-08,876.77,1316.4,877.6467699999998,1315.0836000000002,10.0,0.49842014458732686,0.009,4.975201445873268,0.08758961380111957,5.062791059674388
SAND,LONG,2025-09-08,2025-10-08,0.29446,0.27458,0.29475445999999994,0.27430541999999997,10.0,-0.06937652444682255,0.009,-0.7027652444682254,0.08655513235602952,-0.6162101121121959
LTC,LONG,2025-09-08,2025-10-08,112.43,118.86,112.54243,118.74114,10.0,0.05507887114219948,0.009,0.5417887114219948,0.11790290549191092,0.6596916169139058
BIO,SHORT,2025-09-08,2025-10-08,0.16022,0.12818,0.16005978,0.12830817999999997,10.0,0.19837338274487223,0.009,1.9747338274487225,-0.5771968961491762,1.3975369312995463
LAUNCHCOIN,SHORT,2025-09-08,2025-10-08,0.076958,0.10868,0.076881042,0.10878867999999998,10.0,-0.4150260866651624,0.009,-4.159260866651624,0.7189708271634507,-3.4402900394881732
BABY,SHORT,2025-09-08,2025-10-08,0.049629,0.04957,0.049579371,0.049619569999999995,10.0,-0.0008108009276680358,0.009,-0.01710800927668036,0.05211448717751986,0.0350064779008395
BNB,LONG,2025-09-09,2025-10-09,876.89,1242.0,877.7668899999999,1240.758,10.0,0.41353930540715683,0.009,4.126393054071568,0.09032756446762308,4.216720618539191
LTC,LONG,2025-09-09,2025-10-09,111.91,119.22,112.02190999999999,119.10078,10.0,0.06319183452594238,0.009,0.6229183452594237,0.12464362916156314,0.7475619744209868
SOL,LONG,2025-09-09,2025-10-09,216.52,218.25,216.73651999999998,218.03175,10.0,0.005976057934306612,0.009,0.05076057934306612,0.0921603393560993,0.1429209186991654
BIO,SHORT,2025-09-09,2025-10-09,0.15006,0.11509,0.14990994,0.11520508999999998,10.0,0.23150466206577103,0.009,2.3060466206577104,-0.5867365327033685,1.719310087954342
LAUNCHCOIN,SHORT,2025-09-09,2025-10-09,0.08525,0.12335,0.08516475000000001,0.12347334999999998,10.0,-0.4498175594949784,0.009,-4.507175594949785,0.6592149325611946,-3.8479606623885902
FARTCOIN,SHORT,2025-09-09,2025-10-09,0.8395,0.63279,0.8386605,0.6334227899999999,10.0,0.24472084949750242,0.009,2.4382084949750245,0.18273055092284662,2.620939045897871
ATOM,LONG,2025-09-10,2025-10-10,4.6188,3.9082,4.6234188,3.9042917999999998,10.0,-0.15554009513479503,0.009,-1.5644009513479502,0.05693976926913911,-1.507461182078811
DOT,LONG,2025-09-10,2025-10-10,4.1636,3.9265,4.167763599999999,3.9225735,10.0,-0.058830136143038204,0.009,-0.597301361430382,0.09338626296491484,-0.5039150984654672
ZEN,LONG,2025-09-10,2025-10-10,7.4158,14.853,7.4232157999999995,14.838147,10.0,0.998883960776137,0.009,9.979839607761368,0.0969978912144249,10.076837498975793
BIO,SHORT,2025-09-10,2025-10-10,0.14266,0.10496,0.14251734000000002,0.10506495999999999,10.0,0.26279174169262515,0.009,2.6189174169262515,-0.5938193385457516,2.0250980783804997
MAV,SHORT,2025-09-10,2025-10-10,0.065089,0.046341,0.06502391099999999,0.046387341,10.0,0.2866110283646272,0.009,2.8571102836462723,-0.15007317263535563,2.7070371110109166
EIGEN,SHORT,2025-09-10,2025-10-10,1.3915,1.6302,1.3901085,1.6318302,10.0,-0.17388693040866957,0.009,-1.7478693040866955,0.28514347127083967,-1.4627258328158559
SOL,LONG,2025-09-11,2025-10-11,226.56,177.32,226.78655999999998,177.14267999999998,10.0,-0.21890133171912832,0.009,-2.198013317191283,0.0581159432291314,-2.1398973739621514
LTC,LONG,2025-09-11,2025-10-11,115.12,93.761,115.23512,93.667239,10.0,-0.1871641301714269,0.009,-1.880641301714269,0.11847066505584408,-1.7621706366584249
TAO,LONG,2025-09-11,2025-10-11,359.3,293.36,359.6593,293.06664,10.0,-0.18515483959402682,0.009,-1.860548395940268,0.14471239890296178,-1.7158359970373063
MAV,SHORT,2025-09-11,2025-10-11,0.073422,0.039018,0.073348578,0.03905701799999999,10.0,0.46751499395121204,0.009,4.66614993951212,-0.12431852982536348,4.541831409686757
BIO,SHORT,2025-09-11,2025-10-11,0.15337,0.081134,0.15321663,0.081215134,10.0,0.4699326437345607,0.009,4.690326437345607,-0.5363843278881021,4.153942109457504
PYTH,SHORT,2025-09-11,2025-10-11,0.17941,0.10787,0.17923059,0.10797786999999998,10.0,0.3975477623546294,0.009,3.9664776235462944,0.014193235688561871,3.980670859234856
SAND,LONG,2025-09-12,2025-10-12,0.3116,0.22147,0.31191159999999996,0.22124853,10.0,-0.29066911907091614,0.009,-2.915691190709161,0.06648089164086878,-2.8492102990682926
DOGE,LONG,2025-09-12,2025-10-12,0.2718,0.20987,0.2720718,0.20966013,10.0,-0.2293941158179568,0.009,-2.302941158179568,0.10176848737208341,-2.2011726708074844
HBAR,LONG,2025-09-12,2025-10-12,0.24485,0.18661,0.24509484999999998,0.18642339,10.0,-0.2393826716473234,0.009,-2.402826716473234,0.13076800208588635,-2.272058714387348
TST,SHORT,2025-09-12,2025-10-12,0.029333,0.024507,0.029303667000000002,0.024531506999999998,10.0,0.16285197344073027,0.009,1.619519734407303,0.22358839509628603,1.843108129503589
KAITO,SHORT,2025-09-12,2025-10-12,1.2462,1.1786,1.2449538,1.1797786,10.0,0.05235150091513444,0.009,0.5145150091513444,-0.9661582173681547,-0.45164320821681025
WLD,SHORT,2025-09-12,2025-10-12,1.6522,1.0357,1.6505477999999998,1.0367357,10.0,0.3718838678891941,0.009,3.709838678891941,0.09884165481523166,3.8086803337071724
SAND,LONG,2025-09-13,2025-10-13,0.32757,0.2339,0.3278975699999999,0.2336661,10.0,-0.2873808122457265,0.009,-2.8828081224572646,0.05549458041134616,-2.8273135420459186
ETH,LONG,2025-09-13,2025-10-13,4640.9,4248.8,4645.540899999999,4244.5512,10.0,-0.08631711756105716,0.009,-0.8721711756105716,0.06091780068114352,-0.8112533749294281
DOGE,LONG,2025-09-13,2025-10-13,0.28638,0.2158,0.28666638,0.2155842,10.0,-0.2479613409845968,0.009,-2.488613409845968,0.08694397713373295,-2.401669432712235
PYTH,SHORT,2025-09-13,2025-10-13,0.17474,0.13311,0.17456526,0.13324311,10.0,0.23671462466243284,0.009,2.3581462466243286,0.009488607417535428,2.367634854041864
FARTCOIN,SHORT,2025-09-13,2025-10-13,0.93229,0.45308,0.93135771,0.4535330799999999,10.0,0.5130409346157666,0.009,5.121409346157666,0.10920568422594579,5.230615030383611
BIO,SHORT,2025-09-13,2025-10-13,0.16773,0.099864,0.16756226999999999,0.09996386399999999,10.0,0.40342259626824106,0.009,4.02522596268241,-0.4629587042234866,3.5622672584589234
LTC,LONG,2025-09-14,2025-10-14,115.17,98.085,115.28517,97.986915,10.0,-0.15004752996417492,0.009,-1.509475299641749,0.10281552661728305,-1.406659773024466
SAND,LONG,2025-09-14,2025-10-14,0.30895,0.22494,0.30925895,0.22471506,10.0,-0.27337572607033683,0.009,-2.7427572607033683,0.05713332194735189,-2.6856239387560166
DOT,LONG,2025-09-14,2025-10-14,4.3297,3.2301,4.334029699999999,3.2268699,10.0,-0.2554573633863191,0.009,-2.5635736338631907,0.05693263500557,-2.5066409988576206
MAV,SHORT,2025-09-14,2025-10-14,0.071226,0.042839,0.071154774,0.042881839,10.0,0.39734417538870975,0.009,3.9644417538870975,-0.2977637644491148,3.6666779894379826
WLD,SHORT,2025-09-14,2025-10-14,1.6017,0.95613,1.6000983,0.95708613,10.0,0.4018579171042179,0.009,4.009579171042179,0.09487623406358223,4.104455405105761
PROMPT,SHORT,2025-09-14,2025-10-14,0.17929,0.095364,0.17911071,0.09545936399999999,10.0,0.46703709677662497,0.009,4.661370967766249,0.0661596952300284,4.727530662996277
POLYX,LONG,2025-09-15,2025-10-15,0.13156,0.089933,0.13169155999999999,0.089843067,10.0,-0.3177765758109327,0.009,-3.186765758109327,0.057818385978030795,-3.1289473721312966
BCH,LONG,2025-09-15,2025-10-15,591.67,522.63,592.2616699999999,522.10737,10.0,-0.11845152835907807,0.009,-1.1935152835907807,0.06855083554902347,-1.1249644480417573
ZRO,LONG,2025-09-15,2025-10-15,1.8715,1.8358,1.8733714999999997,1.8339642,10.0,-0.021035496696730844,0.009,-0.21935496696730844,0.20736674229638918,-0.011988224670919256
EIGEN,SHORT,2025-09-15,2025-10-15,1.5312,1.2602,1.5296687999999998,1.2614602,10.0,0.1753376940158549,0.009,1.744376940158549,0.19749048947569567,1.9418674296342446
AI16Z,SHORT,2025-09-15,2025-10-15,0.1063,0.06243,0.1061937,0.062492429999999995,10.0,0.411524129962512,0.009,4.106241299625119,0.0474559363224937,4.153697235947613
MEME,SHORT,2025-09-15,2025-10-15,0.002553,0.001717,0.002550447,0.0017187169999999998,10.0,0.3261114620299893,0.009,3.2521146202998934,0.008897154353727014,3.2610117746536202
BTC,LONG,2025-09-16,2025-10-16,116775.0,108211.0,116891.775,108102.789,10.0,-0.07518908836827903,0.009,-0.7608908836827903,0.08593079960037395,-0.6749600840824164
BNB,LONG,2025-09-16,2025-10-16,954.67,1144.0,955.6246699999998,1142.856,10.0,0.19592559283761501,0.009,1.9502559283761502,0.074547863834522,2.024803792210672
PAXG,LONG,2025-09-16,2025-10-16,3698.2,4328.2,3701.8981999999996,4323.8718,10.0,0.1680147768515083,0.009,1.6711477685150833,0.07531916907674557,1.746466937591829
LAUNCHCOIN,SHORT,2025-09-16,2025-10-16,0.08789,0.083003,0.08780211,0.08308600299999998,10.0,0.053712911910659376,0.009,0.5281291191065938,0.46896797786688726,0.997097096973481
AI16Z,SHORT,2025-09-16,2025-10-16,0.1126,0.0578,0.1124874,0.057857799999999994,10.0,0.4856508373382264,0.009,4.847508373382263,0.043554412004811215,4.891062785387074
YGG,SHORT,2025-09-16,2025-10-16,0.19577,0.1568,0.19557423,0.15695679999999998,10.0,0.19745663833113397,0.009,1.96556638331134,-0.11818283918597047,1.8473835441253694
BNB,LONG,2025-09-17,2025-10-17,956.94,1066.1,957.89694,1065.0339,10.0,0.1118460196772316,0.009,1.109460196772316,0.07310494079594826,1.1825651375682644
BTC,LONG,2025-09-17,2025-10-17,115677.0,106421.0,115792.67699999998,106314.579,10.0,-0.0818540364171733,0.009,-0.827540364171733,0.08653940627474224,-0.7410009578969908
TNSR,LONG,2025-09-17,2025-10-17,0.12176,0.06421,0.12188175999999998,0.06414579000000001,10.0,-0.47370476107335485,0.009,-4.746047610733549,0.07327208999541854,-4.6727755207381305
EIGEN,SHORT,2025-09-17,2025-10-17,1.6995,1.1717,1.6978005,1.1728716999999997,10.0,0.3091816735829683,0.009,3.0828167358296827,0.17645850108755415,3.259275236917237
PYTH,SHORT,2025-09-17,2025-10-17,0.16665,0.10821,0.16648335,0.10831820999999998,10.0,0.34937511769194945,0.009,3.4847511769194948,-0.004521990376815453,3.480229186542679
IO,SHORT,2025-09-17,2025-10-17,0.6387,0.3175,0.6380613,0.3178175,10.0,0.5019013063478385,0.009,5.010013063478384,-0.004277607449456655,5.005735456028927
BNB,LONG,2025-09-18,2025-10-18,988.36,1102.3,989.34836,1101.1977,10.0,0.11305354566919178,0.009,1.1215354566919178,0.06822907460278199,1.1897645312946998
BCH,LONG,2025-09-18,2025-10-18,636.94,466.31,637.57694,465.84369,10.0,-0.26935298193187485,0.009,-2.7025298193187486,0.05925235387570636,-2.643277465443042
SUI,LONG,2025-09-18,2025-10-18,3.9579,2.4959,3.9618578999999996,2.4934041,10.0,-0.37064777108739816,0.009,-3.7154777108739814,0.056269438143780985,-3.6592082727302
YZY,SHORT,2025-09-18,2025-10-18,0.47069,0.39645,0.47021931,0.39684644999999996,10.0,0.15603965732500447,0.009,1.5513965732500448,-0.6065368317454041,0.9448597415046407
YGG,SHORT,2025-09-18,2025-10-18,0.19491,0.14602,0.19471509,0.14616602,10.0,0.24933388573017118,0.009,2.484338857301712,-0.1667621375590356,2.3175767197426764
BIO,SHORT,2025-09-18,2025-10-18,0.1762,0.080317,0.1760238,0.080397317,10.0,0.5432588263632532,0.009,5.423588263632531,-0.38315176180479005,5.040436501827742
LTC,LONG,2025-09-19,2025-10-19,113.86,94.073,113.97385999999999,93.978927,10.0,-0.1754343759174252,0.009,-1.7633437591742518,0.09788872330035153,-1.6654550358739002
DYDX,LONG,2025-09-19,2025-10-19,0.65707,0.33867,0.65772707,0.33833133000000004,10.0,-0.4856052830545654,0.009,-4.865052830545654,0.062141445847941165,-4.802911384697713
SOL,LONG,2025-09-19,2025-10-19,236.14,188.81,236.37613999999996,188.62119,10.0,-0.20202948571712848,0.009,-2.0292948571712848,-0.015289389291533409,-2.044584246462818
AI16Z,SHORT,2025-09-19,2025-10-19,0.11364,0.05979,0.11352636,0.05984978999999999,10.0,0.47281151267423716,0.009,4.719115126742372,0.037361185615393644,4.756476312357766
BABY,SHORT,2025-09-19,2025-10-19,0.055087,0.033401,0.055031912999999995,0.033434400999999996,10.0,0.39245432009605047,0.009,3.9155432009605047,-0.02919343847732496,3.8863497624831798
YZY,SHORT,2025-09-19,2025-10-19,0.45666,0.40428,0.45620334,0.40468427999999995,10.0,0.11293003685593371,0.009,1.1203003685593371,-0.6693711034393786,0.45092926511995857
POLYX,LONG,2025-09-20,2025-10-20,0.13474,0.088418,0.13487474,0.08832958199999999,10.0,-0.34509914903265065,0.009,-3.4599914903265065,0.03969837136571311,-3.4202931189607932
ONDO,LONG,2025-09-20,2025-10-20,1.0161,0.75273,1.0171161,0.75197727,10.0,-0.2606770554511918,0.009,-2.615770554511918,0.0298432531652778,-2.5859273013466404
HMSTR,LONG,2025-09-20,2025-10-20,0.000735,0.00043,0.000735735,0.00042957,10.0,-0.4161348855226406,0.009,-4.170348855226407,0.07104302622547522,-4.099305829000931
AI16Z,SHORT,2025-09-20,2025-10-20,0.11365,0.05914,0.11353635,0.05919913999999999,10.0,0.4785886634544796,0.009,4.776886634544796,0.03410974461808927,4.8109963791628845
VVV,SHORT,2025-09-20,2025-10-20,2.5035,1.5141,2.5009965,1.5156140999999999,10.0,0.39399591322898697,0.009,3.93095913228987,-0.06929536668567908,3.861663765604191
W,SHORT,2025-09-20,2025-10-20,0.11929,0.07619,0.11917071,0.07626618999999998,10.0,0.36002571437226494,0.009,3.5912571437226495,0.06482432229177791,3.6560814660144274
BNB,LONG,2025-09-21,2025-10-21,1047.2,1089.6,1048.2472,1088.5104,10.0,0.038410023895126905,0.009,0.37510023895126904,0.04579607854748384,0.4208963174987529
RENDER,LONG,2025-09-21,2025-10-21,3.9719,2.6047,3.9758718999999996,2.6020952999999998,10.0,-0.34552838586172757,0.009,-3.4642838586172755,0.0468052745687053,-3.4174785840485704
DYDX,LONG,2025-09-21,2025-10-21,0.69282,0.34713,0.6935128199999999,0.34678287,10.0,-0.49996184641547065,0.009,-5.008618464154707,0.04965803551648837,-4.9589604286382185
TST,SHORT,2025-09-21,2025-10-21,0.039285,0.021135,0.039245715,0.021156135,10.0,0.46093133989277557,0.009,4.600313398927756,0.16771469672092865,4.768028095648685
WLD,SHORT,2025-09-21,2025-10-21,1.4809,0.92941,1.4794191,0.9303394099999999,10.0,0.3711454651356064,0.009,3.702454651356064,0.05875678859932254,3.7612114399553866
LAUNCHCOIN,SHORT,2025-09-21,2025-10-21,0.06742,0.069909,0.06735258,0.06997890899999999,10.0,-0.03899374010616961,0.009,-0.39893740106169606,0.5665139208402263,0.16757651977853028
BNB,LONG,2025-09-22,2025-10-22,981.12,1068.9,982.1011199999999,1067.8311,10.0,0.08729241648762216,0.009,0.8639241648762216,0.04331635126857407,0.9072405161447956
LTC,LONG,2025-09-22,2025-10-22,104.65,93.788,104.75465,93.694212,10.0,-0.10558421988904555,0.009,-1.0648421988904555,0.1001415098540924,-0.9647006890363631
JUP,LONG,2025-09-22,2025-10-22,0.46164,0.34619,0.4621016399999999,0.34584381,10.0,-0.25158497598060886,0.009,-2.5248497598060884,-0.030245095801564356,-2.5550948556076527
BIO,SHORT,2025-09-22,2025-10-22,0.14574,0.08389,0.14559426,0.08397389,10.0,0.4232335120903805,0.009,4.223335120903805,-1.1537601335358412,3.0695749873679636
AI16Z,SHORT,2025-09-22,2025-10-22,0.09031,0.05515,0.09021969,0.055205149999999995,10.0,0.3881030848144126,0.009,3.8720308481441257,0.03720642271614988,3.9092372708602756
TST,SHORT,2025-09-22,2025-10-22,0.034619,0.019768,0.034584381,0.019787767999999997,10.0,0.427840908877334,0.009,4.269409088773339,0.18400170785236838,4.4534107966257075
MNT,LONG,2025-09-23,2025-10-23,1.806,1.6805,1.8078059999999998,1.6788195000000001,10.0,-0.07134974659891585,0.009,-0.7224974659891585,0.16067142385836758,-0.561826042130791
POLYX,LONG,2025-09-23,2025-10-23,0.12472,0.086408,0.12484471999999998,0.086321592,10.0,-0.3085683399346002,0.009,-3.094683399346002,0.03575092950222485,-3.058932469843777
BLUR,LONG,2025-09-23,2025-10-23,0.075004,0.05129,0.07507900399999999,0.05123871,10.0,-0.31753609837445357,0.009,-3.1843609837445355,0.06148487953373757,-3.122876104210798
AI16Z,SHORT,2025-09-23,2025-10-23,0.09312,0.05738,0.09302687999999999,0.057437379999999996,10.0,0.3825722199863093,0.009,3.816722199863093,0.03404481480385025,3.8507670146669435
TST,SHORT,2025-09-23,2025-10-23,0.034121,0.019922,0.034086879,0.019941921999999997,10.0,0.4149677944994613,0.009,4.1406779449946125,0.18219653790207663,4.322874482896689
LAUNCHCOIN,SHORT,2025-09-23,2025-10-23,0.060477,0.072339,0.060416523,0.07241133899999999,10.0,-0.19853535762062957,0.009,-1.9943535762062956,0.6328811520046262,-1.3614724242016694
LTC,LONG,2025-09-24,2025-10-24,106.08,96.168,106.18607999999999,96.071832,12.0,-0.09525022488823384,0.0108,-1.153802698658806,0.11545520370381883,-1.0383474949549871
POLYX,LONG,2025-09-24,2025-10-24,0.12552,0.086695,0.12564551999999998,0.086608305,12.0,-0.3106932503443019,0.0108,-3.739119004131623,0.02948349075230697,-3.709635513379316
ANIME,LONG,2025-09-24,2025-10-24,0.015156,0.009414,0.015171155999999998,0.009404586000000001,12.0,-0.380100896727975,0.0108,-4.572010760735699,0.017972244481488424,-4.55403851625421
AI16Z,SHORT,2025-09-24,2025-10-24,0.09346,0.05984,0.09336654,0.05989983999999999,12.0,0.35844425636850213,0.0108,4.290531076422026,0.03919754601046586,4.329728622432492
MAV,SHORT,2025-09-24,2025-10-24,0.066031,0.038708,0.06596496900000001,0.038746708,12.0,0.4126168997365861,0.0108,4.940602796839034,-0.4629648249666515,4.477637971872382
XRP,LONG,2025-09-25,2025-10-25,2.7584,2.6036,2.7611584,2.6009964,12.0,-0.05800536470490056,0.0108,-0.7068643764588067,0.06150877412632322,-0.6453556023324836
SUI,LONG,2025-09-25,2025-10-25,3.1694,2.5526,3.1725693999999995,2.5500474,12.0,-0.19622013627188098,0.0108,-2.365441635262572,0.06075626961778048,-2.3046853656447914
BTC,LONG,2025-09-25,2025-10-25,109306.0,111669.0,109415.30599999998,111557.331,12.0,0.01957701420676942,0.0108,0.22412417048123304,0.10264375319799227,0.3267679236792253
FTT,SHORT,2025-09-25,2025-10-25,0.87236,0.8928,0.87148764,0.8936928,12.0,-0.02547960404808489,0.0108,-0.31655524857701867,0.18373489960784295,-0.13282034896917572
OM,SHORT,2025-09-25,2025-10-25,0.16052,0.11705,0.16035948,0.11716705,12.0,0.2693475309348721,0.0108,3.2213703712184656,-1.7546609623666776,1.466709408851788
JUP,LONG,2025-09-26,2025-10-26,0.44192,0.42708,0.4423619199999999,0.42665292,10.0,-0.03551164621041504,0.009,-0.3641164621041504,-0.09931084891561193,-0.4634273110197623
POLYX,LONG,2025-09-26,2025-10-26,0.12011,0.088842,0.12023010999999999,0.088753158,10.0,-0.26180589870540744,0.009,-2.6270589870540744,0.02089404219557813,-2.606164944858496
ANIME,LONG,2025-09-26,2025-10-26,0.014385,0.009909,0.014399384999999999,0.009899090999999999,10.0,-0.3125337644628573,0.009,-3.1343376446285727,0.011897417397548578,-3.122440227231024
SNX,SHORT,2025-09-26,2025-10-26,1.1066,1.2286,1.1054934,1.2298285999999998,10.0,-0.11247032320590945,0.009,-1.1337032320590945,0.23593263390393826,-0.8977705981551563
MEME,SHORT,2025-09-26,2025-10-26,0.002324,0.001697,0.002321676,0.0016986969999999997,10.0,0.26833158459664497,0.009,2.67431584596645,-0.0370984267860804,2.6372174191803692
TST,SHORT,2025-09-26,2025-10-26,0.030947,0.020053,0.030916053,0.020073053,10.0,0.35072394267146584,0.009,3.4982394267146586,0.19594323956014048,3.694182666274799
ADA,LONG,2025-09-27,2025-10-27,0.78155,0.67444,0.7823315499999999,0.67376556,12.0,-0.13877235297489907,0.0108,-1.6760682356987886,0.06229158495517663,-1.613776650743612
APT,LONG,2025-09-27,2025-10-27,4.1916,3.4812,4.1957916,3.4777188,12.0,-0.17114119776587566,0.0108,-2.064494373190508,-0.5982867300076677,-2.662781103198176
MINA,LONG,2025-09-27,2025-10-27,0.15708,0.10786,0.15723707999999997,0.10775214,12.0,-0.3147154602463998,0.0108,-3.787385522956798,0.09149325174069631,-3.6958922712161018
MAV,SHORT,2025-09-27,2025-10-27,0.059084,0.038108,0.059024916,0.038146108,12.0,0.3537287202577298,0.0108,4.233944643092758,-0.5015081915839678,3.73243645150879
PROMPT,SHORT,2025-09-27,2025-10-27,0.1291,0.090623,0.1289709,0.09071362299999998,12.0,0.29663495408654217,0.0108,3.548819449038506,0.03261914673010423,3.58143859576861
BNB,LONG,2025-09-28,2025-10-28,977.45,1127.7,978.4274499999999,1126.5723,12.0,0.15141117514640473,0.0108,1.8061341017568568,0.03856066952004669,1.8446947712769035
XRP,LONG,2025-09-28,2025-10-28,2.8275,2.6397,2.8303274999999997,2.6370603,12.0,-0.06828439465044231,0.0108,-0.8302127358053077,0.0591673535026459,-0.7710453823026618
POLYX,LONG,2025-09-28,2025-10-28,0.11787,0.085222,0.11798787,0.08513677800000001,12.0,-0.2784277061701341,0.0108,-3.3519324740416097,0.02219960477903364,-3.329732869262576
AI16Z,SHORT,2025-09-28,2025-10-28,0.088,0.06701,0.08791199999999999,0.06707700999999999,12.0,0.23699824824824825,0.0108,2.833178978978979,0.03769185828446629,2.8708708372634453
IP,SHORT,2025-09-28,2025-10-28,8.9407,5.1027,8.9317593,5.107802699999999,12.0,0.42813027888022026,0.0108,5.126763346562644,-0.4363680182485661,4.690395328314078
ETH,LONG,2025-09-29,2025-10-29,4186.5,3903.3,4190.6865,3899.3967000000002,12.0,-0.06950885016094609,0.0108,-0.844906201931353,0.07101705503654356,-0.7738891468948095
XRP,LONG,2025-09-29,2025-10-29,2.8964,2.5862,2.8992963999999994,2.5836137999999997,12.0,-0.10888248610938839,0.0108,-1.3173898333126606,0.05671911376644347,-1.260670719546217
SOL,LONG,2025-09-29,2025-10-29,212.85,192.75,213.06284999999997,192.55725,12.0,-0.09624202436041741,0.0108,-1.165704292325009,-0.03788255169067718,-1.203586844015686
SNX,SHORT,2025-09-29,2025-10-29,1.1454,1.1621,1.1442546,1.1632620999999999,12.0,-0.01661125067795213,0.0108,-0.21013500813542554,0.2452375852720505,0.03510257713662496
YGG,SHORT,2025-09-29,2025-10-29,0.16792,0.12947,0.16775208000000003,0.12959947,12.0,0.22743449738447372,0.0108,2.7184139686136843,-0.32913014650555744,2.3892838221081267
BTC,LONG,2025-09-30,2025-10-30,114330.0,106526.0,114444.32999999999,106419.474,10.0,-0.07012017109104475,0.009,-0.7102017109104475,0.08765677463140377,-0.6225449362790437
XRP,LONG,2025-09-30,2025-10-30,2.8622,2.383,2.8650621999999997,2.380617,10.0,-0.16908714931215096,0.009,-1.6998714931215095,0.04614997353010348,-1.6537215195914061
SOL,LONG,2025-09-30,2025-10-30,208.92,179.02,209.12891999999997,178.84098,10.0,-0.14482903655792784,0.009,-1.4572903655792784,-0.03186983486851076,-1.489160200447789
W,SHORT,2025-09-30,2025-10-30,0.10071,0.0607,0.10060928999999999,0.06076069999999999,10.0,0.3960726688360489,0.009,3.9517266883604893,0.04124084038690662,3.992967528747396
IP,SHORT,2025-09-30,2025-10-30,8.6062,4.3295,8.5975938,4.3338295,10.0,0.4959253017978123,0.009,4.950253017978123,-0.4341381206144212,4.5161148973637015
EIGEN,SHORT,2025-09-30,2025-10-30,1.4516,0.9251,1.4501484,0.9260250999999999,10.0,0.361427354607294,0.009,3.6052735460729406,0.121086570276049,3.7263601163489897
ADA,LONG,2025-10-01,2025-10-31,0.84537,0.61069,0.8462153699999999,0.6100793099999999,10.0,-0.2790495993945371,0.009,-2.799495993945371,0.03343334487680128,-2.76606264906857
JUP,LONG,2025-10-01,2025-10-31,0.46237,0.40711,0.46283236999999994,0.40670289000000004,10.0,-0.12127388583473517,0.009,-1.2217388583473516,-0.18979966829286382,-1.4115385266402154
APE,LONG,2025-10-01,2025-10-31,0.55572,0.4019,0.5562757199999999,0.40149809999999997,10.0,-0.27823903585078275,0.009,-2.7913903585078272,0.07018427986030022,-2.721206078647527
W,SHORT,2025-10-01,2025-10-31,0.11125,0.06521,0.11113875000000001,0.06527521,10.0,0.4126692085343771,0.009,4.117692085343771,0.03428915601786056,4.151981241361631
TST,SHORT,2025-10-01,2025-10-31,0.03001,0.018091,0.029979989999999998,0.018109090999999997,10.0,0.395960739146344,0.009,3.95060739146344,0.1859925483015171,4.136599939764957
LAYER,SHORT,2025-10-01,2025-10-31,0.42053,0.26062,0.42010947000000004,0.26088062,10.0,0.37901752131414707,0.009,3.781175213141471,-0.0731775330350682,3.7079976801064025
ADA,LONG,2025-10-02,2025-11-01,0.87506,0.61304,0.8759350599999999,0.6124269600000001,12.0,-0.3008306346363164,0.0108,-3.620767615635797,0.034366055340755514,-3.5864015602950414
LTC,LONG,2025-10-02,2025-11-01,119.52,99.717,119.63951999999998,99.617283,12.0,-0.1673547085444674,0.0108,-2.019056502533609,0.10138855932396922,-1.9176679432096397
SUI,LONG,2025-10-02,2025-11-01,3.6155,2.384,3.6191154999999995,2.3816159999999997,12.0,-0.34193423779926335,0.0108,-4.11401085359116,0.04655738985613475,-4.067453463735025
PROMPT,SHORT,2025-10-02,2025-11-01,0.14421,0.079667,0.14406579,0.079746667,12.0,0.44645660152906536,0.0108,5.346679218348784,0.016044815318567995,5.3627240336673525
DOOD,SHORT,2025-10-02,2025-11-01,0.005678,0.007792,0.005672322,0.007799792,12.0,-0.3750615709051779,0.0108,-4.511538850862134,-5.857149928065651,-10.368688778927785
XRP,LONG,2025-10-03,2025-11-02,3.0373,2.4874,3.0403372999999996,2.4849126,10.0,-0.1826852237743489,0.009,-1.835852237743489,0.035422609544342336,-1.8004296281991465
ADA,LONG,2025-10-03,2025-11-02,0.87041,0.5965,0.8712804099999999,0.5959035,10.0,-0.3160600271042475,0.009,-3.169600271042475,0.02304582798229103,-3.146554443060184
LTC,LONG,2025-10-03,2025-11-02,122.51,98.2,122.63251,98.1018,10.0,-0.20003431390256957,0.009,-2.0093431390256957,0.08095818270657593,-1.9283849563191198
STRK,SHORT,2025-10-03,2025-11-02,0.15195,0.117,0.15179805,0.117117,10.0,0.22846834988987008,0.009,2.275683498898701,-0.10289439207835674,2.172789106820344
RSR,SHORT,2025-10-03,2025-11-02,0.006786,0.005364,0.006779214,0.005369363999999999,10.0,0.20796658727693232,0.009,2.0706658727693235,-0.10495179329889866,1.9657140794704249
SNX,SHORT,2025-10-03,2025-11-02,1.2333,1.0108,1.2320667,1.0118108,10.0,0.17876946110141614,0.009,1.7786946110141615,0.1616926597289741,1.9403872707431356
BTC,LONG,2025-10-04,2025-11-03,122038.0,107037.0,122160.03799999999,106929.963,10.0,-0.12467313574345798,0.009,-1.2557313574345796,0.0823592486833051,-1.1733721087512745
BNB,LONG,2025-10-04,2025-11-03,1147.6,995.63,1148.7475999999997,994.63437,10.0,-0.1341576078156766,0.009,-1.3505760781567657,0.01417607567032132,-1.3364000024864444
XRP,LONG,2025-10-04,2025-11-03,2.9514,2.3223,2.9543513999999997,2.3199777,10.0,-0.21472520161278036,0.009,-2.1562520161278034,0.028926722411355667,-2.1273252937164475
TST,SHORT,2025-10-04,2025-11-03,0.032327,0.015224,0.032294673,0.015239223999999997,10.0,0.5281195756340374,0.009,5.272195756340374,0.11229279903871452,5.384488555379089
AVNT,SHORT,2025-10-04,2025-11-03,1.1777,0.53935,1.1765223,0.5398893499999999,10.0,0.5411142228243359,0.009,5.402142228243358,-1.2005375413964359,4.201604686846922
PROMPT,SHORT,2025-10-04,2025-11-03,0.14023,0.060131,0.14008977,0.06019113099999999,10.0,0.5703388548642775,0.009,5.694388548642775,-0.004371532848201548,5.690017015794573
BTC,LONG,2025-10-05,2025-11-04,122680.0,100506.0,122802.68,100405.494,10.0,-0.18238352778620132,0.009,-1.8328352778620132,0.0814488225252576,-1.7513864553367555
ORDI,LONG,2025-10-05,2025-11-04,8.181,3.8907,8.189180999999998,3.8868093,10.0,-0.5253726471548253,0.009,-5.262726471548254,0.02989603809943877,-5.2328304334488145
BIGTIME,LONG,2025-10-05,2025-11-04,0.047886,0.026067,0.047933885999999995,0.026040933,10.0,-0.45673227912295694,0.009,-4.57632279122957,0.045182548379407425,-4.531140242850163
STRK,SHORT,2025-10-05,2025-11-04,0.14831,0.10124,0.14816168999999998,0.10134123999999999,10.0,0.3160091518934483,0.009,3.151091518934483,-0.12488423354363738,3.0262072853908455
SNX,SHORT,2025-10-05,2025-11-04,1.1222,0.83656,1.1210778000000001,0.8373965599999998,10.0,0.2530433124266668,0.009,2.5214331242666677,0.15606480847714582,2.6774979327438135
WIF,SHORT,2025-10-05,2025-11-04,0.76381,0.39624,0.76304619,0.3966362399999999,10.0,0.4801936695339506,0.009,4.792936695339506,0.01761915066448337,4.8105558460039894
BTC,LONG,2025-10-06,2025-11-05,125503.0,104043.0,125628.50299999998,103938.957,10.0,-0.17264828826305437,0.009,-1.7354828826305435,0.07654631002071242,-1.658936572609831
XLM,LONG,2025-10-06,2025-11-05,0.40963,0.27986,0.41003962999999993,0.27958014,10.0,-0.31816312486673537,0.009,-3.1906312486673536,0.029065526170872807,-3.161565722496481
XRP,LONG,2025-10-06,2025-11-05,3.0273,2.3211,3.0303272999999997,2.3187789,10.0,-0.23480909141398684,0.009,-2.357090914139868,0.01514932704599269,-2.3419415870938756
AVNT,SHORT,2025-10-06,2025-11-05,1.1115,0.54181,1.1103885,0.54235181,10.0,0.5115657177645482,0.009,5.106657177645482,-1.3218473180921002,3.7848098595533815
MAV,SHORT,2025-10-06,2025-11-05,0.05918,0.029319,0.059120820000000004,0.029348318999999998,10.0,0.5035874164126953,0.009,5.026874164126953,-0.46692959679471624,4.559944567332237
ENA,SHORT,2025-10-06,2025-11-05,0.60507,0.3369,0.60446493,0.33723689999999995,10.0,0.4420902135711993,0.009,4.411902135711993,-0.08739512812711897,4.324507007584875
BTC,LONG,2025-10-07,2025-11-06,121677.0,101354.0,121798.67699999998,101252.646,10.0,-0.16868845792142712,0.009,-1.6958845792142712,0.07489800654772302,-1.6209865726665482
ADA,LONG,2025-10-07,2025-11-06,0.8256,0.52772,0.8264255999999999,0.52719228,10.0,-0.36208137792440115,0.009,-3.6298137792440115,0.011523531088557762,-3.6182902481554535
HBAR,LONG,2025-10-07,2025-11-06,0.21772,0.16321,0.21793771999999997,0.16304679,10.0,-0.25186521176783894,0.009,-2.527652117678389,0.009652753781447285,-2.5179993638969416
AVNT,SHORT,2025-10-07,2025-11-06,0.96564,0.5034,0.9646743600000001,0.5039033999999999,10.0,0.4776440414566426,0.009,4.767440414566425,-1.5442823091400606,3.2231581054263647
BIO,SHORT,2025-10-07,2025-11-06,0.12684,0.075683,0.12671316000000002,0.075758683,10.0,0.40212458595460815,0.009,4.0122458595460815,-2.1539836286462664,1.8582622308998151
ENA,SHORT,2025-10-07,2025-11-06,0.55477,0.31338,0.55421523,0.31369337999999997,10.0,0.4339863594149154,0.009,4.330863594149154,-0.10081369026313118,4.230049903886022
BTC,LONG,2025-10-08,2025-11-07,123523.0,103380.0,123646.52299999999,103276.62,10.0,-0.1647430312294345,0.009,-1.656430312294345,0.07223221167285068,-1.5841981006214942
TRX,LONG,2025-10-08,2025-11-07,0.34187,0.29219,0.34221187,0.29189781,10.0,-0.14702605143415978,0.009,-1.4792605143415978,0.0032261267602728128,-1.4760343875813249
ONDO,LONG,2025-10-08,2025-11-07,0.92537,0.67535,0.92629537,0.67467465,10.0,-0.2716419925536278,0.009,-2.725419925536278,-0.034516280146936286,-2.759936205683214
CELO,SHORT,2025-10-08,2025-11-07,0.39482,0.25071,0.39442518,0.25096071,10.0,0.3637305052380277,0.009,3.628305052380277,-0.11265273102660434,3.515652321353673
MAV,SHORT,2025-10-08,2025-11-07,0.052974,0.033076,0.052921026,0.033109075999999994,10.0,0.37436821425193095,0.009,3.7346821425193095,-0.5362832008319528,3.1983989416873566
XAI,SHORT,2025-10-08,2025-11-07,0.04223,0.02406,0.04218777,0.024084059999999997,10.0,0.4291222313954969,0.009,4.282222313954969,-0.24781723697697225,4.034405076977996
BTC,LONG,2025-10-09,2025-11-08,120868.0,101943.0,120988.86799999999,101841.057,10.0,-0.15826093190656176,0.009,-1.5916093190656175,0.07270094022925316,-1.5189083788363644
APE,LONG,2025-10-09,2025-11-08,0.55743,0.39447,0.55798743,0.39407553,10.0,-0.29375554212753496,0.009,-2.9465554212753493,0.0394338058138514,-2.907121615461498
TRX,LONG,2025-10-09,2025-11-08,0.33691,0.29046,0.33724690999999996,0.29016954,10.0,-0.13959318411545996,0.009,-1.4049318411545995,6.523491064751655e-05,-1.4048666062439519
AVNT,SHORT,2025-10-09,2025-11-08,0.81797,0.52237,0.81715203,0.52289237,10.0,0.36010393316896006,0.009,3.5920393316896004,-1.8506473783139226,1.7413919533756779
W,SHORT,2025-10-09,2025-11-08,0.11055,0.06244,0.11043945,0.06250243999999999,10.0,0.434056942514654,0.009,4.331569425146539,-0.024874558650101936,4.3066948664964375
PROMPT,SHORT,2025-10-09,2025-11-08,0.13391,0.088935,0.13377609000000001,0.08902393499999998,10.0,0.33453029610896856,0.009,3.3363029610896855,-0.09528745789955438,3.2410155031901313
LTC,LONG,2025-10-10,2025-11-09,126.73,109.64,126.85672999999998,109.53036,10.0,-0.13658219000284796,0.009,-1.3748219000284796,0.042786826455143534,-1.3320350735733362
TAO,LONG,2025-10-10,2025-11-09,368.92,387.89,369.28891999999996,387.50210999999996,10.0,0.049319622153840954,0.009,0.4841962215384095,0.08968417628205581,0.5738803978204653
BTC,LONG,2025-10-10,2025-11-09,116632.0,104813.0,116748.63199999998,104708.187,10.0,-0.10313135831861378,0.009,-1.0403135831861376,0.07419627177517593,-0.9661173114109617
MAV,SHORT,2025-10-10,2025-11-09,0.046341,0.035165,0.046294659,0.035200165,10.0,0.23964954574997524,0.009,2.3874954574997527,-0.6308062540726349,1.7566892034271178
AVNT,SHORT,2025-10-10,2025-11-09,0.79149,0.543,0.79069851,0.543543,10.0,0.3125786970308064,0.009,3.116786970308064,-1.922748764584671,1.194038205723393
TST,SHORT,2025-10-10,2025-11-09,0.029842,0.018864,0.029812158000000002,0.018882863999999996,10.0,0.3666052621886683,0.009,3.6570526218866832,0.03680729939137582,3.693859921278059
BTC,LONG,2025-10-11,2025-11-10,111146.0,105838.0,111257.146,105732.162,10.0,-0.049659587708640276,0.009,-0.5055958770864027,0.07607934258149135,-0.4295165345049114
GRIFFAIN,LONG,2025-10-11,2025-11-10,0.020649,0.018621,0.020669649,0.018602379,10.0,-0.100014760773151,0.009,-1.0091476077315098,0.08806296800085962,-0.9210846397306501
SOL,LONG,2025-10-11,2025-11-10,177.32,167.11,177.49731999999997,166.94289,10.0,-0.05946247526441509,0.009,-0.6036247526441508,-0.03864989448713931,-0.6422746471312901
MAV,SHORT,2025-10-11,2025-11-10,0.039018,0.034468,0.038978981999999995,0.034502467999999994,10.0,0.11484430250128137,0.009,1.1394430250128138,-0.7836053651686954,0.3558376598441184
AVNT,SHORT,2025-10-11,2025-11-10,0.5886,0.53336,0.5880114,0.5338933599999999,10.0,0.0920356986276118,0.009,0.9113569862761179,-2.594284446119871,-1.682927459843753
IMX,SHORT,2025-10-11,2025-11-10,0.48194,0.46025,0.48145805999999997,0.46071024999999993,10.0,0.043093701661158265,0.009,0.42193701661158267,-0.08015976936128144,0.34177724725030123
XRP,LONG,2025-10-12,2025-11-11,2.5466,2.4148,2.5491466,2.4123852,10.0,-0.053649876393927175,0.009,-0.5454987639392718,0.02319714335723179,-0.52230162058204
BTC,LONG,2025-10-12,2025-11-11,114331.0,103095.0,114445.33099999999,102991.905,10.0,-0.10007770434951159,0.009,-1.0097770434951159,0.07421010348939443,-0.9355669400057215
GAS,LONG,2025-10-12,2025-11-11,2.6967,2.4821,2.6993966999999994,2.4796179,10.0,-0.08141774789900255,0.009,-0.8231774789900256,-0.03105719476007362,-0.8542346737500992
AVNT,SHORT,2025-10-12,2025-11-11,0.67737,0.51931,0.67669263,0.51982931,10.0,0.2318088199069052,0.009,2.309088199069052,-2.2040908884858403,0.1049973105832116
W,SHORT,2025-10-12,2025-11-11,0.08206,0.06276,0.08197794,0.06282275999999999,10.0,0.23366261704063324,0.009,2.3276261704063326,-0.03463499160725435,2.2929911787990784
IO,SHORT,2025-10-12,2025-11-11,0.37022,0.30092,0.36984978,0.30122092,10.0,0.18555874225476088,0.009,1.8465874225476089,-0.5395014229827579,1.307085999564851
BNB,LONG,2025-10-13,2025-11-12,1269.4,948.41,1270.6694,947.46159,10.0,-0.2543602686898732,0.009,-2.552602686898732,-0.01560075522709526,-2.568203442125827
ETH,LONG,2025-10-13,2025-11-12,4248.8,3406.4,4253.0488,3402.9936000000002,10.0,-0.19986960883213928,0.009,-2.0076960883213926,0.05353244367480571,-1.9541636446465869
BSV,LONG,2025-10-13,2025-11-12,23.652,23.196,23.675652,23.172804000000003,10.0,-0.021239034937664932,0.009,-0.22139034937664934,-0.6641758965947802,-0.8855662459714295
AVNT,SHORT,2025-10-13,2025-11-12,0.64511,0.4837,0.64446489,0.48418369999999994,10.0,0.24870430102096025,0.009,2.4780430102096025,-2.2765767876056526,0.20146622260394986
ETHFI,SHORT,2025-10-13,2025-11-12,1.3097,0.9214,1.3083903000000001,0.9223213999999998,10.0,0.2950716617205128,0.009,2.941716617205128,0.009249188158372926,2.950965805363501
ZEREBRO,SHORT,2025-10-13,2025-11-12,0.043771,0.032752,0.043727229,0.032784752,10.0,0.2502440070007637,0.009,2.493440070007637,0.3106553283092784,2.8040953983169157
HBAR,LONG,2025-10-14,2025-11-13,0.18589,0.16453,0.18607588999999997,0.16436547,10.0,-0.11667508348341075,0.009,-1.1757508348341075,0.011398582817365544,-1.164352252016742
XRP,LONG,2025-10-14,2025-11-13,2.4825,2.3151,2.4849824999999996,2.3127849,10.0,-0.06929529684816679,0.009,-0.701952968481668,0.027546525618751844,-0.6744064428629162
SOL,LONG,2025-10-14,2025-11-13,198.41,142.67,198.60840999999996,142.52732999999998,10.0,-0.2823701171566702,0.009,-2.832701171566702,0.020049457372021663,-2.81265171419468
AVNT,SHORT,2025-10-14,2025-11-13,0.61417,0.51612,0.61355583,0.5166361199999999,10.0,0.15796396230152374,0.009,1.5706396230152375,-2.364233173728721,-0.7935935507134837
0G,SHORT,2025-10-14,2025-11-13,2.1923,1.2493,2.1901077,1.2505492999999999,10.0,0.4290010030100347,0.009,4.281010030100346,-4.168198625502212,0.11281140459813432
ZEC,SHORT,2025-10-14,2025-11-13,234.16,505.46,233.92584,505.96545999999995,10.0,-1.1629310383153908,0.009,-11.638310383153907,-0.49261516171736297,-12.130925544871271
SOL,LONG,2025-10-15,2025-11-14,194.58,143.1,194.77458,142.9569,10.0,-0.2660392336618054,0.009,-2.6693923366180536,0.01801925565589719,-2.6513730809621565
COMP,LONG,2025-10-15,2025-11-14,35.045,33.016,35.080045,32.982983999999995,10.0,-0.05977931328195285,0.009,-0.6067931328195285,-0.11267151970192742,-0.719464652521456
TAO,LONG,2025-10-15,2025-11-14,415.47,344.26,415.88547,343.91573999999997,10.0,-0.17305180197807832,0.009,-1.7395180197807831,0.08343752975784416,-1.656080490022939
SNX,SHORT,2025-10-15,2025-11-14,1.7681,0.74071,1.7663319,0.7414507099999998,10.0,0.5802313766738857,0.009,5.793313766738857,0.03768667397396831,5.831000440712825
FET,SHORT,2025-10-15,2025-11-14,0.29864,0.28154,0.29834136,0.28182154,10.0,0.05537220853320511,0.009,0.5447220853320511,0.019034433049544323,0.5637565183815955
MAV,SHORT,2025-10-15,2025-11-14,0.041622,0.029739,0.041580378,0.029768739,10.0,0.2840676195872967,0.009,2.831676195872967,-0.43436631034426865,2.3973098855286983
TRX,LONG,2025-10-16,2025-11-15,0.31521,0.29287,0.31552520999999994,0.29257713,10.0,-0.07272978282781249,0.009,-0.736297828278125,-0.002242364370694817,-0.7385401926488198
POL,LONG,2025-10-16,2025-11-15,0.18706,0.15683,0.18724706,0.15667317,10.0,-0.1632810149328913,0.009,-1.6418101493289128,0.029679249433182026,-1.6121308998957307
POLYX,LONG,2025-10-16,2025-11-15,0.086819,0.073925,0.08690581899999998,0.073851075,10.0,-0.15021714483813772,0.009,-1.5111714483813772,-0.15494280084918138,-1.6661142492305585
FET,SHORT,2025-10-16,2025-11-15,0.27376,0.29088,0.27348624,0.29117088,10.0,-0.06466372860294554,0.009,-0.6556372860294555,0.0178926830454066,-0.6377446029840489
AVNT,SHORT,2025-10-16,2025-11-15,0.55089,0.50045,0.55033911,0.5009504499999999,10.0,0.0897422318395654,0.009,0.888422318395654,-2.7818396152514584,-1.8934172968558043
ZEREBRO,SHORT,2025-10-16,2025-11-15,0.038,0.032416,0.037961999999999996,0.032448415999999994,10.0,0.14523955534481858,0.009,1.443395553448186,0.4758653139245298,1.9192608673727158
BTC,LONG,2025-10-17,2025-11-16,106421.0,94045.0,106527.42099999999,93950.955,10.0,-0.1180584856175199,0.009,-1.189584856175199,0.08211875403170608,-1.1074661021434928
ETH,LONG,2025-10-17,2025-11-16,3825.7,3092.1,3829.5256999999992,3089.0079,10.0,-0.1933706307284997,0.009,-1.9427063072849968,0.05791018696111637,-1.8847961203238806
XRP,LONG,2025-10-17,2025-11-16,2.2959,2.2169,2.2981958999999996,2.2146831,10.0,-0.036338416581458456,0.009,-0.37238416581458456,0.040032757937519606,-0.33235140787706496
AVNT,SHORT,2025-10-17,2025-11-16,0.49532,0.45446,0.49482467999999996,0.4549144599999999,10.0,0.08065527370219297,0.009,0.7975527370219296,-3.164244503212249,-2.366691766190319
MAV,SHORT,2025-10-17,2025-11-16,0.039174,0.02733,0.039134826,0.027357329999999996,10.0,0.30094668109678074,0.009,3.0004668109678074,-0.39413542479220426,2.606331386175603
OM,SHORT,2025-10-17,2025-11-16,0.12109,0.08032,0.12096891,0.08040032,10.0,0.33536377239408044,0.009,3.3446377239408043,-1.4724969725884114,1.8721407513523929
BTC,LONG,2025-10-18,2025-11-17,107062.0,91745.0,107169.06199999999,91653.255,10.0,-0.1447787888635247,0.009,-1.4567878886352468,0.08130452758587177,-1.375483361049375
ETH,LONG,2025-10-18,2025-11-17,3892.2,2982.9,3896.0921999999996,2979.9171,10.0,-0.2351523149272493,0.009,-2.360523149272493,0.05741832088686198,-2.303104828385631
XLM,LONG,2025-10-18,2025-11-17,0.31637,0.24518,0.31668636999999994,0.24493482,10.0,-0.2265697446972535,0.009,-2.2746974469725347,0.004699102730692203,-2.2699983442418423
AVNT,SHORT,2025-10-18,2025-11-17,0.49632,0.41807,0.49582368,0.41848806999999993,10.0,0.1559740147949369,0.009,1.550740147949369,-3.2966598778422807,-1.7459197298929117
SNX,SHORT,2025-10-18,2025-11-17,1.3744,0.67431,1.3730256,0.6749843099999999,10.0,0.5083964130020592,0.009,5.074964130020591,0.03818241057526531,5.1131465405958565
FET,SHORT,2025-10-18,2025-11-17,0.25987,0.2718,0.25961013,0.2720718,10.0,-0.048001478216585694,0.009,-0.4890147821658569,0.017322320092979425,-0.4716924620728775
TRX,LONG,2025-10-19,2025-11-18,0.32025,0.29233,0.32057024999999995,0.29203766999999997,10.0,-0.0890057015583947,0.009,-0.899057015583947,0.0021678821642994034,-0.8968891334196476
TON,LONG,2025-10-19,2025-11-18,2.2268,1.8237,2.2290267999999998,1.8218763,10.0,-0.1826584139768978,0.009,-1.835584139768978,0.0593450221292539,-1.776239117639724
BNB,LONG,2025-10-19,2025-11-18,1116.1,935.4,1117.2160999999999,934.4646,10.0,-0.16357757465185105,0.009,-1.6447757465185104,-0.004395576785162689,-1.649171323303673
AVNT,SHORT,2025-10-19,2025-11-18,0.498,0.44781,0.497502,0.4482578099999999,10.0,0.09898289856121197,0.009,0.9808289856121196,-3.3537409440759838,-2.372911958463864
SNX,SHORT,2025-10-19,2025-11-18,1.6717,0.70227,1.6700283,0.7029722699999998,10.0,0.5790656541568787,0.009,5.781656541568787,0.030237789465064755,5.811894331033852
FET,SHORT,2025-10-19,2025-11-18,0.29483,0.30452,0.29453516999999996,0.30482452,10.0,-0.03493419818081498,0.009,-0.3583419818081498,0.015473360074180622,-0.3428686217339692
ADA,LONG,2025-10-20,2025-11-19,0.667,0.44109,0.667667,0.44064891,10.0,-0.34001693958215695,0.009,-3.409169395821569,0.0037255454193782242,-3.405443850402191
SAND,LONG,2025-10-20,2025-11-19,0.21361,0.16752,0.21382360999999997,0.16735248,10.0,-0.21733395110109674,0.009,-2.182339511010967,-0.11041561582207876,-2.292755126833046
SUSHI,LONG,2025-10-20,2025-11-19,0.56046,0.43785,0.5610204599999999,0.43741215,10.0,-0.22032763297081884,0.009,-2.2122763297081884,-0.08301338492318089,-2.2952897146313695
AVNT,SHORT,2025-10-20,2025-11-19,0.6504,0.40808,0.6497495999999999,0.40848808,10.0,0.3713146110440083,0.009,3.704146110440083,-2.58460146518425,1.119544645255833
ZORA,SHORT,2025-10-20,2025-11-19,0.09244,0.048091,0.09234756,0.048139090999999995,10.0,0.47871832238989315,0.009,4.778183223898931,-1.0111827220965772,3.767000501802354
STBL,SHORT,2025-10-20,2025-11-19,0.10796,0.067654,0.10785204,0.06772165399999999,10.0,0.37208740789696704,0.009,3.7118740789696703,0.07039838104021956,3.7822724600098896
BTC,LONG,2025-10-21,2025-11-20,111729.0,86936.0,111840.72899999999,86849.064,10.0,-0.22345763679705624,0.009,-2.2435763679705625,0.07939517176318656,-2.164181196207376
XRP,LONG,2025-10-21,2025-11-20,2.4924,2.0084,2.4948923999999995,2.0063916,10.0,-0.19580034794286094,0.009,-1.9670034794286093,0.0513120259487744,-1.9156914534798348
ALGO,LONG,2025-10-21,2025-11-20,0.18972,0.14493,0.18990971999999998,0.14478507000000002,10.0,-0.23761106066608895,0.009,-2.385110606660889,-0.09108128625891293,-2.476191892919802
FTT,SHORT,2025-10-21,2025-11-20,0.8032,0.6381,0.8023968,0.6387381,10.0,0.20396230393740358,0.009,2.030623039374036,0.06593003384708165,2.0965530732211177
FET,SHORT,2025-10-21,2025-11-20,0.25608,0.3134,0.25582392,0.3137134,10.0,-0.2262864238809256,0.009,-2.271864238809256,0.023426999210355313,-2.2484372395989003
ZEREBRO,SHORT,2025-10-21,2025-11-20,0.034824,0.024295,0.034789176,0.024319294999999998,10.0,0.30095225595455327,0.009,3.0005225595455327,0.6669426440085273,3.66746520355406
BTC,LONG,2025-10-22,2025-11-21,107840.0,84185.0,107947.83999999998,84100.815,10.0,-0.22091247958273166,0.009,-2.2181247958273165,0.08415849247747803,-2.1339663033498386
SOL,LONG,2025-10-22,2025-11-21,180.17,128.04,180.35016999999996,127.91196,10.0,-0.29075775198881143,0.009,-2.916577519888114,0.020550647736567156,-2.896026872151547
BCH,LONG,2025-10-22,2025-11-21,474.87,510.78,475.34486999999996,510.26921999999996,10.0,0.07347160389045539,0.009,0.7257160389045538,-0.05563555701066049,0.6700804818938934
ZEREBRO,SHORT,2025-10-22,2025-11-21,0.030929,0.02382,0.030898071000000003,0.023843819999999998,10.0,0.22830716519487587,0.009,2.2740716519487587,0.7566641845844356,3.0307358365331942
UMA,SHORT,2025-10-22,2025-11-21,1.1162,0.83837,1.1150838,0.8392083699999998,10.0,0.24740331623506703,0.009,2.4650331623506703,-0.022363009258407306,2.442670153092263
YGG,SHORT,2025-10-22,2025-11-21,0.13575,0.091638,0.13561425000000002,0.09172963799999999,10.0,0.3235988253446819,0.009,3.226988253446819,-0.17117234427873174,3.0558159091680874
TRX,LONG,2025-10-23,2025-11-22,0.31594,0.27348,0.31625593999999996,0.27320652,10.0,-0.13612209149336438,0.009,-1.3702209149336437,-0.0009696990462534881,-1.3711906139798973
BTC,LONG,2025-10-23,2025-11-22,110233.0,84571.0,110343.233,84486.429,10.0,-0.23433067254790324,0.009,-2.3523067254790324,0.08219354774084789,-2.2701131777381844
ALGO,LONG,2025-10-23,2025-11-22,0.18334,0.13436,0.18352333999999998,0.13422564,10.0,-0.2686181496042954,0.009,-2.695181496042954,-0.09529050570096426,-2.790472001743918
SNX,SHORT,2025-10-23,2025-11-22,1.2757,0.56758,1.2744243,0.5681475799999999,10.0,0.5541927598210424,0.009,5.532927598210424,0.03625670972855744,5.569184307938982
EIGEN,SHORT,2025-10-23,2025-11-22,1.091,0.5573,1.089909,0.5578573,10.0,0.4881615804622221,0.009,4.87261580462222,0.027680544665105066,4.900296349287325
ZEN,SHORT,2025-10-23,2025-11-22,10.757,12.274,10.746243,12.286273999999997,10.0,-0.14330878242749556,0.009,-1.4420878242749555,-0.1530820870807593,-1.5951699113557147
SOL,LONG,2025-10-24,2025-11-23,192.96,132.31,193.15295999999998,132.17769,10.0,-0.3156838497323571,0.009,-3.1658384973235707,0.011050720127975264,-3.154787777195595
BTC,LONG,2025-10-24,2025-11-23,110659.0,87289.0,110769.65899999999,87201.711,10.0,-0.2127653746771938,0.009,-2.136653746771938,0.08086350494541111,-2.055790241826527
GAS,LONG,2025-10-24,2025-11-23,2.6122,2.1268,2.6148122,2.1246731999999997,10.0,-0.1874471137927229,0.009,-1.883471137927229,-0.14010045618809644,-2.0235715941153254
SNX,SHORT,2025-10-24,2025-11-23,1.2966,0.60079,1.2953033999999999,0.60139079,10.0,0.5357143430643353,0.009,5.348143430643352,0.03531458945040985,5.383458020093762
0G,SHORT,2025-10-24,2025-11-23,1.7609,1.2808,1.7591390999999998,1.2820807999999997,10.0,0.2711885035128832,0.009,2.702885035128832,-5.016768274567321,-2.3138832394384887
AVNT,SHORT,2025-10-24,2025-11-23,0.81958,0.38616,0.8187604199999999,0.38654615999999997,10.0,0.5278885611006942,0.009,5.269885611006941,-1.2543348331649449,4.015550777841996
XRP,LONG,2025-10-25,2025-11-24,2.6036,2.2343,2.6062035999999997,2.2320657,10.0,-0.1435566661023719,0.009,-1.444566661023719,0.05568420654318797,-1.388882454480531
ETH,LONG,2025-10-25,2025-11-24,3957.6,2957.9,3961.5575999999996,2954.9421,10.0,-0.25409588895034607,0.009,-2.549958889503461,0.058679678413233224,-2.4912792110902275
SOL,LONG,2025-10-25,2025-11-24,194.42,137.16,194.61441999999997,137.02284,10.0,-0.29592658139103967,0.009,-2.9682658139103966,0.00780737737455426,-2.960458436535842
AVNT,SHORT,2025-10-25,2025-11-24,0.73887,0.39742,0.7381311300000001,0.39781742,10.0,0.4610477680300519,0.009,4.601477680300518,-1.2878669132864236,3.3136107670140946
GRASS,SHORT,2025-10-25,2025-11-24,0.441,0.38397,0.440559,0.38435396999999993,10.0,0.12757662424329103,0.009,1.2667662424329102,-0.03639687071361611,1.230369371719294
BRETT,SHORT,2025-10-25,2025-11-24,0.027897,0.014894,0.027869103000000003,0.014908893999999997,10.0,0.46503861283228254,0.009,4.641386128322825,-0.09569880116238401,4.545687327160441
XLM,LONG,2025-10-26,2025-11-25,0.3282,0.24801,0.32852819999999994,0.24776199000000002,10.0,-0.24584254867618652,0.009,-2.467425486761865,-0.0057178127021363725,-2.4731432994640015
BTC,LONG,2025-10-26,2025-11-25,113637.0,86854.0,113750.63699999999,86767.146,10.0,-0.2372161748861239,0.009,-2.381161748861239,0.07508779745106836,-2.3060739514101707
XRP,LONG,2025-10-26,2025-11-25,2.6132,2.1728,2.6158132,2.1706272,10.0,-0.17019028728809826,0.009,-1.7109028728809825,0.05542826881651947,-1.655474604064463
SNX,SHORT,2025-10-26,2025-11-25,1.2286,0.55476,1.2273714,0.55531476,10.0,0.5475576830289511,0.009,5.466576830289511,0.04331912278853818,5.509895953078049
0G,SHORT,2025-10-26,2025-11-25,1.7765,1.1889,1.7747235,1.1900889,10.0,0.3294229213733858,0.009,3.285229213733858,-5.1162273741882105,-1.8309981604543526
AVNT,SHORT,2025-10-26,2025-11-25,0.77756,0.39793,0.7767824400000001,0.39832792999999994,10.0,0.48720785964214136,0.009,4.863078596421413,-1.0468215029458956,3.816257093475518
ETH,LONG,2025-10-27,2025-11-26,4194.4,3031.0,4198.594399999999,3027.969,10.0,-0.2788136429658457,0.009,-2.797136429658457,0.05360121825096992,-2.743535211407487
HBAR,LONG,2025-10-27,2025-11-26,0.18234,0.14851,0.18252233999999998,0.14836149,10.0,-0.18715982931185282,0.009,-1.880598293118528,-0.011676790565691847,-1.89227508368422
UNI,LONG,2025-10-27,2025-11-26,6.6034,6.3443,6.610003399999999,6.337955699999999,10.0,-0.04115696823998607,0.009,-0.4205696823998607,0.11437076334670268,-0.306198919053158
SNX,SHORT,2025-10-27,2025-11-26,1.1567,0.58688,1.1555433000000002,0.5874668799999999,10.0,0.491609808130946,0.009,4.90709808130946,0.040465812939030496,4.94756389424849
0G,SHORT,2025-10-27,2025-11-26,1.6007,1.2025,1.5990993,1.2037024999999997,10.0,0.2472621931608627,0.009,2.463621931608627,-5.733500861271286,-3.2698789296626587
AVNT,SHORT,2025-10-27,2025-11-26,0.70704,0.40254,0.70633296,0.40294253999999996,10.0,0.42952890093080187,0.009,4.286289009308018,-0.9857543060485384,3.30053470325948
HBAR,LONG,2025-10-28,2025-11-27,0.19819,0.14699,0.19838819,0.14684301,10.0,-0.25981980076535804,0.009,-2.6071980076535803,-0.01164833501717012,-2.6188463426707504
XRP,LONG,2025-10-28,2025-11-27,2.6397,2.2235,2.6423396999999995,2.2212765,10.0,-0.15935241029001665,0.009,-1.6025241029001664,0.054290799422950814,-1.5482333034772156
BTC,LONG,2025-10-28,2025-11-27,113694.0,91489.0,113807.69399999999,91397.511,10.0,-0.19691272366875295,0.009,-1.9781272366875293,0.0697178410091149,-1.9084093956784145
TST,SHORT,2025-10-28,2025-11-27,0.020059,0.015484,0.020038941,0.015499483999999997,10.0,0.2265317812952293,0.009,2.256317812952293,0.02577069782759478,2.282088510779888
ZEREBRO,SHORT,2025-10-28,2025-11-27,0.033731,0.025343,0.033697268999999995,0.025368342999999998,10.0,0.24716916970333702,0.009,2.4626916970333705,0.6207970684633821,3.0834887654967527
SNX,SHORT,2025-10-28,2025-11-27,1.1229,0.58574,1.1217771,0.5863257399999999,10.0,0.4773242028206853,0.009,4.764242028206852,0.03990505743293387,4.804147085639786
BTC,LONG,2025-10-29,2025-11-28,110675.0,91103.0,110785.67499999999,91011.897,10.0,-0.17848677638151317,0.009,-1.7938677638151317,0.06942203882681584,-1.7244457249883158
XRP,LONG,2025-10-29,2025-11-28,2.5862,2.1869,2.5887861999999995,2.1847131,10.0,-0.15608592938265795,0.009,-1.5698592938265794,0.0556686062351924,-1.514190687591387
TON,LONG,2025-10-29,2025-11-28,2.2376,1.5927,2.2398376,1.5911073,10.0,-0.2896327394450383,0.009,-2.905327394450383,0.04749603603591617,-2.8578313584144666
YGG,SHORT,2025-10-29,2025-11-28,0.12947,0.088464,0.12934053,0.088552464,10.0,0.31535409666250797,0.009,3.1445409666250796,-0.11458389722132728,3.0299570694037525
LINEA,SHORT,2025-10-29,2025-11-28,0.013851,0.010235,0.013837149,0.010245234999999998,10.0,0.2595848321066718,0.009,2.5868483210667184,0.007466304107370676,2.594314625174089
SNX,SHORT,2025-10-29,2025-11-28,1.1621,0.56543,1.1609379,0.56599543,10.0,0.5124670923397368,0.009,5.115670923397367,0.03709467005293737,5.1527655934503045
LTC,LONG,2025-10-30,2025-11-29,90.658,83.687,90.74865799999999,83.603313,10.0,-0.07873774838631765,0.009,-0.7963774838631765,0.07127935376804141,-0.7250981300951351
DOT,LONG,2025-10-30,2025-11-29,2.789,2.2406,2.7917889999999996,2.2383594,10.0,-0.19823475198161447,0.009,-1.9913475198161446,-0.04852197573351712,-2.0398694955496617
GAS,LONG,2025-10-30,2025-11-29,2.4198,2.2604,2.4222197999999997,2.2581396000000002,10.0,-0.06773959984969137,0.009,-0.6863959984969137,-0.14649699897734303,-0.8328929974742567
SNX,SHORT,2025-10-30,2025-11-29,0.978,0.54878,0.977022,0.54932878,10.0,0.43775188276210775,0.009,4.368518827621077,0.04196406263436239,4.41048289025544
TST,SHORT,2025-10-30,2025-11-29,0.016949,0.014879,0.016932051,0.014893878999999999,10.0,0.12037360388295554,0.009,1.1947360388295554,0.061399351355603635,1.256135390185159
IO,SHORT,2025-10-30,2025-11-29,0.28933,0.22111,0.28904067,0.22133110999999997,10.0,0.23425616886371053,0.009,2.3335616886371056,-0.44961299972498686,1.8839486889121186
BTC,LONG,2025-10-31,2025-11-30,109820.0,91419.0,109929.81999999999,91327.581,10.0,-0.16921922550223395,0.009,-1.7011922550223395,0.06622027813420417,-1.6349719768881354
PENDLE,LONG,2025-10-31,2025-11-30,3.108,2.6843,3.1111079999999998,2.6816157,10.0,-0.13805123447980583,0.009,-1.3895123447980582,0.06539272361657006,-1.324119621181488
SOL,LONG,2025-10-31,2025-11-30,188.4,137.6,188.58839999999998,137.4624,10.0,-0.2710983284231691,0.009,-2.719983284231691,-0.01296115193235639,-2.7329444361640474
SNX,SHORT,2025-10-31,2025-11-30,1.0089,0.54873,1.0078911,0.5492787299999999,10.0,0.4550217478852626,0.009,4.541217478852626,0.040909629643976424,4.582127108496602
TST,SHORT,2025-10-31,2025-11-30,0.018091,0.016118,0.018072908999999998,0.016134118,10.0,0.1072760893113554,0.009,1.063760893113554,0.06733154263920657,1.1310924357527605
YGG,SHORT,2025-10-31,2025-11-30,0.11992,0.084293,0.11980008,0.08437729299999999,10.0,0.2956824987095168,0.009,2.947824987095168,-0.10330738284916838,2.8445176042459996
BTC,LONG,2025-11-01,2025-12-01,110322.0,84990.0,110432.32199999999,84905.01,10.0,-0.23115797565136767,0.009,-2.3205797565136765,0.06507938187308966,-2.255500374640587
SOL,LONG,2025-11-01,2025-12-01,186.16,123.83,186.34615999999997,123.70617,10.0,-0.3361485420466941,0.009,-3.3704854204669408,-0.014292655431643993,-3.3847780758985846
XRP,LONG,2025-11-01,2025-12-01,2.5039,1.9938,2.5064038999999996,1.9918062,10.0,-0.20531315802692437,0.009,-2.0621315802692437,0.06091185506238641,-2.001219725206857
SNX,SHORT,2025-11-01,2025-12-01,1.0056,0.50204,1.0045944,0.50254204,10.0,0.49975627974832426,0.009,4.988562797483242,0.039866474527889065,5.028429272011131
ZK,SHORT,2025-11-01,2025-12-01,0.044869,0.03361,0.044824130999999996,0.03364361,10.0,0.24943084786183584,0.009,2.4853084786183586,-0.24539087114309033,2.2399176074752685
0G,SHORT,2025-11-01,2025-12-01,1.0679,1.0936,1.0668321,1.0946935999999998,10.0,-0.026116105805215048,0.009,-0.2701610580521505,-8.448842816274379,-8.719003874326528
LTC,LONG,2025-11-02,2025-12-02,98.2,82.716,98.2982,82.63328399999999,10.0,-0.15936116836320507,0.009,-1.6026116836320505,0.0615618089961159,-1.5410498746359347
BCH,LONG,2025-11-02,2025-12-02,532.24,552.65,532.7722399999999,552.09735,10.0,0.03627274198820891,0.009,0.35372741988208906,-0.0325624424622424,0.3211649774198467
ETC,LONG,2025-11-02,2025-12-02,16.0,13.613,16.016,13.599387,10.0,-0.15088742507492497,0.009,-1.5178742507492498,0.0058553930945304715,-1.5120188576547193
MAVIA,SHORT,2025-11-02,2025-12-02,0.09884,0.05061,0.09874116,0.050660609999999995,10.0,0.48693523551880497,0.009,4.860352355188049,-0.11655089603727564,4.743801459150774
SNX,SHORT,2025-11-02,2025-12-02,1.0108,0.54836,1.0097892,0.5489083599999999,10.0,0.4564129226179089,0.009,4.555129226179089,0.03738215508578424,4.592511381264873
NIL,SHORT,2025-11-02,2025-12-02,0.22085,0.076111,0.22062915,0.07618711099999999,10.0,0.6546824796270122,0.009,6.5378247962701215,-0.023525259089712307,6.514299537180409
BTC,LONG,2025-11-03,2025-12-03,107037.0,92990.0,107144.03699999998,92897.01,12.0,-0.13297078772568546,0.0108,-1.6064494527082254,0.07205284162027609,-1.5343966110879492
ETH,LONG,2025-11-03,2025-12-03,3629.4,3126.7,3633.0294,3123.5733,12.0,-0.14022900557865012,0.0108,-1.6935480669438012,0.07028864692196546,-1.6232594200218358
XRP,LONG,2025-11-03,2025-12-03,2.3223,2.1859,2.3246222999999997,2.1837141,12.0,-0.06061552450907819,0.0108,-0.7381862941089383,0.09117761157091198,-0.6470086825380263
ZEREBRO,SHORT,2025-11-03,2025-12-03,0.044741,0.036471,0.044696259,0.036507471,12.0,0.18320969546914434,0.0108,2.187716345629732,0.5240194558033145,2.7117358014330466
TST,SHORT,2025-11-03,2025-12-03,0.015224,0.016387,0.015208776,0.016403387,12.0,-0.07854747811395198,0.0108,-0.9533697373674238,0.1286351610811284,-0.8247345762862954
BTC,LONG,2025-11-04,2025-12-04,100506.0,91927.0,100606.506,91835.073,12.0,-0.08718554444182755,0.0108,-1.0570265333019304,0.0753817865511481,-0.9816447467507823
ETH,LONG,2025-11-04,2025-12-04,3230.4,3117.2,3233.6303999999996,3114.0827999999997,12.0,-0.03697008786161829,0.0108,-0.45444105433941945,0.08183145122826654,-0.3726096031111529
XRP,LONG,2025-11-04,2025-12-04,2.169,2.0967,2.171169,2.0946032999999997,12.0,-0.03526473526473535,0.0108,-0.4339768231768242,0.10398852016934657,-0.3299883030074776
SNX,SHORT,2025-11-04,2025-12-04,0.83656,0.53508,0.83572344,0.5356150799999999,12.0,0.35910008698571394,0.0108,4.298401043828568,0.057304969383455376,4.355706013212023
LINEA,SHORT,2025-11-04,2025-12-04,0.010687,0.008703,0.010676313,0.008711703,12.0,0.18401577398489538,0.0108,2.1973892878187447,0.01753447220470213,2.2149237600234466
TRX,LONG,2025-11-05,2025-12-05,0.2892,0.28625,0.2894892,0.28596375,12.0,-0.012178174522572813,0.0108,-0.15693809427087377,0.056876874241401754,-0.10006122002947201
IOTA,LONG,2025-11-05,2025-12-05,0.13088,0.099231,0.13101087999999997,0.099131769,12.0,-0.24333178282597584,0.0108,-2.9307813939117104,0.008384490744075615,-2.922396903167635
POL,LONG,2025-11-05,2025-12-05,0.16978,0.1186,0.16994977999999997,0.1184814,12.0,-0.30284464034022274,0.0108,-3.644935684082673,0.030186388877608442,-3.6147492952050646
YGG,SHORT,2025-11-05,2025-12-05,0.10666,0.071113,0.10655334000000001,0.071184113,12.0,0.3319391677445307,0.0108,3.972470012934368,-0.05312382880060634,3.919346184133762
NIL,SHORT,2025-11-05,2025-12-05,0.17565,0.070225,0.17547435,0.07029522499999999,12.0,0.599398858009732,0.0108,7.181986296116785,-0.028534533020036265,7.153451763096748
XRP,LONG,2025-11-06,2025-12-06,2.2098,2.0244,2.2120097999999997,2.0223756,10.0,-0.08572936702179147,0.009,-0.8662936702179147,0.0863837115439995,-0.7799099586739152
BTC,LONG,2025-11-06,2025-12-06,101354.0,89359.0,101455.35399999999,89269.641,10.0,-0.12010911715906082,0.009,-1.2100911715906082,0.05965934152012323,-1.150431830070485
SOL,LONG,2025-11-06,2025-12-06,156.79,132.0,156.94678999999996,131.868,10.0,-0.15979167206924064,0.009,-1.6069167206924062,-0.011472912311554765,-1.6183896330039609
MAVIA,SHORT,2025-11-06,2025-12-06,0.09217,0.05158,0.09207783,0.051631579999999996,10.0,0.4392615464547764,0.009,4.383615464547764,-0.12223916726806007,4.261376297279703
SNX,SHORT,2025-11-06,2025-12-06,0.81899,0.50617,0.81817101,0.50667617,10.0,0.38072094487923747,0.009,3.7982094487923748,0.05192963916470225,3.850139087957077
AIXBT,SHORT,2025-11-06,2025-12-06,0.060037,0.041578,0.059976963,0.04161957799999999,10.0,0.30607393375353154,0.009,3.0517393375353152,-0.03638979623174651,3.0153495413035687
BTC,LONG,2025-11-07,2025-12-07,103380.0,91372.0,103483.37999999999,91280.628,10.0,-0.11791992105398949,0.009,-1.1881992105398949,0.056512580136646104,-1.1316866304032487
DOT,LONG,2025-11-07,2025-12-07,3.2595,2.1386,3.2627594999999996,2.1364614,10.0,-0.3451980141349676,0.009,-3.4609801413496757,-0.056658580382801735,-3.5176387217324776
KAS,LONG,2025-11-07,2025-12-07,0.053461,0.053792,0.05351446099999999,0.053738208,10.0,0.004181056780147898,0.009,0.032810567801478986,0.06943762572638078,0.10224819352785977
SNX,SHORT,2025-11-07,2025-12-07,0.8859,0.49704,0.8850141,0.49753703999999993,10.0,0.4378202110000282,0.009,4.369202110000282,0.04868562923340995,4.417887739233692
TST,SHORT,2025-11-07,2025-12-07,0.019279,0.01556,0.019259721,0.015575559999999997,10.0,0.19128838886087723,0.009,1.9038838886087723,0.035705592218288104,1.9395894808270604
ZK,SHORT,2025-11-07,2025-12-07,0.067949,0.03339,0.067881051,0.03342339,10.0,0.507618260064948,0.009,5.06718260064948,-0.11860049835222794,4.9485821022972525
SAND,LONG,2025-11-08,2025-12-08,0.2026,0.14032,0.20280259999999997,0.14017968,10.0,-0.30878755992280166,0.009,-3.0968755992280164,-0.02284308335016415,-3.1197186825781804
BTC,LONG,2025-11-08,2025-12-08,101943.0,90071.0,102044.94299999998,89980.929,10.0,-0.11822255611431899,0.009,-1.19122556114319,0.053771449357475756,-1.1374541117857142
DOT,LONG,2025-11-08,2025-12-08,3.1596,2.1218,3.1627596,2.1196782,10.0,-0.32980103830844426,0.009,-3.3070103830844424,-0.05222152028304649,-3.3592319033674887
ZK,SHORT,2025-11-08,2025-12-08,0.057834,0.032314,0.057776166000000004,0.032346314,10.0,0.44014433218015886,0.009,4.392443321801588,-0.12675680169102946,4.265686520110559
S,SHORT,2025-11-08,2025-12-08,0.16571,0.095691,0.16554428999999998,0.095786691,10.0,0.4213832986930567,0.009,4.204832986930566,7.835082879633325e-05,4.204911337759363
MAVIA,SHORT,2025-11-08,2025-12-08,0.09282,0.05323,0.09272718,0.053283229999999994,10.0,0.4253763567489059,0.009,4.244763567489058,-0.09115060814779442,4.153612959341264
DOT,LONG,2025-11-09,2025-12-09,3.2202,2.31,3.2234201999999996,2.30769,10.0,-0.28408651158790893,0.009,-2.8498651158790893,-0.04932942411675029,-2.8991945399958396
TON,LONG,2025-11-09,2025-12-09,2.1295,1.666,2.1316295,1.664334,10.0,-0.21921985035391933,0.009,-2.201198503539193,0.0518209896027898,-2.1493775139364035
POLYX,LONG,2025-11-09,2025-12-09,0.08001,0.062813,0.08009000999999999,0.062750187,10.0,-0.2165041932196037,0.009,-2.174041932196037,-0.0989648539423706,-2.273006786138408
ZEREBRO,SHORT,2025-11-09,2025-12-09,0.043293,0.030079,0.043249707,0.030109078999999997,10.0,0.30383160746036963,0.009,3.0293160746036967,0.5193387787834725,3.548654853387169
SNX,SHORT,2025-11-09,2025-12-09,0.87351,0.51653,0.87263649,0.51704653,10.0,0.40748921695905704,0.009,4.06589216959057,0.04775330792574352,4.113645477516314
ZK,SHORT,2025-11-09,2025-12-09,0.059274,0.034971,0.059214726,0.035005971,10.0,0.408829975840807,0.009,4.0792997584080695,-0.12284039325661997,3.9564593651514497
XRP,LONG,2025-11-10,2025-12-10,2.5483,2.068,2.5508482999999993,2.065932,10.0,-0.19010001496364928,0.009,-1.9100001496364927,0.07937989739021332,-1.8306202522462793
ETH,LONG,2025-11-10,2025-12-10,3559.3,3391.4,3562.8592999999996,3388.0086,10.0,-0.049075948634850534,0.009,-0.49975948634850537,0.06202371126830634,-0.437735775080199
SOL,LONG,2025-11-10,2025-12-10,167.11,138.59,167.27711,138.45141,10.0,-0.17232303929688877,0.009,-1.7322303929688876,-0.00938080828524596,-1.7416112012541336
MINA,SHORT,2025-11-10,2025-12-10,0.1616,0.098097,0.16143839999999998,0.098195097,10.0,0.3917488218416436,0.009,3.9084882184164362,-0.06651204448693744,3.8419761739294986
MAVIA,SHORT,2025-11-10,2025-12-10,0.0906,0.05878,0.0905094,0.05883877999999999,10.0,0.3499152574207763,0.009,3.490152574207763,-0.0687138528911914,3.4214387213165716
ZEREBRO,SHORT,2025-11-10,2025-12-10,0.036334,0.029451,0.036297666,0.029480450999999998,10.0,0.18781414209938463,0.009,1.8691414209938464,0.6063130492671623,2.475454470261009
BTC,LONG,2025-11-11,2025-12-11,103095.0,90787.0,103198.09499999999,90696.213,10.0,-0.12114450368487892,0.009,-1.2204450368487891,0.05017260192051996,-1.1702724349282692
XRP,LONG,2025-11-11,2025-12-11,2.4148,2.0103,2.4172148,2.0082897,10.0,-0.1691720156603376,0.009,-1.7007201566033758,0.08323128805598906,-1.6174888685473867
ALGO,LONG,2025-11-11,2025-12-11,0.17844,0.12775,0.17861843999999996,0.12762225,10.0,-0.28550350120625834,0.009,-2.8640350120625833,-0.03865574831243629,-2.9026907603750196
MAVIA,SHORT,2025-11-11,2025-12-11,0.0875,0.05358,0.08741249999999999,0.05363358,10.0,0.3864312312312312,0.009,3.855312312312312,-0.05992033379917061,3.7953919785131416
DYM,SHORT,2025-11-11,2025-12-11,0.09091,0.07616,0.09081909,0.07623616,10.0,0.16057119709083198,0.009,1.59671197090832,-2.6945772038744273,-1.0978652329661074
FIL,SHORT,2025-11-11,2025-12-11,2.2779,1.3558,2.2756220999999996,1.3571557999999997,10.0,0.40361108287707353,0.009,4.027110828770735,-0.00268784862781039,4.0244229801429245
BTC,LONG,2025-11-12,2025-12-12,101249.0,90156.0,101350.24899999998,90065.844,10.0,-0.11134067366721503,0.009,-1.1224067366721502,0.050214868177205975,-1.0721918684949443
XRP,LONG,2025-11-12,2025-12-12,2.3375,2.0029,2.3398375,2.0008971,10.0,-0.1448563842574537,0.009,-1.457563842574537,0.08499373322194384,-1.372570109352593
TRX,LONG,2025-11-12,2025-12-12,0.29426,0.27507,0.29455426,0.27479493,10.0,-0.06708213963702314,0.009,-0.6798213963702314,0.045825179228302454,-0.633996217141929
MINA,SHORT,2025-11-12,2025-12-12,0.1405,0.08889,0.14035950000000003,0.08897888999999999,10.0,0.36606435617111793,0.009,3.6516435617111793,-0.04254178638168417,3.609101775329495
FIL,SHORT,2025-11-12,2025-12-12,2.1548,1.3145,2.1526452,1.3158144999999999,10.0,0.3887452981104364,0.009,3.878452981104364,-0.01599067721448012,3.862462303889884
ZEREBRO,SHORT,2025-11-12,2025-12-12,0.032752,0.028777,0.032719248000000006,0.028805776999999998,10.0,0.11960760834112104,0.009,1.1870760834112104,0.6733095188715217,1.860385602282732
BCH,LONG,2025-11-13,2025-12-13,499.34,573.61,499.83933999999994,573.03639,10.0,0.146441154471755,0.009,1.45541154471755,-0.0026443435256016494,1.4527672011919484
XRP,LONG,2025-11-13,2025-12-13,2.3151,2.0191,2.3174151,2.0170809,10.0,-0.12959879306905353,0.009,-1.3049879306905352,0.08619869213663967,-1.2187892385538954
PAXG,LONG,2025-11-13,2025-12-13,4148.2,4317.3,4152.348199999999,4312.9827000000005,10.0,0.038685219124928165,0.009,0.37785219124928165,0.06880546630504158,0.44665765755432324
FIL,SHORT,2025-11-13,2025-12-13,2.0293,1.346,2.0272707000000003,1.347346,10.0,0.335389200860053,0.009,3.3448920086005303,-0.028839023828194227,3.316052984772336
FET,SHORT,2025-11-13,2025-12-13,0.28729,0.24581,0.28700271,0.24605580999999999,10.0,0.14267077826547356,0.009,1.4177077826547357,-0.10536288285204695,1.3123448998026888
SAGA,SHORT,2025-11-13,2025-12-13,0.08511,0.07185,0.08502489,0.07192185,10.0,0.15410828523271256,0.009,1.5320828523271257,-0.06323079985872371,1.4688520524684021
