perp,time,close
0G,2025-09-17 18:00:00,1.618
0G,2025-09-18 18:00:00,2.7336
0G,2025-09-19 18:00:00,2.6998
0G,2025-09-20 18:00:00,2.659
0G,2025-09-21 18:00:00,3.2595
0G,2025-09-22 18:00:00,4.3265
0G,2025-09-23 18:00:00,5.3378
0G,2025-09-24 18:00:00,5.078
0G,2025-09-25 18:00:00,3.8182
0G,2025-09-26 18:00:00,3.6165
0G,2025-09-27 18:00:00,3.6583
0G,2025-09-28 18:00:00,3.6923
0G,2025-09-29 18:00:00,2.8289
0G,2025-09-30 18:00:00,2.4425
0G,2025-10-01 18:00:00,2.7651
0G,2025-10-02 18:00:00,2.6991
0G,2025-10-03 18:00:00,3.1516
0G,2025-10-04 18:00:00,2.9198
0G,2025-10-05 18:00:00,2.8883
0G,2025-10-06 18:00:00,3.0212
0G,2025-10-07 18:00:00,2.8718
0G,2025-10-08 18:00:00,2.8424
0G,2025-10-09 18:00:00,2.536
0G,2025-10-10 18:00:00,2.5926
0G,2025-10-11 18:00:00,2.2415
0G,2025-10-12 18:00:00,2.2632
0G,2025-10-13 18:00:00,2.3082
0G,2025-10-14 18:00:00,2.1949
0G,2025-10-15 18:00:00,2.1192
0G,2025-10-16 18:00:00,1.9926
0G,2025-10-17 18:00:00,1.8673
0G,2025-10-18 18:00:00,1.8283
0G,2025-10-19 18:00:00,1.8409
0G,2025-10-20 18:00:00,1.8678
0G,2025-10-21 18:00:00,1.9784
0G,2025-10-22 18:00:00,1.835
0G,2025-10-23 18:00:00,1.7638
0G,2025-10-24 18:00:00,1.7488
0G,2025-10-25 18:00:00,1.7425
0G,2025-10-26 18:00:00,1.7666
0G,2025-10-27 18:00:00,1.6177
0G,2025-10-28 18:00:00,1.6362
0G,2025-10-29 18:00:00,1.5078
0G,2025-10-30 18:00:00,1.2098
0G,2025-10-31 18:00:00,1.0945
0G,2025-11-01 18:00:00,1.0724
0G,2025-11-02 18:00:00,0.96587
0G,2025-11-03 18:00:00,1.2776
0G,2025-11-04 18:00:00,1.1369
0G,2025-11-05 18:00:00,1.1087
0G,2025-11-06 18:00:00,1.0148
0G,2025-11-07 18:00:00,1.08
0G,2025-11-08 18:00:00,1.3761
0G,2025-11-09 18:00:00,1.6214
0G,2025-11-10 18:00:00,1.4984
0G,2025-11-11 18:00:00,1.3562
0G,2025-11-12 18:00:00,1.2846
0G,2025-11-13 18:00:00,1.3028
ACE,2025-06-05 18:00:00,0.5599
ACE,2025-06-06 18:00:00,0.5348
ACE,2025-06-07 18:00:00,0.572
ACE,2025-06-08 18:00:00,0.5741
ACE,2025-06-09 18:00:00,0.5877
ACE,2025-06-10 18:00:00,0.6185
ACE,2025-06-11 18:00:00,0.6078
ACE,2025-06-12 18:00:00,0.5852
ACE,2025-06-13 18:00:00,0.5404
ACE,2025-06-14 18:00:00,0.5446
ACE,2025-06-15 18:00:00,0.5643
ACE,2025-06-16 18:00:00,0.5876
ACE,2025-06-17 18:00:00,0.5351
ACE,2025-06-18 18:00:00,0.5364
ACE,2025-06-19 18:00:00,0.5379
ACE,2025-06-20 18:00:00,0.5175
ACE,2025-06-21 18:00:00,0.4823
ACE,2025-06-22 18:00:00,0.4554
ACE,2025-06-23 18:00:00,0.4787
ACE,2025-06-24 18:00:00,0.5157
ACE,2025-06-25 18:00:00,0.498
ACE,2025-06-26 18:00:00,0.4934
ACE,2025-06-27 18:00:00,0.4956
ACE,2025-06-28 18:00:00,0.514
ACE,2025-06-29 18:00:00,0.5171
ACE,2025-06-30 18:00:00,0.5228
ACE,2025-07-01 18:00:00,0.492
ACE,2025-07-02 18:00:00,0.5208
ACE,2025-07-03 18:00:00,0.5046
ACE,2025-07-04 18:00:00,0.468
ACE,2025-07-05 18:00:00,0.45
ACE,2025-07-06 18:00:00,0.4731
ACE,2025-07-07 18:00:00,0.4777
ACE,2025-07-08 18:00:00,0.4876
ACE,2025-07-09 18:00:00,0.4961
ACE,2025-07-10 18:00:00,0.5105
ACE,2025-07-11 18:00:00,0.6053
ACE,2025-07-12 18:00:00,0.5528
ACE,2025-07-13 18:00:00,0.5858
ACE,2025-07-14 18:00:00,0.5506
ACE,2025-07-15 18:00:00,0.5743
ACE,2025-07-16 18:00:00,0.5813
ACE,2025-07-17 18:00:00,0.5891
ACE,2025-07-18 18:00:00,0.6117
ACE,2025-07-19 18:00:00,0.6191
ACE,2025-07-20 18:00:00,0.6618
ACE,2025-07-21 18:00:00,0.6546
ACE,2025-07-22 18:00:00,0.6406
ACE,2025-07-23 18:00:00,0.5898
ACE,2025-07-24 18:00:00,0.5722
ACE,2025-07-25 18:00:00,0.5667
ACE,2025-07-26 18:00:00,0.5805
ACE,2025-07-27 18:00:00,0.6014
ACE,2025-07-28 18:00:00,0.5843
ACE,2025-07-29 18:00:00,0.5702
ACE,2025-07-30 18:00:00,0.5485
ACE,2025-07-31 18:00:00,0.5517
ACE,2025-08-01 18:00:00,0.508
ACE,2025-08-02 18:00:00,0.4861
ACE,2025-08-03 18:00:00,0.5148
ACE,2025-08-04 18:00:00,0.5316
ACE,2025-08-05 18:00:00,0.515
ACE,2025-08-06 18:00:00,0.5456
ACE,2025-08-07 18:00:00,0.5555
ACE,2025-08-08 18:00:00,0.5805
ACE,2025-08-09 18:00:00,0.6029
ACE,2025-08-10 18:00:00,0.5935
ACE,2025-08-11 18:00:00,0.5751
ACE,2025-08-12 18:00:00,0.5862
ACE,2025-08-13 18:00:00,0.5963
ACE,2025-08-14 18:00:00,0.5352
ACE,2025-08-15 18:00:00,0.5261
ACE,2025-08-16 18:00:00,0.5567
ACE,2025-08-17 18:00:00,0.5638
ACE,2025-08-18 18:00:00,0.5436
ACE,2025-08-19 18:00:00,0.522
ACE,2025-08-20 18:00:00,0.544
ACE,2025-08-21 18:00:00,0.536
ACE,2025-08-22 18:00:00,0.5787
ACE,2025-08-23 18:00:00,0.5807
ACE,2025-08-24 18:00:00,0.5881
ACE,2025-08-25 18:00:00,0.5305
ACE,2025-08-26 18:00:00,0.5339
ACE,2025-08-27 18:00:00,0.5474
ACE,2025-08-28 18:00:00,0.5494
ACE,2025-08-29 18:00:00,0.5131
ACE,2025-08-30 18:00:00,0.5282
ACE,2025-08-31 18:00:00,0.5241
ACE,2025-09-01 18:00:00,0.5032
ACE,2025-09-02 18:00:00,0.5076
ACE,2025-09-03 18:00:00,0.5111
ACE,2025-09-04 18:00:00,0.4854
ACE,2025-09-05 18:00:00,0.497
ACE,2025-09-06 18:00:00,0.4931
ACE,2025-09-07 18:00:00,0.4926
ACE,2025-09-08 18:00:00,0.5118
ACE,2025-09-09 18:00:00,0.5125
ACE,2025-09-10 18:00:00,0.5475
ACE,2025-09-11 18:00:00,0.6357
ACE,2025-09-12 18:00:00,0.6454
ACE,2025-09-13 18:00:00,0.7694
ACE,2025-09-14 18:00:00,0.6834
ACE,2025-09-15 18:00:00,0.6053
ACE,2025-09-16 18:00:00,0.605
ACE,2025-09-17 18:00:00,0.5906
ACE,2025-09-18 18:00:00,0.6049
ACE,2025-09-19 18:00:00,0.5753
ACE,2025-09-20 18:00:00,0.5685
ACE,2025-09-21 18:00:00,0.5708
ACE,2025-09-22 18:00:00,0.4953
ACE,2025-09-23 18:00:00,0.4815
ACE,2025-09-24 18:00:00,0.4901
ACE,2025-09-25 18:00:00,0.4615
ACE,2025-09-26 18:00:00,0.4635
ACE,2025-09-27 18:00:00,0.4645
ACE,2025-09-28 18:00:00,0.4627
ACE,2025-09-29 18:00:00,0.4555
ACE,2025-09-30 18:00:00,0.442
ACE,2025-10-01 18:00:00,0.4661
ACE,2025-10-02 18:00:00,0.4827
ACE,2025-10-03 18:00:00,0.49
ACE,2025-10-04 18:00:00,0.4614
ACE,2025-10-05 18:00:00,0.4646
ACE,2025-10-06 18:00:00,0.4837
ACE,2025-10-07 18:00:00,0.4438
ACE,2025-10-08 18:00:00,0.4356
ACE,2025-10-09 18:00:00,0.4841
ACE,2025-10-10 18:00:00,0.4453
ACE,2025-10-11 18:00:00,0.3102
ACE,2025-10-12 18:00:00,0.3245
ACE,2025-10-13 18:00:00,0.3588
ACE,2025-10-14 18:00:00,0.3435
ACE,2025-10-15 18:00:00,0.3288
ACE,2025-10-16 18:00:00,0.3091
ACE,2025-10-17 18:00:00,0.2946
ACE,2025-10-18 18:00:00,0.2988
ACE,2025-10-19 18:00:00,0.3084
ACE,2025-10-20 18:00:00,0.2991
ACE,2025-10-21 18:00:00,0.3095
ACE,2025-10-22 18:00:00,0.2864
ACE,2025-10-23 18:00:00,0.2985
ACE,2025-10-24 18:00:00,0.3011
ACE,2025-10-25 18:00:00,0.3062
ACE,2025-10-26 18:00:00,0.3128
ACE,2025-10-27 18:00:00,0.3117
ACE,2025-10-28 18:00:00,0.3017
ACE,2025-10-29 18:00:00,0.2993
ACE,2025-10-30 18:00:00,0.2594
ACE,2025-10-31 18:00:00,0.2727
ACE,2025-11-01 18:00:00,0.2837
ACE,2025-11-02 18:00:00,0.2741
ACE,2025-11-03 18:00:00,0.2449
ACE,2025-11-04 18:00:00,0.2387
ACE,2025-11-05 18:00:00,0.2511
ACE,2025-11-06 18:00:00,0.2489
ACE,2025-11-07 18:00:00,0.2901
ACE,2025-11-08 18:00:00,0.2858
ACE,2025-11-09 18:00:00,0.2884
ACE,2025-11-10 18:00:00,0.2929
ACE,2025-11-11 18:00:00,0.2857
ACE,2025-11-12 18:00:00,0.2741
ACE,2025-11-13 18:00:00,0.2615
ADA,2025-06-05 18:00:00,0.66076
ADA,2025-06-06 18:00:00,0.66191
ADA,2025-06-07 18:00:00,0.66259
ADA,2025-06-08 18:00:00,0.67379
ADA,2025-06-09 18:00:00,0.68327
ADA,2025-06-10 18:00:00,0.70819
ADA,2025-06-11 18:00:00,0.70844
ADA,2025-06-12 18:00:00,0.67925
ADA,2025-06-13 18:00:00,0.63229
ADA,2025-06-14 18:00:00,0.62033
ADA,2025-06-15 18:00:00,0.6302
ADA,2025-06-16 18:00:00,0.65573
ADA,2025-06-17 18:00:00,0.6139
ADA,2025-06-18 18:00:00,0.58916
ADA,2025-06-19 18:00:00,0.5995
ADA,2025-06-20 18:00:00,0.57731
ADA,2025-06-21 18:00:00,0.56751
ADA,2025-06-22 18:00:00,0.52823
ADA,2025-06-23 18:00:00,0.55254
ADA,2025-06-24 18:00:00,0.58151
ADA,2025-06-25 18:00:00,0.56711
ADA,2025-06-26 18:00:00,0.55404
ADA,2025-06-27 18:00:00,0.54594
ADA,2025-06-28 18:00:00,0.56622
ADA,2025-06-29 18:00:00,0.56048
ADA,2025-06-30 18:00:00,0.5736
ADA,2025-07-01 18:00:00,0.5404
ADA,2025-07-02 18:00:00,0.59482
ADA,2025-07-03 18:00:00,0.59634
ADA,2025-07-04 18:00:00,0.5674
ADA,2025-07-05 18:00:00,0.57083
ADA,2025-07-06 18:00:00,0.58041
ADA,2025-07-07 18:00:00,0.57963
ADA,2025-07-08 18:00:00,0.59149
ADA,2025-07-09 18:00:00,0.60992
ADA,2025-07-10 18:00:00,0.65254
ADA,2025-07-11 18:00:00,0.7446
ADA,2025-07-12 18:00:00,0.70603
ADA,2025-07-13 18:00:00,0.74699
ADA,2025-07-14 18:00:00,0.73089
ADA,2025-07-15 18:00:00,0.73596
ADA,2025-07-16 18:00:00,0.76357
ADA,2025-07-17 18:00:00,0.81519
ADA,2025-07-18 18:00:00,0.82131
ADA,2025-07-19 18:00:00,0.82305
ADA,2025-07-20 18:00:00,0.87078
ADA,2025-07-21 18:00:00,0.88544
ADA,2025-07-22 18:00:00,0.88984
ADA,2025-07-23 18:00:00,0.82144
ADA,2025-07-24 18:00:00,0.82423
ADA,2025-07-25 18:00:00,0.7916
ADA,2025-07-26 18:00:00,0.82851
ADA,2025-07-27 18:00:00,0.82944
ADA,2025-07-28 18:00:00,0.79655
ADA,2025-07-29 18:00:00,0.78266
ADA,2025-07-30 18:00:00,0.75694
ADA,2025-07-31 18:00:00,0.75757
ADA,2025-08-01 18:00:00,0.72527
ADA,2025-08-02 18:00:00,0.68772
ADA,2025-08-03 18:00:00,0.72441
ADA,2025-08-04 18:00:00,0.74558
ADA,2025-08-05 18:00:00,0.72477
ADA,2025-08-06 18:00:00,0.74216
ADA,2025-08-07 18:00:00,0.75514
ADA,2025-08-08 18:00:00,0.7938
ADA,2025-08-09 18:00:00,0.8162
ADA,2025-08-10 18:00:00,0.8072
ADA,2025-08-11 18:00:00,0.79352
ADA,2025-08-12 18:00:00,0.83956
ADA,2025-08-13 18:00:00,0.87594
ADA,2025-08-14 18:00:00,0.89886
ADA,2025-08-15 18:00:00,0.93277
ADA,2025-08-16 18:00:00,0.91668
ADA,2025-08-17 18:00:00,0.95372
ADA,2025-08-18 18:00:00,0.9229
ADA,2025-08-19 18:00:00,0.8548
ADA,2025-08-20 18:00:00,0.87152
ADA,2025-08-21 18:00:00,0.8644
ADA,2025-08-22 18:00:00,0.92428
ADA,2025-08-23 18:00:00,0.91343
ADA,2025-08-24 18:00:00,0.9492
ADA,2025-08-25 18:00:00,0.8697
ADA,2025-08-26 18:00:00,0.86336
ADA,2025-08-27 18:00:00,0.86778
ADA,2025-08-28 18:00:00,0.85339
ADA,2025-08-29 18:00:00,0.81353
ADA,2025-08-30 18:00:00,0.81637
ADA,2025-08-31 18:00:00,0.82694
ADA,2025-09-01 18:00:00,0.80894
ADA,2025-09-02 18:00:00,0.81822
ADA,2025-09-03 18:00:00,0.83786
ADA,2025-09-04 18:00:00,0.80482
ADA,2025-09-05 18:00:00,0.83218
ADA,2025-09-06 18:00:00,0.82062
ADA,2025-09-07 18:00:00,0.82568
ADA,2025-09-08 18:00:00,0.86815
ADA,2025-09-09 18:00:00,0.86282
ADA,2025-09-10 18:00:00,0.88326
ADA,2025-09-11 18:00:00,0.88115
ADA,2025-09-12 18:00:00,0.90492
ADA,2025-09-13 18:00:00,0.92571
ADA,2025-09-14 18:00:00,0.88957
ADA,2025-09-15 18:00:00,0.86106
ADA,2025-09-16 18:00:00,0.87514
ADA,2025-09-17 18:00:00,0.86625
ADA,2025-09-18 18:00:00,0.93838
ADA,2025-09-19 18:00:00,0.89653
ADA,2025-09-20 18:00:00,0.89145
ADA,2025-09-21 18:00:00,0.88899
ADA,2025-09-22 18:00:00,0.81805
ADA,2025-09-23 18:00:00,0.81068
ADA,2025-09-24 18:00:00,0.82198
ADA,2025-09-25 18:00:00,0.77671
ADA,2025-09-26 18:00:00,0.79274
ADA,2025-09-27 18:00:00,0.78062
ADA,2025-09-28 18:00:00,0.7907
ADA,2025-09-29 18:00:00,0.79864
ADA,2025-09-30 18:00:00,0.78988
ADA,2025-10-01 18:00:00,0.84255
ADA,2025-10-02 18:00:00,0.87197
ADA,2025-10-03 18:00:00,0.87213
ADA,2025-10-04 18:00:00,0.83573
ADA,2025-10-05 18:00:00,0.84358
ADA,2025-10-06 18:00:00,0.88051
ADA,2025-10-07 18:00:00,0.82449
ADA,2025-10-08 18:00:00,0.84115
ADA,2025-10-09 18:00:00,0.80468
ADA,2025-10-10 18:00:00,0.77447
ADA,2025-10-11 18:00:00,0.65089
ADA,2025-10-12 18:00:00,0.68797
ADA,2025-10-13 18:00:00,0.7216
ADA,2025-10-14 18:00:00,0.70136
ADA,2025-10-15 18:00:00,0.67561
ADA,2025-10-16 18:00:00,0.65239
ADA,2025-10-17 18:00:00,0.626
ADA,2025-10-18 18:00:00,0.63493
ADA,2025-10-19 18:00:00,0.66066
ADA,2025-10-20 18:00:00,0.66376
ADA,2025-10-21 18:00:00,0.66855
ADA,2025-10-22 18:00:00,0.62654
ADA,2025-10-23 18:00:00,0.64551
ADA,2025-10-24 18:00:00,0.65059
ADA,2025-10-25 18:00:00,0.65795
ADA,2025-10-26 18:00:00,0.67519
ADA,2025-10-27 18:00:00,0.68034
ADA,2025-10-28 18:00:00,0.66517
ADA,2025-10-29 18:00:00,0.64633
ADA,2025-10-30 18:00:00,0.59414
ADA,2025-10-31 18:00:00,0.6047
ADA,2025-11-01 18:00:00,0.61193
ADA,2025-11-02 18:00:00,0.59771
ADA,2025-11-03 18:00:00,0.55914
ADA,2025-11-04 18:00:00,0.52402
ADA,2025-11-05 18:00:00,0.54757
ADA,2025-11-06 18:00:00,0.52716
ADA,2025-11-07 18:00:00,0.57977
ADA,2025-11-08 18:00:00,0.56336
ADA,2025-11-09 18:00:00,0.57684
ADA,2025-11-10 18:00:00,0.58437
ADA,2025-11-11 18:00:00,0.56835
ADA,2025-11-12 18:00:00,0.54697
ADA,2025-11-13 18:00:00,0.52219
AIXBT,2025-06-05 18:00:00,0.17586
AIXBT,2025-06-06 18:00:00,0.17011
AIXBT,2025-06-07 18:00:00,0.17594
AIXBT,2025-06-08 18:00:00,0.18118
AIXBT,2025-06-09 18:00:00,0.18774
AIXBT,2025-06-10 18:00:00,0.19573
AIXBT,2025-06-11 18:00:00,0.19558
AIXBT,2025-06-12 18:00:00,0.18462
AIXBT,2025-06-13 18:00:00,0.16685
AIXBT,2025-06-14 18:00:00,0.1637
AIXBT,2025-06-15 18:00:00,0.17799
AIXBT,2025-06-16 18:00:00,0.1786
AIXBT,2025-06-17 18:00:00,0.1568
AIXBT,2025-06-18 18:00:00,0.14683
AIXBT,2025-06-19 18:00:00,0.14422
AIXBT,2025-06-20 18:00:00,0.135
AIXBT,2025-06-21 18:00:00,0.12222
AIXBT,2025-06-22 18:00:00,0.112
AIXBT,2025-06-23 18:00:00,0.13127
AIXBT,2025-06-24 18:00:00,0.14011
AIXBT,2025-06-25 18:00:00,0.13177
AIXBT,2025-06-26 18:00:00,0.12796
AIXBT,2025-06-27 18:00:00,0.12725
AIXBT,2025-06-28 18:00:00,0.13137
AIXBT,2025-06-29 18:00:00,0.13433
AIXBT,2025-06-30 18:00:00,0.13015
AIXBT,2025-07-01 18:00:00,0.12239
AIXBT,2025-07-02 18:00:00,0.13554
AIXBT,2025-07-03 18:00:00,0.12972
AIXBT,2025-07-04 18:00:00,0.12579
AIXBT,2025-07-05 18:00:00,0.1277
AIXBT,2025-07-06 18:00:00,0.13085
AIXBT,2025-07-07 18:00:00,0.12992
AIXBT,2025-07-08 18:00:00,0.1286
AIXBT,2025-07-09 18:00:00,0.1367
AIXBT,2025-07-10 18:00:00,0.15078
AIXBT,2025-07-11 18:00:00,0.15821
AIXBT,2025-07-12 18:00:00,0.1469
AIXBT,2025-07-13 18:00:00,0.1502
AIXBT,2025-07-14 18:00:00,0.15169
AIXBT,2025-07-15 18:00:00,0.15278
AIXBT,2025-07-16 18:00:00,0.16315
AIXBT,2025-07-17 18:00:00,0.17206
AIXBT,2025-07-18 18:00:00,0.16812
AIXBT,2025-07-19 18:00:00,0.16475
AIXBT,2025-07-20 18:00:00,0.17437
AIXBT,2025-07-21 18:00:00,0.17248
AIXBT,2025-07-22 18:00:00,0.17358
AIXBT,2025-07-23 18:00:00,0.16349
AIXBT,2025-07-24 18:00:00,0.15107
AIXBT,2025-07-25 18:00:00,0.14157
AIXBT,2025-07-26 18:00:00,0.14816
AIXBT,2025-07-27 18:00:00,0.15115
AIXBT,2025-07-28 18:00:00,0.1404
AIXBT,2025-07-29 18:00:00,0.13376
AIXBT,2025-07-30 18:00:00,0.13037
AIXBT,2025-07-31 18:00:00,0.12885
AIXBT,2025-08-01 18:00:00,0.1196
AIXBT,2025-08-02 18:00:00,0.11212
AIXBT,2025-08-03 18:00:00,0.11918
AIXBT,2025-08-04 18:00:00,0.12234
AIXBT,2025-08-05 18:00:00,0.11359
AIXBT,2025-08-06 18:00:00,0.11863
AIXBT,2025-08-07 18:00:00,0.12523
AIXBT,2025-08-08 18:00:00,0.12904
AIXBT,2025-08-09 18:00:00,0.13476
AIXBT,2025-08-10 18:00:00,0.13985
AIXBT,2025-08-11 18:00:00,0.12942
AIXBT,2025-08-12 18:00:00,0.13323
AIXBT,2025-08-13 18:00:00,0.13368
AIXBT,2025-08-14 18:00:00,0.1178
AIXBT,2025-08-15 18:00:00,0.11286
AIXBT,2025-08-16 18:00:00,0.11616
AIXBT,2025-08-17 18:00:00,0.12094
AIXBT,2025-08-18 18:00:00,0.1158
AIXBT,2025-08-19 18:00:00,0.10688
AIXBT,2025-08-20 18:00:00,0.11136
AIXBT,2025-08-21 18:00:00,0.10884
AIXBT,2025-08-22 18:00:00,0.11838
AIXBT,2025-08-23 18:00:00,0.12029
AIXBT,2025-08-24 18:00:00,0.12153
AIXBT,2025-08-25 18:00:00,0.1076
AIXBT,2025-08-26 18:00:00,0.10483
AIXBT,2025-08-27 18:00:00,0.10557
AIXBT,2025-08-28 18:00:00,0.11011
AIXBT,2025-08-29 18:00:00,0.10193
AIXBT,2025-08-30 18:00:00,0.10612
AIXBT,2025-08-31 18:00:00,0.10603
AIXBT,2025-09-01 18:00:00,0.097701
AIXBT,2025-09-02 18:00:00,0.099045
AIXBT,2025-09-03 18:00:00,0.10599
AIXBT,2025-09-04 18:00:00,0.09873
AIXBT,2025-09-05 18:00:00,0.1042
AIXBT,2025-09-06 18:00:00,0.10376
AIXBT,2025-09-07 18:00:00,0.10704
AIXBT,2025-09-08 18:00:00,0.11585
AIXBT,2025-09-09 18:00:00,0.11555
AIXBT,2025-09-10 18:00:00,0.11661
AIXBT,2025-09-11 18:00:00,0.11663
AIXBT,2025-09-12 18:00:00,0.12295
AIXBT,2025-09-13 18:00:00,0.12619
AIXBT,2025-09-14 18:00:00,0.11883
AIXBT,2025-09-15 18:00:00,0.11107
AIXBT,2025-09-16 18:00:00,0.11415
AIXBT,2025-09-17 18:00:00,0.11319
AIXBT,2025-09-18 18:00:00,0.12936
AIXBT,2025-09-19 18:00:00,0.11885
AIXBT,2025-09-20 18:00:00,0.11778
AIXBT,2025-09-21 18:00:00,0.11756
AIXBT,2025-09-22 18:00:00,0.098865
AIXBT,2025-09-23 18:00:00,0.098151
AIXBT,2025-09-24 18:00:00,0.098352
AIXBT,2025-09-25 18:00:00,0.090885
AIXBT,2025-09-26 18:00:00,0.093046
AIXBT,2025-09-27 18:00:00,0.091928
AIXBT,2025-09-28 18:00:00,0.092694
AIXBT,2025-09-29 18:00:00,0.090408
AIXBT,2025-09-30 18:00:00,0.088031
AIXBT,2025-10-01 18:00:00,0.095714
AIXBT,2025-10-02 18:00:00,0.10131
AIXBT,2025-10-03 18:00:00,0.099972
AIXBT,2025-10-04 18:00:00,0.095314
AIXBT,2025-10-05 18:00:00,0.096228
AIXBT,2025-10-06 18:00:00,0.10318
AIXBT,2025-10-07 18:00:00,0.093825
AIXBT,2025-10-08 18:00:00,0.097525
AIXBT,2025-10-09 18:00:00,0.089761
AIXBT,2025-10-10 18:00:00,0.082724
AIXBT,2025-10-11 18:00:00,0.059457
AIXBT,2025-10-12 18:00:00,0.06516
AIXBT,2025-10-13 18:00:00,0.068511
AIXBT,2025-10-14 18:00:00,0.065802
AIXBT,2025-10-15 18:00:00,0.063951
AIXBT,2025-10-16 18:00:00,0.060198
AIXBT,2025-10-17 18:00:00,0.05717
AIXBT,2025-10-18 18:00:00,0.057716
AIXBT,2025-10-19 18:00:00,0.060282
AIXBT,2025-10-20 18:00:00,0.06014
AIXBT,2025-10-21 18:00:00,0.061145
AIXBT,2025-10-22 18:00:00,0.053125
AIXBT,2025-10-23 18:00:00,0.05445
AIXBT,2025-10-24 18:00:00,0.056664
AIXBT,2025-10-25 18:00:00,0.074295
AIXBT,2025-10-26 18:00:00,0.085409
AIXBT,2025-10-27 18:00:00,0.092893
AIXBT,2025-10-28 18:00:00,0.082708
AIXBT,2025-10-29 18:00:00,0.07804
AIXBT,2025-10-30 18:00:00,0.065563
AIXBT,2025-10-31 18:00:00,0.071841
AIXBT,2025-11-01 18:00:00,0.081081
AIXBT,2025-11-02 18:00:00,0.071343
AIXBT,2025-11-03 18:00:00,0.066261
AIXBT,2025-11-04 18:00:00,0.061813
AIXBT,2025-11-05 18:00:00,0.064089
AIXBT,2025-11-06 18:00:00,0.060038
AIXBT,2025-11-07 18:00:00,0.069237
AIXBT,2025-11-08 18:00:00,0.06502
AIXBT,2025-11-09 18:00:00,0.066213
AIXBT,2025-11-10 18:00:00,0.064552
AIXBT,2025-11-11 18:00:00,0.061553
AIXBT,2025-11-12 18:00:00,0.059182
AIXBT,2025-11-13 18:00:00,0.056318
ALGO,2025-06-05 18:00:00,0.1878
ALGO,2025-06-06 18:00:00,0.18749
ALGO,2025-06-07 18:00:00,0.19128
ALGO,2025-06-08 18:00:00,0.19244
ALGO,2025-06-09 18:00:00,0.19403
ALGO,2025-06-10 18:00:00,0.20552
ALGO,2025-06-11 18:00:00,0.20281
ALGO,2025-06-12 18:00:00,0.185
ALGO,2025-06-13 18:00:00,0.17716
ALGO,2025-06-14 18:00:00,0.17537
ALGO,2025-06-15 18:00:00,0.1749
ALGO,2025-06-16 18:00:00,0.1852
ALGO,2025-06-17 18:00:00,0.17001
ALGO,2025-06-18 18:00:00,0.16511
ALGO,2025-06-19 18:00:00,0.1698
ALGO,2025-06-20 18:00:00,0.16626
ALGO,2025-06-21 18:00:00,0.16264
ALGO,2025-06-22 18:00:00,0.15602
ALGO,2025-06-23 18:00:00,0.16746
ALGO,2025-06-24 18:00:00,0.18126
ALGO,2025-06-25 18:00:00,0.17713
ALGO,2025-06-26 18:00:00,0.17119
ALGO,2025-06-27 18:00:00,0.16938
ALGO,2025-06-28 18:00:00,0.17636
ALGO,2025-06-29 18:00:00,0.18112
ALGO,2025-06-30 18:00:00,0.18099
ALGO,2025-07-01 18:00:00,0.17259
ALGO,2025-07-02 18:00:00,0.18196
ALGO,2025-07-03 18:00:00,0.1831
ALGO,2025-07-04 18:00:00,0.17258
ALGO,2025-07-05 18:00:00,0.17255
ALGO,2025-07-06 18:00:00,0.1761
ALGO,2025-07-07 18:00:00,0.17458
ALGO,2025-07-08 18:00:00,0.18026
ALGO,2025-07-09 18:00:00,0.18848
ALGO,2025-07-10 18:00:00,0.2008
ALGO,2025-07-11 18:00:00,0.22909
ALGO,2025-07-12 18:00:00,0.21777
ALGO,2025-07-13 18:00:00,0.26495
ALGO,2025-07-14 18:00:00,0.28389
ALGO,2025-07-15 18:00:00,0.28284
ALGO,2025-07-16 18:00:00,0.28796
ALGO,2025-07-17 18:00:00,0.31634
ALGO,2025-07-18 18:00:00,0.29695
ALGO,2025-07-19 18:00:00,0.28727
ALGO,2025-07-20 18:00:00,0.30218
ALGO,2025-07-21 18:00:00,0.298
ALGO,2025-07-22 18:00:00,0.29474
ALGO,2025-07-23 18:00:00,0.26962
ALGO,2025-07-24 18:00:00,0.26952
ALGO,2025-07-25 18:00:00,0.26036
ALGO,2025-07-26 18:00:00,0.27763
ALGO,2025-07-27 18:00:00,0.28373
ALGO,2025-07-28 18:00:00,0.26575
ALGO,2025-07-29 18:00:00,0.25977
ALGO,2025-07-30 18:00:00,0.24903
ALGO,2025-07-31 18:00:00,0.25433
ALGO,2025-08-01 18:00:00,0.23894
ALGO,2025-08-02 18:00:00,0.22442
ALGO,2025-08-03 18:00:00,0.2425
ALGO,2025-08-04 18:00:00,0.24558
ALGO,2025-08-05 18:00:00,0.23681
ALGO,2025-08-06 18:00:00,0.244
ALGO,2025-08-07 18:00:00,0.2531
ALGO,2025-08-08 18:00:00,0.26376
ALGO,2025-08-09 18:00:00,0.27401
ALGO,2025-08-10 18:00:00,0.26743
ALGO,2025-08-11 18:00:00,0.25906
ALGO,2025-08-12 18:00:00,0.27076
ALGO,2025-08-13 18:00:00,0.27412
ALGO,2025-08-14 18:00:00,0.25394
ALGO,2025-08-15 18:00:00,0.24941
ALGO,2025-08-16 18:00:00,0.25991
ALGO,2025-08-17 18:00:00,0.26663
ALGO,2025-08-18 18:00:00,0.2573
ALGO,2025-08-19 18:00:00,0.23866
ALGO,2025-08-20 18:00:00,0.25539
ALGO,2025-08-21 18:00:00,0.2499
ALGO,2025-08-22 18:00:00,0.26662
ALGO,2025-08-23 18:00:00,0.26038
ALGO,2025-08-24 18:00:00,0.27816
ALGO,2025-08-25 18:00:00,0.25265
ALGO,2025-08-26 18:00:00,0.25439
ALGO,2025-08-27 18:00:00,0.25272
ALGO,2025-08-28 18:00:00,0.25132
ALGO,2025-08-29 18:00:00,0.23265
ALGO,2025-08-30 18:00:00,0.23238
ALGO,2025-08-31 18:00:00,0.23663
ALGO,2025-09-01 18:00:00,0.22899
ALGO,2025-09-02 18:00:00,0.23042
ALGO,2025-09-03 18:00:00,0.23422
ALGO,2025-09-04 18:00:00,0.22573
ALGO,2025-09-05 18:00:00,0.2293
ALGO,2025-09-06 18:00:00,0.22614
ALGO,2025-09-07 18:00:00,0.22817
ALGO,2025-09-08 18:00:00,0.2374
ALGO,2025-09-09 18:00:00,0.234
ALGO,2025-09-10 18:00:00,0.23868
ALGO,2025-09-11 18:00:00,0.24023
ALGO,2025-09-12 18:00:00,0.24879
ALGO,2025-09-13 18:00:00,0.25221
ALGO,2025-09-14 18:00:00,0.24056
ALGO,2025-09-15 18:00:00,0.23193
ALGO,2025-09-16 18:00:00,0.23857
ALGO,2025-09-17 18:00:00,0.23449
ALGO,2025-09-18 18:00:00,0.2506
ALGO,2025-09-19 18:00:00,0.23628
ALGO,2025-09-20 18:00:00,0.23533
ALGO,2025-09-21 18:00:00,0.23291
ALGO,2025-09-22 18:00:00,0.21022
ALGO,2025-09-23 18:00:00,0.21303
ALGO,2025-09-24 18:00:00,0.2168
ALGO,2025-09-25 18:00:00,0.20749
ALGO,2025-09-26 18:00:00,0.21037
ALGO,2025-09-27 18:00:00,0.20498
ALGO,2025-09-28 18:00:00,0.20419
ALGO,2025-09-29 18:00:00,0.20703
ALGO,2025-09-30 18:00:00,0.20499
ALGO,2025-10-01 18:00:00,0.22011
ALGO,2025-10-02 18:00:00,0.22577
ALGO,2025-10-03 18:00:00,0.22623
ALGO,2025-10-04 18:00:00,0.21607
ALGO,2025-10-05 18:00:00,0.22054
ALGO,2025-10-06 18:00:00,0.23069
ALGO,2025-10-07 18:00:00,0.22017
ALGO,2025-10-08 18:00:00,0.22583
ALGO,2025-10-09 18:00:00,0.21729
ALGO,2025-10-10 18:00:00,0.20929
ALGO,2025-10-11 18:00:00,0.18918
ALGO,2025-10-12 18:00:00,0.20255
ALGO,2025-10-13 18:00:00,0.2095
ALGO,2025-10-14 18:00:00,0.20365
ALGO,2025-10-15 18:00:00,0.19942
ALGO,2025-10-16 18:00:00,0.18906
ALGO,2025-10-17 18:00:00,0.1775
ALGO,2025-10-18 18:00:00,0.17961
ALGO,2025-10-19 18:00:00,0.18658
ALGO,2025-10-20 18:00:00,0.18725
ALGO,2025-10-21 18:00:00,0.18955
ALGO,2025-10-22 18:00:00,0.17952
ALGO,2025-10-23 18:00:00,0.18375
ALGO,2025-10-24 18:00:00,0.18255
ALGO,2025-10-25 18:00:00,0.18615
ALGO,2025-10-26 18:00:00,0.18816
ALGO,2025-10-27 18:00:00,0.19019
ALGO,2025-10-28 18:00:00,0.19054
ALGO,2025-10-29 18:00:00,0.18591
ALGO,2025-10-30 18:00:00,0.16903
ALGO,2025-10-31 18:00:00,0.17484
ALGO,2025-11-01 18:00:00,0.18012
ALGO,2025-11-02 18:00:00,0.1741
ALGO,2025-11-03 18:00:00,0.15968
ALGO,2025-11-04 18:00:00,0.153
ALGO,2025-11-05 18:00:00,0.16216
ALGO,2025-11-06 18:00:00,0.15829
ALGO,2025-11-07 18:00:00,0.18305
ALGO,2025-11-08 18:00:00,0.17776
ALGO,2025-11-09 18:00:00,0.18079
ALGO,2025-11-10 18:00:00,0.18875
ALGO,2025-11-11 18:00:00,0.17999
ALGO,2025-11-12 18:00:00,0.17276
ALGO,2025-11-13 18:00:00,0.16678
APT,2025-06-05 18:00:00,4.7207
APT,2025-06-06 18:00:00,4.5977
APT,2025-06-07 18:00:00,4.7076
APT,2025-06-08 18:00:00,4.7518
APT,2025-06-09 18:00:00,4.8352
APT,2025-06-10 18:00:00,5.0692
APT,2025-06-11 18:00:00,5.1126
APT,2025-06-12 18:00:00,4.8264
APT,2025-06-13 18:00:00,4.4202
APT,2025-06-14 18:00:00,4.4234
APT,2025-06-15 18:00:00,4.5076
APT,2025-06-16 18:00:00,4.8271
APT,2025-06-17 18:00:00,4.4719
APT,2025-06-18 18:00:00,4.3412
APT,2025-06-19 18:00:00,4.3637
APT,2025-06-20 18:00:00,4.2992
APT,2025-06-21 18:00:00,4.2891
APT,2025-06-22 18:00:00,3.8485
APT,2025-06-23 18:00:00,4.0864
APT,2025-06-24 18:00:00,4.9918
APT,2025-06-25 18:00:00,4.8919
APT,2025-06-26 18:00:00,4.7741
APT,2025-06-27 18:00:00,4.824
APT,2025-06-28 18:00:00,4.8203
APT,2025-06-29 18:00:00,4.8245
APT,2025-06-30 18:00:00,4.8057
APT,2025-07-01 18:00:00,4.5478
APT,2025-07-02 18:00:00,4.8014
APT,2025-07-03 18:00:00,4.7149
APT,2025-07-04 18:00:00,4.3794
APT,2025-07-05 18:00:00,4.3562
APT,2025-07-06 18:00:00,4.4512
APT,2025-07-07 18:00:00,4.446
APT,2025-07-08 18:00:00,4.4685
APT,2025-07-09 18:00:00,4.5563
APT,2025-07-10 18:00:00,4.7054
APT,2025-07-11 18:00:00,5.031
APT,2025-07-12 18:00:00,4.7878
APT,2025-07-13 18:00:00,5.0164
APT,2025-07-14 18:00:00,4.9545
APT,2025-07-15 18:00:00,5.002
APT,2025-07-16 18:00:00,5.2567
APT,2025-07-17 18:00:00,5.2412
APT,2025-07-18 18:00:00,5.3108
APT,2025-07-19 18:00:00,5.2183
APT,2025-07-20 18:00:00,5.4113
APT,2025-07-21 18:00:00,5.3878
APT,2025-07-22 18:00:00,5.3973
APT,2025-07-23 18:00:00,4.9494
APT,2025-07-24 18:00:00,4.7296
APT,2025-07-25 18:00:00,4.6537
APT,2025-07-26 18:00:00,4.8341
APT,2025-07-27 18:00:00,4.8743
APT,2025-07-28 18:00:00,4.6808
APT,2025-07-29 18:00:00,4.5314
APT,2025-07-30 18:00:00,4.4231
APT,2025-07-31 18:00:00,4.4261
APT,2025-08-01 18:00:00,4.2353
APT,2025-08-02 18:00:00,4.0646
APT,2025-08-03 18:00:00,4.2254
APT,2025-08-04 18:00:00,4.2986
APT,2025-08-05 18:00:00,4.2608
APT,2025-08-06 18:00:00,4.2369
APT,2025-08-07 18:00:00,4.3279
APT,2025-08-08 18:00:00,4.6685
APT,2025-08-09 18:00:00,4.8018
APT,2025-08-10 18:00:00,4.7242
APT,2025-08-11 18:00:00,4.6532
APT,2025-08-12 18:00:00,4.7917
APT,2025-08-13 18:00:00,4.9483
APT,2025-08-14 18:00:00,4.7637
APT,2025-08-15 18:00:00,4.5804
APT,2025-08-16 18:00:00,4.6975
APT,2025-08-17 18:00:00,4.8385
APT,2025-08-18 18:00:00,4.6266
APT,2025-08-19 18:00:00,4.3197
APT,2025-08-20 18:00:00,4.4425
APT,2025-08-21 18:00:00,4.4217
APT,2025-08-22 18:00:00,4.7092
APT,2025-08-23 18:00:00,4.7273
APT,2025-08-24 18:00:00,4.7557
APT,2025-08-25 18:00:00,4.3756
APT,2025-08-26 18:00:00,4.3767
APT,2025-08-27 18:00:00,4.4002
APT,2025-08-28 18:00:00,4.4144
APT,2025-08-29 18:00:00,4.1973
APT,2025-08-30 18:00:00,4.2804
APT,2025-08-31 18:00:00,4.3161
APT,2025-09-01 18:00:00,4.2203
APT,2025-09-02 18:00:00,4.2886
APT,2025-09-03 18:00:00,4.3658
APT,2025-09-04 18:00:00,4.2149
APT,2025-09-05 18:00:00,4.2644
APT,2025-09-06 18:00:00,4.2126
APT,2025-09-07 18:00:00,4.2482
APT,2025-09-08 18:00:00,4.4079
APT,2025-09-09 18:00:00,4.3809
APT,2025-09-10 18:00:00,4.469
APT,2025-09-11 18:00:00,4.4788
APT,2025-09-12 18:00:00,4.6041
APT,2025-09-13 18:00:00,4.6213
APT,2025-09-14 18:00:00,4.5276
APT,2025-09-15 18:00:00,4.3595
APT,2025-09-16 18:00:00,4.436
APT,2025-09-17 18:00:00,4.3844
APT,2025-09-18 18:00:00,4.7407
APT,2025-09-19 18:00:00,4.5738
APT,2025-09-20 18:00:00,4.605
APT,2025-09-21 18:00:00,4.6483
APT,2025-09-22 18:00:00,4.2205
APT,2025-09-23 18:00:00,4.2644
APT,2025-09-24 18:00:00,4.2895
APT,2025-09-25 18:00:00,4.0249
APT,2025-09-26 18:00:00,4.1031
APT,2025-09-27 18:00:00,4.1545
APT,2025-09-28 18:00:00,4.1608
APT,2025-09-29 18:00:00,4.2536
APT,2025-09-30 18:00:00,4.2768
APT,2025-10-01 18:00:00,4.7649
APT,2025-10-02 18:00:00,5.142
APT,2025-10-03 18:00:00,5.344
APT,2025-10-04 18:00:00,5.1714
APT,2025-10-05 18:00:00,5.4703
APT,2025-10-06 18:00:00,5.4854
APT,2025-10-07 18:00:00,5.31
APT,2025-10-08 18:00:00,5.2564
APT,2025-10-09 18:00:00,4.9523
APT,2025-10-10 18:00:00,4.8103
APT,2025-10-11 18:00:00,3.7524
APT,2025-10-12 18:00:00,3.9128
APT,2025-10-13 18:00:00,3.8567
APT,2025-10-14 18:00:00,3.6732
APT,2025-10-15 18:00:00,3.5284
APT,2025-10-16 18:00:00,3.3535
APT,2025-10-17 18:00:00,3.2014
APT,2025-10-18 18:00:00,3.2034
APT,2025-10-19 18:00:00,3.207
APT,2025-10-20 18:00:00,3.2569
APT,2025-10-21 18:00:00,3.3338
APT,2025-10-22 18:00:00,3.2378
APT,2025-10-23 18:00:00,3.285
APT,2025-10-24 18:00:00,3.2632
APT,2025-10-25 18:00:00,3.3083
APT,2025-10-26 18:00:00,3.525
APT,2025-10-27 18:00:00,3.5131
APT,2025-10-28 18:00:00,3.4638
APT,2025-10-29 18:00:00,3.4198
APT,2025-10-30 18:00:00,3.1138
APT,2025-10-31 18:00:00,3.2241
APT,2025-11-01 18:00:00,3.3235
APT,2025-11-02 18:00:00,3.2947
APT,2025-11-03 18:00:00,2.863
APT,2025-11-04 18:00:00,2.5859
APT,2025-11-05 18:00:00,2.663
APT,2025-11-06 18:00:00,2.704
APT,2025-11-07 18:00:00,3.185
APT,2025-11-08 18:00:00,3.0735
APT,2025-11-09 18:00:00,3.2124
APT,2025-11-10 18:00:00,3.2263
APT,2025-11-11 18:00:00,3.1532
APT,2025-11-12 18:00:00,3.0174
APT,2025-11-13 18:00:00,2.9168
ARB,2025-06-05 18:00:00,0.34267
ARB,2025-06-06 18:00:00,0.33279
ARB,2025-06-07 18:00:00,0.34553
ARB,2025-06-08 18:00:00,0.34675
ARB,2025-06-09 18:00:00,0.35517
ARB,2025-06-10 18:00:00,0.40247
ARB,2025-06-11 18:00:00,0.40976
ARB,2025-06-12 18:00:00,0.38261
ARB,2025-06-13 18:00:00,0.33771
ARB,2025-06-14 18:00:00,0.33147
ARB,2025-06-15 18:00:00,0.32696
ARB,2025-06-16 18:00:00,0.33848
ARB,2025-06-17 18:00:00,0.30381
ARB,2025-06-18 18:00:00,0.29635
ARB,2025-06-19 18:00:00,0.29919
ARB,2025-06-20 18:00:00,0.29245
ARB,2025-06-21 18:00:00,0.2774
ARB,2025-06-22 18:00:00,0.26168
ARB,2025-06-23 18:00:00,0.28465
ARB,2025-06-24 18:00:00,0.32198
ARB,2025-06-25 18:00:00,0.31318
ARB,2025-06-26 18:00:00,0.30292
ARB,2025-06-27 18:00:00,0.30435
ARB,2025-06-28 18:00:00,0.30721
ARB,2025-06-29 18:00:00,0.33879
ARB,2025-06-30 18:00:00,0.33717
ARB,2025-07-01 18:00:00,0.32393
ARB,2025-07-02 18:00:00,0.35406
ARB,2025-07-03 18:00:00,0.34321
ARB,2025-07-04 18:00:00,0.31923
ARB,2025-07-05 18:00:00,0.32071
ARB,2025-07-06 18:00:00,0.32941
ARB,2025-07-07 18:00:00,0.3298
ARB,2025-07-08 18:00:00,0.34078
ARB,2025-07-09 18:00:00,0.34335
ARB,2025-07-10 18:00:00,0.37361
ARB,2025-07-11 18:00:00,0.41809
ARB,2025-07-12 18:00:00,0.39582
ARB,2025-07-13 18:00:00,0.41737
ARB,2025-07-14 18:00:00,0.40356
ARB,2025-07-15 18:00:00,0.42594
ARB,2025-07-16 18:00:00,0.44813
ARB,2025-07-17 18:00:00,0.44213
ARB,2025-07-18 18:00:00,0.46188
ARB,2025-07-19 18:00:00,0.45303
ARB,2025-07-20 18:00:00,0.49443
ARB,2025-07-21 18:00:00,0.48288
ARB,2025-07-22 18:00:00,0.47831
ARB,2025-07-23 18:00:00,0.43638
ARB,2025-07-24 18:00:00,0.44038
ARB,2025-07-25 18:00:00,0.42882
ARB,2025-07-26 18:00:00,0.45441
ARB,2025-07-27 18:00:00,0.45579
ARB,2025-07-28 18:00:00,0.43644
ARB,2025-07-29 18:00:00,0.42345
ARB,2025-07-30 18:00:00,0.40951
ARB,2025-07-31 18:00:00,0.40818
ARB,2025-08-01 18:00:00,0.38197
ARB,2025-08-02 18:00:00,0.36284
ARB,2025-08-03 18:00:00,0.3825
ARB,2025-08-04 18:00:00,0.405
ARB,2025-08-05 18:00:00,0.3836
ARB,2025-08-06 18:00:00,0.38757
ARB,2025-08-07 18:00:00,0.40341
ARB,2025-08-08 18:00:00,0.43255
ARB,2025-08-09 18:00:00,0.46646
ARB,2025-08-10 18:00:00,0.46614
ARB,2025-08-11 18:00:00,0.45123
ARB,2025-08-12 18:00:00,0.47034
ARB,2025-08-13 18:00:00,0.54447
ARB,2025-08-14 18:00:00,0.52522
ARB,2025-08-15 18:00:00,0.47502
ARB,2025-08-16 18:00:00,0.49205
ARB,2025-08-17 18:00:00,0.53874
ARB,2025-08-18 18:00:00,0.51962
ARB,2025-08-19 18:00:00,0.47907
ARB,2025-08-20 18:00:00,0.50875
ARB,2025-08-21 18:00:00,0.49371
ARB,2025-08-22 18:00:00,0.58224
ARB,2025-08-23 18:00:00,0.59325
ARB,2025-08-24 18:00:00,0.60361
ARB,2025-08-25 18:00:00,0.5344
ARB,2025-08-26 18:00:00,0.53034
ARB,2025-08-27 18:00:00,0.51439
ARB,2025-08-28 18:00:00,0.51614
ARB,2025-08-29 18:00:00,0.4861
ARB,2025-08-30 18:00:00,0.49372
ARB,2025-08-31 18:00:00,0.51017
ARB,2025-09-01 18:00:00,0.48732
ARB,2025-09-02 18:00:00,0.49031
ARB,2025-09-03 18:00:00,0.51293
ARB,2025-09-04 18:00:00,0.48058
ARB,2025-09-05 18:00:00,0.49398
ARB,2025-09-06 18:00:00,0.48799
ARB,2025-09-07 18:00:00,0.48891
ARB,2025-09-08 18:00:00,0.51048
ARB,2025-09-09 18:00:00,0.51313
ARB,2025-09-10 18:00:00,0.51362
ARB,2025-09-11 18:00:00,0.51929
ARB,2025-09-12 18:00:00,0.54588
ARB,2025-09-13 18:00:00,0.53884
ARB,2025-09-14 18:00:00,0.51407
ARB,2025-09-15 18:00:00,0.48958
ARB,2025-09-16 18:00:00,0.49632
ARB,2025-09-17 18:00:00,0.48946
ARB,2025-09-18 18:00:00,0.52727
ARB,2025-09-19 18:00:00,0.4908
ARB,2025-09-20 18:00:00,0.49078
ARB,2025-09-21 18:00:00,0.48708
ARB,2025-09-22 18:00:00,0.43081
ARB,2025-09-23 18:00:00,0.43205
ARB,2025-09-24 18:00:00,0.4352
ARB,2025-09-25 18:00:00,0.41484
ARB,2025-09-26 18:00:00,0.42379
ARB,2025-09-27 18:00:00,0.42074
ARB,2025-09-28 18:00:00,0.42252
ARB,2025-09-29 18:00:00,0.41384
ARB,2025-09-30 18:00:00,0.41031
ARB,2025-10-01 18:00:00,0.43426
ARB,2025-10-02 18:00:00,0.45273
ARB,2025-10-03 18:00:00,0.4542
ARB,2025-10-04 18:00:00,0.4303
ARB,2025-10-05 18:00:00,0.43679
ARB,2025-10-06 18:00:00,0.46553
ARB,2025-10-07 18:00:00,0.42423
ARB,2025-10-08 18:00:00,0.437
ARB,2025-10-09 18:00:00,0.41341
ARB,2025-10-10 18:00:00,0.39954
ARB,2025-10-11 18:00:00,0.31729
ARB,2025-10-12 18:00:00,0.33708
ARB,2025-10-13 18:00:00,0.35132
ARB,2025-10-14 18:00:00,0.34354
ARB,2025-10-15 18:00:00,0.33168
ARB,2025-10-16 18:00:00,0.32025
ARB,2025-10-17 18:00:00,0.30324
ARB,2025-10-18 18:00:00,0.30865
ARB,2025-10-19 18:00:00,0.31917
ARB,2025-10-20 18:00:00,0.32092
ARB,2025-10-21 18:00:00,0.32809
ARB,2025-10-22 18:00:00,0.30418
ARB,2025-10-23 18:00:00,0.31549
ARB,2025-10-24 18:00:00,0.31597
ARB,2025-10-25 18:00:00,0.3215
ARB,2025-10-26 18:00:00,0.32861
ARB,2025-10-27 18:00:00,0.3388
ARB,2025-10-28 18:00:00,0.32552
ARB,2025-10-29 18:00:00,0.3201
ARB,2025-10-30 18:00:00,0.28302
ARB,2025-10-31 18:00:00,0.2919
ARB,2025-11-01 18:00:00,0.30646
ARB,2025-11-02 18:00:00,0.29922
ARB,2025-11-03 18:00:00,0.26623
ARB,2025-11-04 18:00:00,0.25212
ARB,2025-11-05 18:00:00,0.27021
ARB,2025-11-06 18:00:00,0.26174
ARB,2025-11-07 18:00:00,0.29986
ARB,2025-11-08 18:00:00,0.29295
ARB,2025-11-09 18:00:00,0.30027
ARB,2025-11-10 18:00:00,0.29665
ARB,2025-11-11 18:00:00,0.28195
ARB,2025-11-12 18:00:00,0.2593
ARB,2025-11-13 18:00:00,0.2464
ASTER,2025-09-19 18:00:00,0.77579
ASTER,2025-09-20 18:00:00,1.7148
ASTER,2025-09-21 18:00:00,1.4627
ASTER,2025-09-22 18:00:00,1.3797
ASTER,2025-09-23 18:00:00,1.9392
ASTER,2025-09-24 18:00:00,2.2609
ASTER,2025-09-25 18:00:00,1.9897
ASTER,2025-09-26 18:00:00,2.1139
ASTER,2025-09-27 18:00:00,2.0369
ASTER,2025-09-28 18:00:00,1.8735
ASTER,2025-09-29 18:00:00,1.8443
ASTER,2025-09-30 18:00:00,1.6348
ASTER,2025-10-01 18:00:00,1.6856
ASTER,2025-10-02 18:00:00,1.8467
ASTER,2025-10-03 18:00:00,2.0699
ASTER,2025-10-04 18:00:00,2.0934
ASTER,2025-10-05 18:00:00,1.8304
ASTER,2025-10-06 18:00:00,2.0552
ASTER,2025-10-07 18:00:00,2.0358
ASTER,2025-10-08 18:00:00,2.001
ASTER,2025-10-09 18:00:00,1.678
ASTER,2025-10-10 18:00:00,1.754
ASTER,2025-10-11 18:00:00,1.345
ASTER,2025-10-12 18:00:00,1.4764
ASTER,2025-10-13 18:00:00,1.3724
ASTER,2025-10-14 18:00:00,1.4625
ASTER,2025-10-15 18:00:00,1.4071
ASTER,2025-10-16 18:00:00,1.2889
ASTER,2025-10-17 18:00:00,1.1294
ASTER,2025-10-18 18:00:00,1.1855
ASTER,2025-10-19 18:00:00,1.2381
ASTER,2025-10-20 18:00:00,1.1471
ASTER,2025-10-21 18:00:00,1.139
ASTER,2025-10-22 18:00:00,0.97542
ASTER,2025-10-23 18:00:00,1.091
ASTER,2025-10-24 18:00:00,1.0847
ASTER,2025-10-25 18:00:00,1.1415
ASTER,2025-10-26 18:00:00,1.1427
ASTER,2025-10-27 18:00:00,1.0904
ASTER,2025-10-28 18:00:00,1.1451
ASTER,2025-10-29 18:00:00,1.0412
ASTER,2025-10-30 18:00:00,0.85818
ASTER,2025-10-31 18:00:00,0.98054
ASTER,2025-11-01 18:00:00,0.97258
ASTER,2025-11-02 18:00:00,1.2254
ASTER,2025-11-03 18:00:00,0.95611
ASTER,2025-11-04 18:00:00,0.9539
ASTER,2025-11-05 18:00:00,1.0954
ASTER,2025-11-06 18:00:00,1.0145
ASTER,2025-11-07 18:00:00,1.0947
ASTER,2025-11-08 18:00:00,1.0379
ASTER,2025-11-09 18:00:00,1.1171
ASTER,2025-11-10 18:00:00,1.0727
ASTER,2025-11-11 18:00:00,1.0755
ASTER,2025-11-12 18:00:00,1.1168
ASTER,2025-11-13 18:00:00,1.0392
ATOM,2025-06-05 18:00:00,4.256
ATOM,2025-06-06 18:00:00,4.2364
ATOM,2025-06-07 18:00:00,4.2954
ATOM,2025-06-08 18:00:00,4.2963
ATOM,2025-06-09 18:00:00,4.3777
ATOM,2025-06-10 18:00:00,4.576
ATOM,2025-06-11 18:00:00,4.523
ATOM,2025-06-12 18:00:00,4.3608
ATOM,2025-06-13 18:00:00,4.0697
ATOM,2025-06-14 18:00:00,4.0704
ATOM,2025-06-15 18:00:00,4.0519
ATOM,2025-06-16 18:00:00,4.2737
ATOM,2025-06-17 18:00:00,4.0472
ATOM,2025-06-18 18:00:00,3.9374
ATOM,2025-06-19 18:00:00,4.0141
ATOM,2025-06-20 18:00:00,3.9209
ATOM,2025-06-21 18:00:00,3.8366
ATOM,2025-06-22 18:00:00,3.6663
ATOM,2025-06-23 18:00:00,3.9115
ATOM,2025-06-24 18:00:00,4.0532
ATOM,2025-06-25 18:00:00,4.0233
ATOM,2025-06-26 18:00:00,3.9182
ATOM,2025-06-27 18:00:00,3.8484
ATOM,2025-06-28 18:00:00,3.9836
ATOM,2025-06-29 18:00:00,4.029
ATOM,2025-06-30 18:00:00,4.101
ATOM,2025-07-01 18:00:00,3.9467
ATOM,2025-07-02 18:00:00,4.2304
ATOM,2025-07-03 18:00:00,4.1888
ATOM,2025-07-04 18:00:00,3.9783
ATOM,2025-07-05 18:00:00,3.9457
ATOM,2025-07-06 18:00:00,4.0399
ATOM,2025-07-07 18:00:00,4.0347
ATOM,2025-07-08 18:00:00,4.1556
ATOM,2025-07-09 18:00:00,4.2415
ATOM,2025-07-10 18:00:00,4.4279
ATOM,2025-07-11 18:00:00,4.7708
ATOM,2025-07-12 18:00:00,4.5952
ATOM,2025-07-13 18:00:00,4.7221
ATOM,2025-07-14 18:00:00,4.5523
ATOM,2025-07-15 18:00:00,4.6244
ATOM,2025-07-16 18:00:00,4.7726
ATOM,2025-07-17 18:00:00,4.8247
ATOM,2025-07-18 18:00:00,4.9104
ATOM,2025-07-19 18:00:00,4.9066
ATOM,2025-07-20 18:00:00,5.2546
ATOM,2025-07-21 18:00:00,5.171
ATOM,2025-07-22 18:00:00,5.0855
ATOM,2025-07-23 18:00:00,4.747
ATOM,2025-07-24 18:00:00,4.7236
ATOM,2025-07-25 18:00:00,4.5936
ATOM,2025-07-26 18:00:00,4.7738
ATOM,2025-07-27 18:00:00,4.8225
ATOM,2025-07-28 18:00:00,4.6791
ATOM,2025-07-29 18:00:00,4.586
ATOM,2025-07-30 18:00:00,4.368
ATOM,2025-07-31 18:00:00,4.3386
ATOM,2025-08-01 18:00:00,4.1701
ATOM,2025-08-02 18:00:00,4.0246
ATOM,2025-08-03 18:00:00,4.2412
ATOM,2025-08-04 18:00:00,4.2488
ATOM,2025-08-05 18:00:00,4.1771
ATOM,2025-08-06 18:00:00,4.2985
ATOM,2025-08-07 18:00:00,4.3529
ATOM,2025-08-08 18:00:00,4.5878
ATOM,2025-08-09 18:00:00,4.7432
ATOM,2025-08-10 18:00:00,4.6891
ATOM,2025-08-11 18:00:00,4.5709
ATOM,2025-08-12 18:00:00,4.7179
ATOM,2025-08-13 18:00:00,4.7998
ATOM,2025-08-14 18:00:00,4.5284
ATOM,2025-08-15 18:00:00,4.3906
ATOM,2025-08-16 18:00:00,4.5486
ATOM,2025-08-17 18:00:00,4.6461
ATOM,2025-08-18 18:00:00,4.5018
ATOM,2025-08-19 18:00:00,4.3022
ATOM,2025-08-20 18:00:00,4.4404
ATOM,2025-08-21 18:00:00,4.4667
ATOM,2025-08-22 18:00:00,4.7091
ATOM,2025-08-23 18:00:00,4.8766
ATOM,2025-08-24 18:00:00,4.9048
ATOM,2025-08-25 18:00:00,4.591
ATOM,2025-08-26 18:00:00,4.492
ATOM,2025-08-27 18:00:00,4.5487
ATOM,2025-08-28 18:00:00,4.6378
ATOM,2025-08-29 18:00:00,4.4294
ATOM,2025-08-30 18:00:00,4.4774
ATOM,2025-08-31 18:00:00,4.5551
ATOM,2025-09-01 18:00:00,4.416
ATOM,2025-09-02 18:00:00,4.3859
ATOM,2025-09-03 18:00:00,4.5136
ATOM,2025-09-04 18:00:00,4.3586
ATOM,2025-09-05 18:00:00,4.4247
ATOM,2025-09-06 18:00:00,4.3858
ATOM,2025-09-07 18:00:00,4.4497
ATOM,2025-09-08 18:00:00,4.5824
ATOM,2025-09-09 18:00:00,4.5697
ATOM,2025-09-10 18:00:00,4.6551
ATOM,2025-09-11 18:00:00,4.6653
ATOM,2025-09-12 18:00:00,4.7268
ATOM,2025-09-13 18:00:00,4.8263
ATOM,2025-09-14 18:00:00,4.6569
ATOM,2025-09-15 18:00:00,4.4853
ATOM,2025-09-16 18:00:00,4.5315
ATOM,2025-09-17 18:00:00,4.4811
ATOM,2025-09-18 18:00:00,4.6975
ATOM,2025-09-19 18:00:00,4.498
ATOM,2025-09-20 18:00:00,4.4365
ATOM,2025-09-21 18:00:00,4.4472
ATOM,2025-09-22 18:00:00,4.1091
ATOM,2025-09-23 18:00:00,4.1522
ATOM,2025-09-24 18:00:00,4.1698
ATOM,2025-09-25 18:00:00,4.0461
ATOM,2025-09-26 18:00:00,4.1701
ATOM,2025-09-27 18:00:00,4.067
ATOM,2025-09-28 18:00:00,4.1201
ATOM,2025-09-29 18:00:00,4.0915
ATOM,2025-09-30 18:00:00,4.0325
ATOM,2025-10-01 18:00:00,4.1988
ATOM,2025-10-02 18:00:00,4.2789
ATOM,2025-10-03 18:00:00,4.2977
ATOM,2025-10-04 18:00:00,4.1026
ATOM,2025-10-05 18:00:00,4.184
ATOM,2025-10-06 18:00:00,4.2856
ATOM,2025-10-07 18:00:00,4.046
ATOM,2025-10-08 18:00:00,4.1652
ATOM,2025-10-09 18:00:00,4.0309
ATOM,2025-10-10 18:00:00,3.9285
ATOM,2025-10-11 18:00:00,3.2042
ATOM,2025-10-12 18:00:00,3.4716
ATOM,2025-10-13 18:00:00,3.5854
ATOM,2025-10-14 18:00:00,3.4628
ATOM,2025-10-15 18:00:00,3.3552
ATOM,2025-10-16 18:00:00,3.2846
ATOM,2025-10-17 18:00:00,3.1696
ATOM,2025-10-18 18:00:00,3.1826
ATOM,2025-10-19 18:00:00,3.2549
ATOM,2025-10-20 18:00:00,3.2746
ATOM,2025-10-21 18:00:00,3.3077
ATOM,2025-10-22 18:00:00,3.127
ATOM,2025-10-23 18:00:00,3.2021
ATOM,2025-10-24 18:00:00,3.1605
ATOM,2025-10-25 18:00:00,3.1637
ATOM,2025-10-26 18:00:00,3.2332
ATOM,2025-10-27 18:00:00,3.2235
ATOM,2025-10-28 18:00:00,3.1789
ATOM,2025-10-29 18:00:00,3.1119
ATOM,2025-10-30 18:00:00,2.8758
ATOM,2025-10-31 18:00:00,2.9608
ATOM,2025-11-01 18:00:00,3.0308
ATOM,2025-11-02 18:00:00,2.9642
ATOM,2025-11-03 18:00:00,2.6201
ATOM,2025-11-04 18:00:00,2.4792
ATOM,2025-11-05 18:00:00,2.6662
ATOM,2025-11-06 18:00:00,2.6239
ATOM,2025-11-07 18:00:00,3.0843
ATOM,2025-11-08 18:00:00,2.9488
ATOM,2025-11-09 18:00:00,2.9745
ATOM,2025-11-10 18:00:00,3.0305
ATOM,2025-11-11 18:00:00,3.0157
ATOM,2025-11-12 18:00:00,2.8871
ATOM,2025-11-13 18:00:00,2.8158
AVAX,2025-06-05 18:00:00,19.692
AVAX,2025-06-06 18:00:00,19.413
AVAX,2025-06-07 18:00:00,20.732
AVAX,2025-06-08 18:00:00,21.22
AVAX,2025-06-09 18:00:00,21.338
AVAX,2025-06-10 18:00:00,22.179
AVAX,2025-06-11 18:00:00,21.835
AVAX,2025-06-12 18:00:00,20.918
AVAX,2025-06-13 18:00:00,19.041
AVAX,2025-06-14 18:00:00,18.899
AVAX,2025-06-15 18:00:00,19.078
AVAX,2025-06-16 18:00:00,19.81
AVAX,2025-06-17 18:00:00,18.578
AVAX,2025-06-18 18:00:00,18.104
AVAX,2025-06-19 18:00:00,17.927
AVAX,2025-06-20 18:00:00,17.403
AVAX,2025-06-21 18:00:00,16.795
AVAX,2025-06-22 18:00:00,16.043
AVAX,2025-06-23 18:00:00,17.159
AVAX,2025-06-24 18:00:00,18.082
AVAX,2025-06-25 18:00:00,17.587
AVAX,2025-06-26 18:00:00,17.221
AVAX,2025-06-27 18:00:00,17.163
AVAX,2025-06-28 18:00:00,17.998
AVAX,2025-06-29 18:00:00,18.034
AVAX,2025-06-30 18:00:00,17.901
AVAX,2025-07-01 18:00:00,17.094
AVAX,2025-07-02 18:00:00,18.627
AVAX,2025-07-03 18:00:00,18.526
AVAX,2025-07-04 18:00:00,17.677
AVAX,2025-07-05 18:00:00,17.65
AVAX,2025-07-06 18:00:00,18.073
AVAX,2025-07-07 18:00:00,17.984
AVAX,2025-07-08 18:00:00,18.458
AVAX,2025-07-09 18:00:00,18.645
AVAX,2025-07-10 18:00:00,19.837
AVAX,2025-07-11 18:00:00,21.296
AVAX,2025-07-12 18:00:00,20.747
AVAX,2025-07-13 18:00:00,21.668
AVAX,2025-07-14 18:00:00,21.189
AVAX,2025-07-15 18:00:00,21.382
AVAX,2025-07-16 18:00:00,22.576
AVAX,2025-07-17 18:00:00,22.844
AVAX,2025-07-18 18:00:00,23.769
AVAX,2025-07-19 18:00:00,24.372
AVAX,2025-07-20 18:00:00,25.247
AVAX,2025-07-21 18:00:00,25.419
AVAX,2025-07-22 18:00:00,25.284
AVAX,2025-07-23 18:00:00,24.056
AVAX,2025-07-24 18:00:00,24.234
AVAX,2025-07-25 18:00:00,23.381
AVAX,2025-07-26 18:00:00,25.693
AVAX,2025-07-27 18:00:00,25.462
AVAX,2025-07-28 18:00:00,25.604
AVAX,2025-07-29 18:00:00,24.236
AVAX,2025-07-30 18:00:00,22.912
AVAX,2025-07-31 18:00:00,23.024
AVAX,2025-08-01 18:00:00,21.76
AVAX,2025-08-02 18:00:00,20.759
AVAX,2025-08-03 18:00:00,21.415
AVAX,2025-08-04 18:00:00,22.432
AVAX,2025-08-05 18:00:00,21.791
AVAX,2025-08-06 18:00:00,22.2
AVAX,2025-08-07 18:00:00,22.543
AVAX,2025-08-08 18:00:00,23.707
AVAX,2025-08-09 18:00:00,24.486
AVAX,2025-08-10 18:00:00,23.959
AVAX,2025-08-11 18:00:00,23.496
AVAX,2025-08-12 18:00:00,24.325
AVAX,2025-08-13 18:00:00,25.116
AVAX,2025-08-14 18:00:00,23.6
AVAX,2025-08-15 18:00:00,23.62
AVAX,2025-08-16 18:00:00,24.013
AVAX,2025-08-17 18:00:00,25.182
AVAX,2025-08-18 18:00:00,23.853
AVAX,2025-08-19 18:00:00,22.464
AVAX,2025-08-20 18:00:00,23.14
AVAX,2025-08-21 18:00:00,23.001
AVAX,2025-08-22 18:00:00,24.978
AVAX,2025-08-23 18:00:00,25.882
AVAX,2025-08-24 18:00:00,26.468
AVAX,2025-08-25 18:00:00,23.944
AVAX,2025-08-26 18:00:00,23.911
AVAX,2025-08-27 18:00:00,24.891
AVAX,2025-08-28 18:00:00,24.426
AVAX,2025-08-29 18:00:00,23.279
AVAX,2025-08-30 18:00:00,23.729
AVAX,2025-08-31 18:00:00,24.042
AVAX,2025-09-01 18:00:00,23.497
AVAX,2025-09-02 18:00:00,23.868
AVAX,2025-09-03 18:00:00,25.214
AVAX,2025-09-04 18:00:00,24.347
AVAX,2025-09-05 18:00:00,24.394
AVAX,2025-09-06 18:00:00,24.477
AVAX,2025-09-07 18:00:00,24.355
AVAX,2025-09-08 18:00:00,25.599
AVAX,2025-09-09 18:00:00,26.073
AVAX,2025-09-10 18:00:00,28.873
AVAX,2025-09-11 18:00:00,29.006
AVAX,2025-09-12 18:00:00,28.655
AVAX,2025-09-13 18:00:00,29.655
AVAX,2025-09-14 18:00:00,29.541
AVAX,2025-09-15 18:00:00,28.833
AVAX,2025-09-16 18:00:00,30.038
AVAX,2025-09-17 18:00:00,29.803
AVAX,2025-09-18 18:00:00,34.791
AVAX,2025-09-19 18:00:00,34.041
AVAX,2025-09-20 18:00:00,33.228
AVAX,2025-09-21 18:00:00,33.044
AVAX,2025-09-22 18:00:00,31.742
AVAX,2025-09-23 18:00:00,34.139
AVAX,2025-09-24 18:00:00,34.566
AVAX,2025-09-25 18:00:00,29.83
AVAX,2025-09-26 18:00:00,29.12
AVAX,2025-09-27 18:00:00,28.568
AVAX,2025-09-28 18:00:00,29.017
AVAX,2025-09-29 18:00:00,30.356
AVAX,2025-09-30 18:00:00,29.488
AVAX,2025-10-01 18:00:00,30.553
AVAX,2025-10-02 18:00:00,30.728
AVAX,2025-10-03 18:00:00,31.24
AVAX,2025-10-04 18:00:00,29.942
AVAX,2025-10-05 18:00:00,29.964
AVAX,2025-10-06 18:00:00,30.937
AVAX,2025-10-07 18:00:00,28.328
AVAX,2025-10-08 18:00:00,29.355
AVAX,2025-10-09 18:00:00,27.988
AVAX,2025-10-10 18:00:00,26.503
AVAX,2025-10-11 18:00:00,22.619
AVAX,2025-10-12 18:00:00,22.583
AVAX,2025-10-13 18:00:00,23.492
AVAX,2025-10-14 18:00:00,22.795
AVAX,2025-10-15 18:00:00,22.06
AVAX,2025-10-16 18:00:00,21.077
AVAX,2025-10-17 18:00:00,19.974
AVAX,2025-10-18 18:00:00,20.093
AVAX,2025-10-19 18:00:00,20.775
AVAX,2025-10-20 18:00:00,20.437
AVAX,2025-10-21 18:00:00,20.478
AVAX,2025-10-22 18:00:00,19.182
AVAX,2025-10-23 18:00:00,19.502
AVAX,2025-10-24 18:00:00,19.389
AVAX,2025-10-25 18:00:00,19.706
AVAX,2025-10-26 18:00:00,20.265
AVAX,2025-10-27 18:00:00,20.658
AVAX,2025-10-28 18:00:00,19.97
AVAX,2025-10-29 18:00:00,19.895
AVAX,2025-10-30 18:00:00,17.888
AVAX,2025-10-31 18:00:00,17.984
AVAX,2025-11-01 18:00:00,18.637
AVAX,2025-11-02 18:00:00,18.219
AVAX,2025-11-03 18:00:00,16.884
AVAX,2025-11-04 18:00:00,15.841
AVAX,2025-11-05 18:00:00,16.921
AVAX,2025-11-06 18:00:00,16.06
AVAX,2025-11-07 18:00:00,17.736
AVAX,2025-11-08 18:00:00,17.331
AVAX,2025-11-09 18:00:00,17.716
AVAX,2025-11-10 18:00:00,17.91
AVAX,2025-11-11 18:00:00,17.399
AVAX,2025-11-12 18:00:00,16.837
AVAX,2025-11-13 18:00:00,16.175
AVNT,2025-09-09 18:00:00,0.25415
AVNT,2025-09-10 18:00:00,0.38016
AVNT,2025-09-11 18:00:00,0.28569
AVNT,2025-09-12 18:00:00,0.41054
AVNT,2025-09-13 18:00:00,0.54971
AVNT,2025-09-14 18:00:00,0.81206
AVNT,2025-09-15 18:00:00,1.23947
AVNT,2025-09-16 18:00:00,0.97139
AVNT,2025-09-17 18:00:00,1.01323
AVNT,2025-09-18 18:00:00,1.12493
AVNT,2025-09-19 18:00:00,1.1285
AVNT,2025-09-20 18:00:00,1.4144
AVNT,2025-09-21 18:00:00,2.1186
AVNT,2025-09-22 18:00:00,2.0646
AVNT,2025-09-23 18:00:00,2.0323
AVNT,2025-09-24 18:00:00,2.111
AVNT,2025-09-25 18:00:00,1.6821
AVNT,2025-09-26 18:00:00,1.6815
AVNT,2025-09-27 18:00:00,1.5335
AVNT,2025-09-28 18:00:00,1.3899
AVNT,2025-09-29 18:00:00,1.0893
AVNT,2025-09-30 18:00:00,1.2281
AVNT,2025-10-01 18:00:00,1.1986
AVNT,2025-10-02 18:00:00,1.1139
AVNT,2025-10-03 18:00:00,1.232
AVNT,2025-10-04 18:00:00,1.1715
AVNT,2025-10-05 18:00:00,1.1175
AVNT,2025-10-06 18:00:00,1.1063
AVNT,2025-10-07 18:00:00,0.96308
AVNT,2025-10-08 18:00:00,0.9389
AVNT,2025-10-09 18:00:00,0.81358
AVNT,2025-10-10 18:00:00,0.78361
AVNT,2025-10-11 18:00:00,0.6035
AVNT,2025-10-12 18:00:00,0.6801
AVNT,2025-10-13 18:00:00,0.63167
AVNT,2025-10-14 18:00:00,0.61226
AVNT,2025-10-15 18:00:00,0.59422
AVNT,2025-10-16 18:00:00,0.55679
AVNT,2025-10-17 18:00:00,0.4909
AVNT,2025-10-18 18:00:00,0.4956
AVNT,2025-10-19 18:00:00,0.49928
AVNT,2025-10-20 18:00:00,0.5829
AVNT,2025-10-21 18:00:00,0.64861
AVNT,2025-10-22 18:00:00,0.64375
AVNT,2025-10-23 18:00:00,0.64487
AVNT,2025-10-24 18:00:00,0.8382
AVNT,2025-10-25 18:00:00,0.74051
AVNT,2025-10-26 18:00:00,0.7862
AVNT,2025-10-27 18:00:00,0.70974
AVNT,2025-10-28 18:00:00,0.6678
AVNT,2025-10-29 18:00:00,0.66508
AVNT,2025-10-30 18:00:00,0.56972
AVNT,2025-10-31 18:00:00,0.65182
AVNT,2025-11-01 18:00:00,0.65349
AVNT,2025-11-02 18:00:00,0.62809
AVNT,2025-11-03 18:00:00,0.5481
AVNT,2025-11-04 18:00:00,0.51768
AVNT,2025-11-05 18:00:00,0.545
AVNT,2025-11-06 18:00:00,0.50978
AVNT,2025-11-07 18:00:00,0.5598
AVNT,2025-11-08 18:00:00,0.52955
AVNT,2025-11-09 18:00:00,0.54532
AVNT,2025-11-10 18:00:00,0.5346
AVNT,2025-11-11 18:00:00,0.52378
AVNT,2025-11-12 18:00:00,0.4828
AVNT,2025-11-13 18:00:00,0.52337
BABY,2025-06-05 18:00:00,0.064016
BABY,2025-06-06 18:00:00,0.060357
BABY,2025-06-07 18:00:00,0.062914
BABY,2025-06-08 18:00:00,0.064251
BABY,2025-06-09 18:00:00,0.066544
BABY,2025-06-10 18:00:00,0.070075
BABY,2025-06-11 18:00:00,0.069229
BABY,2025-06-12 18:00:00,0.062831
BABY,2025-06-13 18:00:00,0.056351
BABY,2025-06-14 18:00:00,0.055928
BABY,2025-06-15 18:00:00,0.055531
BABY,2025-06-16 18:00:00,0.058259
BABY,2025-06-17 18:00:00,0.051201
BABY,2025-06-18 18:00:00,0.046357
BABY,2025-06-19 18:00:00,0.048602
BABY,2025-06-20 18:00:00,0.046351
BABY,2025-06-21 18:00:00,0.043163
BABY,2025-06-22 18:00:00,0.039095
BABY,2025-06-23 18:00:00,0.04456
BABY,2025-06-24 18:00:00,0.046592
BABY,2025-06-25 18:00:00,0.044521
BABY,2025-06-26 18:00:00,0.04476
BABY,2025-06-27 18:00:00,0.045655
BABY,2025-06-28 18:00:00,0.048456
BABY,2025-06-29 18:00:00,0.04853
BABY,2025-06-30 18:00:00,0.047543
BABY,2025-07-01 18:00:00,0.045001
BABY,2025-07-02 18:00:00,0.050319
BABY,2025-07-03 18:00:00,0.050458
BABY,2025-07-04 18:00:00,0.046879
BABY,2025-07-05 18:00:00,0.045885
BABY,2025-07-06 18:00:00,0.048298
BABY,2025-07-07 18:00:00,0.047818
BABY,2025-07-08 18:00:00,0.04664
BABY,2025-07-09 18:00:00,0.045
BABY,2025-07-10 18:00:00,0.051165
BABY,2025-07-11 18:00:00,0.054918
BABY,2025-07-12 18:00:00,0.050696
BABY,2025-07-13 18:00:00,0.05234
BABY,2025-07-14 18:00:00,0.050918
BABY,2025-07-15 18:00:00,0.053034
BABY,2025-07-16 18:00:00,0.053979
BABY,2025-07-17 18:00:00,0.051449
BABY,2025-07-18 18:00:00,0.047927
BABY,2025-07-19 18:00:00,0.046268
BABY,2025-07-20 18:00:00,0.051832
BABY,2025-07-21 18:00:00,0.053838
BABY,2025-07-22 18:00:00,0.055113
BABY,2025-07-23 18:00:00,0.052679
BABY,2025-07-24 18:00:00,0.06018
BABY,2025-07-25 18:00:00,0.055633
BABY,2025-07-26 18:00:00,0.060998
BABY,2025-07-27 18:00:00,0.060849
BABY,2025-07-28 18:00:00,0.057007
BABY,2025-07-29 18:00:00,0.054221
BABY,2025-07-30 18:00:00,0.056836
BABY,2025-07-31 18:00:00,0.057647
BABY,2025-08-01 18:00:00,0.062037
BABY,2025-08-02 18:00:00,0.058016
BABY,2025-08-03 18:00:00,0.058511
BABY,2025-08-04 18:00:00,0.05756
BABY,2025-08-05 18:00:00,0.058401
BABY,2025-08-06 18:00:00,0.060883
BABY,2025-08-07 18:00:00,0.061519
BABY,2025-08-08 18:00:00,0.064891
BABY,2025-08-09 18:00:00,0.066931
BABY,2025-08-10 18:00:00,0.064283
BABY,2025-08-11 18:00:00,0.061781
BABY,2025-08-12 18:00:00,0.062285
BABY,2025-08-13 18:00:00,0.064362
BABY,2025-08-14 18:00:00,0.059301
BABY,2025-08-15 18:00:00,0.056084
BABY,2025-08-16 18:00:00,0.05657
BABY,2025-08-17 18:00:00,0.057045
BABY,2025-08-18 18:00:00,0.053918
BABY,2025-08-19 18:00:00,0.050952
BABY,2025-08-20 18:00:00,0.051421
BABY,2025-08-21 18:00:00,0.050114
BABY,2025-08-22 18:00:00,0.053704
BABY,2025-08-23 18:00:00,0.054308
BABY,2025-08-24 18:00:00,0.053615
BABY,2025-08-25 18:00:00,0.047571
BABY,2025-08-26 18:00:00,0.048997
BABY,2025-08-27 18:00:00,0.049362
BABY,2025-08-28 18:00:00,0.047998
BABY,2025-08-29 18:00:00,0.044966
BABY,2025-08-30 18:00:00,0.046159
BABY,2025-08-31 18:00:00,0.046668
BABY,2025-09-01 18:00:00,0.043524
BABY,2025-09-02 18:00:00,0.04377
BABY,2025-09-03 18:00:00,0.047187
BABY,2025-09-04 18:00:00,0.043964
BABY,2025-09-05 18:00:00,0.045012
BABY,2025-09-06 18:00:00,0.04514
BABY,2025-09-07 18:00:00,0.045748
BABY,2025-09-08 18:00:00,0.050087
BABY,2025-09-09 18:00:00,0.049425
BABY,2025-09-10 18:00:00,0.050414
BABY,2025-09-11 18:00:00,0.049919
BABY,2025-09-12 18:00:00,0.051339
BABY,2025-09-13 18:00:00,0.051866
BABY,2025-09-14 18:00:00,0.049713
BABY,2025-09-15 18:00:00,0.048045
BABY,2025-09-16 18:00:00,0.053336
BABY,2025-09-17 18:00:00,0.051114
BABY,2025-09-18 18:00:00,0.059137
BABY,2025-09-19 18:00:00,0.05557
BABY,2025-09-20 18:00:00,0.055781
BABY,2025-09-21 18:00:00,0.058675
BABY,2025-09-22 18:00:00,0.053541
BABY,2025-09-23 18:00:00,0.054067
BABY,2025-09-24 18:00:00,0.057521
BABY,2025-09-25 18:00:00,0.048275
BABY,2025-09-26 18:00:00,0.050169
BABY,2025-09-27 18:00:00,0.048307
BABY,2025-09-28 18:00:00,0.047316
BABY,2025-09-29 18:00:00,0.044908
BABY,2025-09-30 18:00:00,0.046637
BABY,2025-10-01 18:00:00,0.049591
BABY,2025-10-02 18:00:00,0.050456
BABY,2025-10-03 18:00:00,0.054497
BABY,2025-10-04 18:00:00,0.05331
BABY,2025-10-05 18:00:00,0.051879
BABY,2025-10-06 18:00:00,0.053553
BABY,2025-10-07 18:00:00,0.050253
BABY,2025-10-08 18:00:00,0.049705
BABY,2025-10-09 18:00:00,0.046373
BABY,2025-10-10 18:00:00,0.043601
BABY,2025-10-11 18:00:00,0.033197
BABY,2025-10-12 18:00:00,0.035719
BABY,2025-10-13 18:00:00,0.037495
BABY,2025-10-14 18:00:00,0.035861
BABY,2025-10-15 18:00:00,0.035096
BABY,2025-10-16 18:00:00,0.033597
BABY,2025-10-17 18:00:00,0.031982
BABY,2025-10-18 18:00:00,0.032551
BABY,2025-10-19 18:00:00,0.03337
BABY,2025-10-20 18:00:00,0.033051
BABY,2025-10-21 18:00:00,0.034035
BABY,2025-10-22 18:00:00,0.031087
BABY,2025-10-23 18:00:00,0.031899
BABY,2025-10-24 18:00:00,0.031843
BABY,2025-10-25 18:00:00,0.03224
BABY,2025-10-26 18:00:00,0.032592
BABY,2025-10-27 18:00:00,0.032396
BABY,2025-10-28 18:00:00,0.031925
BABY,2025-10-29 18:00:00,0.030866
BABY,2025-10-30 18:00:00,0.026862
BABY,2025-10-31 18:00:00,0.026484
BABY,2025-11-01 18:00:00,0.027656
BABY,2025-11-02 18:00:00,0.026454
BABY,2025-11-03 18:00:00,0.023867
BABY,2025-11-04 18:00:00,0.022348
BABY,2025-11-05 18:00:00,0.023518
BABY,2025-11-06 18:00:00,0.023549
BABY,2025-11-07 18:00:00,0.027143
BABY,2025-11-08 18:00:00,0.026494
BABY,2025-11-09 18:00:00,0.027008
BABY,2025-11-10 18:00:00,0.027101
BABY,2025-11-11 18:00:00,0.030027
BABY,2025-11-12 18:00:00,0.031037
BABY,2025-11-13 18:00:00,0.029724
BIGTIME,2025-06-05 18:00:00,0.060241
BIGTIME,2025-06-06 18:00:00,0.058311
BIGTIME,2025-06-07 18:00:00,0.059102
BIGTIME,2025-06-08 18:00:00,0.059618
BIGTIME,2025-06-09 18:00:00,0.06036
BIGTIME,2025-06-10 18:00:00,0.063789
BIGTIME,2025-06-11 18:00:00,0.062932
BIGTIME,2025-06-12 18:00:00,0.058214
BIGTIME,2025-06-13 18:00:00,0.054781
BIGTIME,2025-06-14 18:00:00,0.054015
BIGTIME,2025-06-15 18:00:00,0.05379
BIGTIME,2025-06-16 18:00:00,0.057682
BIGTIME,2025-06-17 18:00:00,0.052858
BIGTIME,2025-06-18 18:00:00,0.051533
BIGTIME,2025-06-19 18:00:00,0.051959
BIGTIME,2025-06-20 18:00:00,0.050707
BIGTIME,2025-06-21 18:00:00,0.048874
BIGTIME,2025-06-22 18:00:00,0.044911
BIGTIME,2025-06-23 18:00:00,0.048517
BIGTIME,2025-06-24 18:00:00,0.051754
BIGTIME,2025-06-25 18:00:00,0.050317
BIGTIME,2025-06-26 18:00:00,0.049423
BIGTIME,2025-06-27 18:00:00,0.049205
BIGTIME,2025-06-28 18:00:00,0.052017
BIGTIME,2025-06-29 18:00:00,0.052374
BIGTIME,2025-06-30 18:00:00,0.051579
BIGTIME,2025-07-01 18:00:00,0.049107
BIGTIME,2025-07-02 18:00:00,0.053109
BIGTIME,2025-07-03 18:00:00,0.052846
BIGTIME,2025-07-04 18:00:00,0.050398
BIGTIME,2025-07-05 18:00:00,0.049646
BIGTIME,2025-07-06 18:00:00,0.051802
BIGTIME,2025-07-07 18:00:00,0.050519
BIGTIME,2025-07-08 18:00:00,0.051691
BIGTIME,2025-07-09 18:00:00,0.052586
BIGTIME,2025-07-10 18:00:00,0.056153
BIGTIME,2025-07-11 18:00:00,0.060021
BIGTIME,2025-07-12 18:00:00,0.057363
BIGTIME,2025-07-13 18:00:00,0.061008
BIGTIME,2025-07-14 18:00:00,0.059398
BIGTIME,2025-07-15 18:00:00,0.06042
BIGTIME,2025-07-16 18:00:00,0.062911
BIGTIME,2025-07-17 18:00:00,0.0622
BIGTIME,2025-07-18 18:00:00,0.061866
BIGTIME,2025-07-19 18:00:00,0.060563
BIGTIME,2025-07-20 18:00:00,0.06579
BIGTIME,2025-07-21 18:00:00,0.069877
BIGTIME,2025-07-22 18:00:00,0.069319
BIGTIME,2025-07-23 18:00:00,0.064199
BIGTIME,2025-07-24 18:00:00,0.06327
BIGTIME,2025-07-25 18:00:00,0.061848
BIGTIME,2025-07-26 18:00:00,0.066546
BIGTIME,2025-07-27 18:00:00,0.070736
BIGTIME,2025-07-28 18:00:00,0.06575
BIGTIME,2025-07-29 18:00:00,0.064225
BIGTIME,2025-07-30 18:00:00,0.06188
BIGTIME,2025-07-31 18:00:00,0.061656
BIGTIME,2025-08-01 18:00:00,0.057761
BIGTIME,2025-08-02 18:00:00,0.054619
BIGTIME,2025-08-03 18:00:00,0.057729
BIGTIME,2025-08-04 18:00:00,0.05898
BIGTIME,2025-08-05 18:00:00,0.056192
BIGTIME,2025-08-06 18:00:00,0.057787
BIGTIME,2025-08-07 18:00:00,0.059269
BIGTIME,2025-08-08 18:00:00,0.061492
BIGTIME,2025-08-09 18:00:00,0.063494
BIGTIME,2025-08-10 18:00:00,0.062207
BIGTIME,2025-08-11 18:00:00,0.059949
BIGTIME,2025-08-12 18:00:00,0.060805
BIGTIME,2025-08-13 18:00:00,0.061673
BIGTIME,2025-08-14 18:00:00,0.056532
BIGTIME,2025-08-15 18:00:00,0.055612
BIGTIME,2025-08-16 18:00:00,0.057645
BIGTIME,2025-08-17 18:00:00,0.057338
BIGTIME,2025-08-18 18:00:00,0.055642
BIGTIME,2025-08-19 18:00:00,0.053593
BIGTIME,2025-08-20 18:00:00,0.054597
BIGTIME,2025-08-21 18:00:00,0.053919
BIGTIME,2025-08-22 18:00:00,0.057759
BIGTIME,2025-08-23 18:00:00,0.057277
BIGTIME,2025-08-24 18:00:00,0.05776
BIGTIME,2025-08-25 18:00:00,0.052811
BIGTIME,2025-08-26 18:00:00,0.053374
BIGTIME,2025-08-27 18:00:00,0.054404
BIGTIME,2025-08-28 18:00:00,0.055288
BIGTIME,2025-08-29 18:00:00,0.054987
BIGTIME,2025-08-30 18:00:00,0.05544
BIGTIME,2025-08-31 18:00:00,0.054081
BIGTIME,2025-09-01 18:00:00,0.050987
BIGTIME,2025-09-02 18:00:00,0.051498
BIGTIME,2025-09-03 18:00:00,0.052279
BIGTIME,2025-09-04 18:00:00,0.050058
BIGTIME,2025-09-05 18:00:00,0.051239
BIGTIME,2025-09-06 18:00:00,0.051277
BIGTIME,2025-09-07 18:00:00,0.051028
BIGTIME,2025-09-08 18:00:00,0.05319
BIGTIME,2025-09-09 18:00:00,0.053583
BIGTIME,2025-09-10 18:00:00,0.054525
BIGTIME,2025-09-11 18:00:00,0.054474
BIGTIME,2025-09-12 18:00:00,0.055816
BIGTIME,2025-09-13 18:00:00,0.056249
BIGTIME,2025-09-14 18:00:00,0.054918
BIGTIME,2025-09-15 18:00:00,0.05224
BIGTIME,2025-09-16 18:00:00,0.053105
BIGTIME,2025-09-17 18:00:00,0.052521
BIGTIME,2025-09-18 18:00:00,0.057251
BIGTIME,2025-09-19 18:00:00,0.053821
BIGTIME,2025-09-20 18:00:00,0.053562
BIGTIME,2025-09-21 18:00:00,0.05404
BIGTIME,2025-09-22 18:00:00,0.048069
BIGTIME,2025-09-23 18:00:00,0.048968
BIGTIME,2025-09-24 18:00:00,0.049489
BIGTIME,2025-09-25 18:00:00,0.047196
BIGTIME,2025-09-26 18:00:00,0.047816
BIGTIME,2025-09-27 18:00:00,0.04715
BIGTIME,2025-09-28 18:00:00,0.047439
BIGTIME,2025-09-29 18:00:00,0.046771
BIGTIME,2025-09-30 18:00:00,0.046037
BIGTIME,2025-10-01 18:00:00,0.049446
BIGTIME,2025-10-02 18:00:00,0.050128
BIGTIME,2025-10-03 18:00:00,0.050449
BIGTIME,2025-10-04 18:00:00,0.048225
BIGTIME,2025-10-05 18:00:00,0.048409
BIGTIME,2025-10-06 18:00:00,0.050492
BIGTIME,2025-10-07 18:00:00,0.047578
BIGTIME,2025-10-08 18:00:00,0.049097
BIGTIME,2025-10-09 18:00:00,0.04706
BIGTIME,2025-10-10 18:00:00,0.044579
BIGTIME,2025-10-11 18:00:00,0.033398
BIGTIME,2025-10-12 18:00:00,0.035607
BIGTIME,2025-10-13 18:00:00,0.037844
BIGTIME,2025-10-14 18:00:00,0.036045
BIGTIME,2025-10-15 18:00:00,0.03486
BIGTIME,2025-10-16 18:00:00,0.033271
BIGTIME,2025-10-17 18:00:00,0.031802
BIGTIME,2025-10-18 18:00:00,0.032274
BIGTIME,2025-10-19 18:00:00,0.033262
BIGTIME,2025-10-20 18:00:00,0.033476
BIGTIME,2025-10-21 18:00:00,0.034198
BIGTIME,2025-10-22 18:00:00,0.031764
BIGTIME,2025-10-23 18:00:00,0.032787
BIGTIME,2025-10-24 18:00:00,0.032902
BIGTIME,2025-10-25 18:00:00,0.033702
BIGTIME,2025-10-26 18:00:00,0.034493
BIGTIME,2025-10-27 18:00:00,0.0349
BIGTIME,2025-10-28 18:00:00,0.033853
BIGTIME,2025-10-29 18:00:00,0.033679
BIGTIME,2025-10-30 18:00:00,0.029892
BIGTIME,2025-10-31 18:00:00,0.030661
BIGTIME,2025-11-01 18:00:00,0.031421
BIGTIME,2025-11-02 18:00:00,0.030239
BIGTIME,2025-11-03 18:00:00,0.027277
BIGTIME,2025-11-04 18:00:00,0.026502
BIGTIME,2025-11-05 18:00:00,0.027854
BIGTIME,2025-11-06 18:00:00,0.027308
BIGTIME,2025-11-07 18:00:00,0.030815
BIGTIME,2025-11-08 18:00:00,0.030142
BIGTIME,2025-11-09 18:00:00,0.030832
BIGTIME,2025-11-10 18:00:00,0.030565
BIGTIME,2025-11-11 18:00:00,0.030365
BIGTIME,2025-11-12 18:00:00,0.029077
BIGTIME,2025-11-13 18:00:00,0.027979
BNB,2025-06-05 18:00:00,649.97
BNB,2025-06-06 18:00:00,643.87
BNB,2025-06-07 18:00:00,650.61
BNB,2025-06-08 18:00:00,652.61
BNB,2025-06-09 18:00:00,659.21
BNB,2025-06-10 18:00:00,666.45
BNB,2025-06-11 18:00:00,668.11
BNB,2025-06-12 18:00:00,662.36
BNB,2025-06-13 18:00:00,650.32
BNB,2025-06-14 18:00:00,640.92
BNB,2025-06-15 18:00:00,647.2
BNB,2025-06-16 18:00:00,657.62
BNB,2025-06-17 18:00:00,645.7
BNB,2025-06-18 18:00:00,638.17
BNB,2025-06-19 18:00:00,642.18
BNB,2025-06-20 18:00:00,641.53
BNB,2025-06-21 18:00:00,631.42
BNB,2025-06-22 18:00:00,607.22
BNB,2025-06-23 18:00:00,629.38
BNB,2025-06-24 18:00:00,642.19
BNB,2025-06-25 18:00:00,645.38
BNB,2025-06-26 18:00:00,645.17
BNB,2025-06-27 18:00:00,642.41
BNB,2025-06-28 18:00:00,646.53
BNB,2025-06-29 18:00:00,648.82
BNB,2025-06-30 18:00:00,657.42
BNB,2025-07-01 18:00:00,644.59
BNB,2025-07-02 18:00:00,663.4
BNB,2025-07-03 18:00:00,660.05
BNB,2025-07-04 18:00:00,651.06
BNB,2025-07-05 18:00:00,652.18
BNB,2025-07-06 18:00:00,661.96
BNB,2025-07-07 18:00:00,660.33
BNB,2025-07-08 18:00:00,661.61
BNB,2025-07-09 18:00:00,664.85
BNB,2025-07-10 18:00:00,675.24
BNB,2025-07-11 18:00:00,696.13
BNB,2025-07-12 18:00:00,685.87
BNB,2025-07-13 18:00:00,691.92
BNB,2025-07-14 18:00:00,689.43
BNB,2025-07-15 18:00:00,685.61
BNB,2025-07-16 18:00:00,708.63
BNB,2025-07-17 18:00:00,720.96
BNB,2025-07-18 18:00:00,735.74
BNB,2025-07-19 18:00:00,730.56
BNB,2025-07-20 18:00:00,750.5
BNB,2025-07-21 18:00:00,759.44
BNB,2025-07-22 18:00:00,774.61
BNB,2025-07-23 18:00:00,776.79
BNB,2025-07-24 18:00:00,782.07
BNB,2025-07-25 18:00:00,776.36
BNB,2025-07-26 18:00:00,782.69
BNB,2025-07-27 18:00:00,828.71
BNB,2025-07-28 18:00:00,830.64
BNB,2025-07-29 18:00:00,808.05
BNB,2025-07-30 18:00:00,780.85
BNB,2025-07-31 18:00:00,801.2
BNB,2025-08-01 18:00:00,759.97
BNB,2025-08-02 18:00:00,736.57
BNB,2025-08-03 18:00:00,751.83
BNB,2025-08-04 18:00:00,763.44
BNB,2025-08-05 18:00:00,751.38
BNB,2025-08-06 18:00:00,772.92
BNB,2025-08-07 18:00:00,778.18
BNB,2025-08-08 18:00:00,792.58
BNB,2025-08-09 18:00:00,805.98
BNB,2025-08-10 18:00:00,802.48
BNB,2025-08-11 18:00:00,809.59
BNB,2025-08-12 18:00:00,827.84
BNB,2025-08-13 18:00:00,840.08
BNB,2025-08-14 18:00:00,838.3
BNB,2025-08-15 18:00:00,820.68
BNB,2025-08-16 18:00:00,834.34
BNB,2025-08-17 18:00:00,851.75
BNB,2025-08-18 18:00:00,845.37
BNB,2025-08-19 18:00:00,827.34
BNB,2025-08-20 18:00:00,853.45
BNB,2025-08-21 18:00:00,839.96
BNB,2025-08-22 18:00:00,892.73
BNB,2025-08-23 18:00:00,882.46
BNB,2025-08-24 18:00:00,880.07
BNB,2025-08-25 18:00:00,865.79
BNB,2025-08-26 18:00:00,855.1
BNB,2025-08-27 18:00:00,862.87
BNB,2025-08-28 18:00:00,870.7
BNB,2025-08-29 18:00:00,854.58
BNB,2025-08-30 18:00:00,858.83
BNB,2025-08-31 18:00:00,865.82
BNB,2025-09-01 18:00:00,847.26
BNB,2025-09-02 18:00:00,849.66
BNB,2025-09-03 18:00:00,858.33
BNB,2025-09-04 18:00:00,841.5
BNB,2025-09-05 18:00:00,850.33
BNB,2025-09-06 18:00:00,859.09
BNB,2025-09-07 18:00:00,874.87
BNB,2025-09-08 18:00:00,879.91
BNB,2025-09-09 18:00:00,875.27
BNB,2025-09-10 18:00:00,894.72
BNB,2025-09-11 18:00:00,894.46
BNB,2025-09-12 18:00:00,923.43
BNB,2025-09-13 18:00:00,930.9
BNB,2025-09-14 18:00:00,926.81
BNB,2025-09-15 18:00:00,920.73
BNB,2025-09-16 18:00:00,951.26
BNB,2025-09-17 18:00:00,954.26
BNB,2025-09-18 18:00:00,988.11
BNB,2025-09-19 18:00:00,979.0
BNB,2025-09-20 18:00:00,1022.2
BNB,2025-09-21 18:00:00,1051.7
BNB,2025-09-22 18:00:00,986.67
BNB,2025-09-23 18:00:00,1011.0
BNB,2025-09-24 18:00:00,1015.7
BNB,2025-09-25 18:00:00,967.77
BNB,2025-09-26 18:00:00,959.53
BNB,2025-09-27 18:00:00,968.37
BNB,2025-09-28 18:00:00,978.51
BNB,2025-09-29 18:00:00,1016.8
BNB,2025-09-30 18:00:00,1002.5
BNB,2025-10-01 18:00:00,1019.2
BNB,2025-10-02 18:00:00,1067.7
BNB,2025-10-03 18:00:00,1173.6
BNB,2025-10-04 18:00:00,1143.9
BNB,2025-10-05 18:00:00,1159.2
BNB,2025-10-06 18:00:00,1220.5
BNB,2025-10-07 18:00:00,1276.8
BNB,2025-10-08 18:00:00,1318.5
BNB,2025-10-09 18:00:00,1238.9
BNB,2025-10-10 18:00:00,1222.2
BNB,2025-10-11 18:00:00,1173.3
BNB,2025-10-12 18:00:00,1300.8
BNB,2025-10-13 18:00:00,1266.0
BNB,2025-10-14 18:00:00,1212.9
BNB,2025-10-15 18:00:00,1171.2
BNB,2025-10-16 18:00:00,1150.8
BNB,2025-10-17 18:00:00,1071.8
BNB,2025-10-18 18:00:00,1098.2
BNB,2025-10-19 18:00:00,1121.7
BNB,2025-10-20 18:00:00,1098.2
BNB,2025-10-21 18:00:00,1092.2
BNB,2025-10-22 18:00:00,1066.7
BNB,2025-10-23 18:00:00,1111.3
BNB,2025-10-24 18:00:00,1107.6
BNB,2025-10-25 18:00:00,1114.1
BNB,2025-10-26 18:00:00,1129.4
BNB,2025-10-27 18:00:00,1146.8
BNB,2025-10-28 18:00:00,1143.8
BNB,2025-10-29 18:00:00,1107.0
BNB,2025-10-30 18:00:00,1065.6
BNB,2025-10-31 18:00:00,1081.5
BNB,2025-11-01 18:00:00,1093.5
BNB,2025-11-02 18:00:00,1078.4
BNB,2025-11-03 18:00:00,997.04
BNB,2025-11-04 18:00:00,932.96
BNB,2025-11-05 18:00:00,965.03
BNB,2025-11-06 18:00:00,950.61
BNB,2025-11-07 18:00:00,980.58
BNB,2025-11-08 18:00:00,1004.2
BNB,2025-11-09 18:00:00,999.32
BNB,2025-11-10 18:00:00,981.62
BNB,2025-11-11 18:00:00,967.57
BNB,2025-11-12 18:00:00,950.85
BNB,2025-11-13 18:00:00,916.69
BOME,2025-06-05 18:00:00,0.001786
BOME,2025-06-06 18:00:00,0.001719
BOME,2025-06-07 18:00:00,0.001791
BOME,2025-06-08 18:00:00,0.001832
BOME,2025-06-09 18:00:00,0.001891
BOME,2025-06-10 18:00:00,0.002
BOME,2025-06-11 18:00:00,0.001967
BOME,2025-06-12 18:00:00,0.001782
BOME,2025-06-13 18:00:00,0.001592
BOME,2025-06-14 18:00:00,0.001598
BOME,2025-06-15 18:00:00,0.001614
BOME,2025-06-16 18:00:00,0.0017
BOME,2025-06-17 18:00:00,0.00153
BOME,2025-06-18 18:00:00,0.001506
BOME,2025-06-19 18:00:00,0.001521
BOME,2025-06-20 18:00:00,0.001465
BOME,2025-06-21 18:00:00,0.001381
BOME,2025-06-22 18:00:00,0.001277
BOME,2025-06-23 18:00:00,0.001394
BOME,2025-06-24 18:00:00,0.0015
BOME,2025-06-25 18:00:00,0.001454
BOME,2025-06-26 18:00:00,0.00139
BOME,2025-06-27 18:00:00,0.001399
BOME,2025-06-28 18:00:00,0.001521
BOME,2025-06-29 18:00:00,0.001541
BOME,2025-06-30 18:00:00,0.001573
BOME,2025-07-01 18:00:00,0.001434
BOME,2025-07-02 18:00:00,0.001646
BOME,2025-07-03 18:00:00,0.001617
BOME,2025-07-04 18:00:00,0.001496
BOME,2025-07-05 18:00:00,0.001473
BOME,2025-07-06 18:00:00,0.001587
BOME,2025-07-07 18:00:00,0.001554
BOME,2025-07-08 18:00:00,0.001602
BOME,2025-07-09 18:00:00,0.001599
BOME,2025-07-10 18:00:00,0.001789
BOME,2025-07-11 18:00:00,0.001943
BOME,2025-07-12 18:00:00,0.001765
BOME,2025-07-13 18:00:00,0.001843
BOME,2025-07-14 18:00:00,0.001793
BOME,2025-07-15 18:00:00,0.001831
BOME,2025-07-16 18:00:00,0.00226
BOME,2025-07-17 18:00:00,0.002326
BOME,2025-07-18 18:00:00,0.002334
BOME,2025-07-19 18:00:00,0.002161
BOME,2025-07-20 18:00:00,0.002336
BOME,2025-07-21 18:00:00,0.002347
BOME,2025-07-22 18:00:00,0.002301
BOME,2025-07-23 18:00:00,0.002114
BOME,2025-07-24 18:00:00,0.002049
BOME,2025-07-25 18:00:00,0.002022
BOME,2025-07-26 18:00:00,0.002096
BOME,2025-07-27 18:00:00,0.002189
BOME,2025-07-28 18:00:00,0.002058
BOME,2025-07-29 18:00:00,0.001953
BOME,2025-07-30 18:00:00,0.001888
BOME,2025-07-31 18:00:00,0.001919
BOME,2025-08-01 18:00:00,0.001756
BOME,2025-08-02 18:00:00,0.001665
BOME,2025-08-03 18:00:00,0.001767
BOME,2025-08-04 18:00:00,0.001813
BOME,2025-08-05 18:00:00,0.001719
BOME,2025-08-06 18:00:00,0.001761
BOME,2025-08-07 18:00:00,0.001809
BOME,2025-08-08 18:00:00,0.001901
BOME,2025-08-09 18:00:00,0.00199
BOME,2025-08-10 18:00:00,0.001984
BOME,2025-08-11 18:00:00,0.001902
BOME,2025-08-12 18:00:00,0.001955
BOME,2025-08-13 18:00:00,0.002119
BOME,2025-08-14 18:00:00,0.001883
BOME,2025-08-15 18:00:00,0.001774
BOME,2025-08-16 18:00:00,0.001853
BOME,2025-08-17 18:00:00,0.001873
BOME,2025-08-18 18:00:00,0.001815
BOME,2025-08-19 18:00:00,0.001715
BOME,2025-08-20 18:00:00,0.001836
BOME,2025-08-21 18:00:00,0.001809
BOME,2025-08-22 18:00:00,0.001937
BOME,2025-08-23 18:00:00,0.002307
BOME,2025-08-24 18:00:00,0.00227
BOME,2025-08-25 18:00:00,0.002031
BOME,2025-08-26 18:00:00,0.002007
BOME,2025-08-27 18:00:00,0.002022
BOME,2025-08-28 18:00:00,0.002046
BOME,2025-08-29 18:00:00,0.001889
BOME,2025-08-30 18:00:00,0.00196
BOME,2025-08-31 18:00:00,0.001981
BOME,2025-09-01 18:00:00,0.001855
BOME,2025-09-02 18:00:00,0.001895
BOME,2025-09-03 18:00:00,0.001944
BOME,2025-09-04 18:00:00,0.001841
BOME,2025-09-05 18:00:00,0.001918
BOME,2025-09-06 18:00:00,0.001885
BOME,2025-09-07 18:00:00,0.001925
BOME,2025-09-08 18:00:00,0.002029
BOME,2025-09-09 18:00:00,0.001979
BOME,2025-09-10 18:00:00,0.002042
BOME,2025-09-11 18:00:00,0.002011
BOME,2025-09-12 18:00:00,0.002231
BOME,2025-09-13 18:00:00,0.002251
BOME,2025-09-14 18:00:00,0.002133
BOME,2025-09-15 18:00:00,0.001971
BOME,2025-09-16 18:00:00,0.002046
BOME,2025-09-17 18:00:00,0.002029
BOME,2025-09-18 18:00:00,0.002175
BOME,2025-09-19 18:00:00,0.002017
BOME,2025-09-20 18:00:00,0.002018
BOME,2025-09-21 18:00:00,0.002019
BOME,2025-09-22 18:00:00,0.001715
BOME,2025-09-23 18:00:00,0.001706
BOME,2025-09-24 18:00:00,0.001714
BOME,2025-09-25 18:00:00,0.001599
BOME,2025-09-26 18:00:00,0.001661
BOME,2025-09-27 18:00:00,0.00163
BOME,2025-09-28 18:00:00,0.001631
BOME,2025-09-29 18:00:00,0.001597
BOME,2025-09-30 18:00:00,0.001581
BOME,2025-10-01 18:00:00,0.001703
BOME,2025-10-02 18:00:00,0.001761
BOME,2025-10-03 18:00:00,0.001785
BOME,2025-10-04 18:00:00,0.001696
BOME,2025-10-05 18:00:00,0.001714
BOME,2025-10-06 18:00:00,0.001793
BOME,2025-10-07 18:00:00,0.001639
BOME,2025-10-08 18:00:00,0.001746
BOME,2025-10-09 18:00:00,0.001606
BOME,2025-10-10 18:00:00,0.001496
BOME,2025-10-11 18:00:00,0.00106
BOME,2025-10-12 18:00:00,0.001183
BOME,2025-10-13 18:00:00,0.001236
BOME,2025-10-14 18:00:00,0.001195
BOME,2025-10-15 18:00:00,0.001133
BOME,2025-10-16 18:00:00,0.00109
BOME,2025-10-17 18:00:00,0.001031
BOME,2025-10-18 18:00:00,0.001058
BOME,2025-10-19 18:00:00,0.001099
BOME,2025-10-20 18:00:00,0.001104
BOME,2025-10-21 18:00:00,0.001122
BOME,2025-10-22 18:00:00,0.001031
BOME,2025-10-23 18:00:00,0.001058
BOME,2025-10-24 18:00:00,0.001069
BOME,2025-10-25 18:00:00,0.00109
BOME,2025-10-26 18:00:00,0.001117
BOME,2025-10-27 18:00:00,0.00112
BOME,2025-10-28 18:00:00,0.001088
BOME,2025-10-29 18:00:00,0.001066
BOME,2025-10-30 18:00:00,0.000921
BOME,2025-10-31 18:00:00,0.000964
BOME,2025-11-01 18:00:00,0.001008
BOME,2025-11-02 18:00:00,0.000976
BOME,2025-11-03 18:00:00,0.000857
BOME,2025-11-04 18:00:00,0.000824
BOME,2025-11-05 18:00:00,0.000839
BOME,2025-11-06 18:00:00,0.000808
BOME,2025-11-07 18:00:00,0.000983
BOME,2025-11-08 18:00:00,0.00093
BOME,2025-11-09 18:00:00,0.000953
BOME,2025-11-10 18:00:00,0.000958
BOME,2025-11-11 18:00:00,0.000927
BOME,2025-11-12 18:00:00,0.000869
BOME,2025-11-13 18:00:00,0.00084
BRETT,2025-06-05 18:00:00,0.047925
BRETT,2025-06-06 18:00:00,0.045881
BRETT,2025-06-07 18:00:00,0.053548
BRETT,2025-06-08 18:00:00,0.053269
BRETT,2025-06-09 18:00:00,0.05286
BRETT,2025-06-10 18:00:00,0.058657
BRETT,2025-06-11 18:00:00,0.057709
BRETT,2025-06-12 18:00:00,0.051287
BRETT,2025-06-13 18:00:00,0.044002
BRETT,2025-06-14 18:00:00,0.043283
BRETT,2025-06-15 18:00:00,0.04456
BRETT,2025-06-16 18:00:00,0.048685
BRETT,2025-06-17 18:00:00,0.04227
BRETT,2025-06-18 18:00:00,0.041347
BRETT,2025-06-19 18:00:00,0.042291
BRETT,2025-06-20 18:00:00,0.040145
BRETT,2025-06-21 18:00:00,0.037174
BRETT,2025-06-22 18:00:00,0.034631
BRETT,2025-06-23 18:00:00,0.038112
BRETT,2025-06-24 18:00:00,0.04207
BRETT,2025-06-25 18:00:00,0.039193
BRETT,2025-06-26 18:00:00,0.038386
BRETT,2025-06-27 18:00:00,0.038689
BRETT,2025-06-28 18:00:00,0.04178
BRETT,2025-06-29 18:00:00,0.042485
BRETT,2025-06-30 18:00:00,0.043014
BRETT,2025-07-01 18:00:00,0.038904
BRETT,2025-07-02 18:00:00,0.044086
BRETT,2025-07-03 18:00:00,0.044324
BRETT,2025-07-04 18:00:00,0.041127
BRETT,2025-07-05 18:00:00,0.040964
BRETT,2025-07-06 18:00:00,0.043758
BRETT,2025-07-07 18:00:00,0.042796
BRETT,2025-07-08 18:00:00,0.044054
BRETT,2025-07-09 18:00:00,0.045626
BRETT,2025-07-10 18:00:00,0.053679
BRETT,2025-07-11 18:00:00,0.058356
BRETT,2025-07-12 18:00:00,0.055064
BRETT,2025-07-13 18:00:00,0.057817
BRETT,2025-07-14 18:00:00,0.054338
BRETT,2025-07-15 18:00:00,0.05358
BRETT,2025-07-16 18:00:00,0.063078
BRETT,2025-07-17 18:00:00,0.061528
BRETT,2025-07-18 18:00:00,0.056929
BRETT,2025-07-19 18:00:00,0.058668
BRETT,2025-07-20 18:00:00,0.062687
BRETT,2025-07-21 18:00:00,0.062722
BRETT,2025-07-22 18:00:00,0.063479
BRETT,2025-07-23 18:00:00,0.059215
BRETT,2025-07-24 18:00:00,0.056591
BRETT,2025-07-25 18:00:00,0.054055
BRETT,2025-07-26 18:00:00,0.056481
BRETT,2025-07-27 18:00:00,0.059619
BRETT,2025-07-28 18:00:00,0.056484
BRETT,2025-07-29 18:00:00,0.05273
BRETT,2025-07-30 18:00:00,0.053882
BRETT,2025-07-31 18:00:00,0.055034
BRETT,2025-08-01 18:00:00,0.050868
BRETT,2025-08-02 18:00:00,0.045887
BRETT,2025-08-03 18:00:00,0.052298
BRETT,2025-08-04 18:00:00,0.054533
BRETT,2025-08-05 18:00:00,0.051745
BRETT,2025-08-06 18:00:00,0.053323
BRETT,2025-08-07 18:00:00,0.054146
BRETT,2025-08-08 18:00:00,0.058826
BRETT,2025-08-09 18:00:00,0.062984
BRETT,2025-08-10 18:00:00,0.060357
BRETT,2025-08-11 18:00:00,0.057198
BRETT,2025-08-12 18:00:00,0.05835
BRETT,2025-08-13 18:00:00,0.060671
BRETT,2025-08-14 18:00:00,0.056267
BRETT,2025-08-15 18:00:00,0.051914
BRETT,2025-08-16 18:00:00,0.054819
BRETT,2025-08-17 18:00:00,0.056228
BRETT,2025-08-18 18:00:00,0.052893
BRETT,2025-08-19 18:00:00,0.049034
BRETT,2025-08-20 18:00:00,0.051455
BRETT,2025-08-21 18:00:00,0.049772
BRETT,2025-08-22 18:00:00,0.057614
BRETT,2025-08-23 18:00:00,0.05721
BRETT,2025-08-24 18:00:00,0.059853
BRETT,2025-08-25 18:00:00,0.050231
BRETT,2025-08-26 18:00:00,0.050503
BRETT,2025-08-27 18:00:00,0.050554
BRETT,2025-08-28 18:00:00,0.049822
BRETT,2025-08-29 18:00:00,0.046062
BRETT,2025-08-30 18:00:00,0.047913
BRETT,2025-08-31 18:00:00,0.048377
BRETT,2025-09-01 18:00:00,0.04495
BRETT,2025-09-02 18:00:00,0.045262
BRETT,2025-09-03 18:00:00,0.046284
BRETT,2025-09-04 18:00:00,0.042689
BRETT,2025-09-05 18:00:00,0.045173
BRETT,2025-09-06 18:00:00,0.044277
BRETT,2025-09-07 18:00:00,0.044345
BRETT,2025-09-08 18:00:00,0.048873
BRETT,2025-09-09 18:00:00,0.048238
BRETT,2025-09-10 18:00:00,0.049853
BRETT,2025-09-11 18:00:00,0.050262
BRETT,2025-09-12 18:00:00,0.053341
BRETT,2025-09-13 18:00:00,0.055378
BRETT,2025-09-14 18:00:00,0.052197
BRETT,2025-09-15 18:00:00,0.050898
BRETT,2025-09-16 18:00:00,0.049467
BRETT,2025-09-17 18:00:00,0.04972
BRETT,2025-09-18 18:00:00,0.058294
BRETT,2025-09-19 18:00:00,0.05342
BRETT,2025-09-20 18:00:00,0.05144
BRETT,2025-09-21 18:00:00,0.051383
BRETT,2025-09-22 18:00:00,0.04246
BRETT,2025-09-23 18:00:00,0.042485
BRETT,2025-09-24 18:00:00,0.042982
BRETT,2025-09-25 18:00:00,0.039376
BRETT,2025-09-26 18:00:00,0.040121
BRETT,2025-09-27 18:00:00,0.039175
BRETT,2025-09-28 18:00:00,0.039816
BRETT,2025-09-29 18:00:00,0.039497
BRETT,2025-09-30 18:00:00,0.039258
BRETT,2025-10-01 18:00:00,0.043528
BRETT,2025-10-02 18:00:00,0.04638
BRETT,2025-10-03 18:00:00,0.046703
BRETT,2025-10-04 18:00:00,0.0442
BRETT,2025-10-05 18:00:00,0.045503
BRETT,2025-10-06 18:00:00,0.048633
BRETT,2025-10-07 18:00:00,0.043808
BRETT,2025-10-08 18:00:00,0.045415
BRETT,2025-10-09 18:00:00,0.042044
BRETT,2025-10-10 18:00:00,0.039336
BRETT,2025-10-11 18:00:00,0.030709
BRETT,2025-10-12 18:00:00,0.034229
BRETT,2025-10-13 18:00:00,0.034282
BRETT,2025-10-14 18:00:00,0.032497
BRETT,2025-10-15 18:00:00,0.031103
BRETT,2025-10-16 18:00:00,0.028787
BRETT,2025-10-17 18:00:00,0.026528
BRETT,2025-10-18 18:00:00,0.026067
BRETT,2025-10-19 18:00:00,0.027306
BRETT,2025-10-20 18:00:00,0.0272
BRETT,2025-10-21 18:00:00,0.027699
BRETT,2025-10-22 18:00:00,0.02492
BRETT,2025-10-23 18:00:00,0.025516
BRETT,2025-10-24 18:00:00,0.026883
BRETT,2025-10-25 18:00:00,0.027697
BRETT,2025-10-26 18:00:00,0.029571
BRETT,2025-10-27 18:00:00,0.032224
BRETT,2025-10-28 18:00:00,0.030585
BRETT,2025-10-29 18:00:00,0.029359
BRETT,2025-10-30 18:00:00,0.025539
BRETT,2025-10-31 18:00:00,0.026512
BRETT,2025-11-01 18:00:00,0.028168
BRETT,2025-11-02 18:00:00,0.026305
BRETT,2025-11-03 18:00:00,0.02309
BRETT,2025-11-04 18:00:00,0.02098
BRETT,2025-11-05 18:00:00,0.022611
BRETT,2025-11-06 18:00:00,0.021896
BRETT,2025-11-07 18:00:00,0.024031
BRETT,2025-11-08 18:00:00,0.022474
BRETT,2025-11-09 18:00:00,0.023708
BRETT,2025-11-10 18:00:00,0.024326
BRETT,2025-11-11 18:00:00,0.022834
BRETT,2025-11-12 18:00:00,0.02141
BRETT,2025-11-13 18:00:00,0.019731
BTC,2025-06-05 18:00:00,103010.0
BTC,2025-06-06 18:00:00,104466.0
BTC,2025-06-07 18:00:00,105557.0
BTC,2025-06-08 18:00:00,106250.0
BTC,2025-06-09 18:00:00,108459.0
BTC,2025-06-10 18:00:00,109355.0
BTC,2025-06-11 18:00:00,108880.0
BTC,2025-06-12 18:00:00,107648.0
BTC,2025-06-13 18:00:00,105130.0
BTC,2025-06-14 18:00:00,104862.0
BTC,2025-06-15 18:00:00,105513.0
BTC,2025-06-16 18:00:00,108283.0
BTC,2025-06-17 18:00:00,104440.0
BTC,2025-06-18 18:00:00,103596.0
BTC,2025-06-19 18:00:00,104360.0
BTC,2025-06-20 18:00:00,103149.0
BTC,2025-06-21 18:00:00,102590.0
BTC,2025-06-22 18:00:00,99403.0
BTC,2025-06-23 18:00:00,102870.0
BTC,2025-06-24 18:00:00,105469.0
BTC,2025-06-25 18:00:00,107349.0
BTC,2025-06-26 18:00:00,107347.0
BTC,2025-06-27 18:00:00,106678.0
BTC,2025-06-28 18:00:00,107306.0
BTC,2025-06-29 18:00:00,107578.0
BTC,2025-06-30 18:00:00,107224.0
BTC,2025-07-01 18:00:00,105713.0
BTC,2025-07-02 18:00:00,109503.0
BTC,2025-07-03 18:00:00,109622.0
BTC,2025-07-04 18:00:00,107500.0
BTC,2025-07-05 18:00:00,107991.0
BTC,2025-07-06 18:00:00,108471.0
BTC,2025-07-07 18:00:00,108054.0
BTC,2025-07-08 18:00:00,109198.0
BTC,2025-07-09 18:00:00,109557.0
BTC,2025-07-10 18:00:00,113401.0
BTC,2025-07-11 18:00:00,117832.0
BTC,2025-07-12 18:00:00,117553.0
BTC,2025-07-13 18:00:00,119069.0
BTC,2025-07-14 18:00:00,119742.0
BTC,2025-07-15 18:00:00,116776.0
BTC,2025-07-16 18:00:00,119602.0
BTC,2025-07-17 18:00:00,119676.0
BTC,2025-07-18 18:00:00,117333.0
BTC,2025-07-19 18:00:00,117848.0
BTC,2025-07-20 18:00:00,118451.0
BTC,2025-07-21 18:00:00,117174.0
BTC,2025-07-22 18:00:00,119859.0
BTC,2025-07-23 18:00:00,118474.0
BTC,2025-07-24 18:00:00,119121.0
BTC,2025-07-25 18:00:00,116573.0
BTC,2025-07-26 18:00:00,118156.0
BTC,2025-07-27 18:00:00,119111.0
BTC,2025-07-28 18:00:00,117872.0
BTC,2025-07-29 18:00:00,117681.0
BTC,2025-07-30 18:00:00,116608.0
BTC,2025-07-31 18:00:00,117704.0
BTC,2025-08-01 18:00:00,113781.0
BTC,2025-08-02 18:00:00,112258.0
BTC,2025-08-03 18:00:00,114340.0
BTC,2025-08-04 18:00:00,114907.0
BTC,2025-08-05 18:00:00,113589.0
BTC,2025-08-06 18:00:00,115411.0
BTC,2025-08-07 18:00:00,116566.0
BTC,2025-08-08 18:00:00,116510.0
BTC,2025-08-09 18:00:00,116694.0
BTC,2025-08-10 18:00:00,118611.0
BTC,2025-08-11 18:00:00,119836.0
BTC,2025-08-12 18:00:00,119374.0
BTC,2025-08-13 18:00:00,121701.0
BTC,2025-08-14 18:00:00,118125.0
BTC,2025-08-15 18:00:00,117164.0
BTC,2025-08-16 18:00:00,117657.0
BTC,2025-08-17 18:00:00,117513.0
BTC,2025-08-18 18:00:00,116428.0
BTC,2025-08-19 18:00:00,113027.0
BTC,2025-08-20 18:00:00,113455.0
BTC,2025-08-21 18:00:00,112589.0
BTC,2025-08-22 18:00:00,116795.0
BTC,2025-08-23 18:00:00,115224.0
BTC,2025-08-24 18:00:00,114709.0
BTC,2025-08-25 18:00:00,112435.0
BTC,2025-08-26 18:00:00,110750.0
BTC,2025-08-27 18:00:00,112010.0
BTC,2025-08-28 18:00:00,112406.0
BTC,2025-08-29 18:00:00,108112.0
BTC,2025-08-30 18:00:00,108745.0
BTC,2025-08-31 18:00:00,109141.0
BTC,2025-09-01 18:00:00,109216.0
BTC,2025-09-02 18:00:00,110607.0
BTC,2025-09-03 18:00:00,111987.0
BTC,2025-09-04 18:00:00,109972.0
BTC,2025-09-05 18:00:00,111203.0
BTC,2025-09-06 18:00:00,110189.0
BTC,2025-09-07 18:00:00,111003.0
BTC,2025-09-08 18:00:00,112428.0
BTC,2025-09-09 18:00:00,111199.0
BTC,2025-09-10 18:00:00,113610.0
BTC,2025-09-11 18:00:00,114319.0
BTC,2025-09-12 18:00:00,116450.0
BTC,2025-09-13 18:00:00,115642.0
BTC,2025-09-14 18:00:00,115376.0
BTC,2025-09-15 18:00:00,115310.0
BTC,2025-09-16 18:00:00,116406.0
BTC,2025-09-17 18:00:00,115289.0
BTC,2025-09-18 18:00:00,117854.0
BTC,2025-09-19 18:00:00,115477.0
BTC,2025-09-20 18:00:00,115698.0
BTC,2025-09-21 18:00:00,115566.0
BTC,2025-09-22 18:00:00,112435.0
BTC,2025-09-23 18:00:00,111747.0
BTC,2025-09-24 18:00:00,113637.0
BTC,2025-09-25 18:00:00,109689.0
BTC,2025-09-26 18:00:00,109681.0
BTC,2025-09-27 18:00:00,109378.0
BTC,2025-09-28 18:00:00,110224.0
BTC,2025-09-29 18:00:00,113978.0
BTC,2025-09-30 18:00:00,113688.0
BTC,2025-10-01 18:00:00,117196.0
BTC,2025-10-02 18:00:00,120486.0
BTC,2025-10-03 18:00:00,122613.0
BTC,2025-10-04 18:00:00,121643.0
BTC,2025-10-05 18:00:00,123073.0
BTC,2025-10-06 18:00:00,126101.0
BTC,2025-10-07 18:00:00,120909.0
BTC,2025-10-08 18:00:00,123523.0
BTC,2025-10-09 18:00:00,120609.0
BTC,2025-10-10 18:00:00,117179.0
BTC,2025-10-11 18:00:00,111923.0
BTC,2025-10-12 18:00:00,113860.0
BTC,2025-10-13 18:00:00,115115.0
BTC,2025-10-14 18:00:00,112890.0
BTC,2025-10-15 18:00:00,111450.0
BTC,2025-10-16 18:00:00,108660.0
BTC,2025-10-17 18:00:00,106640.0
BTC,2025-10-18 18:00:00,106816.0
BTC,2025-10-19 18:00:00,109342.0
BTC,2025-10-20 18:00:00,110892.0
BTC,2025-10-21 18:00:00,111940.0
BTC,2025-10-22 18:00:00,107978.0
BTC,2025-10-23 18:00:00,110596.0
BTC,2025-10-24 18:00:00,110655.0
BTC,2025-10-25 18:00:00,111757.0
BTC,2025-10-26 18:00:00,113630.0
BTC,2025-10-27 18:00:00,115365.0
BTC,2025-10-28 18:00:00,115037.0
BTC,2025-10-29 18:00:00,110858.0
BTC,2025-10-30 18:00:00,106819.0
BTC,2025-10-31 18:00:00,109458.0
BTC,2025-11-01 18:00:00,110359.0
BTC,2025-11-02 18:00:00,110326.0
BTC,2025-11-03 18:00:00,106918.0
BTC,2025-11-04 18:00:00,101345.0
BTC,2025-11-05 18:00:00,104386.0
BTC,2025-11-06 18:00:00,101684.0
BTC,2025-11-07 18:00:00,102585.0
BTC,2025-11-08 18:00:00,102111.0
BTC,2025-11-09 18:00:00,104519.0
BTC,2025-11-10 18:00:00,105514.0
BTC,2025-11-11 18:00:00,103380.0
BTC,2025-11-12 18:00:00,101506.0
BTC,2025-11-13 18:00:00,98587.0
CAKE,2025-06-05 18:00:00,2.3606
CAKE,2025-06-06 18:00:00,2.2943
CAKE,2025-06-07 18:00:00,2.3311
CAKE,2025-06-08 18:00:00,2.3178
CAKE,2025-06-09 18:00:00,2.4039
CAKE,2025-06-10 18:00:00,2.5473
CAKE,2025-06-11 18:00:00,2.5982
CAKE,2025-06-12 18:00:00,2.5826
CAKE,2025-06-13 18:00:00,2.4299
CAKE,2025-06-14 18:00:00,2.331
CAKE,2025-06-15 18:00:00,2.3208
CAKE,2025-06-16 18:00:00,2.3867
CAKE,2025-06-17 18:00:00,2.199
CAKE,2025-06-18 18:00:00,2.1707
CAKE,2025-06-19 18:00:00,2.1993
CAKE,2025-06-20 18:00:00,2.1834
CAKE,2025-06-21 18:00:00,2.1126
CAKE,2025-06-22 18:00:00,1.9737
CAKE,2025-06-23 18:00:00,2.1143
CAKE,2025-06-24 18:00:00,2.1947
CAKE,2025-06-25 18:00:00,2.1752
CAKE,2025-06-26 18:00:00,2.1312
CAKE,2025-06-27 18:00:00,2.1375
CAKE,2025-06-28 18:00:00,2.2157
CAKE,2025-06-29 18:00:00,2.2686
CAKE,2025-06-30 18:00:00,2.3443
CAKE,2025-07-01 18:00:00,2.2371
CAKE,2025-07-02 18:00:00,2.3743
CAKE,2025-07-03 18:00:00,2.3115
CAKE,2025-07-04 18:00:00,2.224
CAKE,2025-07-05 18:00:00,2.2092
CAKE,2025-07-06 18:00:00,2.2658
CAKE,2025-07-07 18:00:00,2.2558
CAKE,2025-07-08 18:00:00,2.3054
CAKE,2025-07-09 18:00:00,2.3248
CAKE,2025-07-10 18:00:00,2.4115
CAKE,2025-07-11 18:00:00,2.5358
CAKE,2025-07-12 18:00:00,2.35
CAKE,2025-07-13 18:00:00,2.4291
CAKE,2025-07-14 18:00:00,2.3868
CAKE,2025-07-15 18:00:00,2.4222
CAKE,2025-07-16 18:00:00,2.5139
CAKE,2025-07-17 18:00:00,2.6036
CAKE,2025-07-18 18:00:00,2.6749
CAKE,2025-07-19 18:00:00,2.6168
CAKE,2025-07-20 18:00:00,2.7147
CAKE,2025-07-21 18:00:00,2.7483
CAKE,2025-07-22 18:00:00,2.6952
CAKE,2025-07-23 18:00:00,2.747
CAKE,2025-07-24 18:00:00,2.678
CAKE,2025-07-25 18:00:00,2.6635
CAKE,2025-07-26 18:00:00,2.7816
CAKE,2025-07-27 18:00:00,3.0097
CAKE,2025-07-28 18:00:00,2.9885
CAKE,2025-07-29 18:00:00,2.8464
CAKE,2025-07-30 18:00:00,2.7521
CAKE,2025-07-31 18:00:00,2.825
CAKE,2025-08-01 18:00:00,2.6137
CAKE,2025-08-02 18:00:00,2.5064
CAKE,2025-08-03 18:00:00,2.5884
CAKE,2025-08-04 18:00:00,2.6552
CAKE,2025-08-05 18:00:00,2.5568
CAKE,2025-08-06 18:00:00,2.6904
CAKE,2025-08-07 18:00:00,2.741
CAKE,2025-08-08 18:00:00,2.8036
CAKE,2025-08-09 18:00:00,2.8845
CAKE,2025-08-10 18:00:00,2.8269
CAKE,2025-08-11 18:00:00,2.7814
CAKE,2025-08-12 18:00:00,2.8421
CAKE,2025-08-13 18:00:00,2.8934
CAKE,2025-08-14 18:00:00,2.7282
CAKE,2025-08-15 18:00:00,2.6638
CAKE,2025-08-16 18:00:00,2.7256
CAKE,2025-08-17 18:00:00,2.775
CAKE,2025-08-18 18:00:00,2.6974
CAKE,2025-08-19 18:00:00,2.571
CAKE,2025-08-20 18:00:00,2.6231
CAKE,2025-08-21 18:00:00,2.6352
CAKE,2025-08-22 18:00:00,2.7991
CAKE,2025-08-23 18:00:00,2.7793
CAKE,2025-08-24 18:00:00,2.7749
CAKE,2025-08-25 18:00:00,2.622
CAKE,2025-08-26 18:00:00,2.6124
CAKE,2025-08-27 18:00:00,2.6192
CAKE,2025-08-28 18:00:00,2.6085
CAKE,2025-08-29 18:00:00,2.4665
CAKE,2025-08-30 18:00:00,2.4804
CAKE,2025-08-31 18:00:00,2.5007
CAKE,2025-09-01 18:00:00,2.397
CAKE,2025-09-02 18:00:00,2.3976
CAKE,2025-09-03 18:00:00,2.403
CAKE,2025-09-04 18:00:00,2.3357
CAKE,2025-09-05 18:00:00,2.3825
CAKE,2025-09-06 18:00:00,2.412
CAKE,2025-09-07 18:00:00,2.4043
CAKE,2025-09-08 18:00:00,2.4558
CAKE,2025-09-09 18:00:00,2.4125
CAKE,2025-09-10 18:00:00,2.5227
CAKE,2025-09-11 18:00:00,2.5054
CAKE,2025-09-12 18:00:00,2.6148
CAKE,2025-09-13 18:00:00,2.5967
CAKE,2025-09-14 18:00:00,2.5298
CAKE,2025-09-15 18:00:00,2.4468
CAKE,2025-09-16 18:00:00,2.5278
CAKE,2025-09-17 18:00:00,2.5559
CAKE,2025-09-18 18:00:00,2.759
CAKE,2025-09-19 18:00:00,2.67
CAKE,2025-09-20 18:00:00,2.9604
CAKE,2025-09-21 18:00:00,2.9375
CAKE,2025-09-22 18:00:00,2.635
CAKE,2025-09-23 18:00:00,2.768
CAKE,2025-09-24 18:00:00,2.7995
CAKE,2025-09-25 18:00:00,2.6423
CAKE,2025-09-26 18:00:00,2.6022
CAKE,2025-09-27 18:00:00,2.5979
CAKE,2025-09-28 18:00:00,2.5754
CAKE,2025-09-29 18:00:00,2.5759
CAKE,2025-09-30 18:00:00,2.4911
CAKE,2025-10-01 18:00:00,2.5896
CAKE,2025-10-02 18:00:00,2.8106
CAKE,2025-10-03 18:00:00,3.6159
CAKE,2025-10-04 18:00:00,3.4503
CAKE,2025-10-05 18:00:00,3.245
CAKE,2025-10-06 18:00:00,3.8352
CAKE,2025-10-07 18:00:00,4.1294
CAKE,2025-10-08 18:00:00,4.2353
CAKE,2025-10-09 18:00:00,3.6961
CAKE,2025-10-10 18:00:00,3.3568
CAKE,2025-10-11 18:00:00,2.7971
CAKE,2025-10-12 18:00:00,3.4455
CAKE,2025-10-13 18:00:00,3.4797
CAKE,2025-10-14 18:00:00,3.5331
CAKE,2025-10-15 18:00:00,3.0961
CAKE,2025-10-16 18:00:00,2.9396
CAKE,2025-10-17 18:00:00,2.8075
CAKE,2025-10-18 18:00:00,2.87
CAKE,2025-10-19 18:00:00,2.9591
CAKE,2025-10-20 18:00:00,2.8845
CAKE,2025-10-21 18:00:00,2.848
CAKE,2025-10-22 18:00:00,2.7135
CAKE,2025-10-23 18:00:00,2.7328
CAKE,2025-10-24 18:00:00,2.6362
CAKE,2025-10-25 18:00:00,2.6865
CAKE,2025-10-26 18:00:00,2.784
CAKE,2025-10-27 18:00:00,2.7403
CAKE,2025-10-28 18:00:00,2.687
CAKE,2025-10-29 18:00:00,2.5594
CAKE,2025-10-30 18:00:00,2.346
CAKE,2025-10-31 18:00:00,2.3564
CAKE,2025-11-01 18:00:00,2.5002
CAKE,2025-11-02 18:00:00,2.4561
CAKE,2025-11-03 18:00:00,2.2283
CAKE,2025-11-04 18:00:00,2.1826
CAKE,2025-11-05 18:00:00,2.2794
CAKE,2025-11-06 18:00:00,2.2444
CAKE,2025-11-07 18:00:00,2.4763
CAKE,2025-11-08 18:00:00,2.5606
CAKE,2025-11-09 18:00:00,2.5418
CAKE,2025-11-10 18:00:00,2.4725
CAKE,2025-11-11 18:00:00,2.6084
CAKE,2025-11-12 18:00:00,2.465
CAKE,2025-11-13 18:00:00,2.3709
CELO,2025-06-05 18:00:00,0.31228
CELO,2025-06-06 18:00:00,0.30112
CELO,2025-06-07 18:00:00,0.30766
CELO,2025-06-08 18:00:00,0.31728
CELO,2025-06-09 18:00:00,0.32698
CELO,2025-06-10 18:00:00,0.33741
CELO,2025-06-11 18:00:00,0.33027
CELO,2025-06-12 18:00:00,0.31233
CELO,2025-06-13 18:00:00,0.28922
CELO,2025-06-14 18:00:00,0.29032
CELO,2025-06-15 18:00:00,0.29315
CELO,2025-06-16 18:00:00,0.305
CELO,2025-06-17 18:00:00,0.28356
CELO,2025-06-18 18:00:00,0.27999
CELO,2025-06-19 18:00:00,0.28552
CELO,2025-06-20 18:00:00,0.27859
CELO,2025-06-21 18:00:00,0.26624
CELO,2025-06-22 18:00:00,0.24398
CELO,2025-06-23 18:00:00,0.25704
CELO,2025-06-24 18:00:00,0.27152
CELO,2025-06-25 18:00:00,0.26615
CELO,2025-06-26 18:00:00,0.259
CELO,2025-06-27 18:00:00,0.252
CELO,2025-06-28 18:00:00,0.26271
CELO,2025-06-29 18:00:00,0.26252
CELO,2025-06-30 18:00:00,0.25887
CELO,2025-07-01 18:00:00,0.25049
CELO,2025-07-02 18:00:00,0.276
CELO,2025-07-03 18:00:00,0.28058
CELO,2025-07-04 18:00:00,0.26516
CELO,2025-07-05 18:00:00,0.26601
CELO,2025-07-06 18:00:00,0.27104
CELO,2025-07-07 18:00:00,0.27962
CELO,2025-07-08 18:00:00,0.29526
CELO,2025-07-09 18:00:00,0.31114
CELO,2025-07-10 18:00:00,0.30621
CELO,2025-07-11 18:00:00,0.32897
CELO,2025-07-12 18:00:00,0.32424
CELO,2025-07-13 18:00:00,0.33214
CELO,2025-07-14 18:00:00,0.32777
CELO,2025-07-15 18:00:00,0.33255
CELO,2025-07-16 18:00:00,0.34768
CELO,2025-07-17 18:00:00,0.34075
CELO,2025-07-18 18:00:00,0.35147
CELO,2025-07-19 18:00:00,0.35158
CELO,2025-07-20 18:00:00,0.38995
CELO,2025-07-21 18:00:00,0.38917
CELO,2025-07-22 18:00:00,0.37746
CELO,2025-07-23 18:00:00,0.35692
CELO,2025-07-24 18:00:00,0.35493
CELO,2025-07-25 18:00:00,0.34564
CELO,2025-07-26 18:00:00,0.35625
CELO,2025-07-27 18:00:00,0.36333
CELO,2025-07-28 18:00:00,0.3447
CELO,2025-07-29 18:00:00,0.33362
CELO,2025-07-30 18:00:00,0.32523
CELO,2025-07-31 18:00:00,0.32463
CELO,2025-08-01 18:00:00,0.30671
CELO,2025-08-02 18:00:00,0.28985
CELO,2025-08-03 18:00:00,0.30376
CELO,2025-08-04 18:00:00,0.31711
CELO,2025-08-05 18:00:00,0.30713
CELO,2025-08-06 18:00:00,0.31393
CELO,2025-08-07 18:00:00,0.31713
CELO,2025-08-08 18:00:00,0.33671
CELO,2025-08-09 18:00:00,0.36191
CELO,2025-08-10 18:00:00,0.36873
CELO,2025-08-11 18:00:00,0.35173
CELO,2025-08-12 18:00:00,0.36097
CELO,2025-08-13 18:00:00,0.36943
CELO,2025-08-14 18:00:00,0.3401
CELO,2025-08-15 18:00:00,0.32716
CELO,2025-08-16 18:00:00,0.33677
CELO,2025-08-17 18:00:00,0.34564
CELO,2025-08-18 18:00:00,0.32547
CELO,2025-08-19 18:00:00,0.31172
CELO,2025-08-20 18:00:00,0.32198
CELO,2025-08-21 18:00:00,0.32014
CELO,2025-08-22 18:00:00,0.34431
CELO,2025-08-23 18:00:00,0.34587
CELO,2025-08-24 18:00:00,0.35108
CELO,2025-08-25 18:00:00,0.31989
CELO,2025-08-26 18:00:00,0.32147
CELO,2025-08-27 18:00:00,0.32521
CELO,2025-08-28 18:00:00,0.32724
CELO,2025-08-29 18:00:00,0.30463
CELO,2025-08-30 18:00:00,0.3089
CELO,2025-08-31 18:00:00,0.31601
CELO,2025-09-01 18:00:00,0.30313
CELO,2025-09-02 18:00:00,0.30159
CELO,2025-09-03 18:00:00,0.30278
CELO,2025-09-04 18:00:00,0.28635
CELO,2025-09-05 18:00:00,0.29098
CELO,2025-09-06 18:00:00,0.28846
CELO,2025-09-07 18:00:00,0.28895
CELO,2025-09-08 18:00:00,0.29918
CELO,2025-09-09 18:00:00,0.30349
CELO,2025-09-10 18:00:00,0.30915
CELO,2025-09-11 18:00:00,0.31006
CELO,2025-09-12 18:00:00,0.31926
CELO,2025-09-13 18:00:00,0.3292
CELO,2025-09-14 18:00:00,0.32054
CELO,2025-09-15 18:00:00,0.30191
CELO,2025-09-16 18:00:00,0.30329
CELO,2025-09-17 18:00:00,0.29996
CELO,2025-09-18 18:00:00,0.32448
CELO,2025-09-19 18:00:00,0.304
CELO,2025-09-20 18:00:00,0.30046
CELO,2025-09-21 18:00:00,0.29778
CELO,2025-09-22 18:00:00,0.2689
CELO,2025-09-23 18:00:00,0.26478
CELO,2025-09-24 18:00:00,0.26895
CELO,2025-09-25 18:00:00,0.25286
CELO,2025-09-26 18:00:00,0.25414
CELO,2025-09-27 18:00:00,0.24816
CELO,2025-09-28 18:00:00,0.25097
CELO,2025-09-29 18:00:00,0.24766
CELO,2025-09-30 18:00:00,0.24075
CELO,2025-10-01 18:00:00,0.26079
CELO,2025-10-02 18:00:00,0.29457
CELO,2025-10-03 18:00:00,0.36666
CELO,2025-10-04 18:00:00,0.33798
CELO,2025-10-05 18:00:00,0.43555
CELO,2025-10-06 18:00:00,0.43867
CELO,2025-10-07 18:00:00,0.38894
CELO,2025-10-08 18:00:00,0.39694
CELO,2025-10-09 18:00:00,0.36672
CELO,2025-10-10 18:00:00,0.33434
CELO,2025-10-11 18:00:00,0.28633
CELO,2025-10-12 18:00:00,0.29047
CELO,2025-10-13 18:00:00,0.32423
CELO,2025-10-14 18:00:00,0.31027
CELO,2025-10-15 18:00:00,0.29156
CELO,2025-10-16 18:00:00,0.27323
CELO,2025-10-17 18:00:00,0.25472
CELO,2025-10-18 18:00:00,0.24898
CELO,2025-10-19 18:00:00,0.25383
CELO,2025-10-20 18:00:00,0.2495
CELO,2025-10-21 18:00:00,0.25313
CELO,2025-10-22 18:00:00,0.2374
CELO,2025-10-23 18:00:00,0.24819
CELO,2025-10-24 18:00:00,0.24988
CELO,2025-10-25 18:00:00,0.25004
CELO,2025-10-26 18:00:00,0.26051
CELO,2025-10-27 18:00:00,0.26222
CELO,2025-10-28 18:00:00,0.25364
CELO,2025-10-29 18:00:00,0.25559
CELO,2025-10-30 18:00:00,0.22404
CELO,2025-10-31 18:00:00,0.23394
CELO,2025-11-01 18:00:00,0.24606
CELO,2025-11-02 18:00:00,0.25827
CELO,2025-11-03 18:00:00,0.23592
CELO,2025-11-04 18:00:00,0.2192
CELO,2025-11-05 18:00:00,0.22626
CELO,2025-11-06 18:00:00,0.22791
CELO,2025-11-07 18:00:00,0.25058
CELO,2025-11-08 18:00:00,0.24709
CELO,2025-11-09 18:00:00,0.2478
CELO,2025-11-10 18:00:00,0.2446
CELO,2025-11-11 18:00:00,0.23973
CELO,2025-11-12 18:00:00,0.22437
CELO,2025-11-13 18:00:00,0.21242
CFX,2025-06-05 18:00:00,0.074539
CFX,2025-06-06 18:00:00,0.077523
CFX,2025-06-07 18:00:00,0.082086
CFX,2025-06-08 18:00:00,0.082022
CFX,2025-06-09 18:00:00,0.083822
CFX,2025-06-10 18:00:00,0.085933
CFX,2025-06-11 18:00:00,0.083293
CFX,2025-06-12 18:00:00,0.079717
CFX,2025-06-13 18:00:00,0.074153
CFX,2025-06-14 18:00:00,0.073366
CFX,2025-06-15 18:00:00,0.073935
CFX,2025-06-16 18:00:00,0.077415
CFX,2025-06-17 18:00:00,0.073092
CFX,2025-06-18 18:00:00,0.071046
CFX,2025-06-19 18:00:00,0.072241
CFX,2025-06-20 18:00:00,0.07111
CFX,2025-06-21 18:00:00,0.068369
CFX,2025-06-22 18:00:00,0.062913
CFX,2025-06-23 18:00:00,0.065836
CFX,2025-06-24 18:00:00,0.070784
CFX,2025-06-25 18:00:00,0.070381
CFX,2025-06-26 18:00:00,0.070143
CFX,2025-06-27 18:00:00,0.069634
CFX,2025-06-28 18:00:00,0.07232
CFX,2025-06-29 18:00:00,0.073772
CFX,2025-06-30 18:00:00,0.0748
CFX,2025-07-01 18:00:00,0.073119
CFX,2025-07-02 18:00:00,0.077977
CFX,2025-07-03 18:00:00,0.075961
CFX,2025-07-04 18:00:00,0.071492
CFX,2025-07-05 18:00:00,0.07051
CFX,2025-07-06 18:00:00,0.073879
CFX,2025-07-07 18:00:00,0.073357
CFX,2025-07-08 18:00:00,0.075666
CFX,2025-07-09 18:00:00,0.076455
CFX,2025-07-10 18:00:00,0.08378
CFX,2025-07-11 18:00:00,0.098473
CFX,2025-07-12 18:00:00,0.095784
CFX,2025-07-13 18:00:00,0.1034
CFX,2025-07-14 18:00:00,0.099788
CFX,2025-07-15 18:00:00,0.10157
CFX,2025-07-16 18:00:00,0.10432
CFX,2025-07-17 18:00:00,0.10026
CFX,2025-07-18 18:00:00,0.10465
CFX,2025-07-19 18:00:00,0.10429
CFX,2025-07-20 18:00:00,0.21418
CFX,2025-07-21 18:00:00,0.22995
CFX,2025-07-22 18:00:00,0.16669
CFX,2025-07-23 18:00:00,0.16998
CFX,2025-07-24 18:00:00,0.17906
CFX,2025-07-25 18:00:00,0.18845
CFX,2025-07-26 18:00:00,0.18472
CFX,2025-07-27 18:00:00,0.18814
CFX,2025-07-28 18:00:00,0.18522
CFX,2025-07-29 18:00:00,0.21
CFX,2025-07-30 18:00:00,0.20159
CFX,2025-07-31 18:00:00,0.20744
CFX,2025-08-01 18:00:00,0.19907
CFX,2025-08-02 18:00:00,0.18558
CFX,2025-08-03 18:00:00,0.21491
CFX,2025-08-04 18:00:00,0.2213
CFX,2025-08-05 18:00:00,0.20423
CFX,2025-08-06 18:00:00,0.20708
CFX,2025-08-07 18:00:00,0.22371
CFX,2025-08-08 18:00:00,0.21649
CFX,2025-08-09 18:00:00,0.21343
CFX,2025-08-10 18:00:00,0.20842
CFX,2025-08-11 18:00:00,0.20118
CFX,2025-08-12 18:00:00,0.19932
CFX,2025-08-13 18:00:00,0.19495
CFX,2025-08-14 18:00:00,0.17914
CFX,2025-08-15 18:00:00,0.17678
CFX,2025-08-16 18:00:00,0.1783
CFX,2025-08-17 18:00:00,0.17693
CFX,2025-08-18 18:00:00,0.17257
CFX,2025-08-19 18:00:00,0.16689
CFX,2025-08-20 18:00:00,0.18634
CFX,2025-08-21 18:00:00,0.17719
CFX,2025-08-22 18:00:00,0.18856
CFX,2025-08-23 18:00:00,0.1872
CFX,2025-08-24 18:00:00,0.1867
CFX,2025-08-25 18:00:00,0.17735
CFX,2025-08-26 18:00:00,0.17358
CFX,2025-08-27 18:00:00,0.17289
CFX,2025-08-28 18:00:00,0.18716
CFX,2025-08-29 18:00:00,0.17583
CFX,2025-08-30 18:00:00,0.19964
CFX,2025-08-31 18:00:00,0.19238
CFX,2025-09-01 18:00:00,0.17707
CFX,2025-09-02 18:00:00,0.17398
CFX,2025-09-03 18:00:00,0.17681
CFX,2025-09-04 18:00:00,0.16817
CFX,2025-09-05 18:00:00,0.17032
CFX,2025-09-06 18:00:00,0.17022
CFX,2025-09-07 18:00:00,0.1707
CFX,2025-09-08 18:00:00,0.17341
CFX,2025-09-09 18:00:00,0.17089
CFX,2025-09-10 18:00:00,0.1756
CFX,2025-09-11 18:00:00,0.17601
CFX,2025-09-12 18:00:00,0.18239
CFX,2025-09-13 18:00:00,0.18393
CFX,2025-09-14 18:00:00,0.17649
CFX,2025-09-15 18:00:00,0.17749
CFX,2025-09-16 18:00:00,0.18359
CFX,2025-09-17 18:00:00,0.17642
CFX,2025-09-18 18:00:00,0.18768
CFX,2025-09-19 18:00:00,0.17637
CFX,2025-09-20 18:00:00,0.17512
CFX,2025-09-21 18:00:00,0.17402
CFX,2025-09-22 18:00:00,0.1451
CFX,2025-09-23 18:00:00,0.14716
CFX,2025-09-24 18:00:00,0.14626
CFX,2025-09-25 18:00:00,0.14124
CFX,2025-09-26 18:00:00,0.14563
CFX,2025-09-27 18:00:00,0.14345
CFX,2025-09-28 18:00:00,0.14313
CFX,2025-09-29 18:00:00,0.14308
CFX,2025-09-30 18:00:00,0.1417
CFX,2025-10-01 18:00:00,0.14818
CFX,2025-10-02 18:00:00,0.15132
CFX,2025-10-03 18:00:00,0.14952
CFX,2025-10-04 18:00:00,0.14259
CFX,2025-10-05 18:00:00,0.14597
CFX,2025-10-06 18:00:00,0.15028
CFX,2025-10-07 18:00:00,0.13943
CFX,2025-10-08 18:00:00,0.15067
CFX,2025-10-09 18:00:00,0.13939
CFX,2025-10-10 18:00:00,0.12836
CFX,2025-10-11 18:00:00,0.10288
CFX,2025-10-12 18:00:00,0.11283
CFX,2025-10-13 18:00:00,0.12399
CFX,2025-10-14 18:00:00,0.11797
CFX,2025-10-15 18:00:00,0.11467
CFX,2025-10-16 18:00:00,0.10954
CFX,2025-10-17 18:00:00,0.10649
CFX,2025-10-18 18:00:00,0.10964
CFX,2025-10-19 18:00:00,0.1128
CFX,2025-10-20 18:00:00,0.11194
CFX,2025-10-21 18:00:00,0.11446
CFX,2025-10-22 18:00:00,0.10696
CFX,2025-10-23 18:00:00,0.10912
CFX,2025-10-24 18:00:00,0.1111
CFX,2025-10-25 18:00:00,0.11077
CFX,2025-10-26 18:00:00,0.11342
CFX,2025-10-27 18:00:00,0.11782
CFX,2025-10-28 18:00:00,0.11479
CFX,2025-10-29 18:00:00,0.1086
CFX,2025-10-30 18:00:00,0.097755
CFX,2025-10-31 18:00:00,0.10146
CFX,2025-11-01 18:00:00,0.10347
CFX,2025-11-02 18:00:00,0.10104
CFX,2025-11-03 18:00:00,0.090642
CFX,2025-11-04 18:00:00,0.086546
CFX,2025-11-05 18:00:00,0.091353
CFX,2025-11-06 18:00:00,0.08811
CFX,2025-11-07 18:00:00,0.10569
CFX,2025-11-08 18:00:00,0.10344
CFX,2025-11-09 18:00:00,0.1006
CFX,2025-11-10 18:00:00,0.10046
CFX,2025-11-11 18:00:00,0.11163
CFX,2025-11-12 18:00:00,0.095352
CFX,2025-11-13 18:00:00,0.090828
CHILLGUY,2025-06-05 18:00:00,0.058855
CHILLGUY,2025-06-06 18:00:00,0.057338
CHILLGUY,2025-06-07 18:00:00,0.061871
CHILLGUY,2025-06-08 18:00:00,0.062639
CHILLGUY,2025-06-09 18:00:00,0.063988
CHILLGUY,2025-06-10 18:00:00,0.065443
CHILLGUY,2025-06-11 18:00:00,0.060573
CHILLGUY,2025-06-12 18:00:00,0.055038
CHILLGUY,2025-06-13 18:00:00,0.050255
CHILLGUY,2025-06-14 18:00:00,0.049076
CHILLGUY,2025-06-15 18:00:00,0.052585
CHILLGUY,2025-06-16 18:00:00,0.054669
CHILLGUY,2025-06-17 18:00:00,0.049026
CHILLGUY,2025-06-18 18:00:00,0.047325
CHILLGUY,2025-06-19 18:00:00,0.049614
CHILLGUY,2025-06-20 18:00:00,0.047237
CHILLGUY,2025-06-21 18:00:00,0.043523
CHILLGUY,2025-06-22 18:00:00,0.040829
CHILLGUY,2025-06-23 18:00:00,0.045927
CHILLGUY,2025-06-24 18:00:00,0.049646
CHILLGUY,2025-06-25 18:00:00,0.046654
CHILLGUY,2025-06-26 18:00:00,0.043221
CHILLGUY,2025-06-27 18:00:00,0.044778
CHILLGUY,2025-06-28 18:00:00,0.049176
CHILLGUY,2025-06-29 18:00:00,0.053023
CHILLGUY,2025-06-30 18:00:00,0.053057
CHILLGUY,2025-07-01 18:00:00,0.046487
CHILLGUY,2025-07-02 18:00:00,0.056721
CHILLGUY,2025-07-03 18:00:00,0.055672
CHILLGUY,2025-07-04 18:00:00,0.052736
CHILLGUY,2025-07-05 18:00:00,0.051417
CHILLGUY,2025-07-06 18:00:00,0.05719
CHILLGUY,2025-07-07 18:00:00,0.052568
CHILLGUY,2025-07-08 18:00:00,0.058093
CHILLGUY,2025-07-09 18:00:00,0.056889
CHILLGUY,2025-07-10 18:00:00,0.067897
CHILLGUY,2025-07-11 18:00:00,0.069045
CHILLGUY,2025-07-12 18:00:00,0.064814
CHILLGUY,2025-07-13 18:00:00,0.071538
CHILLGUY,2025-07-14 18:00:00,0.064985
CHILLGUY,2025-07-15 18:00:00,0.067612
CHILLGUY,2025-07-16 18:00:00,0.072698
CHILLGUY,2025-07-17 18:00:00,0.068806
CHILLGUY,2025-07-18 18:00:00,0.068098
CHILLGUY,2025-07-19 18:00:00,0.066821
CHILLGUY,2025-07-20 18:00:00,0.074773
CHILLGUY,2025-07-21 18:00:00,0.074243
CHILLGUY,2025-07-22 18:00:00,0.077502
CHILLGUY,2025-07-23 18:00:00,0.075644
CHILLGUY,2025-07-24 18:00:00,0.075311
CHILLGUY,2025-07-25 18:00:00,0.066158
CHILLGUY,2025-07-26 18:00:00,0.06893
CHILLGUY,2025-07-27 18:00:00,0.071526
CHILLGUY,2025-07-28 18:00:00,0.06669
CHILLGUY,2025-07-29 18:00:00,0.060787
CHILLGUY,2025-07-30 18:00:00,0.058593
CHILLGUY,2025-07-31 18:00:00,0.05797
CHILLGUY,2025-08-01 18:00:00,0.053724
CHILLGUY,2025-08-02 18:00:00,0.050024
CHILLGUY,2025-08-03 18:00:00,0.053152
CHILLGUY,2025-08-04 18:00:00,0.054578
CHILLGUY,2025-08-05 18:00:00,0.051159
CHILLGUY,2025-08-06 18:00:00,0.052743
CHILLGUY,2025-08-07 18:00:00,0.052614
CHILLGUY,2025-08-08 18:00:00,0.056795
CHILLGUY,2025-08-09 18:00:00,0.060142
CHILLGUY,2025-08-10 18:00:00,0.061962
CHILLGUY,2025-08-11 18:00:00,0.057703
CHILLGUY,2025-08-12 18:00:00,0.057301
CHILLGUY,2025-08-13 18:00:00,0.060109
CHILLGUY,2025-08-14 18:00:00,0.051274
CHILLGUY,2025-08-15 18:00:00,0.046843
CHILLGUY,2025-08-16 18:00:00,0.04806
CHILLGUY,2025-08-17 18:00:00,0.048676
CHILLGUY,2025-08-18 18:00:00,0.04535
CHILLGUY,2025-08-19 18:00:00,0.043046
CHILLGUY,2025-08-20 18:00:00,0.04558
CHILLGUY,2025-08-21 18:00:00,0.046246
CHILLGUY,2025-08-22 18:00:00,0.048564
CHILLGUY,2025-08-23 18:00:00,0.048747
CHILLGUY,2025-08-24 18:00:00,0.048478
CHILLGUY,2025-08-25 18:00:00,0.04119
CHILLGUY,2025-08-26 18:00:00,0.042898
CHILLGUY,2025-08-27 18:00:00,0.04318
CHILLGUY,2025-08-28 18:00:00,0.045047
CHILLGUY,2025-08-29 18:00:00,0.040663
CHILLGUY,2025-08-30 18:00:00,0.043252
CHILLGUY,2025-08-31 18:00:00,0.043628
CHILLGUY,2025-09-01 18:00:00,0.039833
CHILLGUY,2025-09-02 18:00:00,0.040806
CHILLGUY,2025-09-03 18:00:00,0.042667
CHILLGUY,2025-09-04 18:00:00,0.039343
CHILLGUY,2025-09-05 18:00:00,0.04394
CHILLGUY,2025-09-06 18:00:00,0.043371
CHILLGUY,2025-09-07 18:00:00,0.044158
CHILLGUY,2025-09-08 18:00:00,0.049407
CHILLGUY,2025-09-09 18:00:00,0.046164
CHILLGUY,2025-09-10 18:00:00,0.046084
CHILLGUY,2025-09-11 18:00:00,0.047397
CHILLGUY,2025-09-12 18:00:00,0.050994
CHILLGUY,2025-09-13 18:00:00,0.052709
CHILLGUY,2025-09-14 18:00:00,0.050541
CHILLGUY,2025-09-15 18:00:00,0.04613
CHILLGUY,2025-09-16 18:00:00,0.047516
CHILLGUY,2025-09-17 18:00:00,0.046646
CHILLGUY,2025-09-18 18:00:00,0.051226
CHILLGUY,2025-09-19 18:00:00,0.045845
CHILLGUY,2025-09-20 18:00:00,0.045505
CHILLGUY,2025-09-21 18:00:00,0.045224
CHILLGUY,2025-09-22 18:00:00,0.038617
CHILLGUY,2025-09-23 18:00:00,0.038272
CHILLGUY,2025-09-24 18:00:00,0.038769
CHILLGUY,2025-09-25 18:00:00,0.036467
CHILLGUY,2025-09-26 18:00:00,0.037798
CHILLGUY,2025-09-27 18:00:00,0.036459
CHILLGUY,2025-09-28 18:00:00,0.037933
CHILLGUY,2025-09-29 18:00:00,0.037208
CHILLGUY,2025-09-30 18:00:00,0.036634
CHILLGUY,2025-10-01 18:00:00,0.040027
CHILLGUY,2025-10-02 18:00:00,0.042072
CHILLGUY,2025-10-03 18:00:00,0.043094
CHILLGUY,2025-10-04 18:00:00,0.041578
CHILLGUY,2025-10-05 18:00:00,0.043458
CHILLGUY,2025-10-06 18:00:00,0.045301
CHILLGUY,2025-10-07 18:00:00,0.040382
CHILLGUY,2025-10-08 18:00:00,0.044044
CHILLGUY,2025-10-09 18:00:00,0.039457
CHILLGUY,2025-10-10 18:00:00,0.038148
CHILLGUY,2025-10-11 18:00:00,0.026781
CHILLGUY,2025-10-12 18:00:00,0.030569
CHILLGUY,2025-10-13 18:00:00,0.030687
CHILLGUY,2025-10-14 18:00:00,0.02983
CHILLGUY,2025-10-15 18:00:00,0.028449
CHILLGUY,2025-10-16 18:00:00,0.028051
CHILLGUY,2025-10-17 18:00:00,0.026208
CHILLGUY,2025-10-18 18:00:00,0.026415
CHILLGUY,2025-10-19 18:00:00,0.027151
CHILLGUY,2025-10-20 18:00:00,0.026964
CHILLGUY,2025-10-21 18:00:00,0.027799
CHILLGUY,2025-10-22 18:00:00,0.025118
CHILLGUY,2025-10-23 18:00:00,0.025994
CHILLGUY,2025-10-24 18:00:00,0.026148
CHILLGUY,2025-10-25 18:00:00,0.027358
CHILLGUY,2025-10-26 18:00:00,0.027685
CHILLGUY,2025-10-27 18:00:00,0.029424
CHILLGUY,2025-10-28 18:00:00,0.027808
CHILLGUY,2025-10-29 18:00:00,0.02781
CHILLGUY,2025-10-30 18:00:00,0.0241
CHILLGUY,2025-10-31 18:00:00,0.025803
CHILLGUY,2025-11-01 18:00:00,0.027862
CHILLGUY,2025-11-02 18:00:00,0.026486
CHILLGUY,2025-11-03 18:00:00,0.022985
CHILLGUY,2025-11-04 18:00:00,0.021675
CHILLGUY,2025-11-05 18:00:00,0.023252
CHILLGUY,2025-11-06 18:00:00,0.021493
CHILLGUY,2025-11-07 18:00:00,0.023287
CHILLGUY,2025-11-08 18:00:00,0.022418
CHILLGUY,2025-11-09 18:00:00,0.023732
CHILLGUY,2025-11-10 18:00:00,0.022937
CHILLGUY,2025-11-11 18:00:00,0.022333
CHILLGUY,2025-11-12 18:00:00,0.021299
CHILLGUY,2025-11-13 18:00:00,0.020168
COMP,2025-06-05 18:00:00,44.125
COMP,2025-06-06 18:00:00,43.902
COMP,2025-06-07 18:00:00,45.305
COMP,2025-06-08 18:00:00,46.416
COMP,2025-06-09 18:00:00,46.772
COMP,2025-06-10 18:00:00,60.167
COMP,2025-06-11 18:00:00,58.745
COMP,2025-06-12 18:00:00,56.413
COMP,2025-06-13 18:00:00,52.322
COMP,2025-06-14 18:00:00,51.87
COMP,2025-06-15 18:00:00,51.794
COMP,2025-06-16 18:00:00,56.36
COMP,2025-06-17 18:00:00,50.415
COMP,2025-06-18 18:00:00,49.45
COMP,2025-06-19 18:00:00,51.018
COMP,2025-06-20 18:00:00,49.408
COMP,2025-06-21 18:00:00,47.138
COMP,2025-06-22 18:00:00,44.433
COMP,2025-06-23 18:00:00,46.29
COMP,2025-06-24 18:00:00,47.442
COMP,2025-06-25 18:00:00,45.931
COMP,2025-06-26 18:00:00,45.291
COMP,2025-06-27 18:00:00,45.388
COMP,2025-06-28 18:00:00,45.625
COMP,2025-06-29 18:00:00,45.612
COMP,2025-06-30 18:00:00,44.611
COMP,2025-07-01 18:00:00,42.184
COMP,2025-07-02 18:00:00,43.53
COMP,2025-07-03 18:00:00,43.304
COMP,2025-07-04 18:00:00,41.169
COMP,2025-07-05 18:00:00,40.644
COMP,2025-07-06 18:00:00,41.106
COMP,2025-07-07 18:00:00,40.64
COMP,2025-07-08 18:00:00,41.16
COMP,2025-07-09 18:00:00,43.081
COMP,2025-07-10 18:00:00,45.959
COMP,2025-07-11 18:00:00,48.197
COMP,2025-07-12 18:00:00,46.054
COMP,2025-07-13 18:00:00,47.144
COMP,2025-07-14 18:00:00,49.012
COMP,2025-07-15 18:00:00,48.684
COMP,2025-07-16 18:00:00,50.439
COMP,2025-07-17 18:00:00,49.697
COMP,2025-07-18 18:00:00,51.704
COMP,2025-07-19 18:00:00,50.788
COMP,2025-07-20 18:00:00,54.638
COMP,2025-07-21 18:00:00,53.68
COMP,2025-07-22 18:00:00,51.902
COMP,2025-07-23 18:00:00,50.325
COMP,2025-07-24 18:00:00,49.245
COMP,2025-07-25 18:00:00,47.207
COMP,2025-07-26 18:00:00,49.373
COMP,2025-07-27 18:00:00,51.759
COMP,2025-07-28 18:00:00,49.078
COMP,2025-07-29 18:00:00,47.536
COMP,2025-07-30 18:00:00,45.994
COMP,2025-07-31 18:00:00,46.597
COMP,2025-08-01 18:00:00,43.925
COMP,2025-08-02 18:00:00,43.378
COMP,2025-08-03 18:00:00,44.906
COMP,2025-08-04 18:00:00,46.517
COMP,2025-08-05 18:00:00,45.473
COMP,2025-08-06 18:00:00,46.131
COMP,2025-08-07 18:00:00,47.102
COMP,2025-08-08 18:00:00,49.32
COMP,2025-08-09 18:00:00,54.846
COMP,2025-08-10 18:00:00,54.64
COMP,2025-08-11 18:00:00,52.612
COMP,2025-08-12 18:00:00,52.657
COMP,2025-08-13 18:00:00,53.475
COMP,2025-08-14 18:00:00,48.612
COMP,2025-08-15 18:00:00,47.179
COMP,2025-08-16 18:00:00,48.031
COMP,2025-08-17 18:00:00,48.676
COMP,2025-08-18 18:00:00,46.954
COMP,2025-08-19 18:00:00,44.764
COMP,2025-08-20 18:00:00,46.421
COMP,2025-08-21 18:00:00,45.315
COMP,2025-08-22 18:00:00,49.547
COMP,2025-08-23 18:00:00,48.603
COMP,2025-08-24 18:00:00,48.742
COMP,2025-08-25 18:00:00,43.781
COMP,2025-08-26 18:00:00,44.039
COMP,2025-08-27 18:00:00,44.456
COMP,2025-08-28 18:00:00,44.446
COMP,2025-08-29 18:00:00,42.361
COMP,2025-08-30 18:00:00,42.796
COMP,2025-08-31 18:00:00,43.339
COMP,2025-09-01 18:00:00,42.505
COMP,2025-09-02 18:00:00,42.884
COMP,2025-09-03 18:00:00,43.545
COMP,2025-09-04 18:00:00,41.724
COMP,2025-09-05 18:00:00,43.123
COMP,2025-09-06 18:00:00,42.643
COMP,2025-09-07 18:00:00,42.378
COMP,2025-09-08 18:00:00,43.808
COMP,2025-09-09 18:00:00,43.285
COMP,2025-09-10 18:00:00,44.033
COMP,2025-09-11 18:00:00,44.552
COMP,2025-09-12 18:00:00,45.549
COMP,2025-09-13 18:00:00,46.695
COMP,2025-09-14 18:00:00,45.075
COMP,2025-09-15 18:00:00,43.861
COMP,2025-09-16 18:00:00,44.635
COMP,2025-09-17 18:00:00,44.033
COMP,2025-09-18 18:00:00,46.497
COMP,2025-09-19 18:00:00,44.043
COMP,2025-09-20 18:00:00,44.615
COMP,2025-09-21 18:00:00,44.961
COMP,2025-09-22 18:00:00,41.58
COMP,2025-09-23 18:00:00,41.073
COMP,2025-09-24 18:00:00,41.928
COMP,2025-09-25 18:00:00,40.183
COMP,2025-09-26 18:00:00,40.914
COMP,2025-09-27 18:00:00,40.692
COMP,2025-09-28 18:00:00,40.899
COMP,2025-09-29 18:00:00,41.818
COMP,2025-09-30 18:00:00,40.988
COMP,2025-10-01 18:00:00,42.862
COMP,2025-10-02 18:00:00,44.013
COMP,2025-10-03 18:00:00,43.933
COMP,2025-10-04 18:00:00,42.341
COMP,2025-10-05 18:00:00,43.169
COMP,2025-10-06 18:00:00,44.223
COMP,2025-10-07 18:00:00,42.094
COMP,2025-10-08 18:00:00,43.093
COMP,2025-10-09 18:00:00,41.538
COMP,2025-10-10 18:00:00,41.092
COMP,2025-10-11 18:00:00,32.629
COMP,2025-10-12 18:00:00,34.822
COMP,2025-10-13 18:00:00,35.797
COMP,2025-10-14 18:00:00,36.032
COMP,2025-10-15 18:00:00,35.475
COMP,2025-10-16 18:00:00,34.276
COMP,2025-10-17 18:00:00,33.543
COMP,2025-10-18 18:00:00,34.495
COMP,2025-10-19 18:00:00,37.106
COMP,2025-10-20 18:00:00,37.535
COMP,2025-10-21 18:00:00,37.778
COMP,2025-10-22 18:00:00,35.94
COMP,2025-10-23 18:00:00,36.996
COMP,2025-10-24 18:00:00,37.65
COMP,2025-10-25 18:00:00,37.935
COMP,2025-10-26 18:00:00,38.633
COMP,2025-10-27 18:00:00,38.075
COMP,2025-10-28 18:00:00,36.916
COMP,2025-10-29 18:00:00,36.458
COMP,2025-10-30 18:00:00,35.074
COMP,2025-10-31 18:00:00,34.649
COMP,2025-11-01 18:00:00,35.83
COMP,2025-11-02 18:00:00,35.053
COMP,2025-11-03 18:00:00,32.976
COMP,2025-11-04 18:00:00,31.433
COMP,2025-11-05 18:00:00,32.005
COMP,2025-11-06 18:00:00,31.866
COMP,2025-11-07 18:00:00,34.975
COMP,2025-11-08 18:00:00,33.943
COMP,2025-11-09 18:00:00,34.558
COMP,2025-11-10 18:00:00,33.997
COMP,2025-11-11 18:00:00,33.48
COMP,2025-11-12 18:00:00,32.975
COMP,2025-11-13 18:00:00,32.426
CRV,2025-06-05 18:00:00,0.64775
CRV,2025-06-06 18:00:00,0.62396
CRV,2025-06-07 18:00:00,0.65587
CRV,2025-06-08 18:00:00,0.65843
CRV,2025-06-09 18:00:00,0.67399
CRV,2025-06-10 18:00:00,0.72223
CRV,2025-06-11 18:00:00,0.69563
CRV,2025-06-12 18:00:00,0.64679
CRV,2025-06-13 18:00:00,0.5996
CRV,2025-06-14 18:00:00,0.58807
CRV,2025-06-15 18:00:00,0.58736
CRV,2025-06-16 18:00:00,0.64018
CRV,2025-06-17 18:00:00,0.581
CRV,2025-06-18 18:00:00,0.57168
CRV,2025-06-19 18:00:00,0.58055
CRV,2025-06-20 18:00:00,0.56857
CRV,2025-06-21 18:00:00,0.55402
CRV,2025-06-22 18:00:00,0.51863
CRV,2025-06-23 18:00:00,0.54849
CRV,2025-06-24 18:00:00,0.56667
CRV,2025-06-25 18:00:00,0.52667
CRV,2025-06-26 18:00:00,0.49729
CRV,2025-06-27 18:00:00,0.49707
CRV,2025-06-28 18:00:00,0.51644
CRV,2025-06-29 18:00:00,0.51616
CRV,2025-06-30 18:00:00,0.51269
CRV,2025-07-01 18:00:00,0.49985
CRV,2025-07-02 18:00:00,0.53027
CRV,2025-07-03 18:00:00,0.53368
CRV,2025-07-04 18:00:00,0.4951
CRV,2025-07-05 18:00:00,0.49111
CRV,2025-07-06 18:00:00,0.49945
CRV,2025-07-07 18:00:00,0.50314
CRV,2025-07-08 18:00:00,0.52346
CRV,2025-07-09 18:00:00,0.55132
CRV,2025-07-10 18:00:00,0.57932
CRV,2025-07-11 18:00:00,0.64404
CRV,2025-07-12 18:00:00,0.61971
CRV,2025-07-13 18:00:00,0.67238
CRV,2025-07-14 18:00:00,0.70419
CRV,2025-07-15 18:00:00,0.72814
CRV,2025-07-16 18:00:00,0.82956
CRV,2025-07-17 18:00:00,0.96602
CRV,2025-07-18 18:00:00,0.92176
CRV,2025-07-19 18:00:00,0.96407
CRV,2025-07-20 18:00:00,0.97911
CRV,2025-07-21 18:00:00,0.95422
CRV,2025-07-22 18:00:00,0.9298
CRV,2025-07-23 18:00:00,0.93236
CRV,2025-07-24 18:00:00,0.99258
CRV,2025-07-25 18:00:00,0.98372
CRV,2025-07-26 18:00:00,1.0642
CRV,2025-07-27 18:00:00,1.067
CRV,2025-07-28 18:00:00,0.97636
CRV,2025-07-29 18:00:00,0.9832
CRV,2025-07-30 18:00:00,0.9994
CRV,2025-07-31 18:00:00,0.9741
CRV,2025-08-01 18:00:00,0.89746
CRV,2025-08-02 18:00:00,0.85639
CRV,2025-08-03 18:00:00,0.91039
CRV,2025-08-04 18:00:00,0.93294
CRV,2025-08-05 18:00:00,0.88963
CRV,2025-08-06 18:00:00,0.92717
CRV,2025-08-07 18:00:00,0.89046
CRV,2025-08-08 18:00:00,0.95626
CRV,2025-08-09 18:00:00,0.99461
CRV,2025-08-10 18:00:00,0.9798
CRV,2025-08-11 18:00:00,0.95905
CRV,2025-08-12 18:00:00,0.9833
CRV,2025-08-13 18:00:00,1.0297
CRV,2025-08-14 18:00:00,0.92353
CRV,2025-08-15 18:00:00,0.85623
CRV,2025-08-16 18:00:00,0.86813
CRV,2025-08-17 18:00:00,0.88027
CRV,2025-08-18 18:00:00,0.88225
CRV,2025-08-19 18:00:00,0.82814
CRV,2025-08-20 18:00:00,0.87171
CRV,2025-08-21 18:00:00,0.8632
CRV,2025-08-22 18:00:00,0.92169
CRV,2025-08-23 18:00:00,0.9049
CRV,2025-08-24 18:00:00,0.93117
CRV,2025-08-25 18:00:00,0.82549
CRV,2025-08-26 18:00:00,0.79032
CRV,2025-08-27 18:00:00,0.82592
CRV,2025-08-28 18:00:00,0.80007
CRV,2025-08-29 18:00:00,0.74833
CRV,2025-08-30 18:00:00,0.77079
CRV,2025-08-31 18:00:00,0.78413
CRV,2025-09-01 18:00:00,0.75157
CRV,2025-09-02 18:00:00,0.75419
CRV,2025-09-03 18:00:00,0.7867
CRV,2025-09-04 18:00:00,0.74345
CRV,2025-09-05 18:00:00,0.75945
CRV,2025-09-06 18:00:00,0.76245
CRV,2025-09-07 18:00:00,0.76098
CRV,2025-09-08 18:00:00,0.79314
CRV,2025-09-09 18:00:00,0.78107
CRV,2025-09-10 18:00:00,0.7893
CRV,2025-09-11 18:00:00,0.80171
CRV,2025-09-12 18:00:00,0.83798
CRV,2025-09-13 18:00:00,0.82635
CRV,2025-09-14 18:00:00,0.79188
CRV,2025-09-15 18:00:00,0.74457
CRV,2025-09-16 18:00:00,0.72856
CRV,2025-09-17 18:00:00,0.73154
CRV,2025-09-18 18:00:00,0.82444
CRV,2025-09-19 18:00:00,0.782
CRV,2025-09-20 18:00:00,0.7892
CRV,2025-09-21 18:00:00,0.79819
CRV,2025-09-22 18:00:00,0.68235
CRV,2025-09-23 18:00:00,0.66899
CRV,2025-09-24 18:00:00,0.70558
CRV,2025-09-25 18:00:00,0.65763
CRV,2025-09-26 18:00:00,0.67076
CRV,2025-09-27 18:00:00,0.66476
CRV,2025-09-28 18:00:00,0.67213
CRV,2025-09-29 18:00:00,0.6841
CRV,2025-09-30 18:00:00,0.67083
CRV,2025-10-01 18:00:00,0.7213
CRV,2025-10-02 18:00:00,0.7548
CRV,2025-10-03 18:00:00,0.78029
CRV,2025-10-04 18:00:00,0.77176
CRV,2025-10-05 18:00:00,0.77287
CRV,2025-10-06 18:00:00,0.79903
CRV,2025-10-07 18:00:00,0.75837
CRV,2025-10-08 18:00:00,0.75568
CRV,2025-10-09 18:00:00,0.72849
CRV,2025-10-10 18:00:00,0.699
CRV,2025-10-11 18:00:00,0.50375
CRV,2025-10-12 18:00:00,0.56899
CRV,2025-10-13 18:00:00,0.61981
CRV,2025-10-14 18:00:00,0.59976
CRV,2025-10-15 18:00:00,0.56459
CRV,2025-10-16 18:00:00,0.55257
CRV,2025-10-17 18:00:00,0.51873
CRV,2025-10-18 18:00:00,0.52652
CRV,2025-10-19 18:00:00,0.55498
CRV,2025-10-20 18:00:00,0.54887
CRV,2025-10-21 18:00:00,0.57384
CRV,2025-10-22 18:00:00,0.52316
CRV,2025-10-23 18:00:00,0.52705
CRV,2025-10-24 18:00:00,0.53099
CRV,2025-10-25 18:00:00,0.5364
CRV,2025-10-26 18:00:00,0.56212
CRV,2025-10-27 18:00:00,0.57226
CRV,2025-10-28 18:00:00,0.55468
CRV,2025-10-29 18:00:00,0.53334
CRV,2025-10-30 18:00:00,0.48474
CRV,2025-10-31 18:00:00,0.47887
CRV,2025-11-01 18:00:00,0.48507
CRV,2025-11-02 18:00:00,0.46597
CRV,2025-11-03 18:00:00,0.43056
CRV,2025-11-04 18:00:00,0.41902
CRV,2025-11-05 18:00:00,0.43769
CRV,2025-11-06 18:00:00,0.42154
CRV,2025-11-07 18:00:00,0.49517
CRV,2025-11-08 18:00:00,0.47149
CRV,2025-11-09 18:00:00,0.4832
CRV,2025-11-10 18:00:00,0.486
CRV,2025-11-11 18:00:00,0.48547
CRV,2025-11-12 18:00:00,0.453
CRV,2025-11-13 18:00:00,0.458
DOGE,2025-06-05 18:00:00,0.1789
DOGE,2025-06-06 18:00:00,0.17912
DOGE,2025-06-07 18:00:00,0.18258
DOGE,2025-06-08 18:00:00,0.18586
DOGE,2025-06-09 18:00:00,0.18724
DOGE,2025-06-10 18:00:00,0.19377
DOGE,2025-06-11 18:00:00,0.19606
DOGE,2025-06-12 18:00:00,0.18744
DOGE,2025-06-13 18:00:00,0.17662
DOGE,2025-06-14 18:00:00,0.17669
DOGE,2025-06-15 18:00:00,0.17478
DOGE,2025-06-16 18:00:00,0.17993
DOGE,2025-06-17 18:00:00,0.16886
DOGE,2025-06-18 18:00:00,0.16548
DOGE,2025-06-19 18:00:00,0.16988
DOGE,2025-06-20 18:00:00,0.16256
DOGE,2025-06-21 18:00:00,0.15757
DOGE,2025-06-22 18:00:00,0.14861
DOGE,2025-06-23 18:00:00,0.1563
DOGE,2025-06-24 18:00:00,0.16382
DOGE,2025-06-25 18:00:00,0.16487
DOGE,2025-06-26 18:00:00,0.16018
DOGE,2025-06-27 18:00:00,0.15738
DOGE,2025-06-28 18:00:00,0.164
DOGE,2025-06-29 18:00:00,0.16462
DOGE,2025-06-30 18:00:00,0.16451
DOGE,2025-07-01 18:00:00,0.15784
DOGE,2025-07-02 18:00:00,0.17137
DOGE,2025-07-03 18:00:00,0.1716
DOGE,2025-07-04 18:00:00,0.16188
DOGE,2025-07-05 18:00:00,0.16239
DOGE,2025-07-06 18:00:00,0.1686
DOGE,2025-07-07 18:00:00,0.16779
DOGE,2025-07-08 18:00:00,0.17136
DOGE,2025-07-09 18:00:00,0.17259
DOGE,2025-07-10 18:00:00,0.18552
DOGE,2025-07-11 18:00:00,0.21221
DOGE,2025-07-12 18:00:00,0.19774
DOGE,2025-07-13 18:00:00,0.20207
DOGE,2025-07-14 18:00:00,0.19801
DOGE,2025-07-15 18:00:00,0.19442
DOGE,2025-07-16 18:00:00,0.20863
DOGE,2025-07-17 18:00:00,0.21521
DOGE,2025-07-18 18:00:00,0.23433
DOGE,2025-07-19 18:00:00,0.241
DOGE,2025-07-20 18:00:00,0.27286
DOGE,2025-07-21 18:00:00,0.27126
DOGE,2025-07-22 18:00:00,0.26636
DOGE,2025-07-23 18:00:00,0.24491
DOGE,2025-07-24 18:00:00,0.24024
DOGE,2025-07-25 18:00:00,0.22724
DOGE,2025-07-26 18:00:00,0.23788
DOGE,2025-07-27 18:00:00,0.24079
DOGE,2025-07-28 18:00:00,0.22899
DOGE,2025-07-29 18:00:00,0.22237
DOGE,2025-07-30 18:00:00,0.21671
DOGE,2025-07-31 18:00:00,0.21581
DOGE,2025-08-01 18:00:00,0.20619
DOGE,2025-08-02 18:00:00,0.19067
DOGE,2025-08-03 18:00:00,0.19926
DOGE,2025-08-04 18:00:00,0.20521
DOGE,2025-08-05 18:00:00,0.19886
DOGE,2025-08-06 18:00:00,0.20551
DOGE,2025-08-07 18:00:00,0.2135
DOGE,2025-08-08 18:00:00,0.22683
DOGE,2025-08-09 18:00:00,0.24573
DOGE,2025-08-10 18:00:00,0.23444
DOGE,2025-08-11 18:00:00,0.23113
DOGE,2025-08-12 18:00:00,0.23326
DOGE,2025-08-13 18:00:00,0.24219
DOGE,2025-08-14 18:00:00,0.22408
DOGE,2025-08-15 18:00:00,0.222
DOGE,2025-08-16 18:00:00,0.2292
DOGE,2025-08-17 18:00:00,0.23305
DOGE,2025-08-18 18:00:00,0.22407
DOGE,2025-08-19 18:00:00,0.21185
DOGE,2025-08-20 18:00:00,0.21704
DOGE,2025-08-21 18:00:00,0.21749
DOGE,2025-08-22 18:00:00,0.23808
DOGE,2025-08-23 18:00:00,0.2369
DOGE,2025-08-24 18:00:00,0.24207
DOGE,2025-08-25 18:00:00,0.2177
DOGE,2025-08-26 18:00:00,0.21684
DOGE,2025-08-27 18:00:00,0.22095
DOGE,2025-08-28 18:00:00,0.22267
DOGE,2025-08-29 18:00:00,0.21035
DOGE,2025-08-30 18:00:00,0.21511
DOGE,2025-08-31 18:00:00,0.21843
DOGE,2025-09-01 18:00:00,0.2127
DOGE,2025-09-02 18:00:00,0.21168
DOGE,2025-09-03 18:00:00,0.21916
DOGE,2025-09-04 18:00:00,0.21129
DOGE,2025-09-05 18:00:00,0.21619
DOGE,2025-09-06 18:00:00,0.21418
DOGE,2025-09-07 18:00:00,0.22113
DOGE,2025-09-08 18:00:00,0.23912
DOGE,2025-09-09 18:00:00,0.24074
DOGE,2025-09-10 18:00:00,0.24477
DOGE,2025-09-11 18:00:00,0.25137
DOGE,2025-09-12 18:00:00,0.2716
DOGE,2025-09-13 18:00:00,0.2872
DOGE,2025-09-14 18:00:00,0.27807
DOGE,2025-09-15 18:00:00,0.26475
DOGE,2025-09-16 18:00:00,0.26804
DOGE,2025-09-17 18:00:00,0.26369
DOGE,2025-09-18 18:00:00,0.2852
DOGE,2025-09-19 18:00:00,0.26545
DOGE,2025-09-20 18:00:00,0.26604
DOGE,2025-09-21 18:00:00,0.26429
DOGE,2025-09-22 18:00:00,0.23752
DOGE,2025-09-23 18:00:00,0.23765
DOGE,2025-09-24 18:00:00,0.24443
DOGE,2025-09-25 18:00:00,0.22749
DOGE,2025-09-26 18:00:00,0.2324
DOGE,2025-09-27 18:00:00,0.22926
DOGE,2025-09-28 18:00:00,0.23178
DOGE,2025-09-29 18:00:00,0.23313
DOGE,2025-09-30 18:00:00,0.23085
DOGE,2025-10-01 18:00:00,0.24627
DOGE,2025-10-02 18:00:00,0.25882
DOGE,2025-10-03 18:00:00,0.25994
DOGE,2025-10-04 18:00:00,0.24853
DOGE,2025-10-05 18:00:00,0.25517
DOGE,2025-10-06 18:00:00,0.26974
DOGE,2025-10-07 18:00:00,0.24856
DOGE,2025-10-08 18:00:00,0.25893
DOGE,2025-10-09 18:00:00,0.24509
DOGE,2025-10-10 18:00:00,0.23425
DOGE,2025-10-11 18:00:00,0.19195
DOGE,2025-10-12 18:00:00,0.20737
DOGE,2025-10-13 18:00:00,0.21404
DOGE,2025-10-14 18:00:00,0.20362
DOGE,2025-10-15 18:00:00,0.19914
DOGE,2025-10-16 18:00:00,0.19041
DOGE,2025-10-17 18:00:00,0.18476
DOGE,2025-10-18 18:00:00,0.18906
DOGE,2025-10-19 18:00:00,0.19713
DOGE,2025-10-20 18:00:00,0.1986
DOGE,2025-10-21 18:00:00,0.20173
DOGE,2025-10-22 18:00:00,0.1905
DOGE,2025-10-23 18:00:00,0.19569
DOGE,2025-10-24 18:00:00,0.19597
DOGE,2025-10-25 18:00:00,0.19787
DOGE,2025-10-26 18:00:00,0.20242
DOGE,2025-10-27 18:00:00,0.20489
DOGE,2025-10-28 18:00:00,0.2006
DOGE,2025-10-29 18:00:00,0.1928
DOGE,2025-10-30 18:00:00,0.17861
DOGE,2025-10-31 18:00:00,0.18528
DOGE,2025-11-01 18:00:00,0.18706
DOGE,2025-11-02 18:00:00,0.18382
DOGE,2025-11-03 18:00:00,0.16912
DOGE,2025-11-04 18:00:00,0.15983
DOGE,2025-11-05 18:00:00,0.16807
DOGE,2025-11-06 18:00:00,0.16104
DOGE,2025-11-07 18:00:00,0.17943
DOGE,2025-11-08 18:00:00,0.17571
DOGE,2025-11-09 18:00:00,0.17886
DOGE,2025-11-10 18:00:00,0.17853
DOGE,2025-11-11 18:00:00,0.17492
DOGE,2025-11-12 18:00:00,0.16855
DOGE,2025-11-13 18:00:00,0.1626
DYM,2025-06-05 18:00:00,0.27808
DYM,2025-06-06 18:00:00,0.26362
DYM,2025-06-07 18:00:00,0.28393
DYM,2025-06-08 18:00:00,0.28533
DYM,2025-06-09 18:00:00,0.2954
DYM,2025-06-10 18:00:00,0.31737
DYM,2025-06-11 18:00:00,0.31208
DYM,2025-06-12 18:00:00,0.28579
DYM,2025-06-13 18:00:00,0.25541
DYM,2025-06-14 18:00:00,0.25758
DYM,2025-06-15 18:00:00,0.25892
DYM,2025-06-16 18:00:00,0.27383
DYM,2025-06-17 18:00:00,0.24445
DYM,2025-06-18 18:00:00,0.23727
DYM,2025-06-19 18:00:00,0.23446
DYM,2025-06-20 18:00:00,0.22591
DYM,2025-06-21 18:00:00,0.21345
DYM,2025-06-22 18:00:00,0.20062
DYM,2025-06-23 18:00:00,0.21806
DYM,2025-06-24 18:00:00,0.22987
DYM,2025-06-25 18:00:00,0.22513
DYM,2025-06-26 18:00:00,0.21908
DYM,2025-06-27 18:00:00,0.21531
DYM,2025-06-28 18:00:00,0.23042
DYM,2025-06-29 18:00:00,0.23075
DYM,2025-06-30 18:00:00,0.23125
DYM,2025-07-01 18:00:00,0.21812
DYM,2025-07-02 18:00:00,0.24017
DYM,2025-07-03 18:00:00,0.2389
DYM,2025-07-04 18:00:00,0.22376
DYM,2025-07-05 18:00:00,0.21956
DYM,2025-07-06 18:00:00,0.23043
DYM,2025-07-07 18:00:00,0.22789
DYM,2025-07-08 18:00:00,0.2396
DYM,2025-07-09 18:00:00,0.2392
DYM,2025-07-10 18:00:00,0.26036
DYM,2025-07-11 18:00:00,0.30042
DYM,2025-07-12 18:00:00,0.27248
DYM,2025-07-13 18:00:00,0.28106
DYM,2025-07-14 18:00:00,0.26455
DYM,2025-07-15 18:00:00,0.28159
DYM,2025-07-16 18:00:00,0.29744
DYM,2025-07-17 18:00:00,0.28945
DYM,2025-07-18 18:00:00,0.29422
DYM,2025-07-19 18:00:00,0.28425
DYM,2025-07-20 18:00:00,0.33466
DYM,2025-07-21 18:00:00,0.32828
DYM,2025-07-22 18:00:00,0.31813
DYM,2025-07-23 18:00:00,0.28933
DYM,2025-07-24 18:00:00,0.27791
DYM,2025-07-25 18:00:00,0.27099
DYM,2025-07-26 18:00:00,0.28323
DYM,2025-07-27 18:00:00,0.29949
DYM,2025-07-28 18:00:00,0.27928
DYM,2025-07-29 18:00:00,0.27416
DYM,2025-07-30 18:00:00,0.26174
DYM,2025-07-31 18:00:00,0.2614
DYM,2025-08-01 18:00:00,0.24226
DYM,2025-08-02 18:00:00,0.22959
DYM,2025-08-03 18:00:00,0.24261
DYM,2025-08-04 18:00:00,0.25344
DYM,2025-08-05 18:00:00,0.2359
DYM,2025-08-06 18:00:00,0.24247
DYM,2025-08-07 18:00:00,0.2452
DYM,2025-08-08 18:00:00,0.25953
DYM,2025-08-09 18:00:00,0.2738
DYM,2025-08-10 18:00:00,0.27302
DYM,2025-08-11 18:00:00,0.26025
DYM,2025-08-12 18:00:00,0.26283
DYM,2025-08-13 18:00:00,0.26991
DYM,2025-08-14 18:00:00,0.24537
DYM,2025-08-15 18:00:00,0.23378
DYM,2025-08-16 18:00:00,0.25437
DYM,2025-08-17 18:00:00,0.25806
DYM,2025-08-18 18:00:00,0.24602
DYM,2025-08-19 18:00:00,0.2339
DYM,2025-08-20 18:00:00,0.242
DYM,2025-08-21 18:00:00,0.2365
DYM,2025-08-22 18:00:00,0.25469
DYM,2025-08-23 18:00:00,0.25298
DYM,2025-08-24 18:00:00,0.25485
DYM,2025-08-25 18:00:00,0.22477
DYM,2025-08-26 18:00:00,0.22124
DYM,2025-08-27 18:00:00,0.22077
DYM,2025-08-28 18:00:00,0.22074
DYM,2025-08-29 18:00:00,0.20558
DYM,2025-08-30 18:00:00,0.2127
DYM,2025-08-31 18:00:00,0.21895
DYM,2025-09-01 18:00:00,0.20439
DYM,2025-09-02 18:00:00,0.20937
DYM,2025-09-03 18:00:00,0.21283
DYM,2025-09-04 18:00:00,0.19885
DYM,2025-09-05 18:00:00,0.20764
DYM,2025-09-06 18:00:00,0.20694
DYM,2025-09-07 18:00:00,0.2078
DYM,2025-09-08 18:00:00,0.22021
DYM,2025-09-09 18:00:00,0.21743
DYM,2025-09-10 18:00:00,0.22258
DYM,2025-09-11 18:00:00,0.21908
DYM,2025-09-12 18:00:00,0.23103
DYM,2025-09-13 18:00:00,0.23334
DYM,2025-09-14 18:00:00,0.2246
DYM,2025-09-15 18:00:00,0.21221
DYM,2025-09-16 18:00:00,0.21867
DYM,2025-09-17 18:00:00,0.23532
DYM,2025-09-18 18:00:00,0.24713
DYM,2025-09-19 18:00:00,0.22644
DYM,2025-09-20 18:00:00,0.23036
DYM,2025-09-21 18:00:00,0.22936
DYM,2025-09-22 18:00:00,0.19336
DYM,2025-09-23 18:00:00,0.19136
DYM,2025-09-24 18:00:00,0.19043
DYM,2025-09-25 18:00:00,0.17366
DYM,2025-09-26 18:00:00,0.17496
DYM,2025-09-27 18:00:00,0.17423
DYM,2025-09-28 18:00:00,0.17577
DYM,2025-09-29 18:00:00,0.17487
DYM,2025-09-30 18:00:00,0.16569
DYM,2025-10-01 18:00:00,0.18337
DYM,2025-10-02 18:00:00,0.19007
DYM,2025-10-03 18:00:00,0.19074
DYM,2025-10-04 18:00:00,0.17991
DYM,2025-10-05 18:00:00,0.18142
DYM,2025-10-06 18:00:00,0.18902
DYM,2025-10-07 18:00:00,0.17116
DYM,2025-10-08 18:00:00,0.17764
DYM,2025-10-09 18:00:00,0.16834
DYM,2025-10-10 18:00:00,0.15893
DYM,2025-10-11 18:00:00,0.11573
DYM,2025-10-12 18:00:00,0.12352
DYM,2025-10-13 18:00:00,0.13038
DYM,2025-10-14 18:00:00,0.12692
DYM,2025-10-15 18:00:00,0.12422
DYM,2025-10-16 18:00:00,0.11779
DYM,2025-10-17 18:00:00,0.11523
DYM,2025-10-18 18:00:00,0.11493
DYM,2025-10-19 18:00:00,0.11824
DYM,2025-10-20 18:00:00,0.11644
DYM,2025-10-21 18:00:00,0.11652
DYM,2025-10-22 18:00:00,0.10763
DYM,2025-10-23 18:00:00,0.10782
DYM,2025-10-24 18:00:00,0.10688
DYM,2025-10-25 18:00:00,0.10736
DYM,2025-10-26 18:00:00,0.10864
DYM,2025-10-27 18:00:00,0.10882
DYM,2025-10-28 18:00:00,0.10221
DYM,2025-10-29 18:00:00,0.09676
DYM,2025-10-30 18:00:00,0.08658
DYM,2025-10-31 18:00:00,0.08884
DYM,2025-11-01 18:00:00,0.09234
DYM,2025-11-02 18:00:00,0.09662
DYM,2025-11-03 18:00:00,0.08224
DYM,2025-11-04 18:00:00,0.07545
DYM,2025-11-05 18:00:00,0.08229
DYM,2025-11-06 18:00:00,0.08292
DYM,2025-11-07 18:00:00,0.1029
DYM,2025-11-08 18:00:00,0.09692
DYM,2025-11-09 18:00:00,0.09885
DYM,2025-11-10 18:00:00,0.09516
DYM,2025-11-11 18:00:00,0.09279
DYM,2025-11-12 18:00:00,0.08715
DYM,2025-11-13 18:00:00,0.08374
ENA,2025-06-05 18:00:00,0.3091
ENA,2025-06-06 18:00:00,0.2935
ENA,2025-06-07 18:00:00,0.32697
ENA,2025-06-08 18:00:00,0.3188
ENA,2025-06-09 18:00:00,0.32885
ENA,2025-06-10 18:00:00,0.35595
ENA,2025-06-11 18:00:00,0.36077
ENA,2025-06-12 18:00:00,0.32777
ENA,2025-06-13 18:00:00,0.29077
ENA,2025-06-14 18:00:00,0.29134
ENA,2025-06-15 18:00:00,0.29963
ENA,2025-06-16 18:00:00,0.31414
ENA,2025-06-17 18:00:00,0.28088
ENA,2025-06-18 18:00:00,0.27216
ENA,2025-06-19 18:00:00,0.28299
ENA,2025-06-20 18:00:00,0.27112
ENA,2025-06-21 18:00:00,0.25657
ENA,2025-06-22 18:00:00,0.22788
ENA,2025-06-23 18:00:00,0.24825
ENA,2025-06-24 18:00:00,0.26588
ENA,2025-06-25 18:00:00,0.25872
ENA,2025-06-26 18:00:00,0.24768
ENA,2025-06-27 18:00:00,0.24666
ENA,2025-06-28 18:00:00,0.26549
ENA,2025-06-29 18:00:00,0.26779
ENA,2025-06-30 18:00:00,0.26692
ENA,2025-07-01 18:00:00,0.25269
ENA,2025-07-02 18:00:00,0.27577
ENA,2025-07-03 18:00:00,0.27292
ENA,2025-07-04 18:00:00,0.24956
ENA,2025-07-05 18:00:00,0.24939
ENA,2025-07-06 18:00:00,0.25857
ENA,2025-07-07 18:00:00,0.25775
ENA,2025-07-08 18:00:00,0.26442
ENA,2025-07-09 18:00:00,0.2744
ENA,2025-07-10 18:00:00,0.30343
ENA,2025-07-11 18:00:00,0.3494
ENA,2025-07-12 18:00:00,0.32392
ENA,2025-07-13 18:00:00,0.35155
ENA,2025-07-14 18:00:00,0.33616
ENA,2025-07-15 18:00:00,0.34867
ENA,2025-07-16 18:00:00,0.37022
ENA,2025-07-17 18:00:00,0.37458
ENA,2025-07-18 18:00:00,0.3925
ENA,2025-07-19 18:00:00,0.41606
ENA,2025-07-20 18:00:00,0.50328
ENA,2025-07-21 18:00:00,0.53796
ENA,2025-07-22 18:00:00,0.50609
ENA,2025-07-23 18:00:00,0.46798
ENA,2025-07-24 18:00:00,0.4847
ENA,2025-07-25 18:00:00,0.53851
ENA,2025-07-26 18:00:00,0.58404
ENA,2025-07-27 18:00:00,0.68734
ENA,2025-07-28 18:00:00,0.65045
ENA,2025-07-29 18:00:00,0.5731
ENA,2025-07-30 18:00:00,0.5577
ENA,2025-07-31 18:00:00,0.60425
ENA,2025-08-01 18:00:00,0.5892
ENA,2025-08-02 18:00:00,0.52108
ENA,2025-08-03 18:00:00,0.59094
ENA,2025-08-04 18:00:00,0.60646
ENA,2025-08-05 18:00:00,0.57861
ENA,2025-08-06 18:00:00,0.59615
ENA,2025-08-07 18:00:00,0.62246
ENA,2025-08-08 18:00:00,0.66602
ENA,2025-08-09 18:00:00,0.75414
ENA,2025-08-10 18:00:00,0.78352
ENA,2025-08-11 18:00:00,0.79791
ENA,2025-08-12 18:00:00,0.80905
ENA,2025-08-13 18:00:00,0.77099
ENA,2025-08-14 18:00:00,0.737
ENA,2025-08-15 18:00:00,0.6964
ENA,2025-08-16 18:00:00,0.71607
ENA,2025-08-17 18:00:00,0.7128
ENA,2025-08-18 18:00:00,0.68435
ENA,2025-08-19 18:00:00,0.63486
ENA,2025-08-20 18:00:00,0.6453
ENA,2025-08-21 18:00:00,0.63071
ENA,2025-08-22 18:00:00,0.73299
ENA,2025-08-23 18:00:00,0.74827
ENA,2025-08-24 18:00:00,0.71555
ENA,2025-08-25 18:00:00,0.6494
ENA,2025-08-26 18:00:00,0.62765
ENA,2025-08-27 18:00:00,0.61903
ENA,2025-08-28 18:00:00,0.66155
ENA,2025-08-29 18:00:00,0.63113
ENA,2025-08-30 18:00:00,0.65488
ENA,2025-08-31 18:00:00,0.66942
ENA,2025-09-01 18:00:00,0.63032
ENA,2025-09-02 18:00:00,0.67552
ENA,2025-09-03 18:00:00,0.72772
ENA,2025-09-04 18:00:00,0.64856
ENA,2025-09-05 18:00:00,0.67542
ENA,2025-09-06 18:00:00,0.74093
ENA,2025-09-07 18:00:00,0.73448
ENA,2025-09-08 18:00:00,0.77672
ENA,2025-09-09 18:00:00,0.82966
ENA,2025-09-10 18:00:00,0.78698
ENA,2025-09-11 18:00:00,0.76312
ENA,2025-09-12 18:00:00,0.77732
ENA,2025-09-13 18:00:00,0.76907
ENA,2025-09-14 18:00:00,0.74809
ENA,2025-09-15 18:00:00,0.70804
ENA,2025-09-16 18:00:00,0.70141
ENA,2025-09-17 18:00:00,0.69634
ENA,2025-09-18 18:00:00,0.70255
ENA,2025-09-19 18:00:00,0.66754
ENA,2025-09-20 18:00:00,0.66705
ENA,2025-09-21 18:00:00,0.64841
ENA,2025-09-22 18:00:00,0.5883
ENA,2025-09-23 18:00:00,0.60091
ENA,2025-09-24 18:00:00,0.59842
ENA,2025-09-25 18:00:00,0.57589
ENA,2025-09-26 18:00:00,0.58911
ENA,2025-09-27 18:00:00,0.57536
ENA,2025-09-28 18:00:00,0.58589
ENA,2025-09-29 18:00:00,0.56112
ENA,2025-09-30 18:00:00,0.55065
ENA,2025-10-01 18:00:00,0.58166
ENA,2025-10-02 18:00:00,0.64677
ENA,2025-10-03 18:00:00,0.61817
ENA,2025-10-04 18:00:00,0.5846
ENA,2025-10-05 18:00:00,0.59574
ENA,2025-10-06 18:00:00,0.60815
ENA,2025-10-07 18:00:00,0.55344
ENA,2025-10-08 18:00:00,0.57387
ENA,2025-10-09 18:00:00,0.5465
ENA,2025-10-10 18:00:00,0.51266
ENA,2025-10-11 18:00:00,0.38998
ENA,2025-10-12 18:00:00,0.40312
ENA,2025-10-13 18:00:00,0.45792
ENA,2025-10-14 18:00:00,0.43753
ENA,2025-10-15 18:00:00,0.43866
ENA,2025-10-16 18:00:00,0.4074
ENA,2025-10-17 18:00:00,0.44074
ENA,2025-10-18 18:00:00,0.46907
ENA,2025-10-19 18:00:00,0.49416
ENA,2025-10-20 18:00:00,0.44984
ENA,2025-10-21 18:00:00,0.45614
ENA,2025-10-22 18:00:00,0.43152
ENA,2025-10-23 18:00:00,0.45832
ENA,2025-10-24 18:00:00,0.47316
ENA,2025-10-25 18:00:00,0.46604
ENA,2025-10-26 18:00:00,0.49956
ENA,2025-10-27 18:00:00,0.51063
ENA,2025-10-28 18:00:00,0.46715
ENA,2025-10-29 18:00:00,0.44975
ENA,2025-10-30 18:00:00,0.38533
ENA,2025-10-31 18:00:00,0.39137
ENA,2025-11-01 18:00:00,0.39193
ENA,2025-11-02 18:00:00,0.36815
ENA,2025-11-03 18:00:00,0.33568
ENA,2025-11-04 18:00:00,0.32217
ENA,2025-11-05 18:00:00,0.34062
ENA,2025-11-06 18:00:00,0.31713
ENA,2025-11-07 18:00:00,0.34198
ENA,2025-11-08 18:00:00,0.31876
ENA,2025-11-09 18:00:00,0.32696
ENA,2025-11-10 18:00:00,0.32974
ENA,2025-11-11 18:00:00,0.31875
ENA,2025-11-12 18:00:00,0.30608
ENA,2025-11-13 18:00:00,0.28869
ETC,2025-06-05 18:00:00,16.943
ETC,2025-06-06 18:00:00,16.742
ETC,2025-06-07 18:00:00,17.144
ETC,2025-06-08 18:00:00,17.129
ETC,2025-06-09 18:00:00,17.24
ETC,2025-06-10 18:00:00,18.226
ETC,2025-06-11 18:00:00,18.337
ETC,2025-06-12 18:00:00,17.456
ETC,2025-06-13 18:00:00,16.595
ETC,2025-06-14 18:00:00,16.594
ETC,2025-06-15 18:00:00,16.553
ETC,2025-06-16 18:00:00,17.388
ETC,2025-06-17 18:00:00,16.49
ETC,2025-06-18 18:00:00,16.175
ETC,2025-06-19 18:00:00,16.606
ETC,2025-06-20 18:00:00,16.119
ETC,2025-06-21 18:00:00,15.718
ETC,2025-06-22 18:00:00,14.905
ETC,2025-06-23 18:00:00,15.869
ETC,2025-06-24 18:00:00,16.399
ETC,2025-06-25 18:00:00,16.377
ETC,2025-06-26 18:00:00,16.192
ETC,2025-06-27 18:00:00,15.901
ETC,2025-06-28 18:00:00,16.24
ETC,2025-06-29 18:00:00,16.494
ETC,2025-06-30 18:00:00,16.564
ETC,2025-07-01 18:00:00,15.984
ETC,2025-07-02 18:00:00,17.078
ETC,2025-07-03 18:00:00,17.05
ETC,2025-07-04 18:00:00,16.176
ETC,2025-07-05 18:00:00,16.103
ETC,2025-07-06 18:00:00,16.55
ETC,2025-07-07 18:00:00,16.473
ETC,2025-07-08 18:00:00,16.898
ETC,2025-07-09 18:00:00,17.306
ETC,2025-07-10 18:00:00,17.874
ETC,2025-07-11 18:00:00,18.799
ETC,2025-07-12 18:00:00,18.124
ETC,2025-07-13 18:00:00,18.626
ETC,2025-07-14 18:00:00,18.503
ETC,2025-07-15 18:00:00,18.596
ETC,2025-07-16 18:00:00,19.931
ETC,2025-07-17 18:00:00,20.049
ETC,2025-07-18 18:00:00,23.674
ETC,2025-07-19 18:00:00,23.436
ETC,2025-07-20 18:00:00,25.246
ETC,2025-07-21 18:00:00,23.832
ETC,2025-07-22 18:00:00,23.936
ETC,2025-07-23 18:00:00,22.587
ETC,2025-07-24 18:00:00,22.843
ETC,2025-07-25 18:00:00,22.149
ETC,2025-07-26 18:00:00,22.913
ETC,2025-07-27 18:00:00,23.166
ETC,2025-07-28 18:00:00,21.904
ETC,2025-07-29 18:00:00,21.842
ETC,2025-07-30 18:00:00,21.072
ETC,2025-07-31 18:00:00,21.222
ETC,2025-08-01 18:00:00,19.945
ETC,2025-08-02 18:00:00,19.086
ETC,2025-08-03 18:00:00,19.789
ETC,2025-08-04 18:00:00,20.689
ETC,2025-08-05 18:00:00,20.064
ETC,2025-08-06 18:00:00,20.284
ETC,2025-08-07 18:00:00,20.8
ETC,2025-08-08 18:00:00,22.435
ETC,2025-08-09 18:00:00,23.407
ETC,2025-08-10 18:00:00,23.255
ETC,2025-08-11 18:00:00,22.898
ETC,2025-08-12 18:00:00,23.518
ETC,2025-08-13 18:00:00,23.977
ETC,2025-08-14 18:00:00,22.238
ETC,2025-08-15 18:00:00,21.829
ETC,2025-08-16 18:00:00,22.227
ETC,2025-08-17 18:00:00,22.415
ETC,2025-08-18 18:00:00,21.606
ETC,2025-08-19 18:00:00,20.694
ETC,2025-08-20 18:00:00,21.298
ETC,2025-08-21 18:00:00,21.164
ETC,2025-08-22 18:00:00,24.769
ETC,2025-08-23 18:00:00,23.996
ETC,2025-08-24 18:00:00,24.248
ETC,2025-08-25 18:00:00,21.702
ETC,2025-08-26 18:00:00,21.454
ETC,2025-08-27 18:00:00,21.889
ETC,2025-08-28 18:00:00,21.634
ETC,2025-08-29 18:00:00,20.558
ETC,2025-08-30 18:00:00,20.79
ETC,2025-08-31 18:00:00,21.048
ETC,2025-09-01 18:00:00,20.517
ETC,2025-09-02 18:00:00,20.609
ETC,2025-09-03 18:00:00,20.938
ETC,2025-09-04 18:00:00,20.07
ETC,2025-09-05 18:00:00,20.371
ETC,2025-09-06 18:00:00,20.185
ETC,2025-09-07 18:00:00,20.283
ETC,2025-09-08 18:00:00,20.862
ETC,2025-09-09 18:00:00,20.451
ETC,2025-09-10 18:00:00,20.914
ETC,2025-09-11 18:00:00,21.209
ETC,2025-09-12 18:00:00,21.709
ETC,2025-09-13 18:00:00,21.959
ETC,2025-09-14 18:00:00,21.072
ETC,2025-09-15 18:00:00,20.297
ETC,2025-09-16 18:00:00,20.398
ETC,2025-09-17 18:00:00,20.188
ETC,2025-09-18 18:00:00,21.177
ETC,2025-09-19 18:00:00,20.21
ETC,2025-09-20 18:00:00,20.219
ETC,2025-09-21 18:00:00,20.017
ETC,2025-09-22 18:00:00,18.423
ETC,2025-09-23 18:00:00,18.825
ETC,2025-09-24 18:00:00,18.831
ETC,2025-09-25 18:00:00,18.14
ETC,2025-09-26 18:00:00,18.487
ETC,2025-09-27 18:00:00,18.159
ETC,2025-09-28 18:00:00,18.216
ETC,2025-09-29 18:00:00,18.387
ETC,2025-09-30 18:00:00,18.138
ETC,2025-10-01 18:00:00,19.277
ETC,2025-10-02 18:00:00,19.94
ETC,2025-10-03 18:00:00,19.976
ETC,2025-10-04 18:00:00,19.345
ETC,2025-10-05 18:00:00,19.567
ETC,2025-10-06 18:00:00,20.198
ETC,2025-10-07 18:00:00,19.07
ETC,2025-10-08 18:00:00,19.738
ETC,2025-10-09 18:00:00,18.916
ETC,2025-10-10 18:00:00,18.497
ETC,2025-10-11 18:00:00,15.189
ETC,2025-10-12 18:00:00,16.815
ETC,2025-10-13 18:00:00,17.439
ETC,2025-10-14 18:00:00,16.777
ETC,2025-10-15 18:00:00,16.501
ETC,2025-10-16 18:00:00,16.042
ETC,2025-10-17 18:00:00,15.407
ETC,2025-10-18 18:00:00,15.387
ETC,2025-10-19 18:00:00,15.844
ETC,2025-10-20 18:00:00,16.029
ETC,2025-10-21 18:00:00,16.31
ETC,2025-10-22 18:00:00,15.434
ETC,2025-10-23 18:00:00,15.779
ETC,2025-10-24 18:00:00,15.786
ETC,2025-10-25 18:00:00,16.026
ETC,2025-10-26 18:00:00,16.426
ETC,2025-10-27 18:00:00,16.767
ETC,2025-10-28 18:00:00,16.282
ETC,2025-10-29 18:00:00,16.271
ETC,2025-10-30 18:00:00,14.952
ETC,2025-10-31 18:00:00,15.782
ETC,2025-11-01 18:00:00,16.296
ETC,2025-11-02 18:00:00,15.983
ETC,2025-11-03 18:00:00,14.947
ETC,2025-11-04 18:00:00,14.197
ETC,2025-11-05 18:00:00,14.68
ETC,2025-11-06 18:00:00,14.418
ETC,2025-11-07 18:00:00,17.796
ETC,2025-11-08 18:00:00,16.266
ETC,2025-11-09 18:00:00,16.076
ETC,2025-11-10 18:00:00,16.168
ETC,2025-11-11 18:00:00,15.856
ETC,2025-11-12 18:00:00,15.186
ETC,2025-11-13 18:00:00,14.905
FARTCOIN,2025-06-05 18:00:00,0.9525
FARTCOIN,2025-06-06 18:00:00,0.9736
FARTCOIN,2025-06-07 18:00:00,1.0076
FARTCOIN,2025-06-08 18:00:00,1.0656
FARTCOIN,2025-06-09 18:00:00,1.1733
FARTCOIN,2025-06-10 18:00:00,1.305
FARTCOIN,2025-06-11 18:00:00,1.3717
FARTCOIN,2025-06-12 18:00:00,1.3142
FARTCOIN,2025-06-13 18:00:00,1.1704
FARTCOIN,2025-06-14 18:00:00,1.1535
FARTCOIN,2025-06-15 18:00:00,1.2253
FARTCOIN,2025-06-16 18:00:00,1.2873
FARTCOIN,2025-06-17 18:00:00,1.1348
FARTCOIN,2025-06-18 18:00:00,1.1132
FARTCOIN,2025-06-19 18:00:00,1.0306
FARTCOIN,2025-06-20 18:00:00,0.92349
FARTCOIN,2025-06-21 18:00:00,0.8332
FARTCOIN,2025-06-22 18:00:00,0.8547
FARTCOIN,2025-06-23 18:00:00,0.98242
FARTCOIN,2025-06-24 18:00:00,1.0159
FARTCOIN,2025-06-25 18:00:00,0.98636
FARTCOIN,2025-06-26 18:00:00,0.95451
FARTCOIN,2025-06-27 18:00:00,0.9705
FARTCOIN,2025-06-28 18:00:00,1.114
FARTCOIN,2025-06-29 18:00:00,1.1376
FARTCOIN,2025-06-30 18:00:00,1.1359
FARTCOIN,2025-07-01 18:00:00,1.0477
FARTCOIN,2025-07-02 18:00:00,1.1152
FARTCOIN,2025-07-03 18:00:00,1.2107
FARTCOIN,2025-07-04 18:00:00,1.1571
FARTCOIN,2025-07-05 18:00:00,1.1599
FARTCOIN,2025-07-06 18:00:00,1.1841
FARTCOIN,2025-07-07 18:00:00,1.176
FARTCOIN,2025-07-08 18:00:00,1.0919
FARTCOIN,2025-07-09 18:00:00,1.0694
FARTCOIN,2025-07-10 18:00:00,1.2083
FARTCOIN,2025-07-11 18:00:00,1.3209
FARTCOIN,2025-07-12 18:00:00,1.2647
FARTCOIN,2025-07-13 18:00:00,1.2962
FARTCOIN,2025-07-14 18:00:00,1.3032
FARTCOIN,2025-07-15 18:00:00,1.2181
FARTCOIN,2025-07-16 18:00:00,1.3336
FARTCOIN,2025-07-17 18:00:00,1.5139
FARTCOIN,2025-07-18 18:00:00,1.3847
FARTCOIN,2025-07-19 18:00:00,1.452
FARTCOIN,2025-07-20 18:00:00,1.4664
FARTCOIN,2025-07-21 18:00:00,1.5544
FARTCOIN,2025-07-22 18:00:00,1.6037
FARTCOIN,2025-07-23 18:00:00,1.5553
FARTCOIN,2025-07-24 18:00:00,1.4197
FARTCOIN,2025-07-25 18:00:00,1.2686
FARTCOIN,2025-07-26 18:00:00,1.3365
FARTCOIN,2025-07-27 18:00:00,1.3756
FARTCOIN,2025-07-28 18:00:00,1.2348
FARTCOIN,2025-07-29 18:00:00,1.1192
FARTCOIN,2025-07-30 18:00:00,1.0538
FARTCOIN,2025-07-31 18:00:00,1.0403
FARTCOIN,2025-08-01 18:00:00,1.0027
FARTCOIN,2025-08-02 18:00:00,0.8831
FARTCOIN,2025-08-03 18:00:00,0.93112
FARTCOIN,2025-08-04 18:00:00,0.95396
FARTCOIN,2025-08-05 18:00:00,0.9401
FARTCOIN,2025-08-06 18:00:00,0.9559
FARTCOIN,2025-08-07 18:00:00,0.96229
FARTCOIN,2025-08-08 18:00:00,1.0372
FARTCOIN,2025-08-09 18:00:00,1.0979
FARTCOIN,2025-08-10 18:00:00,1.0905
FARTCOIN,2025-08-11 18:00:00,0.98543
FARTCOIN,2025-08-12 18:00:00,0.95146
FARTCOIN,2025-08-13 18:00:00,1.081
FARTCOIN,2025-08-14 18:00:00,1.0075
FARTCOIN,2025-08-15 18:00:00,0.93422
FARTCOIN,2025-08-16 18:00:00,0.93544
FARTCOIN,2025-08-17 18:00:00,0.9587
FARTCOIN,2025-08-18 18:00:00,0.92619
FARTCOIN,2025-08-19 18:00:00,0.86463
FARTCOIN,2025-08-20 18:00:00,0.89736
FARTCOIN,2025-08-21 18:00:00,0.87919
FARTCOIN,2025-08-22 18:00:00,0.96271
FARTCOIN,2025-08-23 18:00:00,0.94673
FARTCOIN,2025-08-24 18:00:00,0.98375
FARTCOIN,2025-08-25 18:00:00,0.85628
FARTCOIN,2025-08-26 18:00:00,0.78722
FARTCOIN,2025-08-27 18:00:00,0.82241
FARTCOIN,2025-08-28 18:00:00,0.83484
FARTCOIN,2025-08-29 18:00:00,0.73966
FARTCOIN,2025-08-30 18:00:00,0.78493
FARTCOIN,2025-08-31 18:00:00,0.79685
FARTCOIN,2025-09-01 18:00:00,0.72988
FARTCOIN,2025-09-02 18:00:00,0.7578
FARTCOIN,2025-09-03 18:00:00,0.79973
FARTCOIN,2025-09-04 18:00:00,0.7456
FARTCOIN,2025-09-05 18:00:00,0.74321
FARTCOIN,2025-09-06 18:00:00,0.7333
FARTCOIN,2025-09-07 18:00:00,0.73702
FARTCOIN,2025-09-08 18:00:00,0.81774
FARTCOIN,2025-09-09 18:00:00,0.83241
FARTCOIN,2025-09-10 18:00:00,0.88068
FARTCOIN,2025-09-11 18:00:00,0.86012
FARTCOIN,2025-09-12 18:00:00,0.90274
FARTCOIN,2025-09-13 18:00:00,0.9292
FARTCOIN,2025-09-14 18:00:00,0.88103
FARTCOIN,2025-09-15 18:00:00,0.81618
FARTCOIN,2025-09-16 18:00:00,0.8427
FARTCOIN,2025-09-17 18:00:00,0.82571
FARTCOIN,2025-09-18 18:00:00,0.95395
FARTCOIN,2025-09-19 18:00:00,0.83344
FARTCOIN,2025-09-20 18:00:00,0.76014
FARTCOIN,2025-09-21 18:00:00,0.74006
FARTCOIN,2025-09-22 18:00:00,0.6112
FARTCOIN,2025-09-23 18:00:00,0.6066
FARTCOIN,2025-09-24 18:00:00,0.62259
FARTCOIN,2025-09-25 18:00:00,0.57467
FARTCOIN,2025-09-26 18:00:00,0.58332
FARTCOIN,2025-09-27 18:00:00,0.59029
FARTCOIN,2025-09-28 18:00:00,0.59863
FARTCOIN,2025-09-29 18:00:00,0.59618
FARTCOIN,2025-09-30 18:00:00,0.60027
FARTCOIN,2025-10-01 18:00:00,0.64176
FARTCOIN,2025-10-02 18:00:00,0.67833
FARTCOIN,2025-10-03 18:00:00,0.66879
FARTCOIN,2025-10-04 18:00:00,0.63018
FARTCOIN,2025-10-05 18:00:00,0.69386
FARTCOIN,2025-10-06 18:00:00,0.70762
FARTCOIN,2025-10-07 18:00:00,0.66564
FARTCOIN,2025-10-08 18:00:00,0.6738
FARTCOIN,2025-10-09 18:00:00,0.62798
FARTCOIN,2025-10-10 18:00:00,0.59876
FARTCOIN,2025-10-11 18:00:00,0.36419
FARTCOIN,2025-10-12 18:00:00,0.44122
FARTCOIN,2025-10-13 18:00:00,0.45013
FARTCOIN,2025-10-14 18:00:00,0.43086
FARTCOIN,2025-10-15 18:00:00,0.40768
FARTCOIN,2025-10-16 18:00:00,0.38443
FARTCOIN,2025-10-17 18:00:00,0.36171
FARTCOIN,2025-10-18 18:00:00,0.36068
FARTCOIN,2025-10-19 18:00:00,0.38209
FARTCOIN,2025-10-20 18:00:00,0.36956
FARTCOIN,2025-10-21 18:00:00,0.38959
FARTCOIN,2025-10-22 18:00:00,0.34206
FARTCOIN,2025-10-23 18:00:00,0.3554
FARTCOIN,2025-10-24 18:00:00,0.37295
FARTCOIN,2025-10-25 18:00:00,0.39045
FARTCOIN,2025-10-26 18:00:00,0.41096
FARTCOIN,2025-10-27 18:00:00,0.41589
FARTCOIN,2025-10-28 18:00:00,0.39783
FARTCOIN,2025-10-29 18:00:00,0.37937
FARTCOIN,2025-10-30 18:00:00,0.32577
FARTCOIN,2025-10-31 18:00:00,0.31069
FARTCOIN,2025-11-01 18:00:00,0.33861
FARTCOIN,2025-11-02 18:00:00,0.32582
FARTCOIN,2025-11-03 18:00:00,0.27056
FARTCOIN,2025-11-04 18:00:00,0.2508
FARTCOIN,2025-11-05 18:00:00,0.27804
FARTCOIN,2025-11-06 18:00:00,0.2573
FARTCOIN,2025-11-07 18:00:00,0.29378
FARTCOIN,2025-11-08 18:00:00,0.29094
FARTCOIN,2025-11-09 18:00:00,0.31839
FARTCOIN,2025-11-10 18:00:00,0.33048
FARTCOIN,2025-11-11 18:00:00,0.31284
FARTCOIN,2025-11-12 18:00:00,0.27693
FARTCOIN,2025-11-13 18:00:00,0.26004
FET,2025-06-05 18:00:00,0.7541
FET,2025-06-06 18:00:00,0.71962
FET,2025-06-07 18:00:00,0.76042
FET,2025-06-08 18:00:00,0.7675
FET,2025-06-09 18:00:00,0.77892
FET,2025-06-10 18:00:00,0.80881
FET,2025-06-11 18:00:00,0.80192
FET,2025-06-12 18:00:00,0.7389
FET,2025-06-13 18:00:00,0.65739
FET,2025-06-14 18:00:00,0.658
FET,2025-06-15 18:00:00,0.6932
FET,2025-06-16 18:00:00,0.73224
FET,2025-06-17 18:00:00,0.66171
FET,2025-06-18 18:00:00,0.64439
FET,2025-06-19 18:00:00,0.67897
FET,2025-06-20 18:00:00,0.65463
FET,2025-06-21 18:00:00,0.62432
FET,2025-06-22 18:00:00,0.56275
FET,2025-06-23 18:00:00,0.61664
FET,2025-06-24 18:00:00,0.66911
FET,2025-06-25 18:00:00,0.65859
FET,2025-06-26 18:00:00,0.64949
FET,2025-06-27 18:00:00,0.66268
FET,2025-06-28 18:00:00,0.67933
FET,2025-06-29 18:00:00,0.68381
FET,2025-06-30 18:00:00,0.67351
FET,2025-07-01 18:00:00,0.65376
FET,2025-07-02 18:00:00,0.71674
FET,2025-07-03 18:00:00,0.71936
FET,2025-07-04 18:00:00,0.67076
FET,2025-07-05 18:00:00,0.654
FET,2025-07-06 18:00:00,0.66969
FET,2025-07-07 18:00:00,0.66294
FET,2025-07-08 18:00:00,0.68442
FET,2025-07-09 18:00:00,0.68337
FET,2025-07-10 18:00:00,0.71728
FET,2025-07-11 18:00:00,0.74725
FET,2025-07-12 18:00:00,0.68809
FET,2025-07-13 18:00:00,0.72811
FET,2025-07-14 18:00:00,0.71353
FET,2025-07-15 18:00:00,0.7131
FET,2025-07-16 18:00:00,0.77785
FET,2025-07-17 18:00:00,0.76993
FET,2025-07-18 18:00:00,0.7663
FET,2025-07-19 18:00:00,0.76437
FET,2025-07-20 18:00:00,0.81374
FET,2025-07-21 18:00:00,0.84774
FET,2025-07-22 18:00:00,0.80713
FET,2025-07-23 18:00:00,0.74601
FET,2025-07-24 18:00:00,0.74111
FET,2025-07-25 18:00:00,0.7189
FET,2025-07-26 18:00:00,0.73966
FET,2025-07-27 18:00:00,0.741
FET,2025-07-28 18:00:00,0.71261
FET,2025-07-29 18:00:00,0.70855
FET,2025-07-30 18:00:00,0.67573
FET,2025-07-31 18:00:00,0.68426
FET,2025-08-01 18:00:00,0.63865
FET,2025-08-02 18:00:00,0.60592
FET,2025-08-03 18:00:00,0.63403
FET,2025-08-04 18:00:00,0.65887
FET,2025-08-05 18:00:00,0.64276
FET,2025-08-06 18:00:00,0.65111
FET,2025-08-07 18:00:00,0.68191
FET,2025-08-08 18:00:00,0.70295
FET,2025-08-09 18:00:00,0.7212
FET,2025-08-10 18:00:00,0.7183
FET,2025-08-11 18:00:00,0.70574
FET,2025-08-12 18:00:00,0.72434
FET,2025-08-13 18:00:00,0.73678
FET,2025-08-14 18:00:00,0.7021
FET,2025-08-15 18:00:00,0.68348
FET,2025-08-16 18:00:00,0.70158
FET,2025-08-17 18:00:00,0.71517
FET,2025-08-18 18:00:00,0.68779
FET,2025-08-19 18:00:00,0.66481
FET,2025-08-20 18:00:00,0.67812
FET,2025-08-21 18:00:00,0.67129
FET,2025-08-22 18:00:00,0.70567
FET,2025-08-23 18:00:00,0.68622
FET,2025-08-24 18:00:00,0.6975
FET,2025-08-25 18:00:00,0.64433
FET,2025-08-26 18:00:00,0.63923
FET,2025-08-27 18:00:00,0.64425
FET,2025-08-28 18:00:00,0.64493
FET,2025-08-29 18:00:00,0.60969
FET,2025-08-30 18:00:00,0.62242
FET,2025-08-31 18:00:00,0.62644
FET,2025-09-01 18:00:00,0.59759
FET,2025-09-02 18:00:00,0.60421
FET,2025-09-03 18:00:00,0.62307
FET,2025-09-04 18:00:00,0.5917
FET,2025-09-05 18:00:00,0.60958
FET,2025-09-06 18:00:00,0.60342
FET,2025-09-07 18:00:00,0.62534
FET,2025-09-08 18:00:00,0.65139
FET,2025-09-09 18:00:00,0.64327
FET,2025-09-10 18:00:00,0.65301
FET,2025-09-11 18:00:00,0.66241
FET,2025-09-12 18:00:00,0.68001
FET,2025-09-13 18:00:00,0.68255
FET,2025-09-14 18:00:00,0.65929
FET,2025-09-15 18:00:00,0.63525
FET,2025-09-16 18:00:00,0.64474
FET,2025-09-17 18:00:00,0.63911
FET,2025-09-18 18:00:00,0.67955
FET,2025-09-19 18:00:00,0.64815
FET,2025-09-20 18:00:00,0.64271
FET,2025-09-21 18:00:00,0.64135
FET,2025-09-22 18:00:00,0.58741
FET,2025-09-23 18:00:00,0.58934
FET,2025-09-24 18:00:00,0.59489
FET,2025-09-25 18:00:00,0.57083
FET,2025-09-26 18:00:00,0.57955
FET,2025-09-27 18:00:00,0.5737
FET,2025-09-28 18:00:00,0.57345
FET,2025-09-29 18:00:00,0.57037
FET,2025-09-30 18:00:00,0.54585
FET,2025-10-01 18:00:00,0.59419
FET,2025-10-02 18:00:00,0.60528
FET,2025-10-03 18:00:00,0.60338
FET,2025-10-04 18:00:00,0.57851
FET,2025-10-05 18:00:00,0.58505
FET,2025-10-06 18:00:00,0.59592
FET,2025-10-07 18:00:00,0.55845
FET,2025-10-08 18:00:00,0.56083
FET,2025-10-09 18:00:00,0.49725
FET,2025-10-10 18:00:00,0.47207
FET,2025-10-11 18:00:00,0.39421
FET,2025-10-12 18:00:00,0.39097
FET,2025-10-13 18:00:00,0.37015
FET,2025-10-14 18:00:00,0.32237
FET,2025-10-15 18:00:00,0.30357
FET,2025-10-16 18:00:00,0.27932
FET,2025-10-17 18:00:00,0.268
FET,2025-10-18 18:00:00,0.25971
FET,2025-10-19 18:00:00,0.29265
FET,2025-10-20 18:00:00,0.27723
FET,2025-10-21 18:00:00,0.25903
FET,2025-10-22 18:00:00,0.23633
FET,2025-10-23 18:00:00,0.24898
FET,2025-10-24 18:00:00,0.26342
FET,2025-10-25 18:00:00,0.26031
FET,2025-10-26 18:00:00,0.27578
FET,2025-10-27 18:00:00,0.27121
FET,2025-10-28 18:00:00,0.26508
FET,2025-10-29 18:00:00,0.26716
FET,2025-10-30 18:00:00,0.23397
FET,2025-10-31 18:00:00,0.23522
FET,2025-11-01 18:00:00,0.25743
FET,2025-11-02 18:00:00,0.24348
FET,2025-11-03 18:00:00,0.21042
FET,2025-11-04 18:00:00,0.20477
FET,2025-11-05 18:00:00,0.22427
FET,2025-11-06 18:00:00,0.22693
FET,2025-11-07 18:00:00,0.40261
FET,2025-11-08 18:00:00,0.34231
FET,2025-11-09 18:00:00,0.3345
FET,2025-11-10 18:00:00,0.34163
FET,2025-11-11 18:00:00,0.35161
FET,2025-11-12 18:00:00,0.31291
FET,2025-11-13 18:00:00,0.28999
FIL,2025-06-05 18:00:00,2.4793
FIL,2025-06-06 18:00:00,2.4087
FIL,2025-06-07 18:00:00,2.4941
FIL,2025-06-08 18:00:00,2.5199
FIL,2025-06-09 18:00:00,2.5246
FIL,2025-06-10 18:00:00,2.7127
FIL,2025-06-11 18:00:00,2.7012
FIL,2025-06-12 18:00:00,2.5908
FIL,2025-06-13 18:00:00,2.3965
FIL,2025-06-14 18:00:00,2.4048
FIL,2025-06-15 18:00:00,2.4028
FIL,2025-06-16 18:00:00,2.5431
FIL,2025-06-17 18:00:00,2.3892
FIL,2025-06-18 18:00:00,2.3362
FIL,2025-06-19 18:00:00,2.3404
FIL,2025-06-20 18:00:00,2.2442
FIL,2025-06-21 18:00:00,2.2492
FIL,2025-06-22 18:00:00,2.0539
FIL,2025-06-23 18:00:00,2.1628
FIL,2025-06-24 18:00:00,2.2981
FIL,2025-06-25 18:00:00,2.2512
FIL,2025-06-26 18:00:00,2.1857
FIL,2025-06-27 18:00:00,2.143
FIL,2025-06-28 18:00:00,2.2463
FIL,2025-06-29 18:00:00,2.2851
FIL,2025-06-30 18:00:00,2.2952
FIL,2025-07-01 18:00:00,2.2081
FIL,2025-07-02 18:00:00,2.4098
FIL,2025-07-03 18:00:00,2.3828
FIL,2025-07-04 18:00:00,2.2459
FIL,2025-07-05 18:00:00,2.2153
FIL,2025-07-06 18:00:00,2.2737
FIL,2025-07-07 18:00:00,2.2686
FIL,2025-07-08 18:00:00,2.3272
FIL,2025-07-09 18:00:00,2.3804
FIL,2025-07-10 18:00:00,2.5094
FIL,2025-07-11 18:00:00,2.6531
FIL,2025-07-12 18:00:00,2.5335
FIL,2025-07-13 18:00:00,2.6014
FIL,2025-07-14 18:00:00,2.559
FIL,2025-07-15 18:00:00,2.5933
FIL,2025-07-16 18:00:00,2.6791
FIL,2025-07-17 18:00:00,2.6858
FIL,2025-07-18 18:00:00,2.7762
FIL,2025-07-19 18:00:00,2.7367
FIL,2025-07-20 18:00:00,2.9371
FIL,2025-07-21 18:00:00,2.8925
FIL,2025-07-22 18:00:00,2.8742
FIL,2025-07-23 18:00:00,2.6726
FIL,2025-07-24 18:00:00,2.6409
FIL,2025-07-25 18:00:00,2.5771
FIL,2025-07-26 18:00:00,2.6749
FIL,2025-07-27 18:00:00,2.7233
FIL,2025-07-28 18:00:00,2.6297
FIL,2025-07-29 18:00:00,2.562
FIL,2025-07-30 18:00:00,2.4666
FIL,2025-07-31 18:00:00,2.4587
FIL,2025-08-01 18:00:00,2.315
FIL,2025-08-02 18:00:00,2.231
FIL,2025-08-03 18:00:00,2.3346
FIL,2025-08-04 18:00:00,2.4058
FIL,2025-08-05 18:00:00,2.3224
FIL,2025-08-06 18:00:00,2.3725
FIL,2025-08-07 18:00:00,2.4185
FIL,2025-08-08 18:00:00,2.5393
FIL,2025-08-09 18:00:00,2.6365
FIL,2025-08-10 18:00:00,2.6231
FIL,2025-08-11 18:00:00,2.5316
FIL,2025-08-12 18:00:00,2.6198
FIL,2025-08-13 18:00:00,2.6962
FIL,2025-08-14 18:00:00,2.502
FIL,2025-08-15 18:00:00,2.4286
FIL,2025-08-16 18:00:00,2.5053
FIL,2025-08-17 18:00:00,2.5655
FIL,2025-08-18 18:00:00,2.4735
FIL,2025-08-19 18:00:00,2.3655
FIL,2025-08-20 18:00:00,2.4116
FIL,2025-08-21 18:00:00,2.4081
FIL,2025-08-22 18:00:00,2.5657
FIL,2025-08-23 18:00:00,2.515
FIL,2025-08-24 18:00:00,2.5195
FIL,2025-08-25 18:00:00,2.2606
FIL,2025-08-26 18:00:00,2.3252
FIL,2025-08-27 18:00:00,2.3314
FIL,2025-08-28 18:00:00,2.3426
FIL,2025-08-29 18:00:00,2.2317
FIL,2025-08-30 18:00:00,2.2699
FIL,2025-08-31 18:00:00,2.3098
FIL,2025-09-01 18:00:00,2.3103
FIL,2025-09-02 18:00:00,2.2432
FIL,2025-09-03 18:00:00,2.3261
FIL,2025-09-04 18:00:00,2.2406
FIL,2025-09-05 18:00:00,2.317
FIL,2025-09-06 18:00:00,2.3298
FIL,2025-09-07 18:00:00,2.374
FIL,2025-09-08 18:00:00,2.4467
FIL,2025-09-09 18:00:00,2.4399
FIL,2025-09-10 18:00:00,2.4912
FIL,2025-09-11 18:00:00,2.505
FIL,2025-09-12 18:00:00,2.546
FIL,2025-09-13 18:00:00,2.6125
FIL,2025-09-14 18:00:00,2.5193
FIL,2025-09-15 18:00:00,2.4017
FIL,2025-09-16 18:00:00,2.5447
FIL,2025-09-17 18:00:00,2.4931
FIL,2025-09-18 18:00:00,2.5841
FIL,2025-09-19 18:00:00,2.4689
FIL,2025-09-20 18:00:00,2.4441
FIL,2025-09-21 18:00:00,2.428
FIL,2025-09-22 18:00:00,2.2438
FIL,2025-09-23 18:00:00,2.2397
FIL,2025-09-24 18:00:00,2.2577
FIL,2025-09-25 18:00:00,2.1563
FIL,2025-09-26 18:00:00,2.1937
FIL,2025-09-27 18:00:00,2.1775
FIL,2025-09-28 18:00:00,2.1742
FIL,2025-09-29 18:00:00,2.186
FIL,2025-09-30 18:00:00,2.1574
FIL,2025-10-01 18:00:00,2.2827
FIL,2025-10-02 18:00:00,2.3832
FIL,2025-10-03 18:00:00,2.4136
FIL,2025-10-04 18:00:00,2.2839
FIL,2025-10-05 18:00:00,2.3448
FIL,2025-10-06 18:00:00,2.4237
FIL,2025-10-07 18:00:00,2.2841
FIL,2025-10-08 18:00:00,2.3844
FIL,2025-10-09 18:00:00,2.255
FIL,2025-10-10 18:00:00,2.2405
FIL,2025-10-11 18:00:00,1.6326
FIL,2025-10-12 18:00:00,1.6609
FIL,2025-10-13 18:00:00,1.6868
FIL,2025-10-14 18:00:00,1.667
FIL,2025-10-15 18:00:00,1.6223
FIL,2025-10-16 18:00:00,1.528
FIL,2025-10-17 18:00:00,1.461
FIL,2025-10-18 18:00:00,1.4894
FIL,2025-10-19 18:00:00,1.5366
FIL,2025-10-20 18:00:00,1.5862
FIL,2025-10-21 18:00:00,1.6323
FIL,2025-10-22 18:00:00,1.5239
FIL,2025-10-23 18:00:00,1.561
FIL,2025-10-24 18:00:00,1.5514
FIL,2025-10-25 18:00:00,1.5684
FIL,2025-10-26 18:00:00,1.6446
FIL,2025-10-27 18:00:00,1.6652
FIL,2025-10-28 18:00:00,1.6172
FIL,2025-10-29 18:00:00,1.6015
FIL,2025-10-30 18:00:00,1.4093
FIL,2025-10-31 18:00:00,1.4904
FIL,2025-11-01 18:00:00,1.6878
FIL,2025-11-02 18:00:00,1.6285
FIL,2025-11-03 18:00:00,1.4705
FIL,2025-11-04 18:00:00,1.3626
FIL,2025-11-05 18:00:00,1.4084
FIL,2025-11-06 18:00:00,1.6426
FIL,2025-11-07 18:00:00,3.3337
FIL,2025-11-08 18:00:00,2.8745
FIL,2025-11-09 18:00:00,2.8039
FIL,2025-11-10 18:00:00,2.5471
FIL,2025-11-11 18:00:00,2.3238
FIL,2025-11-12 18:00:00,2.1569
FIL,2025-11-13 18:00:00,2.0368
FXS,2025-06-05 18:00:00,2.7968
FXS,2025-06-06 18:00:00,2.7211
FXS,2025-06-07 18:00:00,2.8135
FXS,2025-06-08 18:00:00,2.8117
FXS,2025-06-09 18:00:00,2.7689
FXS,2025-06-10 18:00:00,3.0479
FXS,2025-06-11 18:00:00,2.9942
FXS,2025-06-12 18:00:00,2.7971
FXS,2025-06-13 18:00:00,2.5504
FXS,2025-06-14 18:00:00,2.6359
FXS,2025-06-15 18:00:00,2.624
FXS,2025-06-16 18:00:00,2.7307
FXS,2025-06-17 18:00:00,2.4842
FXS,2025-06-18 18:00:00,2.3434
FXS,2025-06-19 18:00:00,2.3676
FXS,2025-06-20 18:00:00,2.2899
FXS,2025-06-21 18:00:00,2.2545
FXS,2025-06-22 18:00:00,2.1315
FXS,2025-06-23 18:00:00,2.2686
FXS,2025-06-24 18:00:00,2.3391
FXS,2025-06-25 18:00:00,2.1225
FXS,2025-06-26 18:00:00,1.9646
FXS,2025-06-27 18:00:00,2.001
FXS,2025-06-28 18:00:00,2.035
FXS,2025-06-29 18:00:00,1.986
FXS,2025-06-30 18:00:00,2.024
FXS,2025-07-01 18:00:00,1.9715
FXS,2025-07-02 18:00:00,2.0717
FXS,2025-07-03 18:00:00,2.0459
FXS,2025-07-04 18:00:00,1.9447
FXS,2025-07-05 18:00:00,1.931
FXS,2025-07-06 18:00:00,1.9451
FXS,2025-07-07 18:00:00,1.9585
FXS,2025-07-08 18:00:00,2.0176
FXS,2025-07-09 18:00:00,2.0465
FXS,2025-07-10 18:00:00,2.1915
FXS,2025-07-11 18:00:00,2.2523
FXS,2025-07-12 18:00:00,2.183
FXS,2025-07-13 18:00:00,2.2391
FXS,2025-07-14 18:00:00,2.2736
FXS,2025-07-15 18:00:00,2.4944
FXS,2025-07-16 18:00:00,2.517
FXS,2025-07-17 18:00:00,3.1727
FXS,2025-07-18 18:00:00,3.4074
FXS,2025-07-19 18:00:00,3.6443
FXS,2025-07-20 18:00:00,3.7804
FXS,2025-07-21 18:00:00,3.6946
FXS,2025-07-22 18:00:00,3.6465
FXS,2025-07-23 18:00:00,3.6737
FXS,2025-07-24 18:00:00,3.3591
FXS,2025-07-25 18:00:00,3.2167
FXS,2025-07-26 18:00:00,3.3056
FXS,2025-07-27 18:00:00,3.7076
FXS,2025-07-28 18:00:00,3.2698
FXS,2025-07-29 18:00:00,3.1216
FXS,2025-07-30 18:00:00,3.0875
FXS,2025-07-31 18:00:00,3.1245
FXS,2025-08-01 18:00:00,2.9257
FXS,2025-08-02 18:00:00,2.7886
FXS,2025-08-03 18:00:00,2.8868
FXS,2025-08-04 18:00:00,2.9106
FXS,2025-08-05 18:00:00,2.6321
FXS,2025-08-06 18:00:00,2.5684
FXS,2025-08-07 18:00:00,2.7588
FXS,2025-08-08 18:00:00,2.933
FXS,2025-08-09 18:00:00,3.1999
FXS,2025-08-10 18:00:00,3.0745
FXS,2025-08-11 18:00:00,3.0941
FXS,2025-08-12 18:00:00,3.1567
FXS,2025-08-13 18:00:00,3.1436
FXS,2025-08-14 18:00:00,2.828
FXS,2025-08-15 18:00:00,2.7298
FXS,2025-08-16 18:00:00,2.7784
FXS,2025-08-17 18:00:00,2.8163
FXS,2025-08-18 18:00:00,2.7512
FXS,2025-08-19 18:00:00,2.6267
FXS,2025-08-20 18:00:00,2.807
FXS,2025-08-21 18:00:00,2.733
FXS,2025-08-22 18:00:00,2.904
FXS,2025-08-23 18:00:00,2.8741
FXS,2025-08-24 18:00:00,2.8991
FXS,2025-08-25 18:00:00,2.6704
FXS,2025-08-26 18:00:00,2.6133
FXS,2025-08-27 18:00:00,2.6407
FXS,2025-08-28 18:00:00,2.5898
FXS,2025-08-29 18:00:00,2.5014
FXS,2025-08-30 18:00:00,2.6191
FXS,2025-08-31 18:00:00,2.6134
FXS,2025-09-01 18:00:00,2.5269
FXS,2025-09-02 18:00:00,2.5783
FXS,2025-09-03 18:00:00,2.6066
FXS,2025-09-04 18:00:00,2.5827
FXS,2025-09-05 18:00:00,2.6687
FXS,2025-09-06 18:00:00,2.6752
FXS,2025-09-07 18:00:00,2.6358
FXS,2025-09-08 18:00:00,3.0797
FXS,2025-09-09 18:00:00,2.9497
FXS,2025-09-10 18:00:00,2.9635
FXS,2025-09-11 18:00:00,2.8894
FXS,2025-09-12 18:00:00,2.9655
FXS,2025-09-13 18:00:00,2.8604
FXS,2025-09-14 18:00:00,2.7801
FXS,2025-09-15 18:00:00,2.685
FXS,2025-09-16 18:00:00,2.6818
FXS,2025-09-17 18:00:00,2.6517
FXS,2025-09-18 18:00:00,2.8138
FXS,2025-09-19 18:00:00,2.6614
FXS,2025-09-20 18:00:00,2.661
FXS,2025-09-21 18:00:00,2.6642
FXS,2025-09-22 18:00:00,2.4434
FXS,2025-09-23 18:00:00,2.4011
FXS,2025-09-24 18:00:00,2.4278
FXS,2025-09-25 18:00:00,2.1768
FXS,2025-09-26 18:00:00,2.1101
FXS,2025-09-27 18:00:00,2.1244
FXS,2025-09-28 18:00:00,2.0711
FXS,2025-09-29 18:00:00,2.071
FXS,2025-09-30 18:00:00,2.1063
FXS,2025-10-01 18:00:00,2.2172
FXS,2025-10-02 18:00:00,2.2311
FXS,2025-10-03 18:00:00,2.308
FXS,2025-10-04 18:00:00,2.3265
FXS,2025-10-05 18:00:00,2.2739
FXS,2025-10-06 18:00:00,2.3382
FXS,2025-10-07 18:00:00,2.1828
FXS,2025-10-08 18:00:00,2.2372
FXS,2025-10-09 18:00:00,2.1006
FXS,2025-10-10 18:00:00,2.0142
FXS,2025-10-11 18:00:00,1.4384
FXS,2025-10-12 18:00:00,1.5968
FXS,2025-10-13 18:00:00,1.7186
FXS,2025-10-14 18:00:00,1.6067
FXS,2025-10-15 18:00:00,1.4948
FXS,2025-10-16 18:00:00,1.4125
FXS,2025-10-17 18:00:00,1.3341
FXS,2025-10-18 18:00:00,1.3373
FXS,2025-10-19 18:00:00,1.4
FXS,2025-10-20 18:00:00,1.397
FXS,2025-10-21 18:00:00,1.4258
FXS,2025-10-22 18:00:00,1.3692
FXS,2025-10-23 18:00:00,1.4068
FXS,2025-10-24 18:00:00,1.3903
FXS,2025-10-25 18:00:00,1.4214
FXS,2025-10-26 18:00:00,1.4325
FXS,2025-10-27 18:00:00,1.4768
FXS,2025-10-28 18:00:00,1.4368
FXS,2025-10-29 18:00:00,1.4048
FXS,2025-10-30 18:00:00,1.223
FXS,2025-10-31 18:00:00,1.2849
FXS,2025-11-01 18:00:00,1.2733
FXS,2025-11-02 18:00:00,1.3121
FXS,2025-11-03 18:00:00,1.2266
FXS,2025-11-04 18:00:00,1.2335
FXS,2025-11-05 18:00:00,1.2474
FXS,2025-11-06 18:00:00,1.1419
FXS,2025-11-07 18:00:00,1.1797
FXS,2025-11-08 18:00:00,1.2211
FXS,2025-11-09 18:00:00,1.242
FXS,2025-11-10 18:00:00,1.1857
FXS,2025-11-11 18:00:00,1.158
FXS,2025-11-12 18:00:00,1.0576
FXS,2025-11-13 18:00:00,1.0644
GALA,2025-06-05 18:00:00,0.015913
GALA,2025-06-06 18:00:00,0.015628
GALA,2025-06-07 18:00:00,0.016223
GALA,2025-06-08 18:00:00,0.016531
GALA,2025-06-09 18:00:00,0.016755
GALA,2025-06-10 18:00:00,0.017684
GALA,2025-06-11 18:00:00,0.017509
GALA,2025-06-12 18:00:00,0.016223
GALA,2025-06-13 18:00:00,0.014836
GALA,2025-06-14 18:00:00,0.014903
GALA,2025-06-15 18:00:00,0.014925
GALA,2025-06-16 18:00:00,0.015625
GALA,2025-06-17 18:00:00,0.014292
GALA,2025-06-18 18:00:00,0.013915
GALA,2025-06-19 18:00:00,0.014231
GALA,2025-06-20 18:00:00,0.013812
GALA,2025-06-21 18:00:00,0.01328
GALA,2025-06-22 18:00:00,0.012166
GALA,2025-06-23 18:00:00,0.013241
GALA,2025-06-24 18:00:00,0.014048
GALA,2025-06-25 18:00:00,0.013584
GALA,2025-06-26 18:00:00,0.013308
GALA,2025-06-27 18:00:00,0.013191
GALA,2025-06-28 18:00:00,0.013941
GALA,2025-06-29 18:00:00,0.014046
GALA,2025-06-30 18:00:00,0.014161
GALA,2025-07-01 18:00:00,0.013324
GALA,2025-07-02 18:00:00,0.014867
GALA,2025-07-03 18:00:00,0.014726
GALA,2025-07-04 18:00:00,0.013743
GALA,2025-07-05 18:00:00,0.013589
GALA,2025-07-06 18:00:00,0.014143
GALA,2025-07-07 18:00:00,0.014081
GALA,2025-07-08 18:00:00,0.014486
GALA,2025-07-09 18:00:00,0.014892
GALA,2025-07-10 18:00:00,0.016038
GALA,2025-07-11 18:00:00,0.017773
GALA,2025-07-12 18:00:00,0.016656
GALA,2025-07-13 18:00:00,0.017536
GALA,2025-07-14 18:00:00,0.01692
GALA,2025-07-15 18:00:00,0.017541
GALA,2025-07-16 18:00:00,0.018372
GALA,2025-07-17 18:00:00,0.018449
GALA,2025-07-18 18:00:00,0.018974
GALA,2025-07-19 18:00:00,0.018717
GALA,2025-07-20 18:00:00,0.020276
GALA,2025-07-21 18:00:00,0.020092
GALA,2025-07-22 18:00:00,0.019971
GALA,2025-07-23 18:00:00,0.018248
GALA,2025-07-24 18:00:00,0.017621
GALA,2025-07-25 18:00:00,0.017052
GALA,2025-07-26 18:00:00,0.017886
GALA,2025-07-27 18:00:00,0.018117
GALA,2025-07-28 18:00:00,0.017227
GALA,2025-07-29 18:00:00,0.016747
GALA,2025-07-30 18:00:00,0.016117
GALA,2025-07-31 18:00:00,0.015972
GALA,2025-08-01 18:00:00,0.015042
GALA,2025-08-02 18:00:00,0.01436
GALA,2025-08-03 18:00:00,0.015089
GALA,2025-08-04 18:00:00,0.015699
GALA,2025-08-05 18:00:00,0.015103
GALA,2025-08-06 18:00:00,0.015475
GALA,2025-08-07 18:00:00,0.015857
GALA,2025-08-08 18:00:00,0.016977
GALA,2025-08-09 18:00:00,0.018029
GALA,2025-08-10 18:00:00,0.017915
GALA,2025-08-11 18:00:00,0.0172
GALA,2025-08-12 18:00:00,0.01789
GALA,2025-08-13 18:00:00,0.018561
GALA,2025-08-14 18:00:00,0.016778
GALA,2025-08-15 18:00:00,0.016199
GALA,2025-08-16 18:00:00,0.017278
GALA,2025-08-17 18:00:00,0.017391
GALA,2025-08-18 18:00:00,0.016791
GALA,2025-08-19 18:00:00,0.015868
GALA,2025-08-20 18:00:00,0.016505
GALA,2025-08-21 18:00:00,0.016338
GALA,2025-08-22 18:00:00,0.01808
GALA,2025-08-23 18:00:00,0.018378
GALA,2025-08-24 18:00:00,0.01859
GALA,2025-08-25 18:00:00,0.016553
GALA,2025-08-26 18:00:00,0.016636
GALA,2025-08-27 18:00:00,0.016611
GALA,2025-08-28 18:00:00,0.016731
GALA,2025-08-29 18:00:00,0.015748
GALA,2025-08-30 18:00:00,0.016098
GALA,2025-08-31 18:00:00,0.016514
GALA,2025-09-01 18:00:00,0.015767
GALA,2025-09-02 18:00:00,0.01593
GALA,2025-09-03 18:00:00,0.016284
GALA,2025-09-04 18:00:00,0.015518
GALA,2025-09-05 18:00:00,0.016029
GALA,2025-09-06 18:00:00,0.015914
GALA,2025-09-07 18:00:00,0.016118
GALA,2025-09-08 18:00:00,0.01705
GALA,2025-09-09 18:00:00,0.01681
GALA,2025-09-10 18:00:00,0.017206
GALA,2025-09-11 18:00:00,0.017206
GALA,2025-09-12 18:00:00,0.018034
GALA,2025-09-13 18:00:00,0.018359
GALA,2025-09-14 18:00:00,0.017416
GALA,2025-09-15 18:00:00,0.016595
GALA,2025-09-16 18:00:00,0.017001
GALA,2025-09-17 18:00:00,0.016881
GALA,2025-09-18 18:00:00,0.018632
GALA,2025-09-19 18:00:00,0.017296
GALA,2025-09-20 18:00:00,0.017478
GALA,2025-09-21 18:00:00,0.017513
GALA,2025-09-22 18:00:00,0.015136
GALA,2025-09-23 18:00:00,0.015187
GALA,2025-09-24 18:00:00,0.015411
GALA,2025-09-25 18:00:00,0.014536
GALA,2025-09-26 18:00:00,0.014727
GALA,2025-09-27 18:00:00,0.014357
GALA,2025-09-28 18:00:00,0.014577
GALA,2025-09-29 18:00:00,0.014438
GALA,2025-09-30 18:00:00,0.014126
GALA,2025-10-01 18:00:00,0.015371
GALA,2025-10-02 18:00:00,0.016215
GALA,2025-10-03 18:00:00,0.01618
GALA,2025-10-04 18:00:00,0.01556
GALA,2025-10-05 18:00:00,0.015797
GALA,2025-10-06 18:00:00,0.016596
GALA,2025-10-07 18:00:00,0.015326
GALA,2025-10-08 18:00:00,0.016105
GALA,2025-10-09 18:00:00,0.015218
GALA,2025-10-10 18:00:00,0.01465
GALA,2025-10-11 18:00:00,0.010828
GALA,2025-10-12 18:00:00,0.011973
GALA,2025-10-13 18:00:00,0.012425
GALA,2025-10-14 18:00:00,0.012024
GALA,2025-10-15 18:00:00,0.011715
GALA,2025-10-16 18:00:00,0.011312
GALA,2025-10-17 18:00:00,0.010668
GALA,2025-10-18 18:00:00,0.010907
GALA,2025-10-19 18:00:00,0.011245
GALA,2025-10-20 18:00:00,0.011415
GALA,2025-10-21 18:00:00,0.011594
GALA,2025-10-22 18:00:00,0.010602
GALA,2025-10-23 18:00:00,0.010981
GALA,2025-10-24 18:00:00,0.011015
GALA,2025-10-25 18:00:00,0.011173
GALA,2025-10-26 18:00:00,0.011416
GALA,2025-10-27 18:00:00,0.011434
GALA,2025-10-28 18:00:00,0.011078
GALA,2025-10-29 18:00:00,0.010963
GALA,2025-10-30 18:00:00,0.009589
GALA,2025-10-31 18:00:00,0.009995
GALA,2025-11-01 18:00:00,0.0104
GALA,2025-11-02 18:00:00,0.010095
GALA,2025-11-03 18:00:00,0.008965
GALA,2025-11-04 18:00:00,0.008544
GALA,2025-11-05 18:00:00,0.009039
GALA,2025-11-06 18:00:00,0.008804
GALA,2025-11-07 18:00:00,0.010391
GALA,2025-11-08 18:00:00,0.010068
GALA,2025-11-09 18:00:00,0.010259
GALA,2025-11-10 18:00:00,0.010349
GALA,2025-11-11 18:00:00,0.01016
GALA,2025-11-12 18:00:00,0.009528
GALA,2025-11-13 18:00:00,0.009275
GMT,2025-06-05 18:00:00,0.049498
GMT,2025-06-06 18:00:00,0.048681
GMT,2025-06-07 18:00:00,0.050274
GMT,2025-06-08 18:00:00,0.050252
GMT,2025-06-09 18:00:00,0.051515
GMT,2025-06-10 18:00:00,0.054518
GMT,2025-06-11 18:00:00,0.054796
GMT,2025-06-12 18:00:00,0.051304
GMT,2025-06-13 18:00:00,0.047559
GMT,2025-06-14 18:00:00,0.046784
GMT,2025-06-15 18:00:00,0.04747
GMT,2025-06-16 18:00:00,0.0491
GMT,2025-06-17 18:00:00,0.045333
GMT,2025-06-18 18:00:00,0.044403
GMT,2025-06-19 18:00:00,0.044497
GMT,2025-06-20 18:00:00,0.043513
GMT,2025-06-21 18:00:00,0.041756
GMT,2025-06-22 18:00:00,0.038753
GMT,2025-06-23 18:00:00,0.041632
GMT,2025-06-24 18:00:00,0.043466
GMT,2025-06-25 18:00:00,0.042788
GMT,2025-06-26 18:00:00,0.041411
GMT,2025-06-27 18:00:00,0.041563
GMT,2025-06-28 18:00:00,0.043002
GMT,2025-06-29 18:00:00,0.043148
GMT,2025-06-30 18:00:00,0.043899
GMT,2025-07-01 18:00:00,0.041378
GMT,2025-07-02 18:00:00,0.045623
GMT,2025-07-03 18:00:00,0.045393
GMT,2025-07-04 18:00:00,0.042656
GMT,2025-07-05 18:00:00,0.042506
GMT,2025-07-06 18:00:00,0.043099
GMT,2025-07-07 18:00:00,0.042713
GMT,2025-07-08 18:00:00,0.043604
GMT,2025-07-09 18:00:00,0.046125
GMT,2025-07-10 18:00:00,0.047857
GMT,2025-07-11 18:00:00,0.051962
GMT,2025-07-12 18:00:00,0.049778
GMT,2025-07-13 18:00:00,0.051647
GMT,2025-07-14 18:00:00,0.049236
GMT,2025-07-15 18:00:00,0.050788
GMT,2025-07-16 18:00:00,0.052718
GMT,2025-07-17 18:00:00,0.051856
GMT,2025-07-18 18:00:00,0.052778
GMT,2025-07-19 18:00:00,0.051907
GMT,2025-07-20 18:00:00,0.056481
GMT,2025-07-21 18:00:00,0.057484
GMT,2025-07-22 18:00:00,0.057145
GMT,2025-07-23 18:00:00,0.052564
GMT,2025-07-24 18:00:00,0.050574
GMT,2025-07-25 18:00:00,0.048465
GMT,2025-07-26 18:00:00,0.050144
GMT,2025-07-27 18:00:00,0.050607
GMT,2025-07-28 18:00:00,0.048832
GMT,2025-07-29 18:00:00,0.047922
GMT,2025-07-30 18:00:00,0.046124
GMT,2025-07-31 18:00:00,0.046366
GMT,2025-08-01 18:00:00,0.04335
GMT,2025-08-02 18:00:00,0.041414
GMT,2025-08-03 18:00:00,0.043338
GMT,2025-08-04 18:00:00,0.044915
GMT,2025-08-05 18:00:00,0.042977
GMT,2025-08-06 18:00:00,0.044047
GMT,2025-08-07 18:00:00,0.044182
GMT,2025-08-08 18:00:00,0.046877
GMT,2025-08-09 18:00:00,0.048309
GMT,2025-08-10 18:00:00,0.047877
GMT,2025-08-11 18:00:00,0.046042
GMT,2025-08-12 18:00:00,0.047732
GMT,2025-08-13 18:00:00,0.048321
GMT,2025-08-14 18:00:00,0.043751
GMT,2025-08-15 18:00:00,0.042134
GMT,2025-08-16 18:00:00,0.044007
GMT,2025-08-17 18:00:00,0.044111
GMT,2025-08-18 18:00:00,0.042864
GMT,2025-08-19 18:00:00,0.041012
GMT,2025-08-20 18:00:00,0.04208
GMT,2025-08-21 18:00:00,0.041485
GMT,2025-08-22 18:00:00,0.044223
GMT,2025-08-23 18:00:00,0.043535
GMT,2025-08-24 18:00:00,0.043735
GMT,2025-08-25 18:00:00,0.039978
GMT,2025-08-26 18:00:00,0.040786
GMT,2025-08-27 18:00:00,0.041041
GMT,2025-08-28 18:00:00,0.043895
GMT,2025-08-29 18:00:00,0.040969
GMT,2025-08-30 18:00:00,0.041821
GMT,2025-08-31 18:00:00,0.042302
GMT,2025-09-01 18:00:00,0.040564
GMT,2025-09-02 18:00:00,0.040743
GMT,2025-09-03 18:00:00,0.04206
GMT,2025-09-04 18:00:00,0.039963
GMT,2025-09-05 18:00:00,0.041142
GMT,2025-09-06 18:00:00,0.0411
GMT,2025-09-07 18:00:00,0.041166
GMT,2025-09-08 18:00:00,0.042816
GMT,2025-09-09 18:00:00,0.042704
GMT,2025-09-10 18:00:00,0.043865
GMT,2025-09-11 18:00:00,0.043634
GMT,2025-09-12 18:00:00,0.044844
GMT,2025-09-13 18:00:00,0.045356
GMT,2025-09-14 18:00:00,0.043716
GMT,2025-09-15 18:00:00,0.041496
GMT,2025-09-16 18:00:00,0.0421
GMT,2025-09-17 18:00:00,0.041724
GMT,2025-09-18 18:00:00,0.04422
GMT,2025-09-19 18:00:00,0.041867
GMT,2025-09-20 18:00:00,0.042126
GMT,2025-09-21 18:00:00,0.042027
GMT,2025-09-22 18:00:00,0.038314
GMT,2025-09-23 18:00:00,0.038753
GMT,2025-09-24 18:00:00,0.039264
GMT,2025-09-25 18:00:00,0.037193
GMT,2025-09-26 18:00:00,0.038132
GMT,2025-09-27 18:00:00,0.037818
GMT,2025-09-28 18:00:00,0.037833
GMT,2025-09-29 18:00:00,0.037733
GMT,2025-09-30 18:00:00,0.037428
GMT,2025-10-01 18:00:00,0.039492
GMT,2025-10-02 18:00:00,0.040307
GMT,2025-10-03 18:00:00,0.040396
GMT,2025-10-04 18:00:00,0.039208
GMT,2025-10-05 18:00:00,0.039228
GMT,2025-10-06 18:00:00,0.040657
GMT,2025-10-07 18:00:00,0.038178
GMT,2025-10-08 18:00:00,0.038855
GMT,2025-10-09 18:00:00,0.037591
GMT,2025-10-10 18:00:00,0.035782
GMT,2025-10-11 18:00:00,0.027151
GMT,2025-10-12 18:00:00,0.029853
GMT,2025-10-13 18:00:00,0.030897
GMT,2025-10-14 18:00:00,0.029833
GMT,2025-10-15 18:00:00,0.028506
GMT,2025-10-16 18:00:00,0.0283
GMT,2025-10-17 18:00:00,0.026601
GMT,2025-10-18 18:00:00,0.027014
GMT,2025-10-19 18:00:00,0.027717
GMT,2025-10-20 18:00:00,0.027993
GMT,2025-10-21 18:00:00,0.028554
GMT,2025-10-22 18:00:00,0.026303
GMT,2025-10-23 18:00:00,0.027431
GMT,2025-10-24 18:00:00,0.02732
GMT,2025-10-25 18:00:00,0.027912
GMT,2025-10-26 18:00:00,0.02843
GMT,2025-10-27 18:00:00,0.028161
GMT,2025-10-28 18:00:00,0.027525
GMT,2025-10-29 18:00:00,0.026718
GMT,2025-10-30 18:00:00,0.023352
GMT,2025-10-31 18:00:00,0.024321
GMT,2025-11-01 18:00:00,0.025684
GMT,2025-11-02 18:00:00,0.024826
GMT,2025-11-03 18:00:00,0.022282
GMT,2025-11-04 18:00:00,0.021596
GMT,2025-11-05 18:00:00,0.022425
GMT,2025-11-06 18:00:00,0.021928
GMT,2025-11-07 18:00:00,0.02503
GMT,2025-11-08 18:00:00,0.024095
GMT,2025-11-09 18:00:00,0.024258
GMT,2025-11-10 18:00:00,0.02419
GMT,2025-11-11 18:00:00,0.02386
GMT,2025-11-12 18:00:00,0.022636
GMT,2025-11-13 18:00:00,0.021895
GMX,2025-06-05 18:00:00,15.438
GMX,2025-06-06 18:00:00,15.08
GMX,2025-06-07 18:00:00,16.152
GMX,2025-06-08 18:00:00,15.86
GMX,2025-06-09 18:00:00,16.833
GMX,2025-06-10 18:00:00,17.628
GMX,2025-06-11 18:00:00,17.45
GMX,2025-06-12 18:00:00,15.804
GMX,2025-06-13 18:00:00,14.931
GMX,2025-06-14 18:00:00,14.732
GMX,2025-06-15 18:00:00,15.164
GMX,2025-06-16 18:00:00,16.08
GMX,2025-06-17 18:00:00,14.907
GMX,2025-06-18 18:00:00,14.423
GMX,2025-06-19 18:00:00,14.581
GMX,2025-06-20 18:00:00,14.166
GMX,2025-06-21 18:00:00,13.648
GMX,2025-06-22 18:00:00,12.663
GMX,2025-06-23 18:00:00,13.448
GMX,2025-06-24 18:00:00,14.228
GMX,2025-06-25 18:00:00,13.893
GMX,2025-06-26 18:00:00,13.658
GMX,2025-06-27 18:00:00,13.348
GMX,2025-06-28 18:00:00,13.918
GMX,2025-06-29 18:00:00,13.719
GMX,2025-06-30 18:00:00,13.812
GMX,2025-07-01 18:00:00,13.03
GMX,2025-07-02 18:00:00,14.522
GMX,2025-07-03 18:00:00,14.698
GMX,2025-07-04 18:00:00,13.841
GMX,2025-07-05 18:00:00,13.56
GMX,2025-07-06 18:00:00,13.994
GMX,2025-07-07 18:00:00,13.834
GMX,2025-07-08 18:00:00,14.151
GMX,2025-07-09 18:00:00,11.267
GMX,2025-07-10 18:00:00,11.434
GMX,2025-07-11 18:00:00,13.19
GMX,2025-07-12 18:00:00,12.784
GMX,2025-07-13 18:00:00,13.042
GMX,2025-07-14 18:00:00,12.495
GMX,2025-07-15 18:00:00,12.726
GMX,2025-07-16 18:00:00,13.35
GMX,2025-07-17 18:00:00,13.299
GMX,2025-07-18 18:00:00,13.576
GMX,2025-07-19 18:00:00,13.706
GMX,2025-07-20 18:00:00,13.833
GMX,2025-07-21 18:00:00,13.832
GMX,2025-07-22 18:00:00,13.754
GMX,2025-07-23 18:00:00,13.171
GMX,2025-07-24 18:00:00,13.216
GMX,2025-07-25 18:00:00,12.987
GMX,2025-07-26 18:00:00,13.331
GMX,2025-07-27 18:00:00,13.769
GMX,2025-07-28 18:00:00,13.315
GMX,2025-07-29 18:00:00,12.883
GMX,2025-07-30 18:00:00,12.654
GMX,2025-07-31 18:00:00,13.039
GMX,2025-08-01 18:00:00,12.171
GMX,2025-08-02 18:00:00,12.089
GMX,2025-08-03 18:00:00,12.498
GMX,2025-08-04 18:00:00,13.491
GMX,2025-08-05 18:00:00,13.222
GMX,2025-08-06 18:00:00,13.866
GMX,2025-08-07 18:00:00,14.343
GMX,2025-08-08 18:00:00,14.576
GMX,2025-08-09 18:00:00,14.989
GMX,2025-08-10 18:00:00,18.407
GMX,2025-08-11 18:00:00,16.835
GMX,2025-08-12 18:00:00,16.795
GMX,2025-08-13 18:00:00,17.104
GMX,2025-08-14 18:00:00,15.376
GMX,2025-08-15 18:00:00,15.036
GMX,2025-08-16 18:00:00,15.207
GMX,2025-08-17 18:00:00,15.941
GMX,2025-08-18 18:00:00,15.221
GMX,2025-08-19 18:00:00,14.553
GMX,2025-08-20 18:00:00,15.178
GMX,2025-08-21 18:00:00,15.101
GMX,2025-08-22 18:00:00,15.837
GMX,2025-08-23 18:00:00,15.423
GMX,2025-08-24 18:00:00,15.694
GMX,2025-08-25 18:00:00,15.124
GMX,2025-08-26 18:00:00,15.077
GMX,2025-08-27 18:00:00,15.475
GMX,2025-08-28 18:00:00,15.415
GMX,2025-08-29 18:00:00,14.426
GMX,2025-08-30 18:00:00,14.701
GMX,2025-08-31 18:00:00,14.97
GMX,2025-09-01 18:00:00,14.411
GMX,2025-09-02 18:00:00,14.6
GMX,2025-09-03 18:00:00,14.785
GMX,2025-09-04 18:00:00,13.908
GMX,2025-09-05 18:00:00,14.114
GMX,2025-09-06 18:00:00,14.091
GMX,2025-09-07 18:00:00,14.148
GMX,2025-09-08 18:00:00,14.447
GMX,2025-09-09 18:00:00,14.473
GMX,2025-09-10 18:00:00,14.834
GMX,2025-09-11 18:00:00,14.849
GMX,2025-09-12 18:00:00,15.11
GMX,2025-09-13 18:00:00,15.425
GMX,2025-09-14 18:00:00,15.2
GMX,2025-09-15 18:00:00,14.933
GMX,2025-09-16 18:00:00,15.207
GMX,2025-09-17 18:00:00,15.068
GMX,2025-09-18 18:00:00,16.032
GMX,2025-09-19 18:00:00,15.152
GMX,2025-09-20 18:00:00,15.998
GMX,2025-09-21 18:00:00,15.675
GMX,2025-09-22 18:00:00,14.461
GMX,2025-09-23 18:00:00,16.727
GMX,2025-09-24 18:00:00,18.211
GMX,2025-09-25 18:00:00,16.632
GMX,2025-09-26 18:00:00,16.388
GMX,2025-09-27 18:00:00,17.155
GMX,2025-09-28 18:00:00,16.182
GMX,2025-09-29 18:00:00,16.41
GMX,2025-09-30 18:00:00,15.108
GMX,2025-10-01 18:00:00,15.765
GMX,2025-10-02 18:00:00,16.068
GMX,2025-10-03 18:00:00,15.325
GMX,2025-10-04 18:00:00,15.232
GMX,2025-10-05 18:00:00,14.923
GMX,2025-10-06 18:00:00,14.9
GMX,2025-10-07 18:00:00,14.218
GMX,2025-10-08 18:00:00,14.596
GMX,2025-10-09 18:00:00,13.753
GMX,2025-10-10 18:00:00,12.862
GMX,2025-10-11 18:00:00,10.495
GMX,2025-10-12 18:00:00,11.539
GMX,2025-10-13 18:00:00,11.832
GMX,2025-10-14 18:00:00,11.294
GMX,2025-10-15 18:00:00,11.05
GMX,2025-10-16 18:00:00,10.486
GMX,2025-10-17 18:00:00,10.178
GMX,2025-10-18 18:00:00,10.429
GMX,2025-10-19 18:00:00,10.583
GMX,2025-10-20 18:00:00,10.476
GMX,2025-10-21 18:00:00,10.583
GMX,2025-10-22 18:00:00,9.9896
GMX,2025-10-23 18:00:00,10.39
GMX,2025-10-24 18:00:00,10.626
GMX,2025-10-25 18:00:00,10.425
GMX,2025-10-26 18:00:00,10.647
GMX,2025-10-27 18:00:00,10.6
GMX,2025-10-28 18:00:00,10.409
GMX,2025-10-29 18:00:00,10.144
GMX,2025-10-30 18:00:00,9.4737
GMX,2025-10-31 18:00:00,9.6391
GMX,2025-11-01 18:00:00,9.8398
GMX,2025-11-02 18:00:00,9.7
GMX,2025-11-03 18:00:00,8.8548
GMX,2025-11-04 18:00:00,8.4065
GMX,2025-11-05 18:00:00,9.1547
GMX,2025-11-06 18:00:00,9.0453
GMX,2025-11-07 18:00:00,9.7209
GMX,2025-11-08 18:00:00,9.6136
GMX,2025-11-09 18:00:00,9.9189
GMX,2025-11-10 18:00:00,9.8846
GMX,2025-11-11 18:00:00,9.8059
GMX,2025-11-12 18:00:00,9.4964
GMX,2025-11-13 18:00:00,9.1382
GOAT,2025-06-05 18:00:00,0.1157
GOAT,2025-06-06 18:00:00,0.11222
GOAT,2025-06-07 18:00:00,0.11993
GOAT,2025-06-08 18:00:00,0.12305
GOAT,2025-06-09 18:00:00,0.1254
GOAT,2025-06-10 18:00:00,0.13487
GOAT,2025-06-11 18:00:00,0.13397
GOAT,2025-06-12 18:00:00,0.11585
GOAT,2025-06-13 18:00:00,0.10262
GOAT,2025-06-14 18:00:00,0.10047
GOAT,2025-06-15 18:00:00,0.10278
GOAT,2025-06-16 18:00:00,0.11158
GOAT,2025-06-17 18:00:00,0.097483
GOAT,2025-06-18 18:00:00,0.097974
GOAT,2025-06-19 18:00:00,0.095687
GOAT,2025-06-20 18:00:00,0.096226
GOAT,2025-06-21 18:00:00,0.088205
GOAT,2025-06-22 18:00:00,0.081608
GOAT,2025-06-23 18:00:00,0.091737
GOAT,2025-06-24 18:00:00,0.096342
GOAT,2025-06-25 18:00:00,0.091571
GOAT,2025-06-26 18:00:00,0.086578
GOAT,2025-06-27 18:00:00,0.088581
GOAT,2025-06-28 18:00:00,0.096473
GOAT,2025-06-29 18:00:00,0.097861
GOAT,2025-06-30 18:00:00,0.099058
GOAT,2025-07-01 18:00:00,0.091245
GOAT,2025-07-02 18:00:00,0.10895
GOAT,2025-07-03 18:00:00,0.10508
GOAT,2025-07-04 18:00:00,0.096609
GOAT,2025-07-05 18:00:00,0.094387
GOAT,2025-07-06 18:00:00,0.099436
GOAT,2025-07-07 18:00:00,0.09657
GOAT,2025-07-08 18:00:00,0.10106
GOAT,2025-07-09 18:00:00,0.099511
GOAT,2025-07-10 18:00:00,0.11306
GOAT,2025-07-11 18:00:00,0.14226
GOAT,2025-07-12 18:00:00,0.12527
GOAT,2025-07-13 18:00:00,0.13026
GOAT,2025-07-14 18:00:00,0.12413
GOAT,2025-07-15 18:00:00,0.12543
GOAT,2025-07-16 18:00:00,0.13621
GOAT,2025-07-17 18:00:00,0.12752
GOAT,2025-07-18 18:00:00,0.12623
GOAT,2025-07-19 18:00:00,0.12718
GOAT,2025-07-20 18:00:00,0.13606
GOAT,2025-07-21 18:00:00,0.1372
GOAT,2025-07-22 18:00:00,0.14458
GOAT,2025-07-23 18:00:00,0.13363
GOAT,2025-07-24 18:00:00,0.12258
GOAT,2025-07-25 18:00:00,0.11636
GOAT,2025-07-26 18:00:00,0.1211
GOAT,2025-07-27 18:00:00,0.12429
GOAT,2025-07-28 18:00:00,0.11346
GOAT,2025-07-29 18:00:00,0.10761
GOAT,2025-07-30 18:00:00,0.10259
GOAT,2025-07-31 18:00:00,0.10297
GOAT,2025-08-01 18:00:00,0.095673
GOAT,2025-08-02 18:00:00,0.089402
GOAT,2025-08-03 18:00:00,0.094904
GOAT,2025-08-04 18:00:00,0.097312
GOAT,2025-08-05 18:00:00,0.091571
GOAT,2025-08-06 18:00:00,0.095574
GOAT,2025-08-07 18:00:00,0.097379
GOAT,2025-08-08 18:00:00,0.10233
GOAT,2025-08-09 18:00:00,0.1077
GOAT,2025-08-10 18:00:00,0.10863
GOAT,2025-08-11 18:00:00,0.10207
GOAT,2025-08-12 18:00:00,0.10603
GOAT,2025-08-13 18:00:00,0.10875
GOAT,2025-08-14 18:00:00,0.09643
GOAT,2025-08-15 18:00:00,0.092886
GOAT,2025-08-16 18:00:00,0.095014
GOAT,2025-08-17 18:00:00,0.096397
GOAT,2025-08-18 18:00:00,0.091805
GOAT,2025-08-19 18:00:00,0.086501
GOAT,2025-08-20 18:00:00,0.091361
GOAT,2025-08-21 18:00:00,0.089093
GOAT,2025-08-22 18:00:00,0.096985
GOAT,2025-08-23 18:00:00,0.097162
GOAT,2025-08-24 18:00:00,0.097653
GOAT,2025-08-25 18:00:00,0.084808
GOAT,2025-08-26 18:00:00,0.084729
GOAT,2025-08-27 18:00:00,0.085734
GOAT,2025-08-28 18:00:00,0.087397
GOAT,2025-08-29 18:00:00,0.08046
GOAT,2025-08-30 18:00:00,0.084432
GOAT,2025-08-31 18:00:00,0.08572
GOAT,2025-09-01 18:00:00,0.079308
GOAT,2025-09-02 18:00:00,0.080629
GOAT,2025-09-03 18:00:00,0.083277
GOAT,2025-09-04 18:00:00,0.078146
GOAT,2025-09-05 18:00:00,0.08212
GOAT,2025-09-06 18:00:00,0.08177
GOAT,2025-09-07 18:00:00,0.083177
GOAT,2025-09-08 18:00:00,0.095692
GOAT,2025-09-09 18:00:00,0.09482
GOAT,2025-09-10 18:00:00,0.094152
GOAT,2025-09-11 18:00:00,0.093144
GOAT,2025-09-12 18:00:00,0.11594
GOAT,2025-09-13 18:00:00,0.11145
GOAT,2025-09-14 18:00:00,0.10699
GOAT,2025-09-15 18:00:00,0.098564
GOAT,2025-09-16 18:00:00,0.098282
GOAT,2025-09-17 18:00:00,0.098713
GOAT,2025-09-18 18:00:00,0.10941
GOAT,2025-09-19 18:00:00,0.099032
GOAT,2025-09-20 18:00:00,0.096033
GOAT,2025-09-21 18:00:00,0.097044
GOAT,2025-09-22 18:00:00,0.084041
GOAT,2025-09-23 18:00:00,0.084474
GOAT,2025-09-24 18:00:00,0.084721
GOAT,2025-09-25 18:00:00,0.079284
GOAT,2025-09-26 18:00:00,0.080894
GOAT,2025-09-27 18:00:00,0.079917
GOAT,2025-09-28 18:00:00,0.080105
GOAT,2025-09-29 18:00:00,0.079726
GOAT,2025-09-30 18:00:00,0.0773
GOAT,2025-10-01 18:00:00,0.083686
GOAT,2025-10-02 18:00:00,0.087699
GOAT,2025-10-03 18:00:00,0.088931
GOAT,2025-10-04 18:00:00,0.084681
GOAT,2025-10-05 18:00:00,0.086259
GOAT,2025-10-06 18:00:00,0.090139
GOAT,2025-10-07 18:00:00,0.082381
GOAT,2025-10-08 18:00:00,0.086593
GOAT,2025-10-09 18:00:00,0.080224
GOAT,2025-10-10 18:00:00,0.076169
GOAT,2025-10-11 18:00:00,0.057867
GOAT,2025-10-12 18:00:00,0.061708
GOAT,2025-10-13 18:00:00,0.062132
GOAT,2025-10-14 18:00:00,0.058801
GOAT,2025-10-15 18:00:00,0.056659
GOAT,2025-10-16 18:00:00,0.053645
GOAT,2025-10-17 18:00:00,0.051692
GOAT,2025-10-18 18:00:00,0.052372
GOAT,2025-10-19 18:00:00,0.054656
GOAT,2025-10-20 18:00:00,0.053748
GOAT,2025-10-21 18:00:00,0.05516
GOAT,2025-10-22 18:00:00,0.050737
GOAT,2025-10-23 18:00:00,0.052556
GOAT,2025-10-24 18:00:00,0.052895
GOAT,2025-10-25 18:00:00,0.056121
GOAT,2025-10-26 18:00:00,0.056934
GOAT,2025-10-27 18:00:00,0.057835
GOAT,2025-10-28 18:00:00,0.054974
GOAT,2025-10-29 18:00:00,0.053676
GOAT,2025-10-30 18:00:00,0.047441
GOAT,2025-10-31 18:00:00,0.049839
GOAT,2025-11-01 18:00:00,0.053841
GOAT,2025-11-02 18:00:00,0.051803
GOAT,2025-11-03 18:00:00,0.045244
GOAT,2025-11-04 18:00:00,0.043067
GOAT,2025-11-05 18:00:00,0.045515
GOAT,2025-11-06 18:00:00,0.042885
GOAT,2025-11-07 18:00:00,0.050186
GOAT,2025-11-08 18:00:00,0.047401
GOAT,2025-11-09 18:00:00,0.05067
GOAT,2025-11-10 18:00:00,0.050911
GOAT,2025-11-11 18:00:00,0.048235
GOAT,2025-11-12 18:00:00,0.045475
GOAT,2025-11-13 18:00:00,0.043341
HYPER,2025-06-05 18:00:00,0.12844
HYPER,2025-06-06 18:00:00,0.12214
HYPER,2025-06-07 18:00:00,0.12878
HYPER,2025-06-08 18:00:00,0.13012
HYPER,2025-06-09 18:00:00,0.136
HYPER,2025-06-10 18:00:00,0.13939
HYPER,2025-06-11 18:00:00,0.13357
HYPER,2025-06-12 18:00:00,0.12143
HYPER,2025-06-13 18:00:00,0.10858
HYPER,2025-06-14 18:00:00,0.11133
HYPER,2025-06-15 18:00:00,0.11392
HYPER,2025-06-16 18:00:00,0.11773
HYPER,2025-06-17 18:00:00,0.10726
HYPER,2025-06-18 18:00:00,0.1053
HYPER,2025-06-19 18:00:00,0.10454
HYPER,2025-06-20 18:00:00,0.1053
HYPER,2025-06-21 18:00:00,0.10028
HYPER,2025-06-22 18:00:00,0.089889
HYPER,2025-06-23 18:00:00,0.097551
HYPER,2025-06-24 18:00:00,0.099645
HYPER,2025-06-25 18:00:00,0.099147
HYPER,2025-06-26 18:00:00,0.092803
HYPER,2025-06-27 18:00:00,0.090454
HYPER,2025-06-28 18:00:00,0.098849
HYPER,2025-06-29 18:00:00,0.10536
HYPER,2025-06-30 18:00:00,0.10507
HYPER,2025-07-01 18:00:00,0.099562
HYPER,2025-07-02 18:00:00,0.1081
HYPER,2025-07-03 18:00:00,0.10788
HYPER,2025-07-04 18:00:00,0.10176
HYPER,2025-07-05 18:00:00,0.099214
HYPER,2025-07-06 18:00:00,0.10154
HYPER,2025-07-07 18:00:00,0.10318
HYPER,2025-07-08 18:00:00,0.11
HYPER,2025-07-09 18:00:00,0.11252
HYPER,2025-07-10 18:00:00,0.45818
HYPER,2025-07-11 18:00:00,0.53033
HYPER,2025-07-12 18:00:00,0.47392
HYPER,2025-07-13 18:00:00,0.44075
HYPER,2025-07-14 18:00:00,0.40092
HYPER,2025-07-15 18:00:00,0.41032
HYPER,2025-07-16 18:00:00,0.40451
HYPER,2025-07-17 18:00:00,0.37051
HYPER,2025-07-18 18:00:00,0.35623
HYPER,2025-07-19 18:00:00,0.34524
HYPER,2025-07-20 18:00:00,0.35668
HYPER,2025-07-21 18:00:00,0.34679
HYPER,2025-07-22 18:00:00,0.36626
HYPER,2025-07-23 18:00:00,0.40734
HYPER,2025-07-24 18:00:00,0.43066
HYPER,2025-07-25 18:00:00,0.51522
HYPER,2025-07-26 18:00:00,0.49428
HYPER,2025-07-27 18:00:00,0.45707
HYPER,2025-07-28 18:00:00,0.52327
HYPER,2025-07-29 18:00:00,0.45759
HYPER,2025-07-30 18:00:00,0.43569
HYPER,2025-07-31 18:00:00,0.43067
HYPER,2025-08-01 18:00:00,0.39081
HYPER,2025-08-02 18:00:00,0.37709
HYPER,2025-08-03 18:00:00,0.39073
HYPER,2025-08-04 18:00:00,0.41826
HYPER,2025-08-05 18:00:00,0.39825
HYPER,2025-08-06 18:00:00,0.399
HYPER,2025-08-07 18:00:00,0.39464
HYPER,2025-08-08 18:00:00,0.40218
HYPER,2025-08-09 18:00:00,0.40837
HYPER,2025-08-10 18:00:00,0.41896
HYPER,2025-08-11 18:00:00,0.39831
HYPER,2025-08-12 18:00:00,0.3858
HYPER,2025-08-13 18:00:00,0.38316
HYPER,2025-08-14 18:00:00,0.3487
HYPER,2025-08-15 18:00:00,0.34673
HYPER,2025-08-16 18:00:00,0.35768
HYPER,2025-08-17 18:00:00,0.35991
HYPER,2025-08-18 18:00:00,0.33548
HYPER,2025-08-19 18:00:00,0.31533
HYPER,2025-08-20 18:00:00,0.36169
HYPER,2025-08-21 18:00:00,0.32529
HYPER,2025-08-22 18:00:00,0.33912
HYPER,2025-08-23 18:00:00,0.32705
HYPER,2025-08-24 18:00:00,0.32991
HYPER,2025-08-25 18:00:00,0.30218
HYPER,2025-08-26 18:00:00,0.31256
HYPER,2025-08-27 18:00:00,0.31847
HYPER,2025-08-28 18:00:00,0.30706
HYPER,2025-08-29 18:00:00,0.30389
HYPER,2025-08-30 18:00:00,0.3057
HYPER,2025-08-31 18:00:00,0.30053
HYPER,2025-09-01 18:00:00,0.28992
HYPER,2025-09-02 18:00:00,0.28995
HYPER,2025-09-03 18:00:00,0.30681
HYPER,2025-09-04 18:00:00,0.28486
HYPER,2025-09-05 18:00:00,0.29253
HYPER,2025-09-06 18:00:00,0.29645
HYPER,2025-09-07 18:00:00,0.30263
HYPER,2025-09-08 18:00:00,0.3197
HYPER,2025-09-09 18:00:00,0.31491
HYPER,2025-09-10 18:00:00,0.31792
HYPER,2025-09-11 18:00:00,0.32149
HYPER,2025-09-12 18:00:00,0.32796
HYPER,2025-09-13 18:00:00,0.34032
HYPER,2025-09-14 18:00:00,0.32486
HYPER,2025-09-15 18:00:00,0.30054
HYPER,2025-09-16 18:00:00,0.31087
HYPER,2025-09-17 18:00:00,0.30002
HYPER,2025-09-18 18:00:00,0.31954
HYPER,2025-09-19 18:00:00,0.30447
HYPER,2025-09-20 18:00:00,0.30388
HYPER,2025-09-21 18:00:00,0.30946
HYPER,2025-09-22 18:00:00,0.26291
HYPER,2025-09-23 18:00:00,0.26288
HYPER,2025-09-24 18:00:00,0.29326
HYPER,2025-09-25 18:00:00,0.26345
HYPER,2025-09-26 18:00:00,0.25962
HYPER,2025-09-27 18:00:00,0.25812
HYPER,2025-09-28 18:00:00,0.26104
HYPER,2025-09-29 18:00:00,0.24064
HYPER,2025-09-30 18:00:00,0.23607
HYPER,2025-10-01 18:00:00,0.26087
HYPER,2025-10-02 18:00:00,0.27724
HYPER,2025-10-03 18:00:00,0.28275
HYPER,2025-10-04 18:00:00,0.27178
HYPER,2025-10-05 18:00:00,0.27087
HYPER,2025-10-06 18:00:00,0.30386
HYPER,2025-10-07 18:00:00,0.26678
HYPER,2025-10-08 18:00:00,0.27762
HYPER,2025-10-09 18:00:00,0.25916
HYPER,2025-10-10 18:00:00,0.24445
HYPER,2025-10-11 18:00:00,0.19775
HYPER,2025-10-12 18:00:00,0.20612
HYPER,2025-10-13 18:00:00,0.21928
HYPER,2025-10-14 18:00:00,0.21288
HYPER,2025-10-15 18:00:00,0.21155
HYPER,2025-10-16 18:00:00,0.19696
HYPER,2025-10-17 18:00:00,0.19376
HYPER,2025-10-18 18:00:00,0.20536
HYPER,2025-10-19 18:00:00,0.20353
HYPER,2025-10-20 18:00:00,0.20002
HYPER,2025-10-21 18:00:00,0.20695
HYPER,2025-10-22 18:00:00,0.18443
HYPER,2025-10-23 18:00:00,0.19234
HYPER,2025-10-24 18:00:00,0.19116
HYPER,2025-10-25 18:00:00,0.20162
HYPER,2025-10-26 18:00:00,0.2016
HYPER,2025-10-27 18:00:00,0.19964
HYPER,2025-10-28 18:00:00,0.19638
HYPER,2025-10-29 18:00:00,0.18875
HYPER,2025-10-30 18:00:00,0.16918
HYPER,2025-10-31 18:00:00,0.17428
HYPER,2025-11-01 18:00:00,0.18681
HYPER,2025-11-02 18:00:00,0.18249
HYPER,2025-11-03 18:00:00,0.15846
HYPER,2025-11-04 18:00:00,0.14996
HYPER,2025-11-05 18:00:00,0.16302
HYPER,2025-11-06 18:00:00,0.15916
HYPER,2025-11-07 18:00:00,0.17989
HYPER,2025-11-08 18:00:00,0.17144
HYPER,2025-11-09 18:00:00,0.1787
HYPER,2025-11-10 18:00:00,0.17283
HYPER,2025-11-11 18:00:00,0.16968
HYPER,2025-11-12 18:00:00,0.16222
HYPER,2025-11-13 18:00:00,0.15622
ICP,2025-09-27 18:00:00,4.167
ICP,2025-09-28 18:00:00,4.222
ICP,2025-09-29 18:00:00,4.21
ICP,2025-09-30 18:00:00,4.122
ICP,2025-10-01 18:00:00,4.425
ICP,2025-10-02 18:00:00,4.558
ICP,2025-10-03 18:00:00,4.616
ICP,2025-10-04 18:00:00,4.454
ICP,2025-10-05 18:00:00,4.555
ICP,2025-10-06 18:00:00,4.675
ICP,2025-10-07 18:00:00,4.399
ICP,2025-10-08 18:00:00,4.523
ICP,2025-10-09 18:00:00,4.313
ICP,2025-10-10 18:00:00,4.175
ICP,2025-10-11 18:00:00,3.259
ICP,2025-10-12 18:00:00,3.466
ICP,2025-10-13 18:00:00,3.641
ICP,2025-10-14 18:00:00,3.554
ICP,2025-10-15 18:00:00,3.361
ICP,2025-10-16 18:00:00,3.195
ICP,2025-10-17 18:00:00,2.967
ICP,2025-10-18 18:00:00,3.049
ICP,2025-10-19 18:00:00,3.092
ICP,2025-10-20 18:00:00,3.138
ICP,2025-10-21 18:00:00,3.21
ICP,2025-10-22 18:00:00,2.973
ICP,2025-10-23 18:00:00,3.044
ICP,2025-10-24 18:00:00,3.09
ICP,2025-10-25 18:00:00,3.122
ICP,2025-10-26 18:00:00,3.236
ICP,2025-10-27 18:00:00,3.236
ICP,2025-10-28 18:00:00,3.176
ICP,2025-10-29 18:00:00,3.102
ICP,2025-10-30 18:00:00,2.8
ICP,2025-10-31 18:00:00,2.915
ICP,2025-11-01 18:00:00,3.47
ICP,2025-11-02 18:00:00,4.157
ICP,2025-11-03 18:00:00,3.934
ICP,2025-11-04 18:00:00,5.652
ICP,2025-11-05 18:00:00,5.22
ICP,2025-11-06 18:00:00,6.913
ICP,2025-11-07 18:00:00,7.589
ICP,2025-11-08 18:00:00,8.8366
ICP,2025-11-09 18:00:00,7.9209
ICP,2025-11-10 18:00:00,6.7607
ICP,2025-11-11 18:00:00,6.2856
ICP,2025-11-12 18:00:00,6.1897
ICP,2025-11-13 18:00:00,5.8076
IMX,2025-06-05 18:00:00,0.52593
IMX,2025-06-06 18:00:00,0.49807
IMX,2025-06-07 18:00:00,0.52849
IMX,2025-06-08 18:00:00,0.52916
IMX,2025-06-09 18:00:00,0.52111
IMX,2025-06-10 18:00:00,0.55179
IMX,2025-06-11 18:00:00,0.54273
IMX,2025-06-12 18:00:00,0.49671
IMX,2025-06-13 18:00:00,0.45671
IMX,2025-06-14 18:00:00,0.45403
IMX,2025-06-15 18:00:00,0.45621
IMX,2025-06-16 18:00:00,0.48114
IMX,2025-06-17 18:00:00,0.41374
IMX,2025-06-18 18:00:00,0.39592
IMX,2025-06-19 18:00:00,0.40403
IMX,2025-06-20 18:00:00,0.38815
IMX,2025-06-21 18:00:00,0.37512
IMX,2025-06-22 18:00:00,0.35333
IMX,2025-06-23 18:00:00,0.39532
IMX,2025-06-24 18:00:00,0.42047
IMX,2025-06-25 18:00:00,0.41158
IMX,2025-06-26 18:00:00,0.40075
IMX,2025-06-27 18:00:00,0.40278
IMX,2025-06-28 18:00:00,0.42428
IMX,2025-06-29 18:00:00,0.43587
IMX,2025-06-30 18:00:00,0.44206
IMX,2025-07-01 18:00:00,0.42113
IMX,2025-07-02 18:00:00,0.46111
IMX,2025-07-03 18:00:00,0.46049
IMX,2025-07-04 18:00:00,0.42977
IMX,2025-07-05 18:00:00,0.41465
IMX,2025-07-06 18:00:00,0.42165
IMX,2025-07-07 18:00:00,0.4173
IMX,2025-07-08 18:00:00,0.42698
IMX,2025-07-09 18:00:00,0.43345
IMX,2025-07-10 18:00:00,0.47033
IMX,2025-07-11 18:00:00,0.52347
IMX,2025-07-12 18:00:00,0.49674
IMX,2025-07-13 18:00:00,0.54138
IMX,2025-07-14 18:00:00,0.52625
IMX,2025-07-15 18:00:00,0.53611
IMX,2025-07-16 18:00:00,0.55515
IMX,2025-07-17 18:00:00,0.54757
IMX,2025-07-18 18:00:00,0.58335
IMX,2025-07-19 18:00:00,0.61939
IMX,2025-07-20 18:00:00,0.65476
IMX,2025-07-21 18:00:00,0.64012
IMX,2025-07-22 18:00:00,0.63137
IMX,2025-07-23 18:00:00,0.57957
IMX,2025-07-24 18:00:00,0.55912
IMX,2025-07-25 18:00:00,0.5454
IMX,2025-07-26 18:00:00,0.57282
IMX,2025-07-27 18:00:00,0.59729
IMX,2025-07-28 18:00:00,0.56382
IMX,2025-07-29 18:00:00,0.56092
IMX,2025-07-30 18:00:00,0.54145
IMX,2025-07-31 18:00:00,0.5367
IMX,2025-08-01 18:00:00,0.49913
IMX,2025-08-02 18:00:00,0.47337
IMX,2025-08-03 18:00:00,0.4959
IMX,2025-08-04 18:00:00,0.51369
IMX,2025-08-05 18:00:00,0.49424
IMX,2025-08-06 18:00:00,0.50744
IMX,2025-08-07 18:00:00,0.52514
IMX,2025-08-08 18:00:00,0.55333
IMX,2025-08-09 18:00:00,0.58542
IMX,2025-08-10 18:00:00,0.60136
IMX,2025-08-11 18:00:00,0.57109
IMX,2025-08-12 18:00:00,0.58604
IMX,2025-08-13 18:00:00,0.61578
IMX,2025-08-14 18:00:00,0.56583
IMX,2025-08-15 18:00:00,0.55307
IMX,2025-08-16 18:00:00,0.57984
IMX,2025-08-17 18:00:00,0.58964
IMX,2025-08-18 18:00:00,0.56414
IMX,2025-08-19 18:00:00,0.53064
IMX,2025-08-20 18:00:00,0.54943
IMX,2025-08-21 18:00:00,0.54019
IMX,2025-08-22 18:00:00,0.5964
IMX,2025-08-23 18:00:00,0.60142
IMX,2025-08-24 18:00:00,0.60528
IMX,2025-08-25 18:00:00,0.54181
IMX,2025-08-26 18:00:00,0.53784
IMX,2025-08-27 18:00:00,0.54694
IMX,2025-08-28 18:00:00,0.5424
IMX,2025-08-29 18:00:00,0.5097
IMX,2025-08-30 18:00:00,0.51312
IMX,2025-08-31 18:00:00,0.52
IMX,2025-09-01 18:00:00,0.50185
IMX,2025-09-02 18:00:00,0.51828
IMX,2025-09-03 18:00:00,0.52382
IMX,2025-09-04 18:00:00,0.49554
IMX,2025-09-05 18:00:00,0.51567
IMX,2025-09-06 18:00:00,0.51372
IMX,2025-09-07 18:00:00,0.5066
IMX,2025-09-08 18:00:00,0.54245
IMX,2025-09-09 18:00:00,0.54017
IMX,2025-09-10 18:00:00,0.55131
IMX,2025-09-11 18:00:00,0.58024
IMX,2025-09-12 18:00:00,0.60688
IMX,2025-09-13 18:00:00,0.66617
IMX,2025-09-14 18:00:00,0.65112
IMX,2025-09-15 18:00:00,0.62213
IMX,2025-09-16 18:00:00,0.6894
IMX,2025-09-17 18:00:00,0.72692
IMX,2025-09-18 18:00:00,0.86852
IMX,2025-09-19 18:00:00,0.84976
IMX,2025-09-20 18:00:00,0.8136
IMX,2025-09-21 18:00:00,0.77795
IMX,2025-09-22 18:00:00,0.69048
IMX,2025-09-23 18:00:00,0.66994
IMX,2025-09-24 18:00:00,0.74017
IMX,2025-09-25 18:00:00,0.73252
IMX,2025-09-26 18:00:00,0.71421
IMX,2025-09-27 18:00:00,0.7698
IMX,2025-09-28 18:00:00,0.76175
IMX,2025-09-29 18:00:00,0.75882
IMX,2025-09-30 18:00:00,0.68515
IMX,2025-10-01 18:00:00,0.70907
IMX,2025-10-02 18:00:00,0.71568
IMX,2025-10-03 18:00:00,0.79875
IMX,2025-10-04 18:00:00,0.74651
IMX,2025-10-05 18:00:00,0.75098
IMX,2025-10-06 18:00:00,0.76345
IMX,2025-10-07 18:00:00,0.70525
IMX,2025-10-08 18:00:00,0.72712
IMX,2025-10-09 18:00:00,0.68249
IMX,2025-10-10 18:00:00,0.63824
IMX,2025-10-11 18:00:00,0.49747
IMX,2025-10-12 18:00:00,0.53443
IMX,2025-10-13 18:00:00,0.59341
IMX,2025-10-14 18:00:00,0.57512
IMX,2025-10-15 18:00:00,0.53623
IMX,2025-10-16 18:00:00,0.52199
IMX,2025-10-17 18:00:00,0.49479
IMX,2025-10-18 18:00:00,0.49533
IMX,2025-10-19 18:00:00,0.51776
IMX,2025-10-20 18:00:00,0.52565
IMX,2025-10-21 18:00:00,0.54388
IMX,2025-10-22 18:00:00,0.50483
IMX,2025-10-23 18:00:00,0.51605
IMX,2025-10-24 18:00:00,0.52042
IMX,2025-10-25 18:00:00,0.53763
IMX,2025-10-26 18:00:00,0.55197
IMX,2025-10-27 18:00:00,0.55258
IMX,2025-10-28 18:00:00,0.53608
IMX,2025-10-29 18:00:00,0.5292
IMX,2025-10-30 18:00:00,0.46738
IMX,2025-10-31 18:00:00,0.48019
IMX,2025-11-01 18:00:00,0.51359
IMX,2025-11-02 18:00:00,0.49466
IMX,2025-11-03 18:00:00,0.44452
IMX,2025-11-04 18:00:00,0.41362
IMX,2025-11-05 18:00:00,0.42591
IMX,2025-11-06 18:00:00,0.40815
IMX,2025-11-07 18:00:00,0.43855
IMX,2025-11-08 18:00:00,0.43344
IMX,2025-11-09 18:00:00,0.43412
IMX,2025-11-10 18:00:00,0.44907
IMX,2025-11-11 18:00:00,0.44107
IMX,2025-11-12 18:00:00,0.41729
IMX,2025-11-13 18:00:00,0.39709
INIT,2025-06-05 18:00:00,0.69291
INIT,2025-06-06 18:00:00,0.63546
INIT,2025-06-07 18:00:00,0.68981
INIT,2025-06-08 18:00:00,0.69221
INIT,2025-06-09 18:00:00,0.64483
INIT,2025-06-10 18:00:00,0.7275
INIT,2025-06-11 18:00:00,0.69992
INIT,2025-06-12 18:00:00,0.56842
INIT,2025-06-13 18:00:00,0.53532
INIT,2025-06-14 18:00:00,0.53463
INIT,2025-06-15 18:00:00,0.52755
INIT,2025-06-16 18:00:00,0.55043
INIT,2025-06-17 18:00:00,0.50796
INIT,2025-06-18 18:00:00,0.49301
INIT,2025-06-19 18:00:00,0.48958
INIT,2025-06-20 18:00:00,0.45702
INIT,2025-06-21 18:00:00,0.4184
INIT,2025-06-22 18:00:00,0.39401
INIT,2025-06-23 18:00:00,0.42635
INIT,2025-06-24 18:00:00,0.45752
INIT,2025-06-25 18:00:00,0.44399
INIT,2025-06-26 18:00:00,0.40649
INIT,2025-06-27 18:00:00,0.40401
INIT,2025-06-28 18:00:00,0.41843
INIT,2025-06-29 18:00:00,0.42919
INIT,2025-06-30 18:00:00,0.43181
INIT,2025-07-01 18:00:00,0.39905
INIT,2025-07-02 18:00:00,0.45406
INIT,2025-07-03 18:00:00,0.44273
INIT,2025-07-04 18:00:00,0.4093
INIT,2025-07-05 18:00:00,0.38685
INIT,2025-07-06 18:00:00,0.41221
INIT,2025-07-07 18:00:00,0.38058
INIT,2025-07-08 18:00:00,0.35434
INIT,2025-07-09 18:00:00,0.35408
INIT,2025-07-10 18:00:00,0.44811
INIT,2025-07-11 18:00:00,0.50805
INIT,2025-07-12 18:00:00,0.51362
INIT,2025-07-13 18:00:00,0.50535
INIT,2025-07-14 18:00:00,0.5025
INIT,2025-07-15 18:00:00,0.48613
INIT,2025-07-16 18:00:00,0.49713
INIT,2025-07-17 18:00:00,0.4705
INIT,2025-07-18 18:00:00,0.4334
INIT,2025-07-19 18:00:00,0.44736
INIT,2025-07-20 18:00:00,0.55295
INIT,2025-07-21 18:00:00,0.49833
INIT,2025-07-22 18:00:00,0.4811
INIT,2025-07-23 18:00:00,0.51649
INIT,2025-07-24 18:00:00,0.42452
INIT,2025-07-25 18:00:00,0.4222
INIT,2025-07-26 18:00:00,0.43462
INIT,2025-07-27 18:00:00,0.45702
INIT,2025-07-28 18:00:00,0.42235
INIT,2025-07-29 18:00:00,0.41302
INIT,2025-07-30 18:00:00,0.40528
INIT,2025-07-31 18:00:00,0.43098
INIT,2025-08-01 18:00:00,0.38865
INIT,2025-08-02 18:00:00,0.35431
INIT,2025-08-03 18:00:00,0.39972
INIT,2025-08-04 18:00:00,0.42781
INIT,2025-08-05 18:00:00,0.40777
INIT,2025-08-06 18:00:00,0.41731
INIT,2025-08-07 18:00:00,0.41128
INIT,2025-08-08 18:00:00,0.44504
INIT,2025-08-09 18:00:00,0.4611
INIT,2025-08-10 18:00:00,0.45064
INIT,2025-08-11 18:00:00,0.43093
INIT,2025-08-12 18:00:00,0.45666
INIT,2025-08-13 18:00:00,0.47253
INIT,2025-08-14 18:00:00,0.42202
INIT,2025-08-15 18:00:00,0.38983
INIT,2025-08-16 18:00:00,0.40289
INIT,2025-08-17 18:00:00,0.40605
INIT,2025-08-18 18:00:00,0.38548
INIT,2025-08-19 18:00:00,0.36374
INIT,2025-08-20 18:00:00,0.37418
INIT,2025-08-21 18:00:00,0.36277
INIT,2025-08-22 18:00:00,0.39518
INIT,2025-08-23 18:00:00,0.39635
INIT,2025-08-24 18:00:00,0.3997
INIT,2025-08-25 18:00:00,0.35543
INIT,2025-08-26 18:00:00,0.35282
INIT,2025-08-27 18:00:00,0.35275
INIT,2025-08-28 18:00:00,0.3561
INIT,2025-08-29 18:00:00,0.33344
INIT,2025-08-30 18:00:00,0.33992
INIT,2025-08-31 18:00:00,0.34218
INIT,2025-09-01 18:00:00,0.31342
INIT,2025-09-02 18:00:00,0.32068
INIT,2025-09-03 18:00:00,0.3266
INIT,2025-09-04 18:00:00,0.30852
INIT,2025-09-05 18:00:00,0.32359
INIT,2025-09-06 18:00:00,0.32231
INIT,2025-09-07 18:00:00,0.33199
INIT,2025-09-08 18:00:00,0.36347
INIT,2025-09-09 18:00:00,0.35758
INIT,2025-09-10 18:00:00,0.3661
INIT,2025-09-11 18:00:00,0.37152
INIT,2025-09-12 18:00:00,0.38666
INIT,2025-09-13 18:00:00,0.38055
INIT,2025-09-14 18:00:00,0.36554
INIT,2025-09-15 18:00:00,0.34601
INIT,2025-09-16 18:00:00,0.3594
INIT,2025-09-17 18:00:00,0.35758
INIT,2025-09-18 18:00:00,0.40173
INIT,2025-09-19 18:00:00,0.37468
INIT,2025-09-20 18:00:00,0.37364
INIT,2025-09-21 18:00:00,0.36893
INIT,2025-09-22 18:00:00,0.32085
INIT,2025-09-23 18:00:00,0.31789
INIT,2025-09-24 18:00:00,0.32689
INIT,2025-09-25 18:00:00,0.30371
INIT,2025-09-26 18:00:00,0.3139
INIT,2025-09-27 18:00:00,0.30709
INIT,2025-09-28 18:00:00,0.31368
INIT,2025-09-29 18:00:00,0.31136
INIT,2025-09-30 18:00:00,0.30337
INIT,2025-10-01 18:00:00,0.32412
INIT,2025-10-02 18:00:00,0.3283
INIT,2025-10-03 18:00:00,0.33824
INIT,2025-10-04 18:00:00,0.32027
INIT,2025-10-05 18:00:00,0.32404
INIT,2025-10-06 18:00:00,0.34397
INIT,2025-10-07 18:00:00,0.31225
INIT,2025-10-08 18:00:00,0.32504
INIT,2025-10-09 18:00:00,0.30245
INIT,2025-10-10 18:00:00,0.29383
INIT,2025-10-11 18:00:00,0.18434
INIT,2025-10-12 18:00:00,0.19161
INIT,2025-10-13 18:00:00,0.20504
INIT,2025-10-14 18:00:00,0.19692
INIT,2025-10-15 18:00:00,0.18751
INIT,2025-10-16 18:00:00,0.1785
INIT,2025-10-17 18:00:00,0.17024
INIT,2025-10-18 18:00:00,0.17411
INIT,2025-10-19 18:00:00,0.18174
INIT,2025-10-20 18:00:00,0.17931
INIT,2025-10-21 18:00:00,0.17973
INIT,2025-10-22 18:00:00,0.16585
INIT,2025-10-23 18:00:00,0.16673
INIT,2025-10-24 18:00:00,0.16687
INIT,2025-10-25 18:00:00,0.17196
INIT,2025-10-26 18:00:00,0.17228
INIT,2025-10-27 18:00:00,0.16662
INIT,2025-10-28 18:00:00,0.16624
INIT,2025-10-29 18:00:00,0.15409
INIT,2025-10-30 18:00:00,0.1334
INIT,2025-10-31 18:00:00,0.1363
INIT,2025-11-01 18:00:00,0.1335
INIT,2025-11-02 18:00:00,0.1374
INIT,2025-11-03 18:00:00,0.12336
INIT,2025-11-04 18:00:00,0.11334
INIT,2025-11-05 18:00:00,0.12134
INIT,2025-11-06 18:00:00,0.11597
INIT,2025-11-07 18:00:00,0.13436
INIT,2025-11-08 18:00:00,0.12892
INIT,2025-11-09 18:00:00,0.13765
INIT,2025-11-10 18:00:00,0.13031
INIT,2025-11-11 18:00:00,0.1269
INIT,2025-11-12 18:00:00,0.12015
INIT,2025-11-13 18:00:00,0.12106
INJ,2025-06-05 18:00:00,11.999
INJ,2025-06-06 18:00:00,11.952
INJ,2025-06-07 18:00:00,12.862
INJ,2025-06-08 18:00:00,13.41
INJ,2025-06-09 18:00:00,13.614
INJ,2025-06-10 18:00:00,13.904
INJ,2025-06-11 18:00:00,13.63
INJ,2025-06-12 18:00:00,12.895
INJ,2025-06-13 18:00:00,11.473
INJ,2025-06-14 18:00:00,11.391
INJ,2025-06-15 18:00:00,11.44
INJ,2025-06-16 18:00:00,12.184
INJ,2025-06-17 18:00:00,11.159
INJ,2025-06-18 18:00:00,10.756
INJ,2025-06-19 18:00:00,11.254
INJ,2025-06-20 18:00:00,11.044
INJ,2025-06-21 18:00:00,10.48
INJ,2025-06-22 18:00:00,9.201
INJ,2025-06-23 18:00:00,10.089
INJ,2025-06-24 18:00:00,11.581
INJ,2025-06-25 18:00:00,11.198
INJ,2025-06-26 18:00:00,10.791
INJ,2025-06-27 18:00:00,10.374
INJ,2025-06-28 18:00:00,10.857
INJ,2025-06-29 18:00:00,10.917
INJ,2025-06-30 18:00:00,10.826
INJ,2025-07-01 18:00:00,10.267
INJ,2025-07-02 18:00:00,11.292
INJ,2025-07-03 18:00:00,11.428
INJ,2025-07-04 18:00:00,10.816
INJ,2025-07-05 18:00:00,10.405
INJ,2025-07-06 18:00:00,10.644
INJ,2025-07-07 18:00:00,10.412
INJ,2025-07-08 18:00:00,10.567
INJ,2025-07-09 18:00:00,10.611
INJ,2025-07-10 18:00:00,11.362
INJ,2025-07-11 18:00:00,12.926
INJ,2025-07-12 18:00:00,12.295
INJ,2025-07-13 18:00:00,12.659
INJ,2025-07-14 18:00:00,12.273
INJ,2025-07-15 18:00:00,13.013
INJ,2025-07-16 18:00:00,13.717
INJ,2025-07-17 18:00:00,13.963
INJ,2025-07-18 18:00:00,13.76
INJ,2025-07-19 18:00:00,13.991
INJ,2025-07-20 18:00:00,15.033
INJ,2025-07-21 18:00:00,15.115
INJ,2025-07-22 18:00:00,14.997
INJ,2025-07-23 18:00:00,13.942
INJ,2025-07-24 18:00:00,13.93
INJ,2025-07-25 18:00:00,13.333
INJ,2025-07-26 18:00:00,14.672
INJ,2025-07-27 18:00:00,15.385
INJ,2025-07-28 18:00:00,14.831
INJ,2025-07-29 18:00:00,14.125
INJ,2025-07-30 18:00:00,13.583
INJ,2025-07-31 18:00:00,13.836
INJ,2025-08-01 18:00:00,12.692
INJ,2025-08-02 18:00:00,11.989
INJ,2025-08-03 18:00:00,12.986
INJ,2025-08-04 18:00:00,13.377
INJ,2025-08-05 18:00:00,13.065
INJ,2025-08-06 18:00:00,13.055
INJ,2025-08-07 18:00:00,13.575
INJ,2025-08-08 18:00:00,14.204
INJ,2025-08-09 18:00:00,14.669
INJ,2025-08-10 18:00:00,14.38
INJ,2025-08-11 18:00:00,14.027
INJ,2025-08-12 18:00:00,14.615
INJ,2025-08-13 18:00:00,15.754
INJ,2025-08-14 18:00:00,15.25
INJ,2025-08-15 18:00:00,14.191
INJ,2025-08-16 18:00:00,14.517
INJ,2025-08-17 18:00:00,15.449
INJ,2025-08-18 18:00:00,14.572
INJ,2025-08-19 18:00:00,13.354
INJ,2025-08-20 18:00:00,13.795
INJ,2025-08-21 18:00:00,13.473
INJ,2025-08-22 18:00:00,14.845
INJ,2025-08-23 18:00:00,14.613
INJ,2025-08-24 18:00:00,15.047
INJ,2025-08-25 18:00:00,13.313
INJ,2025-08-26 18:00:00,13.345
INJ,2025-08-27 18:00:00,13.43
INJ,2025-08-28 18:00:00,13.961
INJ,2025-08-29 18:00:00,12.746
INJ,2025-08-30 18:00:00,12.889
INJ,2025-08-31 18:00:00,13.025
INJ,2025-09-01 18:00:00,12.551
INJ,2025-09-02 18:00:00,12.836
INJ,2025-09-03 18:00:00,13.286
INJ,2025-09-04 18:00:00,12.422
INJ,2025-09-05 18:00:00,12.875
INJ,2025-09-06 18:00:00,12.922
INJ,2025-09-07 18:00:00,12.922
INJ,2025-09-08 18:00:00,13.552
INJ,2025-09-09 18:00:00,14.03
INJ,2025-09-10 18:00:00,13.949
INJ,2025-09-11 18:00:00,14.091
INJ,2025-09-12 18:00:00,14.42
INJ,2025-09-13 18:00:00,14.478
INJ,2025-09-14 18:00:00,14.056
INJ,2025-09-15 18:00:00,13.436
INJ,2025-09-16 18:00:00,13.752
INJ,2025-09-17 18:00:00,13.696
INJ,2025-09-18 18:00:00,14.608
INJ,2025-09-19 18:00:00,13.934
INJ,2025-09-20 18:00:00,13.82
INJ,2025-09-21 18:00:00,13.7
INJ,2025-09-22 18:00:00,12.258
INJ,2025-09-23 18:00:00,12.219
INJ,2025-09-24 18:00:00,12.498
INJ,2025-09-25 18:00:00,11.586
INJ,2025-09-26 18:00:00,11.892
INJ,2025-09-27 18:00:00,11.757
INJ,2025-09-28 18:00:00,11.833
INJ,2025-09-29 18:00:00,11.988
INJ,2025-09-30 18:00:00,11.724
INJ,2025-10-01 18:00:00,12.5
INJ,2025-10-02 18:00:00,12.84
INJ,2025-10-03 18:00:00,13.267
INJ,2025-10-04 18:00:00,12.436
INJ,2025-10-05 18:00:00,12.724
INJ,2025-10-06 18:00:00,13.257
INJ,2025-10-07 18:00:00,12.413
INJ,2025-10-08 18:00:00,12.773
INJ,2025-10-09 18:00:00,12.046
INJ,2025-10-10 18:00:00,11.38
INJ,2025-10-11 18:00:00,8.8178
INJ,2025-10-12 18:00:00,9.5688
INJ,2025-10-13 18:00:00,9.8705
INJ,2025-10-14 18:00:00,9.584
INJ,2025-10-15 18:00:00,9.1549
INJ,2025-10-16 18:00:00,8.7621
INJ,2025-10-17 18:00:00,8.3326
INJ,2025-10-18 18:00:00,8.4317
INJ,2025-10-19 18:00:00,8.6552
INJ,2025-10-20 18:00:00,8.7904
INJ,2025-10-21 18:00:00,8.9529
INJ,2025-10-22 18:00:00,8.2998
INJ,2025-10-23 18:00:00,8.4795
INJ,2025-10-24 18:00:00,8.3691
INJ,2025-10-25 18:00:00,8.4633
INJ,2025-10-26 18:00:00,8.8926
INJ,2025-10-27 18:00:00,8.8056
INJ,2025-10-28 18:00:00,8.6045
INJ,2025-10-29 18:00:00,8.5653
INJ,2025-10-30 18:00:00,7.5097
INJ,2025-10-31 18:00:00,7.57
INJ,2025-11-01 18:00:00,7.8286
INJ,2025-11-02 18:00:00,7.5734
INJ,2025-11-03 18:00:00,6.9201
INJ,2025-11-04 18:00:00,6.4859
INJ,2025-11-05 18:00:00,6.7015
INJ,2025-11-06 18:00:00,6.3151
INJ,2025-11-07 18:00:00,7.6657
INJ,2025-11-08 18:00:00,7.4843
INJ,2025-11-09 18:00:00,7.4622
INJ,2025-11-10 18:00:00,8.0835
INJ,2025-11-11 18:00:00,7.8096
INJ,2025-11-12 18:00:00,7.2356
INJ,2025-11-13 18:00:00,6.9388
IOTA,2025-06-05 18:00:00,0.17791
IOTA,2025-06-06 18:00:00,0.17465
IOTA,2025-06-07 18:00:00,0.17909
IOTA,2025-06-08 18:00:00,0.18225
IOTA,2025-06-09 18:00:00,0.18632
IOTA,2025-06-10 18:00:00,0.1948
IOTA,2025-06-11 18:00:00,0.19205
IOTA,2025-06-12 18:00:00,0.18204
IOTA,2025-06-13 18:00:00,0.16892
IOTA,2025-06-14 18:00:00,0.16664
IOTA,2025-06-15 18:00:00,0.16945
IOTA,2025-06-16 18:00:00,0.17495
IOTA,2025-06-17 18:00:00,0.16304
IOTA,2025-06-18 18:00:00,0.15981
IOTA,2025-06-19 18:00:00,0.16301
IOTA,2025-06-20 18:00:00,0.15965
IOTA,2025-06-21 18:00:00,0.15379
IOTA,2025-06-22 18:00:00,0.14278
IOTA,2025-06-23 18:00:00,0.15309
IOTA,2025-06-24 18:00:00,0.16192
IOTA,2025-06-25 18:00:00,0.15724
IOTA,2025-06-26 18:00:00,0.15107
IOTA,2025-06-27 18:00:00,0.15071
IOTA,2025-06-28 18:00:00,0.15829
IOTA,2025-06-29 18:00:00,0.15665
IOTA,2025-06-30 18:00:00,0.15901
IOTA,2025-07-01 18:00:00,0.1506
IOTA,2025-07-02 18:00:00,0.16468
IOTA,2025-07-03 18:00:00,0.16269
IOTA,2025-07-04 18:00:00,0.15321
IOTA,2025-07-05 18:00:00,0.15315
IOTA,2025-07-06 18:00:00,0.15797
IOTA,2025-07-07 18:00:00,0.15783
IOTA,2025-07-08 18:00:00,0.16106
IOTA,2025-07-09 18:00:00,0.16768
IOTA,2025-07-10 18:00:00,0.17491
IOTA,2025-07-11 18:00:00,0.19447
IOTA,2025-07-12 18:00:00,0.1878
IOTA,2025-07-13 18:00:00,0.21731
IOTA,2025-07-14 18:00:00,0.22109
IOTA,2025-07-15 18:00:00,0.22269
IOTA,2025-07-16 18:00:00,0.22538
IOTA,2025-07-17 18:00:00,0.23347
IOTA,2025-07-18 18:00:00,0.2331
IOTA,2025-07-19 18:00:00,0.22873
IOTA,2025-07-20 18:00:00,0.24503
IOTA,2025-07-21 18:00:00,0.23848
IOTA,2025-07-22 18:00:00,0.22942
IOTA,2025-07-23 18:00:00,0.21005
IOTA,2025-07-24 18:00:00,0.20474
IOTA,2025-07-25 18:00:00,0.20136
IOTA,2025-07-26 18:00:00,0.21377
IOTA,2025-07-27 18:00:00,0.22011
IOTA,2025-07-28 18:00:00,0.20614
IOTA,2025-07-29 18:00:00,0.20143
IOTA,2025-07-30 18:00:00,0.19679
IOTA,2025-07-31 18:00:00,0.19555
IOTA,2025-08-01 18:00:00,0.18259
IOTA,2025-08-02 18:00:00,0.17308
IOTA,2025-08-03 18:00:00,0.1833
IOTA,2025-08-04 18:00:00,0.18897
IOTA,2025-08-05 18:00:00,0.18191
IOTA,2025-08-06 18:00:00,0.18804
IOTA,2025-08-07 18:00:00,0.19215
IOTA,2025-08-08 18:00:00,0.20247
IOTA,2025-08-09 18:00:00,0.2102
IOTA,2025-08-10 18:00:00,0.20925
IOTA,2025-08-11 18:00:00,0.20454
IOTA,2025-08-12 18:00:00,0.21037
IOTA,2025-08-13 18:00:00,0.21355
IOTA,2025-08-14 18:00:00,0.19969
IOTA,2025-08-15 18:00:00,0.19505
IOTA,2025-08-16 18:00:00,0.20794
IOTA,2025-08-17 18:00:00,0.2097
IOTA,2025-08-18 18:00:00,0.20253
IOTA,2025-08-19 18:00:00,0.19434
IOTA,2025-08-20 18:00:00,0.19694
IOTA,2025-08-21 18:00:00,0.19573
IOTA,2025-08-22 18:00:00,0.21163
IOTA,2025-08-23 18:00:00,0.20715
IOTA,2025-08-24 18:00:00,0.21162
IOTA,2025-08-25 18:00:00,0.19485
IOTA,2025-08-26 18:00:00,0.19486
IOTA,2025-08-27 18:00:00,0.19689
IOTA,2025-08-28 18:00:00,0.1997
IOTA,2025-08-29 18:00:00,0.18889
IOTA,2025-08-30 18:00:00,0.19092
IOTA,2025-08-31 18:00:00,0.19362
IOTA,2025-09-01 18:00:00,0.1853
IOTA,2025-09-02 18:00:00,0.1846
IOTA,2025-09-03 18:00:00,0.19048
IOTA,2025-09-04 18:00:00,0.18189
IOTA,2025-09-05 18:00:00,0.18463
IOTA,2025-09-06 18:00:00,0.18118
IOTA,2025-09-07 18:00:00,0.18384
IOTA,2025-09-08 18:00:00,0.19121
IOTA,2025-09-09 18:00:00,0.18828
IOTA,2025-09-10 18:00:00,0.1945
IOTA,2025-09-11 18:00:00,0.19308
IOTA,2025-09-12 18:00:00,0.1988
IOTA,2025-09-13 18:00:00,0.19994
IOTA,2025-09-14 18:00:00,0.19422
IOTA,2025-09-15 18:00:00,0.18632
IOTA,2025-09-16 18:00:00,0.18897
IOTA,2025-09-17 18:00:00,0.18626
IOTA,2025-09-18 18:00:00,0.1979
IOTA,2025-09-19 18:00:00,0.18683
IOTA,2025-09-20 18:00:00,0.18744
IOTA,2025-09-21 18:00:00,0.18563
IOTA,2025-09-22 18:00:00,0.1683
IOTA,2025-09-23 18:00:00,0.16983
IOTA,2025-09-24 18:00:00,0.1711
IOTA,2025-09-25 18:00:00,0.16336
IOTA,2025-09-26 18:00:00,0.16781
IOTA,2025-09-27 18:00:00,0.16383
IOTA,2025-09-28 18:00:00,0.16484
IOTA,2025-09-29 18:00:00,0.16506
IOTA,2025-09-30 18:00:00,0.16271
IOTA,2025-10-01 18:00:00,0.17686
IOTA,2025-10-02 18:00:00,0.18295
IOTA,2025-10-03 18:00:00,0.19044
IOTA,2025-10-04 18:00:00,0.18391
IOTA,2025-10-05 18:00:00,0.18926
IOTA,2025-10-06 18:00:00,0.19519
IOTA,2025-10-07 18:00:00,0.18237
IOTA,2025-10-08 18:00:00,0.1888
IOTA,2025-10-09 18:00:00,0.17805
IOTA,2025-10-10 18:00:00,0.17207
IOTA,2025-10-11 18:00:00,0.1431
IOTA,2025-10-12 18:00:00,0.15413
IOTA,2025-10-13 18:00:00,0.15975
IOTA,2025-10-14 18:00:00,0.15091
IOTA,2025-10-15 18:00:00,0.14647
IOTA,2025-10-16 18:00:00,0.14019
IOTA,2025-10-17 18:00:00,0.13641
IOTA,2025-10-18 18:00:00,0.13944
IOTA,2025-10-19 18:00:00,0.14536
IOTA,2025-10-20 18:00:00,0.14648
IOTA,2025-10-21 18:00:00,0.15004
IOTA,2025-10-22 18:00:00,0.13933
IOTA,2025-10-23 18:00:00,0.14287
IOTA,2025-10-24 18:00:00,0.14504
IOTA,2025-10-25 18:00:00,0.14851
IOTA,2025-10-26 18:00:00,0.14859
IOTA,2025-10-27 18:00:00,0.15017
IOTA,2025-10-28 18:00:00,0.14789
IOTA,2025-10-29 18:00:00,0.14413
IOTA,2025-10-30 18:00:00,0.13185
IOTA,2025-10-31 18:00:00,0.13611
IOTA,2025-11-01 18:00:00,0.14086
IOTA,2025-11-02 18:00:00,0.1391
IOTA,2025-11-03 18:00:00,0.12765
IOTA,2025-11-04 18:00:00,0.12434
IOTA,2025-11-05 18:00:00,0.13099
IOTA,2025-11-06 18:00:00,0.12755
IOTA,2025-11-07 18:00:00,0.14575
IOTA,2025-11-08 18:00:00,0.14178
IOTA,2025-11-09 18:00:00,0.14126
IOTA,2025-11-10 18:00:00,0.14609
IOTA,2025-11-11 18:00:00,0.14774
IOTA,2025-11-12 18:00:00,0.13782
IOTA,2025-11-13 18:00:00,0.13386
IP,2025-06-05 18:00:00,3.9935
IP,2025-06-06 18:00:00,3.9835
IP,2025-06-07 18:00:00,4.0204
IP,2025-06-08 18:00:00,4.0422
IP,2025-06-09 18:00:00,4.033
IP,2025-06-10 18:00:00,4.1159
IP,2025-06-11 18:00:00,4.0156
IP,2025-06-12 18:00:00,3.897
IP,2025-06-13 18:00:00,3.5255
IP,2025-06-14 18:00:00,3.5812
IP,2025-06-15 18:00:00,3.5017
IP,2025-06-16 18:00:00,3.6038
IP,2025-06-17 18:00:00,3.3218
IP,2025-06-18 18:00:00,2.6647
IP,2025-06-19 18:00:00,2.4863
IP,2025-06-20 18:00:00,2.6004
IP,2025-06-21 18:00:00,2.6374
IP,2025-06-22 18:00:00,2.7415
IP,2025-06-23 18:00:00,3.1687
IP,2025-06-24 18:00:00,2.9766
IP,2025-06-25 18:00:00,2.9674
IP,2025-06-26 18:00:00,2.9579
IP,2025-06-27 18:00:00,2.8719
IP,2025-06-28 18:00:00,2.9648
IP,2025-06-29 18:00:00,3.0829
IP,2025-06-30 18:00:00,2.9104
IP,2025-07-01 18:00:00,2.8624
IP,2025-07-02 18:00:00,2.971
IP,2025-07-03 18:00:00,2.9118
IP,2025-07-04 18:00:00,2.8988
IP,2025-07-05 18:00:00,2.8339
IP,2025-07-06 18:00:00,3.0271
IP,2025-07-07 18:00:00,3.1067
IP,2025-07-08 18:00:00,3.1055
IP,2025-07-09 18:00:00,3.0369
IP,2025-07-10 18:00:00,3.4749
IP,2025-07-11 18:00:00,4.5378
IP,2025-07-12 18:00:00,4.4013
IP,2025-07-13 18:00:00,4.2829
IP,2025-07-14 18:00:00,4.3463
IP,2025-07-15 18:00:00,4.3505
IP,2025-07-16 18:00:00,4.4554
IP,2025-07-17 18:00:00,4.6498
IP,2025-07-18 18:00:00,4.648
IP,2025-07-19 18:00:00,4.588
IP,2025-07-20 18:00:00,4.8702
IP,2025-07-21 18:00:00,4.9289
IP,2025-07-22 18:00:00,5.1374
IP,2025-07-23 18:00:00,4.9033
IP,2025-07-24 18:00:00,5.2905
IP,2025-07-25 18:00:00,5.2693
IP,2025-07-26 18:00:00,5.507
IP,2025-07-27 18:00:00,5.475
IP,2025-07-28 18:00:00,5.682
IP,2025-07-29 18:00:00,5.9337
IP,2025-07-30 18:00:00,5.8746
IP,2025-07-31 18:00:00,6.3624
IP,2025-08-01 18:00:00,6.0456
IP,2025-08-02 18:00:00,5.768
IP,2025-08-03 18:00:00,6.1885
IP,2025-08-04 18:00:00,5.8793
IP,2025-08-05 18:00:00,6.023
IP,2025-08-06 18:00:00,5.9144
IP,2025-08-07 18:00:00,6.1455
IP,2025-08-08 18:00:00,6.5781
IP,2025-08-09 18:00:00,6.5359
IP,2025-08-10 18:00:00,6.8406
IP,2025-08-11 18:00:00,6.3678
IP,2025-08-12 18:00:00,5.7986
IP,2025-08-13 18:00:00,5.9008
IP,2025-08-14 18:00:00,5.6051
IP,2025-08-15 18:00:00,5.4536
IP,2025-08-16 18:00:00,5.8235
IP,2025-08-17 18:00:00,5.7979
IP,2025-08-18 18:00:00,5.7556
IP,2025-08-19 18:00:00,5.5231
IP,2025-08-20 18:00:00,5.8278
IP,2025-08-21 18:00:00,5.77
IP,2025-08-22 18:00:00,6.0535
IP,2025-08-23 18:00:00,6.0125
IP,2025-08-24 18:00:00,6.0005
IP,2025-08-25 18:00:00,5.7435
IP,2025-08-26 18:00:00,5.6957
IP,2025-08-27 18:00:00,6.0564
IP,2025-08-28 18:00:00,6.0887
IP,2025-08-29 18:00:00,5.9638
IP,2025-08-30 18:00:00,7.8367
IP,2025-08-31 18:00:00,7.7277
IP,2025-09-01 18:00:00,7.5627
IP,2025-09-02 18:00:00,7.7442
IP,2025-09-03 18:00:00,8.2018
IP,2025-09-04 18:00:00,7.9178
IP,2025-09-05 18:00:00,7.9975
IP,2025-09-06 18:00:00,7.9909
IP,2025-09-07 18:00:00,8.4672
IP,2025-09-08 18:00:00,8.4848
IP,2025-09-09 18:00:00,11.087
IP,2025-09-10 18:00:00,10.284
IP,2025-09-11 18:00:00,9.6559
IP,2025-09-12 18:00:00,9.7905
IP,2025-09-13 18:00:00,9.5931
IP,2025-09-14 18:00:00,9.7417
IP,2025-09-15 18:00:00,9.6686
IP,2025-09-16 18:00:00,9.9011
IP,2025-09-17 18:00:00,10.18
IP,2025-09-18 18:00:00,10.331
IP,2025-09-19 18:00:00,10.52
IP,2025-09-20 18:00:00,10.998
IP,2025-09-21 18:00:00,14.301
IP,2025-09-22 18:00:00,13.864
IP,2025-09-23 18:00:00,11.533
IP,2025-09-24 18:00:00,11.951
IP,2025-09-25 18:00:00,8.5841
IP,2025-09-26 18:00:00,9.326
IP,2025-09-27 18:00:00,8.2223
IP,2025-09-28 18:00:00,8.9304
IP,2025-09-29 18:00:00,8.8418
IP,2025-09-30 18:00:00,8.5622
IP,2025-10-01 18:00:00,8.9727
IP,2025-10-02 18:00:00,9.1462
IP,2025-10-03 18:00:00,10.14
IP,2025-10-04 18:00:00,9.498
IP,2025-10-05 18:00:00,9.5093
IP,2025-10-06 18:00:00,10.102
IP,2025-10-07 18:00:00,9.4669
IP,2025-10-08 18:00:00,9.3021
IP,2025-10-09 18:00:00,8.902
IP,2025-10-10 18:00:00,8.1741
IP,2025-10-11 18:00:00,5.887
IP,2025-10-12 18:00:00,5.6821
IP,2025-10-13 18:00:00,6.8111
IP,2025-10-14 18:00:00,6.5871
IP,2025-10-15 18:00:00,6.264
IP,2025-10-16 18:00:00,5.6011
IP,2025-10-17 18:00:00,5.3716
IP,2025-10-18 18:00:00,5.4949
IP,2025-10-19 18:00:00,5.5042
IP,2025-10-20 18:00:00,5.4994
IP,2025-10-21 18:00:00,5.6341
IP,2025-10-22 18:00:00,5.239
IP,2025-10-23 18:00:00,5.1529
IP,2025-10-24 18:00:00,5.3349
IP,2025-10-25 18:00:00,5.2504
IP,2025-10-26 18:00:00,5.3871
IP,2025-10-27 18:00:00,5.2812
IP,2025-10-28 18:00:00,5.1652
IP,2025-10-29 18:00:00,4.8722
IP,2025-10-30 18:00:00,4.298
IP,2025-10-31 18:00:00,4.3343
IP,2025-11-01 18:00:00,4.4905
IP,2025-11-02 18:00:00,4.2446
IP,2025-11-03 18:00:00,4.0882
IP,2025-11-04 18:00:00,3.6388
IP,2025-11-05 18:00:00,3.623
IP,2025-11-06 18:00:00,3.415
IP,2025-11-07 18:00:00,3.9059
IP,2025-11-08 18:00:00,3.8297
IP,2025-11-09 18:00:00,3.8139
IP,2025-11-10 18:00:00,3.6474
IP,2025-11-11 18:00:00,3.6623
IP,2025-11-12 18:00:00,3.8275
IP,2025-11-13 18:00:00,3.577
JTO,2025-06-05 18:00:00,1.7296
JTO,2025-06-06 18:00:00,1.7904
JTO,2025-06-07 18:00:00,1.8349
JTO,2025-06-08 18:00:00,1.8726
JTO,2025-06-09 18:00:00,1.8864
JTO,2025-06-10 18:00:00,2.0875
JTO,2025-06-11 18:00:00,2.1516
JTO,2025-06-12 18:00:00,1.9972
JTO,2025-06-13 18:00:00,1.9216
JTO,2025-06-14 18:00:00,1.9348
JTO,2025-06-15 18:00:00,2.2079
JTO,2025-06-16 18:00:00,2.2636
JTO,2025-06-17 18:00:00,2.1692
JTO,2025-06-18 18:00:00,2.1187
JTO,2025-06-19 18:00:00,2.3107
JTO,2025-06-20 18:00:00,2.1235
JTO,2025-06-21 18:00:00,2.0361
JTO,2025-06-22 18:00:00,1.9511
JTO,2025-06-23 18:00:00,2.0682
JTO,2025-06-24 18:00:00,2.0976
JTO,2025-06-25 18:00:00,2.0154
JTO,2025-06-26 18:00:00,1.9458
JTO,2025-06-27 18:00:00,1.8973
JTO,2025-06-28 18:00:00,2.2566
JTO,2025-06-29 18:00:00,2.2323
JTO,2025-06-30 18:00:00,2.3285
JTO,2025-07-01 18:00:00,2.0896
JTO,2025-07-02 18:00:00,2.1454
JTO,2025-07-03 18:00:00,2.1418
JTO,2025-07-04 18:00:00,1.999
JTO,2025-07-05 18:00:00,1.992
JTO,2025-07-06 18:00:00,1.9676
JTO,2025-07-07 18:00:00,1.8416
JTO,2025-07-08 18:00:00,1.8774
JTO,2025-07-09 18:00:00,1.8564
JTO,2025-07-10 18:00:00,1.8899
JTO,2025-07-11 18:00:00,1.9954
JTO,2025-07-12 18:00:00,1.8981
JTO,2025-07-13 18:00:00,1.9352
JTO,2025-07-14 18:00:00,1.8909
JTO,2025-07-15 18:00:00,1.8745
JTO,2025-07-16 18:00:00,1.9901
JTO,2025-07-17 18:00:00,1.9246
JTO,2025-07-18 18:00:00,1.9357
JTO,2025-07-19 18:00:00,1.9211
JTO,2025-07-20 18:00:00,2.0618
JTO,2025-07-21 18:00:00,2.1319
JTO,2025-07-22 18:00:00,2.1831
JTO,2025-07-23 18:00:00,2.0267
JTO,2025-07-24 18:00:00,2.0456
JTO,2025-07-25 18:00:00,1.9261
JTO,2025-07-26 18:00:00,2.0028
JTO,2025-07-27 18:00:00,2.0204
JTO,2025-07-28 18:00:00,1.9359
JTO,2025-07-29 18:00:00,1.9158
JTO,2025-07-30 18:00:00,1.8142
JTO,2025-07-31 18:00:00,1.7499
JTO,2025-08-01 18:00:00,1.6803
JTO,2025-08-02 18:00:00,1.6112
JTO,2025-08-03 18:00:00,1.6849
JTO,2025-08-04 18:00:00,1.6916
JTO,2025-08-05 18:00:00,1.649
JTO,2025-08-06 18:00:00,1.6673
JTO,2025-08-07 18:00:00,1.7397
JTO,2025-08-08 18:00:00,1.7989
JTO,2025-08-09 18:00:00,1.8784
JTO,2025-08-10 18:00:00,1.9176
JTO,2025-08-11 18:00:00,1.8394
JTO,2025-08-12 18:00:00,1.9106
JTO,2025-08-13 18:00:00,1.8914
JTO,2025-08-14 18:00:00,1.8068
JTO,2025-08-15 18:00:00,1.7238
JTO,2025-08-16 18:00:00,1.7698
JTO,2025-08-17 18:00:00,1.7765
JTO,2025-08-18 18:00:00,1.7108
JTO,2025-08-19 18:00:00,1.6249
JTO,2025-08-20 18:00:00,1.7047
JTO,2025-08-21 18:00:00,1.7463
JTO,2025-08-22 18:00:00,1.8736
JTO,2025-08-23 18:00:00,1.9557
JTO,2025-08-24 18:00:00,1.9755
JTO,2025-08-25 18:00:00,1.8182
JTO,2025-08-26 18:00:00,1.8244
JTO,2025-08-27 18:00:00,2.0103
JTO,2025-08-28 18:00:00,2.0267
JTO,2025-08-29 18:00:00,1.9433
JTO,2025-08-30 18:00:00,1.9322
JTO,2025-08-31 18:00:00,1.9241
JTO,2025-09-01 18:00:00,1.8507
JTO,2025-09-02 18:00:00,1.9176
JTO,2025-09-03 18:00:00,1.8924
JTO,2025-09-04 18:00:00,1.8264
JTO,2025-09-05 18:00:00,1.8408
JTO,2025-09-06 18:00:00,1.8105
JTO,2025-09-07 18:00:00,1.7861
JTO,2025-09-08 18:00:00,1.8689
JTO,2025-09-09 18:00:00,1.9045
JTO,2025-09-10 18:00:00,1.9034
JTO,2025-09-11 18:00:00,1.8247
JTO,2025-09-12 18:00:00,1.985
JTO,2025-09-13 18:00:00,1.9714
JTO,2025-09-14 18:00:00,1.9716
JTO,2025-09-15 18:00:00,1.8024
JTO,2025-09-16 18:00:00,1.8543
JTO,2025-09-17 18:00:00,1.8121
JTO,2025-09-18 18:00:00,2.0521
JTO,2025-09-19 18:00:00,1.8743
JTO,2025-09-20 18:00:00,1.8652
JTO,2025-09-21 18:00:00,1.8654
JTO,2025-09-22 18:00:00,1.6326
JTO,2025-09-23 18:00:00,1.6458
JTO,2025-09-24 18:00:00,1.6616
JTO,2025-09-25 18:00:00,1.5618
JTO,2025-09-26 18:00:00,1.591
JTO,2025-09-27 18:00:00,1.5723
JTO,2025-09-28 18:00:00,1.6014
JTO,2025-09-29 18:00:00,1.5776
JTO,2025-09-30 18:00:00,1.5471
JTO,2025-10-01 18:00:00,1.6382
JTO,2025-10-02 18:00:00,1.6835
JTO,2025-10-03 18:00:00,1.6713
JTO,2025-10-04 18:00:00,1.5863
JTO,2025-10-05 18:00:00,1.6013
JTO,2025-10-06 18:00:00,1.6917
JTO,2025-10-07 18:00:00,1.5777
JTO,2025-10-08 18:00:00,1.6358
JTO,2025-10-09 18:00:00,1.5445
JTO,2025-10-10 18:00:00,1.4678
JTO,2025-10-11 18:00:00,1.0913
JTO,2025-10-12 18:00:00,1.161
JTO,2025-10-13 18:00:00,1.2322
JTO,2025-10-14 18:00:00,1.1627
JTO,2025-10-15 18:00:00,1.1634
JTO,2025-10-16 18:00:00,1.1221
JTO,2025-10-17 18:00:00,1.1692
JTO,2025-10-18 18:00:00,1.0752
JTO,2025-10-19 18:00:00,1.0895
JTO,2025-10-20 18:00:00,1.1435
JTO,2025-10-21 18:00:00,1.1439
JTO,2025-10-22 18:00:00,1.0496
JTO,2025-10-23 18:00:00,1.0976
JTO,2025-10-24 18:00:00,1.0933
JTO,2025-10-25 18:00:00,1.1405
JTO,2025-10-26 18:00:00,1.1425
JTO,2025-10-27 18:00:00,1.1205
JTO,2025-10-28 18:00:00,1.0865
JTO,2025-10-29 18:00:00,1.0575
JTO,2025-10-30 18:00:00,0.9083
JTO,2025-10-31 18:00:00,0.88783
JTO,2025-11-01 18:00:00,0.93265
JTO,2025-11-02 18:00:00,0.92869
JTO,2025-11-03 18:00:00,0.81722
JTO,2025-11-04 18:00:00,0.76658
JTO,2025-11-05 18:00:00,0.80223
JTO,2025-11-06 18:00:00,0.75171
JTO,2025-11-07 18:00:00,0.82465
JTO,2025-11-08 18:00:00,0.80352
JTO,2025-11-09 18:00:00,0.80061
JTO,2025-11-10 18:00:00,0.78719
JTO,2025-11-11 18:00:00,0.73508
JTO,2025-11-12 18:00:00,0.71625
JTO,2025-11-13 18:00:00,0.67383
JUP,2025-06-05 18:00:00,0.47275
JUP,2025-06-06 18:00:00,0.45362
JUP,2025-06-07 18:00:00,0.46128
JUP,2025-06-08 18:00:00,0.47735
JUP,2025-06-09 18:00:00,0.47035
JUP,2025-06-10 18:00:00,0.48778
JUP,2025-06-11 18:00:00,0.48404
JUP,2025-06-12 18:00:00,0.44747
JUP,2025-06-13 18:00:00,0.40967
JUP,2025-06-14 18:00:00,0.4063
JUP,2025-06-15 18:00:00,0.4324
JUP,2025-06-16 18:00:00,0.43854
JUP,2025-06-17 18:00:00,0.3999
JUP,2025-06-18 18:00:00,0.38998
JUP,2025-06-19 18:00:00,0.40324
JUP,2025-06-20 18:00:00,0.38117
JUP,2025-06-21 18:00:00,0.36291
JUP,2025-06-22 18:00:00,0.3347
JUP,2025-06-23 18:00:00,0.36582
JUP,2025-06-24 18:00:00,0.40881
JUP,2025-06-25 18:00:00,0.40971
JUP,2025-06-26 18:00:00,0.39544
JUP,2025-06-27 18:00:00,0.39806
JUP,2025-06-28 18:00:00,0.44479
JUP,2025-06-29 18:00:00,0.4569
JUP,2025-06-30 18:00:00,0.46066
JUP,2025-07-01 18:00:00,0.4289
JUP,2025-07-02 18:00:00,0.44945
JUP,2025-07-03 18:00:00,0.45745
JUP,2025-07-04 18:00:00,0.43125
JUP,2025-07-05 18:00:00,0.42796
JUP,2025-07-06 18:00:00,0.44792
JUP,2025-07-07 18:00:00,0.43489
JUP,2025-07-08 18:00:00,0.43459
JUP,2025-07-09 18:00:00,0.44265
JUP,2025-07-10 18:00:00,0.46284
JUP,2025-07-11 18:00:00,0.50627
JUP,2025-07-12 18:00:00,0.47371
JUP,2025-07-13 18:00:00,0.50891
JUP,2025-07-14 18:00:00,0.49603
JUP,2025-07-15 18:00:00,0.50319
JUP,2025-07-16 18:00:00,0.5494
JUP,2025-07-17 18:00:00,0.54088
JUP,2025-07-18 18:00:00,0.53872
JUP,2025-07-19 18:00:00,0.53536
JUP,2025-07-20 18:00:00,0.56606
JUP,2025-07-21 18:00:00,0.60572
JUP,2025-07-22 18:00:00,0.62473
JUP,2025-07-23 18:00:00,0.57735
JUP,2025-07-24 18:00:00,0.55387
JUP,2025-07-25 18:00:00,0.53309
JUP,2025-07-26 18:00:00,0.55892
JUP,2025-07-27 18:00:00,0.59618
JUP,2025-07-28 18:00:00,0.55992
JUP,2025-07-29 18:00:00,0.53709
JUP,2025-07-30 18:00:00,0.51177
JUP,2025-07-31 18:00:00,0.5086
JUP,2025-08-01 18:00:00,0.46326
JUP,2025-08-02 18:00:00,0.42924
JUP,2025-08-03 18:00:00,0.46216
JUP,2025-08-04 18:00:00,0.47561
JUP,2025-08-05 18:00:00,0.46557
JUP,2025-08-06 18:00:00,0.47616
JUP,2025-08-07 18:00:00,0.4838
JUP,2025-08-08 18:00:00,0.50152
JUP,2025-08-09 18:00:00,0.52907
JUP,2025-08-10 18:00:00,0.53349
JUP,2025-08-11 18:00:00,0.50339
JUP,2025-08-12 18:00:00,0.52807
JUP,2025-08-13 18:00:00,0.54588
JUP,2025-08-14 18:00:00,0.50793
JUP,2025-08-15 18:00:00,0.49433
JUP,2025-08-16 18:00:00,0.51464
JUP,2025-08-17 18:00:00,0.51467
JUP,2025-08-18 18:00:00,0.49449
JUP,2025-08-19 18:00:00,0.47721
JUP,2025-08-20 18:00:00,0.49381
JUP,2025-08-21 18:00:00,0.48621
JUP,2025-08-22 18:00:00,0.52174
JUP,2025-08-23 18:00:00,0.52426
JUP,2025-08-24 18:00:00,0.53279
JUP,2025-08-25 18:00:00,0.48058
JUP,2025-08-26 18:00:00,0.47306
JUP,2025-08-27 18:00:00,0.50585
JUP,2025-08-28 18:00:00,0.51972
JUP,2025-08-29 18:00:00,0.49997
JUP,2025-08-30 18:00:00,0.49694
JUP,2025-08-31 18:00:00,0.50502
JUP,2025-09-01 18:00:00,0.48381
JUP,2025-09-02 18:00:00,0.49184
JUP,2025-09-03 18:00:00,0.49938
JUP,2025-09-04 18:00:00,0.47817
JUP,2025-09-05 18:00:00,0.49257
JUP,2025-09-06 18:00:00,0.49273
JUP,2025-09-07 18:00:00,0.4972
JUP,2025-09-08 18:00:00,0.51818
JUP,2025-09-09 18:00:00,0.51893
JUP,2025-09-10 18:00:00,0.53399
JUP,2025-09-11 18:00:00,0.53322
JUP,2025-09-12 18:00:00,0.56195
JUP,2025-09-13 18:00:00,0.54298
JUP,2025-09-14 18:00:00,0.54383
JUP,2025-09-15 18:00:00,0.50641
JUP,2025-09-16 18:00:00,0.51795
JUP,2025-09-17 18:00:00,0.50554
JUP,2025-09-18 18:00:00,0.57074
JUP,2025-09-19 18:00:00,0.52596
JUP,2025-09-20 18:00:00,0.52375
JUP,2025-09-21 18:00:00,0.52878
JUP,2025-09-22 18:00:00,0.46529
JUP,2025-09-23 18:00:00,0.46652
JUP,2025-09-24 18:00:00,0.47405
JUP,2025-09-25 18:00:00,0.44079
JUP,2025-09-26 18:00:00,0.44496
JUP,2025-09-27 18:00:00,0.43523
JUP,2025-09-28 18:00:00,0.44043
JUP,2025-09-29 18:00:00,0.44054
JUP,2025-09-30 18:00:00,0.42386
JUP,2025-10-01 18:00:00,0.46126
JUP,2025-10-02 18:00:00,0.47233
JUP,2025-10-03 18:00:00,0.47156
JUP,2025-10-04 18:00:00,0.45165
JUP,2025-10-05 18:00:00,0.45566
JUP,2025-10-06 18:00:00,0.47645
JUP,2025-10-07 18:00:00,0.44312
JUP,2025-10-08 18:00:00,0.45214
JUP,2025-10-09 18:00:00,0.42679
JUP,2025-10-10 18:00:00,0.40663
JUP,2025-10-11 18:00:00,0.33484
JUP,2025-10-12 18:00:00,0.37022
JUP,2025-10-13 18:00:00,0.39179
JUP,2025-10-14 18:00:00,0.3768
JUP,2025-10-15 18:00:00,0.36723
JUP,2025-10-16 18:00:00,0.34932
JUP,2025-10-17 18:00:00,0.33687
JUP,2025-10-18 18:00:00,0.34077
JUP,2025-10-19 18:00:00,0.35233
JUP,2025-10-20 18:00:00,0.35982
JUP,2025-10-21 18:00:00,0.36797
JUP,2025-10-22 18:00:00,0.34611
JUP,2025-10-23 18:00:00,0.35746
JUP,2025-10-24 18:00:00,0.37727
JUP,2025-10-25 18:00:00,0.4323
JUP,2025-10-26 18:00:00,0.42804
JUP,2025-10-27 18:00:00,0.4454
JUP,2025-10-28 18:00:00,0.43593
JUP,2025-10-29 18:00:00,0.42366
JUP,2025-10-30 18:00:00,0.38496
JUP,2025-10-31 18:00:00,0.4013
JUP,2025-11-01 18:00:00,0.40389
JUP,2025-11-02 18:00:00,0.39555
JUP,2025-11-03 18:00:00,0.36698
JUP,2025-11-04 18:00:00,0.34096
JUP,2025-11-05 18:00:00,0.35652
JUP,2025-11-06 18:00:00,0.34138
JUP,2025-11-07 18:00:00,0.36429
JUP,2025-11-08 18:00:00,0.34237
JUP,2025-11-09 18:00:00,0.35364
JUP,2025-11-10 18:00:00,0.35412
JUP,2025-11-11 18:00:00,0.3463
JUP,2025-11-12 18:00:00,0.33179
JUP,2025-11-13 18:00:00,0.31483
KAITO,2025-06-05 18:00:00,1.654
KAITO,2025-06-06 18:00:00,1.6138
KAITO,2025-06-07 18:00:00,1.6644
KAITO,2025-06-08 18:00:00,1.6561
KAITO,2025-06-09 18:00:00,1.7403
KAITO,2025-06-10 18:00:00,1.7603
KAITO,2025-06-11 18:00:00,1.7556
KAITO,2025-06-12 18:00:00,1.4939
KAITO,2025-06-13 18:00:00,1.4199
KAITO,2025-06-14 18:00:00,1.4054
KAITO,2025-06-15 18:00:00,1.3795
KAITO,2025-06-16 18:00:00,1.4667
KAITO,2025-06-17 18:00:00,1.3998
KAITO,2025-06-18 18:00:00,1.3297
KAITO,2025-06-19 18:00:00,1.4051
KAITO,2025-06-20 18:00:00,1.398
KAITO,2025-06-21 18:00:00,1.311
KAITO,2025-06-22 18:00:00,1.2276
KAITO,2025-06-23 18:00:00,1.3346
KAITO,2025-06-24 18:00:00,1.4337
KAITO,2025-06-25 18:00:00,1.4362
KAITO,2025-06-26 18:00:00,1.3536
KAITO,2025-06-27 18:00:00,1.3765
KAITO,2025-06-28 18:00:00,1.4969
KAITO,2025-06-29 18:00:00,1.5741
KAITO,2025-06-30 18:00:00,1.5907
KAITO,2025-07-01 18:00:00,1.5615
KAITO,2025-07-02 18:00:00,1.6248
KAITO,2025-07-03 18:00:00,1.5968
KAITO,2025-07-04 18:00:00,1.5236
KAITO,2025-07-05 18:00:00,1.5141
KAITO,2025-07-06 18:00:00,1.5333
KAITO,2025-07-07 18:00:00,1.4733
KAITO,2025-07-08 18:00:00,1.4841
KAITO,2025-07-09 18:00:00,1.4542
KAITO,2025-07-10 18:00:00,1.5684
KAITO,2025-07-11 18:00:00,1.7013
KAITO,2025-07-12 18:00:00,1.5436
KAITO,2025-07-13 18:00:00,1.5616
KAITO,2025-07-14 18:00:00,1.5191
KAITO,2025-07-15 18:00:00,1.5613
KAITO,2025-07-16 18:00:00,1.7561
KAITO,2025-07-17 18:00:00,1.7283
KAITO,2025-07-18 18:00:00,1.637
KAITO,2025-07-19 18:00:00,1.6142
KAITO,2025-07-20 18:00:00,1.6759
KAITO,2025-07-21 18:00:00,1.7129
KAITO,2025-07-22 18:00:00,1.6536
KAITO,2025-07-23 18:00:00,1.4964
KAITO,2025-07-24 18:00:00,1.3776
KAITO,2025-07-25 18:00:00,1.3236
KAITO,2025-07-26 18:00:00,1.3606
KAITO,2025-07-27 18:00:00,1.3586
KAITO,2025-07-28 18:00:00,1.295
KAITO,2025-07-29 18:00:00,1.2564
KAITO,2025-07-30 18:00:00,1.2222
KAITO,2025-07-31 18:00:00,1.2073
KAITO,2025-08-01 18:00:00,1.1451
KAITO,2025-08-02 18:00:00,1.0937
KAITO,2025-08-03 18:00:00,1.1438
KAITO,2025-08-04 18:00:00,1.1496
KAITO,2025-08-05 18:00:00,1.1029
KAITO,2025-08-06 18:00:00,1.1387
KAITO,2025-08-07 18:00:00,1.1233
KAITO,2025-08-08 18:00:00,1.1981
KAITO,2025-08-09 18:00:00,1.2389
KAITO,2025-08-10 18:00:00,1.25
KAITO,2025-08-11 18:00:00,1.1936
KAITO,2025-08-12 18:00:00,1.2068
KAITO,2025-08-13 18:00:00,1.2254
KAITO,2025-08-14 18:00:00,1.1002
KAITO,2025-08-15 18:00:00,1.0189
KAITO,2025-08-16 18:00:00,1.0881
KAITO,2025-08-17 18:00:00,1.1147
KAITO,2025-08-18 18:00:00,1.068
KAITO,2025-08-19 18:00:00,1.0219
KAITO,2025-08-20 18:00:00,1.1425
KAITO,2025-08-21 18:00:00,1.0793
KAITO,2025-08-22 18:00:00,1.1758
KAITO,2025-08-23 18:00:00,1.1601
KAITO,2025-08-24 18:00:00,1.1623
KAITO,2025-08-25 18:00:00,1.0294
KAITO,2025-08-26 18:00:00,1.0574
KAITO,2025-08-27 18:00:00,1.0742
KAITO,2025-08-28 18:00:00,1.0996
KAITO,2025-08-29 18:00:00,1.04
KAITO,2025-08-30 18:00:00,1.0956
KAITO,2025-08-31 18:00:00,1.0741
KAITO,2025-09-01 18:00:00,1.0125
KAITO,2025-09-02 18:00:00,1.0188
KAITO,2025-09-03 18:00:00,1.0482
KAITO,2025-09-04 18:00:00,0.97382
KAITO,2025-09-05 18:00:00,0.96447
KAITO,2025-09-06 18:00:00,0.98412
KAITO,2025-09-07 18:00:00,0.98398
KAITO,2025-09-08 18:00:00,1.0647
KAITO,2025-09-09 18:00:00,1.2403
KAITO,2025-09-10 18:00:00,1.2375
KAITO,2025-09-11 18:00:00,1.2015
KAITO,2025-09-12 18:00:00,1.2434
KAITO,2025-09-13 18:00:00,1.2224
KAITO,2025-09-14 18:00:00,1.1851
KAITO,2025-09-15 18:00:00,1.1108
KAITO,2025-09-16 18:00:00,1.1137
KAITO,2025-09-17 18:00:00,1.11
KAITO,2025-09-18 18:00:00,1.1814
KAITO,2025-09-19 18:00:00,1.1378
KAITO,2025-09-20 18:00:00,1.1502
KAITO,2025-09-21 18:00:00,1.1425
KAITO,2025-09-22 18:00:00,1.0156
KAITO,2025-09-23 18:00:00,1.0099
KAITO,2025-09-24 18:00:00,1.0359
KAITO,2025-09-25 18:00:00,0.97737
KAITO,2025-09-26 18:00:00,1.0289
KAITO,2025-09-27 18:00:00,1.1826
KAITO,2025-09-28 18:00:00,1.467
KAITO,2025-09-29 18:00:00,1.5952
KAITO,2025-09-30 18:00:00,1.4423
KAITO,2025-10-01 18:00:00,1.4741
KAITO,2025-10-02 18:00:00,1.4279
KAITO,2025-10-03 18:00:00,1.4499
KAITO,2025-10-04 18:00:00,1.401
KAITO,2025-10-05 18:00:00,1.3765
KAITO,2025-10-06 18:00:00,1.4302
KAITO,2025-10-07 18:00:00,1.3248
KAITO,2025-10-08 18:00:00,1.3572
KAITO,2025-10-09 18:00:00,1.2857
KAITO,2025-10-10 18:00:00,1.2322
KAITO,2025-10-11 18:00:00,1.1169
KAITO,2025-10-12 18:00:00,1.165
KAITO,2025-10-13 18:00:00,1.2038
KAITO,2025-10-14 18:00:00,1.1553
KAITO,2025-10-15 18:00:00,1.1056
KAITO,2025-10-16 18:00:00,1.0653
KAITO,2025-10-17 18:00:00,1.0291
KAITO,2025-10-18 18:00:00,1.0319
KAITO,2025-10-19 18:00:00,1.0673
KAITO,2025-10-20 18:00:00,1.0749
KAITO,2025-10-21 18:00:00,1.0829
KAITO,2025-10-22 18:00:00,1.0097
KAITO,2025-10-23 18:00:00,1.052
KAITO,2025-10-24 18:00:00,1.0406
KAITO,2025-10-25 18:00:00,1.1446
KAITO,2025-10-26 18:00:00,1.1289
KAITO,2025-10-27 18:00:00,1.1475
KAITO,2025-10-28 18:00:00,1.1226
KAITO,2025-10-29 18:00:00,1.0693
KAITO,2025-10-30 18:00:00,0.95624
KAITO,2025-10-31 18:00:00,0.9841
KAITO,2025-11-01 18:00:00,1.0394
KAITO,2025-11-02 18:00:00,0.992
KAITO,2025-11-03 18:00:00,0.91056
KAITO,2025-11-04 18:00:00,0.86765
KAITO,2025-11-05 18:00:00,0.87232
KAITO,2025-11-06 18:00:00,0.83173
KAITO,2025-11-07 18:00:00,0.9235
KAITO,2025-11-08 18:00:00,0.89079
KAITO,2025-11-09 18:00:00,0.89549
KAITO,2025-11-10 18:00:00,0.88325
KAITO,2025-11-11 18:00:00,0.85453
KAITO,2025-11-12 18:00:00,0.8246
KAITO,2025-11-13 18:00:00,0.77766
KAS,2025-06-05 18:00:00,0.082904
KAS,2025-06-06 18:00:00,0.084734
KAS,2025-06-07 18:00:00,0.087603
KAS,2025-06-08 18:00:00,0.087657
KAS,2025-06-09 18:00:00,0.087448
KAS,2025-06-10 18:00:00,0.089831
KAS,2025-06-11 18:00:00,0.08885
KAS,2025-06-12 18:00:00,0.084548
KAS,2025-06-13 18:00:00,0.075917
KAS,2025-06-14 18:00:00,0.072744
KAS,2025-06-15 18:00:00,0.07334
KAS,2025-06-16 18:00:00,0.081257
KAS,2025-06-17 18:00:00,0.072471
KAS,2025-06-18 18:00:00,0.069981
KAS,2025-06-19 18:00:00,0.069956
KAS,2025-06-20 18:00:00,0.068548
KAS,2025-06-21 18:00:00,0.065735
KAS,2025-06-22 18:00:00,0.061589
KAS,2025-06-23 18:00:00,0.06832
KAS,2025-06-24 18:00:00,0.07391
KAS,2025-06-25 18:00:00,0.076663
KAS,2025-06-26 18:00:00,0.074777
KAS,2025-06-27 18:00:00,0.072554
KAS,2025-06-28 18:00:00,0.077658
KAS,2025-06-29 18:00:00,0.076531
KAS,2025-06-30 18:00:00,0.075195
KAS,2025-07-01 18:00:00,0.072863
KAS,2025-07-02 18:00:00,0.078074
KAS,2025-07-03 18:00:00,0.078172
KAS,2025-07-04 18:00:00,0.074858
KAS,2025-07-05 18:00:00,0.073848
KAS,2025-07-06 18:00:00,0.076989
KAS,2025-07-07 18:00:00,0.074726
KAS,2025-07-08 18:00:00,0.077426
KAS,2025-07-09 18:00:00,0.080016
KAS,2025-07-10 18:00:00,0.082141
KAS,2025-07-11 18:00:00,0.08995
KAS,2025-07-12 18:00:00,0.083675
KAS,2025-07-13 18:00:00,0.087807
KAS,2025-07-14 18:00:00,0.084216
KAS,2025-07-15 18:00:00,0.086639
KAS,2025-07-16 18:00:00,0.091235
KAS,2025-07-17 18:00:00,0.092997
KAS,2025-07-18 18:00:00,0.093363
KAS,2025-07-19 18:00:00,0.092576
KAS,2025-07-20 18:00:00,0.099002
KAS,2025-07-21 18:00:00,0.11328
KAS,2025-07-22 18:00:00,0.11164
KAS,2025-07-23 18:00:00,0.10515
KAS,2025-07-24 18:00:00,0.1012
KAS,2025-07-25 18:00:00,0.097347
KAS,2025-07-26 18:00:00,0.099791
KAS,2025-07-27 18:00:00,0.10631
KAS,2025-07-28 18:00:00,0.098886
KAS,2025-07-29 18:00:00,0.096547
KAS,2025-07-30 18:00:00,0.091452
KAS,2025-07-31 18:00:00,0.091523
KAS,2025-08-01 18:00:00,0.086297
KAS,2025-08-02 18:00:00,0.080454
KAS,2025-08-03 18:00:00,0.08604
KAS,2025-08-04 18:00:00,0.088572
KAS,2025-08-05 18:00:00,0.086381
KAS,2025-08-06 18:00:00,0.08795
KAS,2025-08-07 18:00:00,0.086974
KAS,2025-08-08 18:00:00,0.093621
KAS,2025-08-09 18:00:00,0.09568
KAS,2025-08-10 18:00:00,0.094567
KAS,2025-08-11 18:00:00,0.092912
KAS,2025-08-12 18:00:00,0.092679
KAS,2025-08-13 18:00:00,0.098004
KAS,2025-08-14 18:00:00,0.09123
KAS,2025-08-15 18:00:00,0.088272
KAS,2025-08-16 18:00:00,0.089923
KAS,2025-08-17 18:00:00,0.092116
KAS,2025-08-18 18:00:00,0.088341
KAS,2025-08-19 18:00:00,0.084861
KAS,2025-08-20 18:00:00,0.086516
KAS,2025-08-21 18:00:00,0.086401
KAS,2025-08-22 18:00:00,0.092933
KAS,2025-08-23 18:00:00,0.09062
KAS,2025-08-24 18:00:00,0.092864
KAS,2025-08-25 18:00:00,0.086615
KAS,2025-08-26 18:00:00,0.087161
KAS,2025-08-27 18:00:00,0.088005
KAS,2025-08-28 18:00:00,0.08949
KAS,2025-08-29 18:00:00,0.083595
KAS,2025-08-30 18:00:00,0.084667
KAS,2025-08-31 18:00:00,0.085461
KAS,2025-09-01 18:00:00,0.083103
KAS,2025-09-02 18:00:00,0.083464
KAS,2025-09-03 18:00:00,0.084446
KAS,2025-09-04 18:00:00,0.081459
KAS,2025-09-05 18:00:00,0.081213
KAS,2025-09-06 18:00:00,0.077671
KAS,2025-09-07 18:00:00,0.078816
KAS,2025-09-08 18:00:00,0.082594
KAS,2025-09-09 18:00:00,0.080316
KAS,2025-09-10 18:00:00,0.082508
KAS,2025-09-11 18:00:00,0.084537
KAS,2025-09-12 18:00:00,0.087847
KAS,2025-09-13 18:00:00,0.088593
KAS,2025-09-14 18:00:00,0.085977
KAS,2025-09-15 18:00:00,0.083061
KAS,2025-09-16 18:00:00,0.085932
KAS,2025-09-17 18:00:00,0.084621
KAS,2025-09-18 18:00:00,0.089628
KAS,2025-09-19 18:00:00,0.083455
KAS,2025-09-20 18:00:00,0.084213
KAS,2025-09-21 18:00:00,0.082476
KAS,2025-09-22 18:00:00,0.07771
KAS,2025-09-23 18:00:00,0.078366
KAS,2025-09-24 18:00:00,0.080185
KAS,2025-09-25 18:00:00,0.076732
KAS,2025-09-26 18:00:00,0.07875
KAS,2025-09-27 18:00:00,0.076082
KAS,2025-09-28 18:00:00,0.07646
KAS,2025-09-29 18:00:00,0.076597
KAS,2025-09-30 18:00:00,0.075392
KAS,2025-10-01 18:00:00,0.078988
KAS,2025-10-02 18:00:00,0.081175
KAS,2025-10-03 18:00:00,0.080377
KAS,2025-10-04 18:00:00,0.075834
KAS,2025-10-05 18:00:00,0.073876
KAS,2025-10-06 18:00:00,0.079145
KAS,2025-10-07 18:00:00,0.074998
KAS,2025-10-08 18:00:00,0.076585
KAS,2025-10-09 18:00:00,0.073458
KAS,2025-10-10 18:00:00,0.072007
KAS,2025-10-11 18:00:00,0.059314
KAS,2025-10-12 18:00:00,0.060411
KAS,2025-10-13 18:00:00,0.064064
KAS,2025-10-14 18:00:00,0.060708
KAS,2025-10-15 18:00:00,0.0581
KAS,2025-10-16 18:00:00,0.054422
KAS,2025-10-17 18:00:00,0.051368
KAS,2025-10-18 18:00:00,0.050256
KAS,2025-10-19 18:00:00,0.054054
KAS,2025-10-20 18:00:00,0.053465
KAS,2025-10-21 18:00:00,0.05391
KAS,2025-10-22 18:00:00,0.049519
KAS,2025-10-23 18:00:00,0.051707
KAS,2025-10-24 18:00:00,0.05193
KAS,2025-10-25 18:00:00,0.054797
KAS,2025-10-26 18:00:00,0.058036
KAS,2025-10-27 18:00:00,0.057943
KAS,2025-10-28 18:00:00,0.058205
KAS,2025-10-29 18:00:00,0.058642
KAS,2025-10-30 18:00:00,0.051457
KAS,2025-10-31 18:00:00,0.052392
KAS,2025-11-01 18:00:00,0.053487
KAS,2025-11-02 18:00:00,0.051184
KAS,2025-11-03 18:00:00,0.047787
KAS,2025-11-04 18:00:00,0.04369
KAS,2025-11-05 18:00:00,0.047799
KAS,2025-11-06 18:00:00,0.044578
KAS,2025-11-07 18:00:00,0.053432
KAS,2025-11-08 18:00:00,0.051125
KAS,2025-11-09 18:00:00,0.051524
KAS,2025-11-10 18:00:00,0.052256
KAS,2025-11-11 18:00:00,0.050665
KAS,2025-11-12 18:00:00,0.048033
KAS,2025-11-13 18:00:00,0.04752
LAUNCHCOIN,2025-06-05 18:00:00,0.13452
LAUNCHCOIN,2025-06-06 18:00:00,0.16058
LAUNCHCOIN,2025-06-07 18:00:00,0.16232
LAUNCHCOIN,2025-06-08 18:00:00,0.20781
LAUNCHCOIN,2025-06-09 18:00:00,0.18692
LAUNCHCOIN,2025-06-10 18:00:00,0.2424
LAUNCHCOIN,2025-06-11 18:00:00,0.21261
LAUNCHCOIN,2025-06-12 18:00:00,0.21785
LAUNCHCOIN,2025-06-13 18:00:00,0.17484
LAUNCHCOIN,2025-06-14 18:00:00,0.15113
LAUNCHCOIN,2025-06-15 18:00:00,0.15933
LAUNCHCOIN,2025-06-16 18:00:00,0.17134
LAUNCHCOIN,2025-06-17 18:00:00,0.11429
LAUNCHCOIN,2025-06-18 18:00:00,0.11781
LAUNCHCOIN,2025-06-19 18:00:00,0.118
LAUNCHCOIN,2025-06-20 18:00:00,0.10601
LAUNCHCOIN,2025-06-21 18:00:00,0.08569
LAUNCHCOIN,2025-06-22 18:00:00,0.089018
LAUNCHCOIN,2025-06-23 18:00:00,0.09516
LAUNCHCOIN,2025-06-24 18:00:00,0.11091
LAUNCHCOIN,2025-06-25 18:00:00,0.10821
LAUNCHCOIN,2025-06-26 18:00:00,0.09392
LAUNCHCOIN,2025-06-27 18:00:00,0.08717
LAUNCHCOIN,2025-06-28 18:00:00,0.126
LAUNCHCOIN,2025-06-29 18:00:00,0.13263
LAUNCHCOIN,2025-06-30 18:00:00,0.14705
LAUNCHCOIN,2025-07-01 18:00:00,0.11511
LAUNCHCOIN,2025-07-02 18:00:00,0.13627
LAUNCHCOIN,2025-07-03 18:00:00,0.12579
LAUNCHCOIN,2025-07-04 18:00:00,0.10522
LAUNCHCOIN,2025-07-05 18:00:00,0.097522
LAUNCHCOIN,2025-07-06 18:00:00,0.09788
LAUNCHCOIN,2025-07-07 18:00:00,0.10878
LAUNCHCOIN,2025-07-08 18:00:00,0.13583
LAUNCHCOIN,2025-07-09 18:00:00,0.13214
LAUNCHCOIN,2025-07-10 18:00:00,0.14835
LAUNCHCOIN,2025-07-11 18:00:00,0.1596
LAUNCHCOIN,2025-07-12 18:00:00,0.17486
LAUNCHCOIN,2025-07-13 18:00:00,0.17245
LAUNCHCOIN,2025-07-14 18:00:00,0.15656
LAUNCHCOIN,2025-07-15 18:00:00,0.14227
LAUNCHCOIN,2025-07-16 18:00:00,0.15421
LAUNCHCOIN,2025-07-17 18:00:00,0.1217
LAUNCHCOIN,2025-07-18 18:00:00,0.1047
LAUNCHCOIN,2025-07-19 18:00:00,0.10394
LAUNCHCOIN,2025-07-20 18:00:00,0.11361
LAUNCHCOIN,2025-07-21 18:00:00,0.094922
LAUNCHCOIN,2025-07-22 18:00:00,0.099096
LAUNCHCOIN,2025-07-23 18:00:00,0.080275
LAUNCHCOIN,2025-07-24 18:00:00,0.068319
LAUNCHCOIN,2025-07-25 18:00:00,0.068078
LAUNCHCOIN,2025-07-26 18:00:00,0.075252
LAUNCHCOIN,2025-07-27 18:00:00,0.093396
LAUNCHCOIN,2025-07-28 18:00:00,0.0875
LAUNCHCOIN,2025-07-29 18:00:00,0.08648
LAUNCHCOIN,2025-07-30 18:00:00,0.075273
LAUNCHCOIN,2025-07-31 18:00:00,0.083534
LAUNCHCOIN,2025-08-01 18:00:00,0.072264
LAUNCHCOIN,2025-08-02 18:00:00,0.063738
LAUNCHCOIN,2025-08-03 18:00:00,0.08408
LAUNCHCOIN,2025-08-04 18:00:00,0.080265
LAUNCHCOIN,2025-08-05 18:00:00,0.07786
LAUNCHCOIN,2025-08-06 18:00:00,0.079841
LAUNCHCOIN,2025-08-07 18:00:00,0.081582
LAUNCHCOIN,2025-08-08 18:00:00,0.082174
LAUNCHCOIN,2025-08-09 18:00:00,0.082662
LAUNCHCOIN,2025-08-10 18:00:00,0.07783
LAUNCHCOIN,2025-08-11 18:00:00,0.069701
LAUNCHCOIN,2025-08-12 18:00:00,0.072943
LAUNCHCOIN,2025-08-13 18:00:00,0.067459
LAUNCHCOIN,2025-08-14 18:00:00,0.062011
LAUNCHCOIN,2025-08-15 18:00:00,0.054189
LAUNCHCOIN,2025-08-16 18:00:00,0.053611
LAUNCHCOIN,2025-08-17 18:00:00,0.055186
LAUNCHCOIN,2025-08-18 18:00:00,0.052651
LAUNCHCOIN,2025-08-19 18:00:00,0.043382
LAUNCHCOIN,2025-08-20 18:00:00,0.045398
LAUNCHCOIN,2025-08-21 18:00:00,0.041913
LAUNCHCOIN,2025-08-22 18:00:00,0.045128
LAUNCHCOIN,2025-08-23 18:00:00,0.044709
LAUNCHCOIN,2025-08-24 18:00:00,0.049827
LAUNCHCOIN,2025-08-25 18:00:00,0.048392
LAUNCHCOIN,2025-08-26 18:00:00,0.049058
LAUNCHCOIN,2025-08-27 18:00:00,0.052316
LAUNCHCOIN,2025-08-28 18:00:00,0.074722
LAUNCHCOIN,2025-08-29 18:00:00,0.063806
LAUNCHCOIN,2025-08-30 18:00:00,0.064942
LAUNCHCOIN,2025-08-31 18:00:00,0.074327
LAUNCHCOIN,2025-09-01 18:00:00,0.058042
LAUNCHCOIN,2025-09-02 18:00:00,0.057513
LAUNCHCOIN,2025-09-03 18:00:00,0.0601
LAUNCHCOIN,2025-09-04 18:00:00,0.07027
LAUNCHCOIN,2025-09-05 18:00:00,0.071459
LAUNCHCOIN,2025-09-06 18:00:00,0.070981
LAUNCHCOIN,2025-09-07 18:00:00,0.07332
LAUNCHCOIN,2025-09-08 18:00:00,0.078523
LAUNCHCOIN,2025-09-09 18:00:00,0.083989
LAUNCHCOIN,2025-09-10 18:00:00,0.096366
LAUNCHCOIN,2025-09-11 18:00:00,0.10112
LAUNCHCOIN,2025-09-12 18:00:00,0.10344
LAUNCHCOIN,2025-09-13 18:00:00,0.090252
LAUNCHCOIN,2025-09-14 18:00:00,0.09911
LAUNCHCOIN,2025-09-15 18:00:00,0.085529
LAUNCHCOIN,2025-09-16 18:00:00,0.08853
LAUNCHCOIN,2025-09-17 18:00:00,0.08219
LAUNCHCOIN,2025-09-18 18:00:00,0.081474
LAUNCHCOIN,2025-09-19 18:00:00,0.073959
LAUNCHCOIN,2025-09-20 18:00:00,0.069294
LAUNCHCOIN,2025-09-21 18:00:00,0.06764
LAUNCHCOIN,2025-09-22 18:00:00,0.05933
LAUNCHCOIN,2025-09-23 18:00:00,0.0602
LAUNCHCOIN,2025-09-24 18:00:00,0.064657
LAUNCHCOIN,2025-09-25 18:00:00,0.061552
LAUNCHCOIN,2025-09-26 18:00:00,0.067966
LAUNCHCOIN,2025-09-27 18:00:00,0.068624
LAUNCHCOIN,2025-09-28 18:00:00,0.075602
LAUNCHCOIN,2025-09-29 18:00:00,0.081356
LAUNCHCOIN,2025-09-30 18:00:00,0.084704
LAUNCHCOIN,2025-10-01 18:00:00,0.11403
LAUNCHCOIN,2025-10-02 18:00:00,0.11493
LAUNCHCOIN,2025-10-03 18:00:00,0.118
LAUNCHCOIN,2025-10-04 18:00:00,0.10195
LAUNCHCOIN,2025-10-05 18:00:00,0.10183
LAUNCHCOIN,2025-10-06 18:00:00,0.124
LAUNCHCOIN,2025-10-07 18:00:00,0.10973
LAUNCHCOIN,2025-10-08 18:00:00,0.1097
LAUNCHCOIN,2025-10-09 18:00:00,0.11089
LAUNCHCOIN,2025-10-10 18:00:00,0.11615
LAUNCHCOIN,2025-10-11 18:00:00,0.081641
LAUNCHCOIN,2025-10-12 18:00:00,0.094688
LAUNCHCOIN,2025-10-13 18:00:00,0.10419
LAUNCHCOIN,2025-10-14 18:00:00,0.097839
LAUNCHCOIN,2025-10-15 18:00:00,0.080106
LAUNCHCOIN,2025-10-16 18:00:00,0.082842
LAUNCHCOIN,2025-10-17 18:00:00,0.073358
LAUNCHCOIN,2025-10-18 18:00:00,0.07411
LAUNCHCOIN,2025-10-19 18:00:00,0.070911
LAUNCHCOIN,2025-10-20 18:00:00,0.069526
LAUNCHCOIN,2025-10-21 18:00:00,0.070266
LAUNCHCOIN,2025-10-22 18:00:00,0.06616
LAUNCHCOIN,2025-10-23 18:00:00,0.072474
LAUNCHCOIN,2025-10-24 18:00:00,0.067399
LAYER,2025-06-05 18:00:00,0.76296
LAYER,2025-06-06 18:00:00,0.72151
LAYER,2025-06-07 18:00:00,0.74738
LAYER,2025-06-08 18:00:00,0.7575
LAYER,2025-06-09 18:00:00,0.76478
LAYER,2025-06-10 18:00:00,0.79919
LAYER,2025-06-11 18:00:00,0.78468
LAYER,2025-06-12 18:00:00,0.73911
LAYER,2025-06-13 18:00:00,0.69233
LAYER,2025-06-14 18:00:00,0.68859
LAYER,2025-06-15 18:00:00,0.69989
LAYER,2025-06-16 18:00:00,0.69833
LAYER,2025-06-17 18:00:00,0.62994
LAYER,2025-06-18 18:00:00,0.60788
LAYER,2025-06-19 18:00:00,0.62883
LAYER,2025-06-20 18:00:00,0.61971
LAYER,2025-06-21 18:00:00,0.68585
LAYER,2025-06-22 18:00:00,0.67609
LAYER,2025-06-23 18:00:00,0.72068
LAYER,2025-06-24 18:00:00,0.7041
LAYER,2025-06-25 18:00:00,0.70966
LAYER,2025-06-26 18:00:00,0.67671
LAYER,2025-06-27 18:00:00,0.63335
LAYER,2025-06-28 18:00:00,0.66617
LAYER,2025-06-29 18:00:00,0.65427
LAYER,2025-06-30 18:00:00,0.65394
LAYER,2025-07-01 18:00:00,0.62756
LAYER,2025-07-02 18:00:00,0.65712
LAYER,2025-07-03 18:00:00,0.64595
LAYER,2025-07-04 18:00:00,0.61245
LAYER,2025-07-05 18:00:00,0.62096
LAYER,2025-07-06 18:00:00,0.62314
LAYER,2025-07-07 18:00:00,0.61213
LAYER,2025-07-08 18:00:00,0.61821
LAYER,2025-07-09 18:00:00,0.61624
LAYER,2025-07-10 18:00:00,0.6383
LAYER,2025-07-11 18:00:00,0.68065
LAYER,2025-07-12 18:00:00,0.65249
LAYER,2025-07-13 18:00:00,0.68248
LAYER,2025-07-14 18:00:00,0.67554
LAYER,2025-07-15 18:00:00,0.68849
LAYER,2025-07-16 18:00:00,0.71308
LAYER,2025-07-17 18:00:00,0.68693
LAYER,2025-07-18 18:00:00,0.69519
LAYER,2025-07-19 18:00:00,0.68436
LAYER,2025-07-20 18:00:00,0.71047
LAYER,2025-07-21 18:00:00,0.74742
LAYER,2025-07-22 18:00:00,0.80545
LAYER,2025-07-23 18:00:00,0.74799
LAYER,2025-07-24 18:00:00,0.70731
LAYER,2025-07-25 18:00:00,0.67404
LAYER,2025-07-26 18:00:00,0.71257
LAYER,2025-07-27 18:00:00,0.717
LAYER,2025-07-28 18:00:00,0.68054
LAYER,2025-07-29 18:00:00,0.6548
LAYER,2025-07-30 18:00:00,0.63313
LAYER,2025-07-31 18:00:00,0.6319
LAYER,2025-08-01 18:00:00,0.60008
LAYER,2025-08-02 18:00:00,0.57577
LAYER,2025-08-03 18:00:00,0.59776
LAYER,2025-08-04 18:00:00,0.60591
LAYER,2025-08-05 18:00:00,0.59062
LAYER,2025-08-06 18:00:00,0.6016
LAYER,2025-08-07 18:00:00,0.61268
LAYER,2025-08-08 18:00:00,0.63121
LAYER,2025-08-09 18:00:00,0.64596
LAYER,2025-08-10 18:00:00,0.6453
LAYER,2025-08-11 18:00:00,0.62409
LAYER,2025-08-12 18:00:00,0.63637
LAYER,2025-08-13 18:00:00,0.64419
LAYER,2025-08-14 18:00:00,0.60951
LAYER,2025-08-15 18:00:00,0.58872
LAYER,2025-08-16 18:00:00,0.60475
LAYER,2025-08-17 18:00:00,0.60836
LAYER,2025-08-18 18:00:00,0.57312
LAYER,2025-08-19 18:00:00,0.54972
LAYER,2025-08-20 18:00:00,0.55821
LAYER,2025-08-21 18:00:00,0.55914
LAYER,2025-08-22 18:00:00,0.58332
LAYER,2025-08-23 18:00:00,0.57972
LAYER,2025-08-24 18:00:00,0.58483
LAYER,2025-08-25 18:00:00,0.54119
LAYER,2025-08-26 18:00:00,0.53858
LAYER,2025-08-27 18:00:00,0.54956
LAYER,2025-08-28 18:00:00,0.55618
LAYER,2025-08-29 18:00:00,0.52473
LAYER,2025-08-30 18:00:00,0.53361
LAYER,2025-08-31 18:00:00,0.53383
LAYER,2025-09-01 18:00:00,0.50765
LAYER,2025-09-02 18:00:00,0.50525
LAYER,2025-09-03 18:00:00,0.51258
LAYER,2025-09-04 18:00:00,0.49553
LAYER,2025-09-05 18:00:00,0.50371
LAYER,2025-09-06 18:00:00,0.51432
LAYER,2025-09-07 18:00:00,0.5149
LAYER,2025-09-08 18:00:00,0.53121
LAYER,2025-09-09 18:00:00,0.5286
LAYER,2025-09-10 18:00:00,0.55713
LAYER,2025-09-11 18:00:00,0.54623
LAYER,2025-09-12 18:00:00,0.56313
LAYER,2025-09-13 18:00:00,0.56269
LAYER,2025-09-14 18:00:00,0.54873
LAYER,2025-09-15 18:00:00,0.51577
LAYER,2025-09-16 18:00:00,0.52618
LAYER,2025-09-17 18:00:00,0.51689
LAYER,2025-09-18 18:00:00,0.56592
LAYER,2025-09-19 18:00:00,0.52538
LAYER,2025-09-20 18:00:00,0.52776
LAYER,2025-09-21 18:00:00,0.51965
LAYER,2025-09-22 18:00:00,0.45009
LAYER,2025-09-23 18:00:00,0.45195
LAYER,2025-09-24 18:00:00,0.44922
LAYER,2025-09-25 18:00:00,0.41756
LAYER,2025-09-26 18:00:00,0.418
LAYER,2025-09-27 18:00:00,0.4195
LAYER,2025-09-28 18:00:00,0.42138
LAYER,2025-09-29 18:00:00,0.40966
LAYER,2025-09-30 18:00:00,0.3903
LAYER,2025-10-01 18:00:00,0.41975
LAYER,2025-10-02 18:00:00,0.42658
LAYER,2025-10-03 18:00:00,0.4277
LAYER,2025-10-04 18:00:00,0.40896
LAYER,2025-10-05 18:00:00,0.41011
LAYER,2025-10-06 18:00:00,0.421
LAYER,2025-10-07 18:00:00,0.39509
LAYER,2025-10-08 18:00:00,0.40775
LAYER,2025-10-09 18:00:00,0.38754
LAYER,2025-10-10 18:00:00,0.36636
LAYER,2025-10-11 18:00:00,0.29337
LAYER,2025-10-12 18:00:00,0.3045
LAYER,2025-10-13 18:00:00,0.31476
LAYER,2025-10-14 18:00:00,0.30836
LAYER,2025-10-15 18:00:00,0.29924
LAYER,2025-10-16 18:00:00,0.28824
LAYER,2025-10-17 18:00:00,0.27654
LAYER,2025-10-18 18:00:00,0.28064
LAYER,2025-10-19 18:00:00,0.28492
LAYER,2025-10-20 18:00:00,0.29373
LAYER,2025-10-21 18:00:00,0.29398
LAYER,2025-10-22 18:00:00,0.27438
LAYER,2025-10-23 18:00:00,0.28259
LAYER,2025-10-24 18:00:00,0.28305
LAYER,2025-10-25 18:00:00,0.29227
LAYER,2025-10-26 18:00:00,0.29438
LAYER,2025-10-27 18:00:00,0.29384
LAYER,2025-10-28 18:00:00,0.28642
LAYER,2025-10-29 18:00:00,0.27572
LAYER,2025-10-30 18:00:00,0.24609
LAYER,2025-10-31 18:00:00,0.25681
LAYER,2025-11-01 18:00:00,0.26261
LAYER,2025-11-02 18:00:00,0.25584
LAYER,2025-11-03 18:00:00,0.23364
LAYER,2025-11-04 18:00:00,0.1997
LAYER,2025-11-05 18:00:00,0.21177
LAYER,2025-11-06 18:00:00,0.20449
LAYER,2025-11-07 18:00:00,0.22654
LAYER,2025-11-08 18:00:00,0.23168
LAYER,2025-11-09 18:00:00,0.25291
LAYER,2025-11-10 18:00:00,0.25053
LAYER,2025-11-11 18:00:00,0.23241
LAYER,2025-11-12 18:00:00,0.22491
LAYER,2025-11-13 18:00:00,0.21734
LINEA,2025-09-01 18:00:00,0.041472
LINEA,2025-09-02 18:00:00,0.037245
LINEA,2025-09-03 18:00:00,0.030915
LINEA,2025-09-04 18:00:00,0.026778
LINEA,2025-09-05 18:00:00,0.028552
LINEA,2025-09-06 18:00:00,0.029279
LINEA,2025-09-07 18:00:00,0.030482
LINEA,2025-09-08 18:00:00,0.029812
LINEA,2025-09-09 18:00:00,0.027103
LINEA,2025-09-10 18:00:00,0.025138
LINEA,2025-09-11 18:00:00,0.023477
LINEA,2025-09-12 18:00:00,0.022594
LINEA,2025-09-13 18:00:00,0.025443
LINEA,2025-09-14 18:00:00,0.030886
LINEA,2025-09-15 18:00:00,0.027604
LINEA,2025-09-16 18:00:00,0.025689
LINEA,2025-09-17 18:00:00,0.025132
LINEA,2025-09-18 18:00:00,0.026392
LINEA,2025-09-19 18:00:00,0.030269
LINEA,2025-09-20 18:00:00,0.028939
LINEA,2025-09-21 18:00:00,0.034505
LINEA,2025-09-22 18:00:00,0.028329
LINEA,2025-09-23 18:00:00,0.028931
LINEA,2025-09-24 18:00:00,0.029415
LINEA,2025-09-25 18:00:00,0.025348
LINEA,2025-09-26 18:00:00,0.028529
LINEA,2025-09-27 18:00:00,0.027766
LINEA,2025-09-28 18:00:00,0.027924
LINEA,2025-09-29 18:00:00,0.027052
LINEA,2025-09-30 18:00:00,0.025811
LINEA,2025-10-01 18:00:00,0.026812
LINEA,2025-10-02 18:00:00,0.026364
LINEA,2025-10-03 18:00:00,0.027361
LINEA,2025-10-04 18:00:00,0.027936
LINEA,2025-10-05 18:00:00,0.026806
LINEA,2025-10-06 18:00:00,0.02842
LINEA,2025-10-07 18:00:00,0.025972
LINEA,2025-10-08 18:00:00,0.026567
LINEA,2025-10-09 18:00:00,0.025181
LINEA,2025-10-10 18:00:00,0.023085
LINEA,2025-10-11 18:00:00,0.018284
LINEA,2025-10-12 18:00:00,0.019052
LINEA,2025-10-13 18:00:00,0.021619
LINEA,2025-10-14 18:00:00,0.020035
LINEA,2025-10-15 18:00:00,0.01969
LINEA,2025-10-16 18:00:00,0.018433
LINEA,2025-10-17 18:00:00,0.017916
LINEA,2025-10-18 18:00:00,0.018019
LINEA,2025-10-19 18:00:00,0.018268
LINEA,2025-10-20 18:00:00,0.016883
LINEA,2025-10-21 18:00:00,0.016747
LINEA,2025-10-22 18:00:00,0.015541
LINEA,2025-10-23 18:00:00,0.015634
LINEA,2025-10-24 18:00:00,0.015287
LINEA,2025-10-25 18:00:00,0.015067
LINEA,2025-10-26 18:00:00,0.015513
LINEA,2025-10-27 18:00:00,0.015104
LINEA,2025-10-28 18:00:00,0.014303
LINEA,2025-10-29 18:00:00,0.013695
LINEA,2025-10-30 18:00:00,0.012336
LINEA,2025-10-31 18:00:00,0.012351
LINEA,2025-11-01 18:00:00,0.014563
LINEA,2025-11-02 18:00:00,0.013455
LINEA,2025-11-03 18:00:00,0.011915
LINEA,2025-11-04 18:00:00,0.010973
LINEA,2025-11-05 18:00:00,0.012707
LINEA,2025-11-06 18:00:00,0.011405
LINEA,2025-11-07 18:00:00,0.01247
LINEA,2025-11-08 18:00:00,0.012419
LINEA,2025-11-09 18:00:00,0.012633
LINEA,2025-11-10 18:00:00,0.01275
LINEA,2025-11-11 18:00:00,0.01269
LINEA,2025-11-12 18:00:00,0.013312
LINEA,2025-11-13 18:00:00,0.012097
LINK,2025-06-05 18:00:00,13.551
LINK,2025-06-06 18:00:00,13.429
LINK,2025-06-07 18:00:00,13.789
LINK,2025-06-08 18:00:00,13.852
LINK,2025-06-09 18:00:00,14.048
LINK,2025-06-10 18:00:00,15.205
LINK,2025-06-11 18:00:00,15.176
LINK,2025-06-12 18:00:00,14.358
LINK,2025-06-13 18:00:00,13.143
LINK,2025-06-14 18:00:00,12.972
LINK,2025-06-15 18:00:00,13.164
LINK,2025-06-16 18:00:00,14.017
LINK,2025-06-17 18:00:00,13.055
LINK,2025-06-18 18:00:00,12.737
LINK,2025-06-19 18:00:00,13.049
LINK,2025-06-20 18:00:00,12.586
LINK,2025-06-21 18:00:00,12.295
LINK,2025-06-22 18:00:00,11.369
LINK,2025-06-23 18:00:00,12.084
LINK,2025-06-24 18:00:00,13.406
LINK,2025-06-25 18:00:00,13.131
LINK,2025-06-26 18:00:00,13.081
LINK,2025-06-27 18:00:00,12.758
LINK,2025-06-28 18:00:00,13.333
LINK,2025-06-29 18:00:00,13.362
LINK,2025-06-30 18:00:00,13.331
LINK,2025-07-01 18:00:00,12.852
LINK,2025-07-02 18:00:00,13.744
LINK,2025-07-03 18:00:00,13.729
LINK,2025-07-04 18:00:00,13.044
LINK,2025-07-05 18:00:00,13.011
LINK,2025-07-06 18:00:00,13.335
LINK,2025-07-07 18:00:00,13.419
LINK,2025-07-08 18:00:00,13.913
LINK,2025-07-09 18:00:00,14.054
LINK,2025-07-10 18:00:00,14.627
LINK,2025-07-11 18:00:00,15.755
LINK,2025-07-12 18:00:00,15.034
LINK,2025-07-13 18:00:00,15.877
LINK,2025-07-14 18:00:00,15.756
LINK,2025-07-15 18:00:00,15.874
LINK,2025-07-16 18:00:00,16.846
LINK,2025-07-17 18:00:00,17.188
LINK,2025-07-18 18:00:00,17.83
LINK,2025-07-19 18:00:00,18.209
LINK,2025-07-20 18:00:00,19.348
LINK,2025-07-21 18:00:00,19.442
LINK,2025-07-22 18:00:00,19.397
LINK,2025-07-23 18:00:00,18.167
LINK,2025-07-24 18:00:00,18.527
LINK,2025-07-25 18:00:00,17.759
LINK,2025-07-26 18:00:00,18.47
LINK,2025-07-27 18:00:00,19.068
LINK,2025-07-28 18:00:00,18.206
LINK,2025-07-29 18:00:00,17.762
LINK,2025-07-30 18:00:00,17.294
LINK,2025-07-31 18:00:00,17.421
LINK,2025-08-01 18:00:00,16.322
LINK,2025-08-02 18:00:00,15.48
LINK,2025-08-03 18:00:00,16.27
LINK,2025-08-04 18:00:00,16.912
LINK,2025-08-05 18:00:00,16.346
LINK,2025-08-06 18:00:00,16.775
LINK,2025-08-07 18:00:00,17.987
LINK,2025-08-08 18:00:00,19.597
LINK,2025-08-09 18:00:00,21.285
LINK,2025-08-10 18:00:00,22.253
LINK,2025-08-11 18:00:00,21.593
LINK,2025-08-12 18:00:00,23.397
LINK,2025-08-13 18:00:00,23.715
LINK,2025-08-14 18:00:00,22.355
LINK,2025-08-15 18:00:00,21.51
LINK,2025-08-16 18:00:00,22.468
LINK,2025-08-17 18:00:00,25.667
LINK,2025-08-18 18:00:00,25.618
LINK,2025-08-19 18:00:00,23.622
LINK,2025-08-20 18:00:00,25.762
LINK,2025-08-21 18:00:00,25.065
LINK,2025-08-22 18:00:00,26.999
LINK,2025-08-23 18:00:00,26.214
LINK,2025-08-24 18:00:00,26.427
LINK,2025-08-25 18:00:00,24.25
LINK,2025-08-26 18:00:00,24.101
LINK,2025-08-27 18:00:00,24.286
LINK,2025-08-28 18:00:00,24.985
LINK,2025-08-29 18:00:00,23.133
LINK,2025-08-30 18:00:00,23.343
LINK,2025-08-31 18:00:00,23.833
LINK,2025-09-01 18:00:00,22.758
LINK,2025-09-02 18:00:00,23.04
LINK,2025-09-03 18:00:00,23.719
LINK,2025-09-04 18:00:00,22.303
LINK,2025-09-05 18:00:00,22.38
LINK,2025-09-06 18:00:00,22.071
LINK,2025-09-07 18:00:00,22.169
LINK,2025-09-08 18:00:00,23.13
LINK,2025-09-09 18:00:00,23.007
LINK,2025-09-10 18:00:00,23.53
LINK,2025-09-11 18:00:00,23.805
LINK,2025-09-12 18:00:00,24.989
LINK,2025-09-13 18:00:00,24.765
LINK,2025-09-14 18:00:00,24.118
LINK,2025-09-15 18:00:00,23.333
LINK,2025-09-16 18:00:00,23.49
LINK,2025-09-17 18:00:00,22.952
LINK,2025-09-18 18:00:00,24.606
LINK,2025-09-19 18:00:00,23.423
LINK,2025-09-20 18:00:00,23.267
LINK,2025-09-21 18:00:00,23.191
LINK,2025-09-22 18:00:00,21.254
LINK,2025-09-23 18:00:00,21.632
LINK,2025-09-24 18:00:00,21.857
LINK,2025-09-25 18:00:00,20.505
LINK,2025-09-26 18:00:00,21.081
LINK,2025-09-27 18:00:00,20.776
LINK,2025-09-28 18:00:00,21.175
LINK,2025-09-29 18:00:00,21.474
LINK,2025-09-30 18:00:00,21.197
LINK,2025-10-01 18:00:00,22.529
LINK,2025-10-02 18:00:00,22.973
LINK,2025-10-03 18:00:00,22.588
LINK,2025-10-04 18:00:00,21.894
LINK,2025-10-05 18:00:00,22.279
LINK,2025-10-06 18:00:00,23.437
LINK,2025-10-07 18:00:00,21.849
LINK,2025-10-08 18:00:00,22.486
LINK,2025-10-09 18:00:00,21.757
LINK,2025-10-10 18:00:00,20.94
LINK,2025-10-11 18:00:00,17.761
LINK,2025-10-12 18:00:00,19.01
LINK,2025-10-13 18:00:00,19.846
LINK,2025-10-14 18:00:00,19.001
LINK,2025-10-15 18:00:00,18.223
LINK,2025-10-16 18:00:00,17.679
LINK,2025-10-17 18:00:00,16.372
LINK,2025-10-18 18:00:00,16.834
LINK,2025-10-19 18:00:00,17.514
LINK,2025-10-20 18:00:00,18.872
LINK,2025-10-21 18:00:00,18.267
LINK,2025-10-22 18:00:00,17.211
LINK,2025-10-23 18:00:00,17.479
LINK,2025-10-24 18:00:00,17.671
LINK,2025-10-25 18:00:00,18.112
LINK,2025-10-26 18:00:00,18.176
LINK,2025-10-27 18:00:00,18.707
LINK,2025-10-28 18:00:00,18.385
LINK,2025-10-29 18:00:00,18.152
LINK,2025-10-30 18:00:00,16.564
LINK,2025-10-31 18:00:00,17.015
LINK,2025-11-01 18:00:00,17.237
LINK,2025-11-02 18:00:00,17.16
LINK,2025-11-03 18:00:00,15.489
LINK,2025-11-04 18:00:00,14.585
LINK,2025-11-05 18:00:00,15.343
LINK,2025-11-06 18:00:00,14.617
LINK,2025-11-07 18:00:00,16.035
LINK,2025-11-08 18:00:00,15.415
LINK,2025-11-09 18:00:00,15.946
LINK,2025-11-10 18:00:00,16.032
LINK,2025-11-11 18:00:00,15.72
LINK,2025-11-12 18:00:00,15.177
LINK,2025-11-13 18:00:00,14.448
MANTA,2025-06-05 18:00:00,0.23485
MANTA,2025-06-06 18:00:00,0.21818
MANTA,2025-06-07 18:00:00,0.22722
MANTA,2025-06-08 18:00:00,0.22869
MANTA,2025-06-09 18:00:00,0.23598
MANTA,2025-06-10 18:00:00,0.25441
MANTA,2025-06-11 18:00:00,0.25128
MANTA,2025-06-12 18:00:00,0.22725
MANTA,2025-06-13 18:00:00,0.20641
MANTA,2025-06-14 18:00:00,0.20706
MANTA,2025-06-15 18:00:00,0.21055
MANTA,2025-06-16 18:00:00,0.21717
MANTA,2025-06-17 18:00:00,0.1945
MANTA,2025-06-18 18:00:00,0.18924
MANTA,2025-06-19 18:00:00,0.18704
MANTA,2025-06-20 18:00:00,0.17964
MANTA,2025-06-21 18:00:00,0.16953
MANTA,2025-06-22 18:00:00,0.15967
MANTA,2025-06-23 18:00:00,0.17662
MANTA,2025-06-24 18:00:00,0.18511
MANTA,2025-06-25 18:00:00,0.1804
MANTA,2025-06-26 18:00:00,0.17185
MANTA,2025-06-27 18:00:00,0.17074
MANTA,2025-06-28 18:00:00,0.1837
MANTA,2025-06-29 18:00:00,0.18547
MANTA,2025-06-30 18:00:00,0.18424
MANTA,2025-07-01 18:00:00,0.17705
MANTA,2025-07-02 18:00:00,0.19357
MANTA,2025-07-03 18:00:00,0.19226
MANTA,2025-07-04 18:00:00,0.17825
MANTA,2025-07-05 18:00:00,0.17362
MANTA,2025-07-06 18:00:00,0.183
MANTA,2025-07-07 18:00:00,0.18019
MANTA,2025-07-08 18:00:00,0.18622
MANTA,2025-07-09 18:00:00,0.19145
MANTA,2025-07-10 18:00:00,0.20627
MANTA,2025-07-11 18:00:00,0.24176
MANTA,2025-07-12 18:00:00,0.22405
MANTA,2025-07-13 18:00:00,0.23462
MANTA,2025-07-14 18:00:00,0.22556
MANTA,2025-07-15 18:00:00,0.23612
MANTA,2025-07-16 18:00:00,0.24657
MANTA,2025-07-17 18:00:00,0.24102
MANTA,2025-07-18 18:00:00,0.24352
MANTA,2025-07-19 18:00:00,0.23594
MANTA,2025-07-20 18:00:00,0.26086
MANTA,2025-07-21 18:00:00,0.2591
MANTA,2025-07-22 18:00:00,0.2549
MANTA,2025-07-23 18:00:00,0.22992
MANTA,2025-07-24 18:00:00,0.22474
MANTA,2025-07-25 18:00:00,0.22024
MANTA,2025-07-26 18:00:00,0.22843
MANTA,2025-07-27 18:00:00,0.24568
MANTA,2025-07-28 18:00:00,0.23368
MANTA,2025-07-29 18:00:00,0.22617
MANTA,2025-07-30 18:00:00,0.21714
MANTA,2025-07-31 18:00:00,0.21725
MANTA,2025-08-01 18:00:00,0.20213
MANTA,2025-08-02 18:00:00,0.19112
MANTA,2025-08-03 18:00:00,0.20292
MANTA,2025-08-04 18:00:00,0.21205
MANTA,2025-08-05 18:00:00,0.20077
MANTA,2025-08-06 18:00:00,0.20721
MANTA,2025-08-07 18:00:00,0.21384
MANTA,2025-08-08 18:00:00,0.22734
MANTA,2025-08-09 18:00:00,0.24047
MANTA,2025-08-10 18:00:00,0.23731
MANTA,2025-08-11 18:00:00,0.22655
MANTA,2025-08-12 18:00:00,0.23635
MANTA,2025-08-13 18:00:00,0.24487
MANTA,2025-08-14 18:00:00,0.22573
MANTA,2025-08-15 18:00:00,0.21853
MANTA,2025-08-16 18:00:00,0.23318
MANTA,2025-08-17 18:00:00,0.23438
MANTA,2025-08-18 18:00:00,0.22111
MANTA,2025-08-19 18:00:00,0.20497
MANTA,2025-08-20 18:00:00,0.21521
MANTA,2025-08-21 18:00:00,0.20962
MANTA,2025-08-22 18:00:00,0.22897
MANTA,2025-08-23 18:00:00,0.23359
MANTA,2025-08-24 18:00:00,0.23521
MANTA,2025-08-25 18:00:00,0.20832
MANTA,2025-08-26 18:00:00,0.20866
MANTA,2025-08-27 18:00:00,0.2086
MANTA,2025-08-28 18:00:00,0.2124
MANTA,2025-08-29 18:00:00,0.19679
MANTA,2025-08-30 18:00:00,0.20297
MANTA,2025-08-31 18:00:00,0.20816
MANTA,2025-09-01 18:00:00,0.19658
MANTA,2025-09-02 18:00:00,0.19588
MANTA,2025-09-03 18:00:00,0.19905
MANTA,2025-09-04 18:00:00,0.18924
MANTA,2025-09-05 18:00:00,0.19927
MANTA,2025-09-06 18:00:00,0.19593
MANTA,2025-09-07 18:00:00,0.19785
MANTA,2025-09-08 18:00:00,0.20649
MANTA,2025-09-09 18:00:00,0.20248
MANTA,2025-09-10 18:00:00,0.20567
MANTA,2025-09-11 18:00:00,0.20416
MANTA,2025-09-12 18:00:00,0.22
MANTA,2025-09-13 18:00:00,0.22284
MANTA,2025-09-14 18:00:00,0.21625
MANTA,2025-09-15 18:00:00,0.20458
MANTA,2025-09-16 18:00:00,0.21665
MANTA,2025-09-17 18:00:00,0.21285
MANTA,2025-09-18 18:00:00,0.22422
MANTA,2025-09-19 18:00:00,0.21051
MANTA,2025-09-20 18:00:00,0.21499
MANTA,2025-09-21 18:00:00,0.21507
MANTA,2025-09-22 18:00:00,0.18433
MANTA,2025-09-23 18:00:00,0.18481
MANTA,2025-09-24 18:00:00,0.18752
MANTA,2025-09-25 18:00:00,0.17378
MANTA,2025-09-26 18:00:00,0.17824
MANTA,2025-09-27 18:00:00,0.17828
MANTA,2025-09-28 18:00:00,0.17783
MANTA,2025-09-29 18:00:00,0.17661
MANTA,2025-09-30 18:00:00,0.17318
MANTA,2025-10-01 18:00:00,0.18619
MANTA,2025-10-02 18:00:00,0.19433
MANTA,2025-10-03 18:00:00,0.1932
MANTA,2025-10-04 18:00:00,0.18492
MANTA,2025-10-05 18:00:00,0.18873
MANTA,2025-10-06 18:00:00,0.20107
MANTA,2025-10-07 18:00:00,0.18017
MANTA,2025-10-08 18:00:00,0.18544
MANTA,2025-10-09 18:00:00,0.17913
MANTA,2025-10-10 18:00:00,0.1698
MANTA,2025-10-11 18:00:00,0.12189
MANTA,2025-10-12 18:00:00,0.13227
MANTA,2025-10-13 18:00:00,0.13287
MANTA,2025-10-14 18:00:00,0.12759
MANTA,2025-10-15 18:00:00,0.12347
MANTA,2025-10-16 18:00:00,0.11723
MANTA,2025-10-17 18:00:00,0.11171
MANTA,2025-10-18 18:00:00,0.11407
MANTA,2025-10-19 18:00:00,0.11857
MANTA,2025-10-20 18:00:00,0.11903
MANTA,2025-10-21 18:00:00,0.12057
MANTA,2025-10-22 18:00:00,0.11007
MANTA,2025-10-23 18:00:00,0.11326
MANTA,2025-10-24 18:00:00,0.11287
MANTA,2025-10-25 18:00:00,0.11626
MANTA,2025-10-26 18:00:00,0.11836
MANTA,2025-10-27 18:00:00,0.11808
MANTA,2025-10-28 18:00:00,0.11307
MANTA,2025-10-29 18:00:00,0.11138
MANTA,2025-10-30 18:00:00,0.09673
MANTA,2025-10-31 18:00:00,0.09808
MANTA,2025-11-01 18:00:00,0.10798
MANTA,2025-11-02 18:00:00,0.11053
MANTA,2025-11-03 18:00:00,0.09702
MANTA,2025-11-04 18:00:00,0.09084
MANTA,2025-11-05 18:00:00,0.09626
MANTA,2025-11-06 18:00:00,0.09446
MANTA,2025-11-07 18:00:00,0.11706
MANTA,2025-11-08 18:00:00,0.10918
MANTA,2025-11-09 18:00:00,0.11482
MANTA,2025-11-10 18:00:00,0.11624
MANTA,2025-11-11 18:00:00,0.11083
MANTA,2025-11-12 18:00:00,0.10535
MANTA,2025-11-13 18:00:00,0.1125
MAV,2025-06-05 18:00:00,0.053538
MAV,2025-06-06 18:00:00,0.051431
MAV,2025-06-07 18:00:00,0.053279
MAV,2025-06-08 18:00:00,0.053117
MAV,2025-06-09 18:00:00,0.053702
MAV,2025-06-10 18:00:00,0.059509
MAV,2025-06-11 18:00:00,0.058934
MAV,2025-06-12 18:00:00,0.05368
MAV,2025-06-13 18:00:00,0.049266
MAV,2025-06-14 18:00:00,0.048889
MAV,2025-06-15 18:00:00,0.050565
MAV,2025-06-16 18:00:00,0.0532
MAV,2025-06-17 18:00:00,0.047072
MAV,2025-06-18 18:00:00,0.04428
MAV,2025-06-19 18:00:00,0.04439
MAV,2025-06-20 18:00:00,0.043662
MAV,2025-06-21 18:00:00,0.041785
MAV,2025-06-22 18:00:00,0.038523
MAV,2025-06-23 18:00:00,0.042208
MAV,2025-06-24 18:00:00,0.045739
MAV,2025-06-25 18:00:00,0.043905
MAV,2025-06-26 18:00:00,0.042058
MAV,2025-06-27 18:00:00,0.041677
MAV,2025-06-28 18:00:00,0.044046
MAV,2025-06-29 18:00:00,0.045193
MAV,2025-06-30 18:00:00,0.044786
MAV,2025-07-01 18:00:00,0.05205
MAV,2025-07-02 18:00:00,0.049469
MAV,2025-07-03 18:00:00,0.046497
MAV,2025-07-04 18:00:00,0.043657
MAV,2025-07-05 18:00:00,0.04115
MAV,2025-07-06 18:00:00,0.041
MAV,2025-07-07 18:00:00,0.039074
MAV,2025-07-08 18:00:00,0.039562
MAV,2025-07-09 18:00:00,0.040025
MAV,2025-07-10 18:00:00,0.041253
MAV,2025-07-11 18:00:00,0.047543
MAV,2025-07-12 18:00:00,0.044371
MAV,2025-07-13 18:00:00,0.046415
MAV,2025-07-14 18:00:00,0.043696
MAV,2025-07-15 18:00:00,0.045479
MAV,2025-07-16 18:00:00,0.050083
MAV,2025-07-17 18:00:00,0.049018
MAV,2025-07-18 18:00:00,0.050366
MAV,2025-07-19 18:00:00,0.049769
MAV,2025-07-20 18:00:00,0.052422
MAV,2025-07-21 18:00:00,0.051776
MAV,2025-07-22 18:00:00,0.051222
MAV,2025-07-23 18:00:00,0.047456
MAV,2025-07-24 18:00:00,0.045405
MAV,2025-07-25 18:00:00,0.045368
MAV,2025-07-26 18:00:00,0.046903
MAV,2025-07-27 18:00:00,0.053005
MAV,2025-07-28 18:00:00,0.049893
MAV,2025-07-29 18:00:00,0.047666
MAV,2025-07-30 18:00:00,0.048816
MAV,2025-07-31 18:00:00,0.04908
MAV,2025-08-01 18:00:00,0.045935
MAV,2025-08-02 18:00:00,0.042828
MAV,2025-08-03 18:00:00,0.044956
MAV,2025-08-04 18:00:00,0.04633
MAV,2025-08-05 18:00:00,0.043547
MAV,2025-08-06 18:00:00,0.04492
MAV,2025-08-07 18:00:00,0.048347
MAV,2025-08-08 18:00:00,0.050051
MAV,2025-08-09 18:00:00,0.053837
MAV,2025-08-10 18:00:00,0.056238
MAV,2025-08-11 18:00:00,0.05525
MAV,2025-08-12 18:00:00,0.06052
MAV,2025-08-13 18:00:00,0.063425
MAV,2025-08-14 18:00:00,0.054481
MAV,2025-08-15 18:00:00,0.051262
MAV,2025-08-16 18:00:00,0.057016
MAV,2025-08-17 18:00:00,0.057697
MAV,2025-08-18 18:00:00,0.056269
MAV,2025-08-19 18:00:00,0.054818
MAV,2025-08-20 18:00:00,0.05857
MAV,2025-08-21 18:00:00,0.054355
MAV,2025-08-22 18:00:00,0.058609
MAV,2025-08-23 18:00:00,0.056939
MAV,2025-08-24 18:00:00,0.06041
MAV,2025-08-25 18:00:00,0.065705
MAV,2025-08-26 18:00:00,0.063847
MAV,2025-08-27 18:00:00,0.065603
MAV,2025-08-28 18:00:00,0.065366
MAV,2025-08-29 18:00:00,0.070639
MAV,2025-08-30 18:00:00,0.065487
MAV,2025-08-31 18:00:00,0.072511
MAV,2025-09-01 18:00:00,0.07459
MAV,2025-09-02 18:00:00,0.08274
MAV,2025-09-03 18:00:00,0.078982
MAV,2025-09-04 18:00:00,0.074217
MAV,2025-09-05 18:00:00,0.075598
MAV,2025-09-06 18:00:00,0.077669
MAV,2025-09-07 18:00:00,0.077793
MAV,2025-09-08 18:00:00,0.073861
MAV,2025-09-09 18:00:00,0.065584
MAV,2025-09-10 18:00:00,0.065182
MAV,2025-09-11 18:00:00,0.073094
MAV,2025-09-12 18:00:00,0.070509
MAV,2025-09-13 18:00:00,0.06926
MAV,2025-09-14 18:00:00,0.070722
MAV,2025-09-15 18:00:00,0.068612
MAV,2025-09-16 18:00:00,0.067068
MAV,2025-09-17 18:00:00,0.071237
MAV,2025-09-18 18:00:00,0.077194
MAV,2025-09-19 18:00:00,0.072722
MAV,2025-09-20 18:00:00,0.072933
MAV,2025-09-21 18:00:00,0.071398
MAV,2025-09-22 18:00:00,0.066815
MAV,2025-09-23 18:00:00,0.062543
MAV,2025-09-24 18:00:00,0.066519
MAV,2025-09-25 18:00:00,0.060867
MAV,2025-09-26 18:00:00,0.059559
MAV,2025-09-27 18:00:00,0.057645
MAV,2025-09-28 18:00:00,0.057404
MAV,2025-09-29 18:00:00,0.05943
MAV,2025-09-30 18:00:00,0.057972
MAV,2025-10-01 18:00:00,0.062122
MAV,2025-10-02 18:00:00,0.061442
MAV,2025-10-03 18:00:00,0.06064
MAV,2025-10-04 18:00:00,0.058015
MAV,2025-10-05 18:00:00,0.057777
MAV,2025-10-06 18:00:00,0.059567
MAV,2025-10-07 18:00:00,0.053565
MAV,2025-10-08 18:00:00,0.053234
MAV,2025-10-09 18:00:00,0.050091
MAV,2025-10-10 18:00:00,0.046757
MAV,2025-10-11 18:00:00,0.041201
MAV,2025-10-12 18:00:00,0.04135
MAV,2025-10-13 18:00:00,0.045947
MAV,2025-10-14 18:00:00,0.042982
MAV,2025-10-15 18:00:00,0.042358
MAV,2025-10-16 18:00:00,0.040337
MAV,2025-10-17 18:00:00,0.038777
MAV,2025-10-18 18:00:00,0.039218
MAV,2025-10-19 18:00:00,0.040878
MAV,2025-10-20 18:00:00,0.040227
MAV,2025-10-21 18:00:00,0.040505
MAV,2025-10-22 18:00:00,0.037335
MAV,2025-10-23 18:00:00,0.038682
MAV,2025-10-24 18:00:00,0.038521
MAV,2025-10-25 18:00:00,0.038743
MAV,2025-10-26 18:00:00,0.039203
MAV,2025-10-27 18:00:00,0.038486
MAV,2025-10-28 18:00:00,0.037781
MAV,2025-10-29 18:00:00,0.035904
MAV,2025-10-30 18:00:00,0.031384
MAV,2025-10-31 18:00:00,0.032183
MAV,2025-11-01 18:00:00,0.03309
MAV,2025-11-02 18:00:00,0.03409
MAV,2025-11-03 18:00:00,0.02996
MAV,2025-11-04 18:00:00,0.028301
MAV,2025-11-05 18:00:00,0.029368
MAV,2025-11-06 18:00:00,0.028936
MAV,2025-11-07 18:00:00,0.033066
MAV,2025-11-08 18:00:00,0.033209
MAV,2025-11-09 18:00:00,0.034879
MAV,2025-11-10 18:00:00,0.034115
MAV,2025-11-11 18:00:00,0.033242
MAV,2025-11-12 18:00:00,0.030419
MAV,2025-11-13 18:00:00,0.02991
MAVIA,2025-06-05 18:00:00,0.15501
MAVIA,2025-06-06 18:00:00,0.1576
MAVIA,2025-06-07 18:00:00,0.16055
MAVIA,2025-06-08 18:00:00,0.16085
MAVIA,2025-06-09 18:00:00,0.16516
MAVIA,2025-06-10 18:00:00,0.17457
MAVIA,2025-06-11 18:00:00,0.16805
MAVIA,2025-06-12 18:00:00,0.15592
MAVIA,2025-06-13 18:00:00,0.16607
MAVIA,2025-06-14 18:00:00,0.16327
MAVIA,2025-06-15 18:00:00,0.16547
MAVIA,2025-06-16 18:00:00,0.17377
MAVIA,2025-06-17 18:00:00,0.15408
MAVIA,2025-06-18 18:00:00,0.1502
MAVIA,2025-06-19 18:00:00,0.15134
MAVIA,2025-06-20 18:00:00,0.14541
MAVIA,2025-06-21 18:00:00,0.15294
MAVIA,2025-06-22 18:00:00,0.13257
MAVIA,2025-06-23 18:00:00,0.14188
MAVIA,2025-06-24 18:00:00,0.14654
MAVIA,2025-06-25 18:00:00,0.14357
MAVIA,2025-06-26 18:00:00,0.1343
MAVIA,2025-06-27 18:00:00,0.13512
MAVIA,2025-06-28 18:00:00,0.14202
MAVIA,2025-06-29 18:00:00,0.13757
MAVIA,2025-06-30 18:00:00,0.13584
MAVIA,2025-07-01 18:00:00,0.13143
MAVIA,2025-07-02 18:00:00,0.14215
MAVIA,2025-07-03 18:00:00,0.14268
MAVIA,2025-07-04 18:00:00,0.13536
MAVIA,2025-07-05 18:00:00,0.13166
MAVIA,2025-07-06 18:00:00,0.13594
MAVIA,2025-07-07 18:00:00,0.13111
MAVIA,2025-07-08 18:00:00,0.13293
MAVIA,2025-07-09 18:00:00,0.15528
MAVIA,2025-07-10 18:00:00,0.16614
MAVIA,2025-07-11 18:00:00,0.17442
MAVIA,2025-07-12 18:00:00,0.16646
MAVIA,2025-07-13 18:00:00,0.20011
MAVIA,2025-07-14 18:00:00,0.17701
MAVIA,2025-07-15 18:00:00,0.17937
MAVIA,2025-07-16 18:00:00,0.18642
MAVIA,2025-07-17 18:00:00,0.18049
MAVIA,2025-07-18 18:00:00,0.18365
MAVIA,2025-07-19 18:00:00,0.17987
MAVIA,2025-07-20 18:00:00,0.18719
MAVIA,2025-07-21 18:00:00,0.18635
MAVIA,2025-07-22 18:00:00,0.19238
MAVIA,2025-07-23 18:00:00,0.17834
MAVIA,2025-07-24 18:00:00,0.16788
MAVIA,2025-07-25 18:00:00,0.16515
MAVIA,2025-07-26 18:00:00,0.16943
MAVIA,2025-07-27 18:00:00,0.17437
MAVIA,2025-07-28 18:00:00,0.16995
MAVIA,2025-07-29 18:00:00,0.16244
MAVIA,2025-07-30 18:00:00,0.1677
MAVIA,2025-07-31 18:00:00,0.16435
MAVIA,2025-08-01 18:00:00,0.15817
MAVIA,2025-08-02 18:00:00,0.15302
MAVIA,2025-08-03 18:00:00,0.16343
MAVIA,2025-08-04 18:00:00,0.1668
MAVIA,2025-08-05 18:00:00,0.15638
MAVIA,2025-08-06 18:00:00,0.15883
MAVIA,2025-08-07 18:00:00,0.15792
MAVIA,2025-08-08 18:00:00,0.16941
MAVIA,2025-08-09 18:00:00,0.17643
MAVIA,2025-08-10 18:00:00,0.1742
MAVIA,2025-08-11 18:00:00,0.22696
MAVIA,2025-08-12 18:00:00,0.20035
MAVIA,2025-08-13 18:00:00,0.18122
MAVIA,2025-08-14 18:00:00,0.17378
MAVIA,2025-08-15 18:00:00,0.16886
MAVIA,2025-08-16 18:00:00,0.17392
MAVIA,2025-08-17 18:00:00,0.1789
MAVIA,2025-08-18 18:00:00,0.16939
MAVIA,2025-08-19 18:00:00,0.15861
MAVIA,2025-08-20 18:00:00,0.1599
MAVIA,2025-08-21 18:00:00,0.15993
MAVIA,2025-08-22 18:00:00,0.17349
MAVIA,2025-08-23 18:00:00,0.17234
MAVIA,2025-08-24 18:00:00,0.17644
MAVIA,2025-08-25 18:00:00,0.16108
MAVIA,2025-08-26 18:00:00,0.16279
MAVIA,2025-08-27 18:00:00,0.16294
MAVIA,2025-08-28 18:00:00,0.16251
MAVIA,2025-08-29 18:00:00,0.1574
MAVIA,2025-08-30 18:00:00,0.15885
MAVIA,2025-08-31 18:00:00,0.1607
MAVIA,2025-09-01 18:00:00,0.15078
MAVIA,2025-09-02 18:00:00,0.14495
MAVIA,2025-09-03 18:00:00,0.147
MAVIA,2025-09-04 18:00:00,0.13589
MAVIA,2025-09-05 18:00:00,0.14042
MAVIA,2025-09-06 18:00:00,0.13764
MAVIA,2025-09-07 18:00:00,0.13846
MAVIA,2025-09-08 18:00:00,0.14278
MAVIA,2025-09-09 18:00:00,0.14414
MAVIA,2025-09-10 18:00:00,0.15143
MAVIA,2025-09-11 18:00:00,0.15906
MAVIA,2025-09-12 18:00:00,0.17639
MAVIA,2025-09-13 18:00:00,0.17418
MAVIA,2025-09-14 18:00:00,0.16518
MAVIA,2025-09-15 18:00:00,0.15765
MAVIA,2025-09-16 18:00:00,0.16131
MAVIA,2025-09-17 18:00:00,0.15967
MAVIA,2025-09-18 18:00:00,0.17334
MAVIA,2025-09-19 18:00:00,0.16011
MAVIA,2025-09-20 18:00:00,0.15991
MAVIA,2025-09-21 18:00:00,0.15644
MAVIA,2025-09-22 18:00:00,0.14164
MAVIA,2025-09-23 18:00:00,0.14109
MAVIA,2025-09-24 18:00:00,0.14407
MAVIA,2025-09-25 18:00:00,0.12431
MAVIA,2025-09-26 18:00:00,0.12726
MAVIA,2025-09-27 18:00:00,0.12251
MAVIA,2025-09-28 18:00:00,0.12213
MAVIA,2025-09-29 18:00:00,0.11946
MAVIA,2025-09-30 18:00:00,0.12102
MAVIA,2025-10-01 18:00:00,0.12631
MAVIA,2025-10-02 18:00:00,0.13261
MAVIA,2025-10-03 18:00:00,0.12903
MAVIA,2025-10-04 18:00:00,0.1237
MAVIA,2025-10-05 18:00:00,0.14285
MAVIA,2025-10-06 18:00:00,0.1327
MAVIA,2025-10-07 18:00:00,0.12311
MAVIA,2025-10-08 18:00:00,0.12794
MAVIA,2025-10-09 18:00:00,0.12339
MAVIA,2025-10-10 18:00:00,0.1182
MAVIA,2025-10-11 18:00:00,0.08662
MAVIA,2025-10-12 18:00:00,0.08702
MAVIA,2025-10-13 18:00:00,0.09428
MAVIA,2025-10-14 18:00:00,0.09098
MAVIA,2025-10-15 18:00:00,0.08713
MAVIA,2025-10-16 18:00:00,0.08117
MAVIA,2025-10-17 18:00:00,0.07782
MAVIA,2025-10-18 18:00:00,0.0792
MAVIA,2025-10-19 18:00:00,0.08031
MAVIA,2025-10-20 18:00:00,0.07782
MAVIA,2025-10-21 18:00:00,0.08001
MAVIA,2025-10-22 18:00:00,0.07349
MAVIA,2025-10-23 18:00:00,0.0751
MAVIA,2025-10-24 18:00:00,0.07495
MAVIA,2025-10-25 18:00:00,0.07964
MAVIA,2025-10-26 18:00:00,0.16785
MAVIA,2025-10-27 18:00:00,0.23791
MAVIA,2025-10-28 18:00:00,0.14135
MAVIA,2025-10-29 18:00:00,0.13042
MAVIA,2025-10-30 18:00:00,0.10967
MAVIA,2025-10-31 18:00:00,0.10339
MAVIA,2025-11-01 18:00:00,0.10403
MAVIA,2025-11-02 18:00:00,0.09898
MAVIA,2025-11-03 18:00:00,0.08648
MAVIA,2025-11-04 18:00:00,0.07756
MAVIA,2025-11-05 18:00:00,0.09946
MAVIA,2025-11-06 18:00:00,0.09182
MAVIA,2025-11-07 18:00:00,0.09578
MAVIA,2025-11-08 18:00:00,0.09329
MAVIA,2025-11-09 18:00:00,0.09198
MAVIA,2025-11-10 18:00:00,0.0902
MAVIA,2025-11-11 18:00:00,0.08929
MAVIA,2025-11-12 18:00:00,0.08461
MAVIA,2025-11-13 18:00:00,0.08023
ME,2025-06-05 18:00:00,0.86408
ME,2025-06-06 18:00:00,0.84265
ME,2025-06-07 18:00:00,0.86178
ME,2025-06-08 18:00:00,0.86691
ME,2025-06-09 18:00:00,0.87713
ME,2025-06-10 18:00:00,0.91088
ME,2025-06-11 18:00:00,0.88954
ME,2025-06-12 18:00:00,0.84017
ME,2025-06-13 18:00:00,0.78702
ME,2025-06-14 18:00:00,0.79003
ME,2025-06-15 18:00:00,0.79332
ME,2025-06-16 18:00:00,0.82851
ME,2025-06-17 18:00:00,0.75698
ME,2025-06-18 18:00:00,0.74108
ME,2025-06-19 18:00:00,0.74718
ME,2025-06-20 18:00:00,0.72575
ME,2025-06-21 18:00:00,0.69044
ME,2025-06-22 18:00:00,0.65081
ME,2025-06-23 18:00:00,0.7075
ME,2025-06-24 18:00:00,0.72621
ME,2025-06-25 18:00:00,0.72179
ME,2025-06-26 18:00:00,0.71024
ME,2025-06-27 18:00:00,0.70619
ME,2025-06-28 18:00:00,0.73587
ME,2025-06-29 18:00:00,0.73693
ME,2025-06-30 18:00:00,0.72959
ME,2025-07-01 18:00:00,0.70487
ME,2025-07-02 18:00:00,0.75482
ME,2025-07-03 18:00:00,0.76773
ME,2025-07-04 18:00:00,0.72387
ME,2025-07-05 18:00:00,0.71934
ME,2025-07-06 18:00:00,0.7361
ME,2025-07-07 18:00:00,0.72638
ME,2025-07-08 18:00:00,0.74119
ME,2025-07-09 18:00:00,0.74491
ME,2025-07-10 18:00:00,0.77906
ME,2025-07-11 18:00:00,0.83094
ME,2025-07-12 18:00:00,0.79688
ME,2025-07-13 18:00:00,0.85835
ME,2025-07-14 18:00:00,0.82886
ME,2025-07-15 18:00:00,0.83387
ME,2025-07-16 18:00:00,0.8643
ME,2025-07-17 18:00:00,0.85396
ME,2025-07-18 18:00:00,0.85782
ME,2025-07-19 18:00:00,0.84861
ME,2025-07-20 18:00:00,0.90304
ME,2025-07-21 18:00:00,0.95713
ME,2025-07-22 18:00:00,0.96091
ME,2025-07-23 18:00:00,0.90644
ME,2025-07-24 18:00:00,0.87104
ME,2025-07-25 18:00:00,0.8487
ME,2025-07-26 18:00:00,0.88305
ME,2025-07-27 18:00:00,0.89759
ME,2025-07-28 18:00:00,0.84444
ME,2025-07-29 18:00:00,0.81687
ME,2025-07-30 18:00:00,0.77847
ME,2025-07-31 18:00:00,0.78133
ME,2025-08-01 18:00:00,0.73325
ME,2025-08-02 18:00:00,0.70533
ME,2025-08-03 18:00:00,0.73314
ME,2025-08-04 18:00:00,0.73976
ME,2025-08-05 18:00:00,0.7083
ME,2025-08-06 18:00:00,0.71861
ME,2025-08-07 18:00:00,0.71329
ME,2025-08-08 18:00:00,0.74367
ME,2025-08-09 18:00:00,0.76809
ME,2025-08-10 18:00:00,0.7641
ME,2025-08-11 18:00:00,0.7327
ME,2025-08-12 18:00:00,0.7461
ME,2025-08-13 18:00:00,0.75398
ME,2025-08-14 18:00:00,0.71049
ME,2025-08-15 18:00:00,0.69746
ME,2025-08-16 18:00:00,0.7188
ME,2025-08-17 18:00:00,0.71688
ME,2025-08-18 18:00:00,0.70267
ME,2025-08-19 18:00:00,0.67169
ME,2025-08-20 18:00:00,0.68749
ME,2025-08-21 18:00:00,0.67753
ME,2025-08-22 18:00:00,0.71964
ME,2025-08-23 18:00:00,0.72081
ME,2025-08-24 18:00:00,0.72827
ME,2025-08-25 18:00:00,0.67038
ME,2025-08-26 18:00:00,0.67445
ME,2025-08-27 18:00:00,0.69123
ME,2025-08-28 18:00:00,0.70475
ME,2025-08-29 18:00:00,0.66636
ME,2025-08-30 18:00:00,0.68158
ME,2025-08-31 18:00:00,0.68632
ME,2025-09-01 18:00:00,0.66163
ME,2025-09-02 18:00:00,0.66474
ME,2025-09-03 18:00:00,0.67538
ME,2025-09-04 18:00:00,0.64886
ME,2025-09-05 18:00:00,0.65441
ME,2025-09-06 18:00:00,0.65721
ME,2025-09-07 18:00:00,0.65901
ME,2025-09-08 18:00:00,0.67146
ME,2025-09-09 18:00:00,0.67532
ME,2025-09-10 18:00:00,0.68757
ME,2025-09-11 18:00:00,0.68196
ME,2025-09-12 18:00:00,0.70823
ME,2025-09-13 18:00:00,0.71638
ME,2025-09-14 18:00:00,0.70387
ME,2025-09-15 18:00:00,0.67019
ME,2025-09-16 18:00:00,0.67845
ME,2025-09-17 18:00:00,0.66406
ME,2025-09-18 18:00:00,0.70178
ME,2025-09-19 18:00:00,0.66882
ME,2025-09-20 18:00:00,0.67306
ME,2025-09-21 18:00:00,0.75368
ME,2025-09-22 18:00:00,0.71886
ME,2025-09-23 18:00:00,0.69979
ME,2025-09-24 18:00:00,0.73729
ME,2025-09-25 18:00:00,0.68357
ME,2025-09-26 18:00:00,0.66713
ME,2025-09-27 18:00:00,0.65145
ME,2025-09-28 18:00:00,0.64621
ME,2025-09-29 18:00:00,0.61778
ME,2025-09-30 18:00:00,0.57886
ME,2025-10-01 18:00:00,0.60762
ME,2025-10-02 18:00:00,0.61918
ME,2025-10-03 18:00:00,0.6279
ME,2025-10-04 18:00:00,0.60917
ME,2025-10-05 18:00:00,0.6081
ME,2025-10-06 18:00:00,0.62347
ME,2025-10-07 18:00:00,0.58888
ME,2025-10-08 18:00:00,0.60177
ME,2025-10-09 18:00:00,0.57757
ME,2025-10-10 18:00:00,0.54692
ME,2025-10-11 18:00:00,0.43444
ME,2025-10-12 18:00:00,0.46634
ME,2025-10-13 18:00:00,0.48895
ME,2025-10-14 18:00:00,0.4666
ME,2025-10-15 18:00:00,0.45563
ME,2025-10-16 18:00:00,0.43784
ME,2025-10-17 18:00:00,0.41921
ME,2025-10-18 18:00:00,0.42747
ME,2025-10-19 18:00:00,0.44093
ME,2025-10-20 18:00:00,0.44339
ME,2025-10-21 18:00:00,0.45528
ME,2025-10-22 18:00:00,0.42594
ME,2025-10-23 18:00:00,0.43319
ME,2025-10-24 18:00:00,0.43405
ME,2025-10-25 18:00:00,0.43658
ME,2025-10-26 18:00:00,0.44613
ME,2025-10-27 18:00:00,0.5164
ME,2025-10-28 18:00:00,0.47626
ME,2025-10-29 18:00:00,0.47161
ME,2025-10-30 18:00:00,0.42696
ME,2025-10-31 18:00:00,0.4359
ME,2025-11-01 18:00:00,0.45559
ME,2025-11-02 18:00:00,0.44689
ME,2025-11-03 18:00:00,0.40158
ME,2025-11-04 18:00:00,0.39264
ME,2025-11-05 18:00:00,0.40066
ME,2025-11-06 18:00:00,0.39375
ME,2025-11-07 18:00:00,0.4388
ME,2025-11-08 18:00:00,0.42135
ME,2025-11-09 18:00:00,0.42431
ME,2025-11-10 18:00:00,0.42447
ME,2025-11-11 18:00:00,0.42003
ME,2025-11-12 18:00:00,0.40292
ME,2025-11-13 18:00:00,0.39251
MELANIA,2025-06-05 18:00:00,0.31122
MELANIA,2025-06-06 18:00:00,0.29545
MELANIA,2025-06-07 18:00:00,0.3011
MELANIA,2025-06-08 18:00:00,0.30361
MELANIA,2025-06-09 18:00:00,0.30568
MELANIA,2025-06-10 18:00:00,0.31294
MELANIA,2025-06-11 18:00:00,0.30577
MELANIA,2025-06-12 18:00:00,0.28319
MELANIA,2025-06-13 18:00:00,0.25555
MELANIA,2025-06-14 18:00:00,0.25854
MELANIA,2025-06-15 18:00:00,0.26368
MELANIA,2025-06-16 18:00:00,0.27058
MELANIA,2025-06-17 18:00:00,0.25022
MELANIA,2025-06-18 18:00:00,0.24704
MELANIA,2025-06-19 18:00:00,0.24623
MELANIA,2025-06-20 18:00:00,0.23198
MELANIA,2025-06-21 18:00:00,0.22139
MELANIA,2025-06-22 18:00:00,0.20201
MELANIA,2025-06-23 18:00:00,0.21035
MELANIA,2025-06-24 18:00:00,0.21115
MELANIA,2025-06-25 18:00:00,0.20377
MELANIA,2025-06-26 18:00:00,0.19671
MELANIA,2025-06-27 18:00:00,0.19029
MELANIA,2025-06-28 18:00:00,0.204
MELANIA,2025-06-29 18:00:00,0.20655
MELANIA,2025-06-30 18:00:00,0.20031
MELANIA,2025-07-01 18:00:00,0.19618
MELANIA,2025-07-02 18:00:00,0.21037
MELANIA,2025-07-03 18:00:00,0.20557
MELANIA,2025-07-04 18:00:00,0.19819
MELANIA,2025-07-05 18:00:00,0.19272
MELANIA,2025-07-06 18:00:00,0.19692
MELANIA,2025-07-07 18:00:00,0.19301
MELANIA,2025-07-08 18:00:00,0.18298
MELANIA,2025-07-09 18:00:00,0.17984
MELANIA,2025-07-10 18:00:00,0.20457
MELANIA,2025-07-11 18:00:00,0.21903
MELANIA,2025-07-12 18:00:00,0.19338
MELANIA,2025-07-13 18:00:00,0.20124
MELANIA,2025-07-14 18:00:00,0.1935
MELANIA,2025-07-15 18:00:00,0.21109
MELANIA,2025-07-16 18:00:00,0.25315
MELANIA,2025-07-17 18:00:00,0.24218
MELANIA,2025-07-18 18:00:00,0.24717
MELANIA,2025-07-19 18:00:00,0.24454
MELANIA,2025-07-20 18:00:00,0.26188
MELANIA,2025-07-21 18:00:00,0.25835
MELANIA,2025-07-22 18:00:00,0.24667
MELANIA,2025-07-23 18:00:00,0.23011
MELANIA,2025-07-24 18:00:00,0.23189
MELANIA,2025-07-25 18:00:00,0.23179
MELANIA,2025-07-26 18:00:00,0.24085
MELANIA,2025-07-27 18:00:00,0.24412
MELANIA,2025-07-28 18:00:00,0.23518
MELANIA,2025-07-29 18:00:00,0.23046
MELANIA,2025-07-30 18:00:00,0.21891
MELANIA,2025-07-31 18:00:00,0.21502
MELANIA,2025-08-01 18:00:00,0.20664
MELANIA,2025-08-02 18:00:00,0.19517
MELANIA,2025-08-03 18:00:00,0.20844
MELANIA,2025-08-04 18:00:00,0.20968
MELANIA,2025-08-05 18:00:00,0.20423
MELANIA,2025-08-06 18:00:00,0.20977
MELANIA,2025-08-07 18:00:00,0.2137
MELANIA,2025-08-08 18:00:00,0.22015
MELANIA,2025-08-09 18:00:00,0.22919
MELANIA,2025-08-10 18:00:00,0.23042
MELANIA,2025-08-11 18:00:00,0.22258
MELANIA,2025-08-12 18:00:00,0.22606
MELANIA,2025-08-13 18:00:00,0.23354
MELANIA,2025-08-14 18:00:00,0.20509
MELANIA,2025-08-15 18:00:00,0.20485
MELANIA,2025-08-16 18:00:00,0.21247
MELANIA,2025-08-17 18:00:00,0.21684
MELANIA,2025-08-18 18:00:00,0.20946
MELANIA,2025-08-19 18:00:00,0.20136
MELANIA,2025-08-20 18:00:00,0.20857
MELANIA,2025-08-21 18:00:00,0.20613
MELANIA,2025-08-22 18:00:00,0.21892
MELANIA,2025-08-23 18:00:00,0.21494
MELANIA,2025-08-24 18:00:00,0.20785
MELANIA,2025-08-25 18:00:00,0.19017
MELANIA,2025-08-26 18:00:00,0.21485
MELANIA,2025-08-27 18:00:00,0.20939
MELANIA,2025-08-28 18:00:00,0.21009
MELANIA,2025-08-29 18:00:00,0.19539
MELANIA,2025-08-30 18:00:00,0.20039
MELANIA,2025-08-31 18:00:00,0.20019
MELANIA,2025-09-01 18:00:00,0.19208
MELANIA,2025-09-02 18:00:00,0.19232
MELANIA,2025-09-03 18:00:00,0.19585
MELANIA,2025-09-04 18:00:00,0.18676
MELANIA,2025-09-05 18:00:00,0.19248
MELANIA,2025-09-06 18:00:00,0.18987
MELANIA,2025-09-07 18:00:00,0.19323
MELANIA,2025-09-08 18:00:00,0.20083
MELANIA,2025-09-09 18:00:00,0.19624
MELANIA,2025-09-10 18:00:00,0.20096
MELANIA,2025-09-11 18:00:00,0.19724
MELANIA,2025-09-12 18:00:00,0.20932
MELANIA,2025-09-13 18:00:00,0.20673
MELANIA,2025-09-14 18:00:00,0.20074
MELANIA,2025-09-15 18:00:00,0.19493
MELANIA,2025-09-16 18:00:00,0.19785
MELANIA,2025-09-17 18:00:00,0.19693
MELANIA,2025-09-18 18:00:00,0.2042
MELANIA,2025-09-19 18:00:00,0.19517
MELANIA,2025-09-20 18:00:00,0.19597
MELANIA,2025-09-21 18:00:00,0.19647
MELANIA,2025-09-22 18:00:00,0.16583
MELANIA,2025-09-23 18:00:00,0.17006
MELANIA,2025-09-24 18:00:00,0.17326
MELANIA,2025-09-25 18:00:00,0.16413
MELANIA,2025-09-26 18:00:00,0.16861
MELANIA,2025-09-27 18:00:00,0.16717
MELANIA,2025-09-28 18:00:00,0.1691
MELANIA,2025-09-29 18:00:00,0.16841
MELANIA,2025-09-30 18:00:00,0.16491
MELANIA,2025-10-01 18:00:00,0.17472
MELANIA,2025-10-02 18:00:00,0.18307
MELANIA,2025-10-03 18:00:00,0.18264
MELANIA,2025-10-04 18:00:00,0.17621
MELANIA,2025-10-05 18:00:00,0.17931
MELANIA,2025-10-06 18:00:00,0.18619
MELANIA,2025-10-07 18:00:00,0.17502
MELANIA,2025-10-08 18:00:00,0.18043
MELANIA,2025-10-09 18:00:00,0.17172
MELANIA,2025-10-10 18:00:00,0.16324
MELANIA,2025-10-11 18:00:00,0.11276
MELANIA,2025-10-12 18:00:00,0.12372
MELANIA,2025-10-13 18:00:00,0.12565
MELANIA,2025-10-14 18:00:00,0.12503
MELANIA,2025-10-15 18:00:00,0.1186
MELANIA,2025-10-16 18:00:00,0.11067
MELANIA,2025-10-17 18:00:00,0.10622
MELANIA,2025-10-18 18:00:00,0.10513
MELANIA,2025-10-19 18:00:00,0.10696
MELANIA,2025-10-20 18:00:00,0.10252
MELANIA,2025-10-21 18:00:00,0.10335
MELANIA,2025-10-22 18:00:00,0.09293
MELANIA,2025-10-23 18:00:00,0.09881
MELANIA,2025-10-24 18:00:00,0.09903
MELANIA,2025-10-25 18:00:00,0.10013
MELANIA,2025-10-26 18:00:00,0.10019
MELANIA,2025-10-27 18:00:00,0.14768
MELANIA,2025-10-28 18:00:00,0.11469
MELANIA,2025-10-29 18:00:00,0.12708
MELANIA,2025-10-30 18:00:00,0.11544
MELANIA,2025-10-31 18:00:00,0.11437
MELANIA,2025-11-01 18:00:00,0.1201
MELANIA,2025-11-02 18:00:00,0.11205
MELANIA,2025-11-03 18:00:00,0.10046
MELANIA,2025-11-04 18:00:00,0.09575
MELANIA,2025-11-05 18:00:00,0.10036
MELANIA,2025-11-06 18:00:00,0.10294
MELANIA,2025-11-07 18:00:00,0.1158
MELANIA,2025-11-08 18:00:00,0.11169
MELANIA,2025-11-09 18:00:00,0.11573
MELANIA,2025-11-10 18:00:00,0.1791
MELANIA,2025-11-11 18:00:00,0.14268
MELANIA,2025-11-12 18:00:00,0.15967
MELANIA,2025-11-13 18:00:00,0.15742
MEME,2025-06-05 18:00:00,0.001806
MEME,2025-06-06 18:00:00,0.001744
MEME,2025-06-07 18:00:00,0.001816
MEME,2025-06-08 18:00:00,0.00184
MEME,2025-06-09 18:00:00,0.001873
MEME,2025-06-10 18:00:00,0.001974
MEME,2025-06-11 18:00:00,0.001927
MEME,2025-06-12 18:00:00,0.001779
MEME,2025-06-13 18:00:00,0.00159
MEME,2025-06-14 18:00:00,0.001628
MEME,2025-06-15 18:00:00,0.001638
MEME,2025-06-16 18:00:00,0.001736
MEME,2025-06-17 18:00:00,0.001566
MEME,2025-06-18 18:00:00,0.001515
MEME,2025-06-19 18:00:00,0.001553
MEME,2025-06-20 18:00:00,0.001502
MEME,2025-06-21 18:00:00,0.001409
MEME,2025-06-22 18:00:00,0.001285
MEME,2025-06-23 18:00:00,0.00141
MEME,2025-06-24 18:00:00,0.001534
MEME,2025-06-25 18:00:00,0.001497
MEME,2025-06-26 18:00:00,0.001434
MEME,2025-06-27 18:00:00,0.001445
MEME,2025-06-28 18:00:00,0.001566
MEME,2025-06-29 18:00:00,0.001566
MEME,2025-06-30 18:00:00,0.001569
MEME,2025-07-01 18:00:00,0.001464
MEME,2025-07-02 18:00:00,0.00161
MEME,2025-07-03 18:00:00,0.001599
MEME,2025-07-04 18:00:00,0.001476
MEME,2025-07-05 18:00:00,0.00145
MEME,2025-07-06 18:00:00,0.001551
MEME,2025-07-07 18:00:00,0.001519
MEME,2025-07-08 18:00:00,0.001562
MEME,2025-07-09 18:00:00,0.001581
MEME,2025-07-10 18:00:00,0.001747
MEME,2025-07-11 18:00:00,0.00195
MEME,2025-07-12 18:00:00,0.001762
MEME,2025-07-13 18:00:00,0.001855
MEME,2025-07-14 18:00:00,0.001786
MEME,2025-07-15 18:00:00,0.001844
MEME,2025-07-16 18:00:00,0.002173
MEME,2025-07-17 18:00:00,0.002021
MEME,2025-07-18 18:00:00,0.001992
MEME,2025-07-19 18:00:00,0.001966
MEME,2025-07-20 18:00:00,0.002138
MEME,2025-07-21 18:00:00,0.002082
MEME,2025-07-22 18:00:00,0.002063
MEME,2025-07-23 18:00:00,0.001886
MEME,2025-07-24 18:00:00,0.001825
MEME,2025-07-25 18:00:00,0.001796
MEME,2025-07-26 18:00:00,0.001855
MEME,2025-07-27 18:00:00,0.001916
MEME,2025-07-28 18:00:00,0.001809
MEME,2025-07-29 18:00:00,0.001767
MEME,2025-07-30 18:00:00,0.00172
MEME,2025-07-31 18:00:00,0.002184
MEME,2025-08-01 18:00:00,0.002002
MEME,2025-08-02 18:00:00,0.001763
MEME,2025-08-03 18:00:00,0.001827
MEME,2025-08-04 18:00:00,0.001796
MEME,2025-08-05 18:00:00,0.00167
MEME,2025-08-06 18:00:00,0.001669
MEME,2025-08-07 18:00:00,0.001683
MEME,2025-08-08 18:00:00,0.001756
MEME,2025-08-09 18:00:00,0.001832
MEME,2025-08-10 18:00:00,0.001816
MEME,2025-08-11 18:00:00,0.001764
MEME,2025-08-12 18:00:00,0.001798
MEME,2025-08-13 18:00:00,0.001909
MEME,2025-08-14 18:00:00,0.00191
MEME,2025-08-15 18:00:00,0.001878
MEME,2025-08-16 18:00:00,0.001964
MEME,2025-08-17 18:00:00,0.001964
MEME,2025-08-18 18:00:00,0.002114
MEME,2025-08-19 18:00:00,0.00203
MEME,2025-08-20 18:00:00,0.002811
MEME,2025-08-21 18:00:00,0.002646
MEME,2025-08-22 18:00:00,0.002597
MEME,2025-08-23 18:00:00,0.003588
MEME,2025-08-24 18:00:00,0.003914
MEME,2025-08-25 18:00:00,0.003484
MEME,2025-08-26 18:00:00,0.003394
MEME,2025-08-27 18:00:00,0.003179
MEME,2025-08-28 18:00:00,0.003027
MEME,2025-08-29 18:00:00,0.002765
MEME,2025-08-30 18:00:00,0.002852
MEME,2025-08-31 18:00:00,0.002825
MEME,2025-09-01 18:00:00,0.002558
MEME,2025-09-02 18:00:00,0.002509
MEME,2025-09-03 18:00:00,0.002563
MEME,2025-09-04 18:00:00,0.002385
MEME,2025-09-05 18:00:00,0.002484
MEME,2025-09-06 18:00:00,0.002523
MEME,2025-09-07 18:00:00,0.002592
MEME,2025-09-08 18:00:00,0.002645
MEME,2025-09-09 18:00:00,0.002511
MEME,2025-09-10 18:00:00,0.002579
MEME,2025-09-11 18:00:00,0.002584
MEME,2025-09-12 18:00:00,0.002722
MEME,2025-09-13 18:00:00,0.002756
MEME,2025-09-14 18:00:00,0.002623
MEME,2025-09-15 18:00:00,0.002536
MEME,2025-09-16 18:00:00,0.002615
MEME,2025-09-17 18:00:00,0.002635
MEME,2025-09-18 18:00:00,0.002736
MEME,2025-09-19 18:00:00,0.002565
MEME,2025-09-20 18:00:00,0.002605
MEME,2025-09-21 18:00:00,0.002729
MEME,2025-09-22 18:00:00,0.002256
MEME,2025-09-23 18:00:00,0.002368
MEME,2025-09-24 18:00:00,0.002392
MEME,2025-09-25 18:00:00,0.00221
MEME,2025-09-26 18:00:00,0.002333
MEME,2025-09-27 18:00:00,0.002346
MEME,2025-09-28 18:00:00,0.002366
MEME,2025-09-29 18:00:00,0.002339
MEME,2025-09-30 18:00:00,0.002362
MEME,2025-10-01 18:00:00,0.002457
MEME,2025-10-02 18:00:00,0.002543
MEME,2025-10-03 18:00:00,0.00255
MEME,2025-10-04 18:00:00,0.002408
MEME,2025-10-05 18:00:00,0.002448
MEME,2025-10-06 18:00:00,0.002553
MEME,2025-10-07 18:00:00,0.002383
MEME,2025-10-08 18:00:00,0.002524
MEME,2025-10-09 18:00:00,0.002358
MEME,2025-10-10 18:00:00,0.002263
MEME,2025-10-11 18:00:00,0.001672
MEME,2025-10-12 18:00:00,0.00182
MEME,2025-10-13 18:00:00,0.001846
MEME,2025-10-14 18:00:00,0.001806
MEME,2025-10-15 18:00:00,0.001742
MEME,2025-10-16 18:00:00,0.001669
MEME,2025-10-17 18:00:00,0.001622
MEME,2025-10-18 18:00:00,0.001653
MEME,2025-10-19 18:00:00,0.001732
MEME,2025-10-20 18:00:00,0.001729
MEME,2025-10-21 18:00:00,0.001751
MEME,2025-10-22 18:00:00,0.001605
MEME,2025-10-23 18:00:00,0.001631
MEME,2025-10-24 18:00:00,0.001665
MEME,2025-10-25 18:00:00,0.001682
MEME,2025-10-26 18:00:00,0.001703
MEME,2025-10-27 18:00:00,0.001709
MEME,2025-10-28 18:00:00,0.001661
MEME,2025-10-29 18:00:00,0.001604
MEME,2025-10-30 18:00:00,0.001456
MEME,2025-10-31 18:00:00,0.001518
MEME,2025-11-01 18:00:00,0.001564
MEME,2025-11-02 18:00:00,0.00149
MEME,2025-11-03 18:00:00,0.001401
MEME,2025-11-04 18:00:00,0.001343
MEME,2025-11-05 18:00:00,0.001447
MEME,2025-11-06 18:00:00,0.001411
MEME,2025-11-07 18:00:00,0.001794
MEME,2025-11-08 18:00:00,0.00163
MEME,2025-11-09 18:00:00,0.001656
MEME,2025-11-10 18:00:00,0.001667
MEME,2025-11-11 18:00:00,0.001593
MEME,2025-11-12 18:00:00,0.001486
MEME,2025-11-13 18:00:00,0.001419
MERL,2025-06-05 18:00:00,0.10214
MERL,2025-06-06 18:00:00,0.10204
MERL,2025-06-07 18:00:00,0.10044
MERL,2025-06-08 18:00:00,0.098352
MERL,2025-06-09 18:00:00,0.098946
MERL,2025-06-10 18:00:00,0.10362
MERL,2025-06-11 18:00:00,0.10935
MERL,2025-06-12 18:00:00,0.10032
MERL,2025-06-13 18:00:00,0.095124
MERL,2025-06-14 18:00:00,0.094087
MERL,2025-06-15 18:00:00,0.094695
MERL,2025-06-16 18:00:00,0.098835
MERL,2025-06-17 18:00:00,0.088903
MERL,2025-06-18 18:00:00,0.082634
MERL,2025-06-19 18:00:00,0.083662
MERL,2025-06-20 18:00:00,0.08049
MERL,2025-06-21 18:00:00,0.076828
MERL,2025-06-22 18:00:00,0.072561
MERL,2025-06-23 18:00:00,0.07929
MERL,2025-06-24 18:00:00,0.086234
MERL,2025-06-25 18:00:00,0.085189
MERL,2025-06-26 18:00:00,0.082691
MERL,2025-06-27 18:00:00,0.082098
MERL,2025-06-28 18:00:00,0.086121
MERL,2025-06-29 18:00:00,0.087235
MERL,2025-06-30 18:00:00,0.08752
MERL,2025-07-01 18:00:00,0.084898
MERL,2025-07-02 18:00:00,0.10133
MERL,2025-07-03 18:00:00,0.097042
MERL,2025-07-04 18:00:00,0.1003
MERL,2025-07-05 18:00:00,0.098491
MERL,2025-07-06 18:00:00,0.10544
MERL,2025-07-07 18:00:00,0.10531
MERL,2025-07-08 18:00:00,0.11026
MERL,2025-07-09 18:00:00,0.10845
MERL,2025-07-10 18:00:00,0.11089
MERL,2025-07-11 18:00:00,0.11534
MERL,2025-07-12 18:00:00,0.10721
MERL,2025-07-13 18:00:00,0.1106
MERL,2025-07-14 18:00:00,0.10572
MERL,2025-07-15 18:00:00,0.11042
MERL,2025-07-16 18:00:00,0.11528
MERL,2025-07-17 18:00:00,0.11191
MERL,2025-07-18 18:00:00,0.10999
MERL,2025-07-19 18:00:00,0.10476
MERL,2025-07-20 18:00:00,0.11604
MERL,2025-07-21 18:00:00,0.12232
MERL,2025-07-22 18:00:00,0.12889
MERL,2025-07-23 18:00:00,0.12175
MERL,2025-07-24 18:00:00,0.11825
MERL,2025-07-25 18:00:00,0.11652
MERL,2025-07-26 18:00:00,0.12184
MERL,2025-07-27 18:00:00,0.11897
MERL,2025-07-28 18:00:00,0.11671
MERL,2025-07-29 18:00:00,0.10947
MERL,2025-07-30 18:00:00,0.10694
MERL,2025-07-31 18:00:00,0.10263
MERL,2025-08-01 18:00:00,0.099004
MERL,2025-08-02 18:00:00,0.093811
MERL,2025-08-03 18:00:00,0.10141
MERL,2025-08-04 18:00:00,0.10265
MERL,2025-08-05 18:00:00,0.10168
MERL,2025-08-06 18:00:00,0.10425
MERL,2025-08-07 18:00:00,0.11039
MERL,2025-08-08 18:00:00,0.11534
MERL,2025-08-09 18:00:00,0.11614
MERL,2025-08-10 18:00:00,0.11684
MERL,2025-08-11 18:00:00,0.11366
MERL,2025-08-12 18:00:00,0.11664
MERL,2025-08-13 18:00:00,0.11348
MERL,2025-08-14 18:00:00,0.10588
MERL,2025-08-15 18:00:00,0.10797
MERL,2025-08-16 18:00:00,0.11557
MERL,2025-08-17 18:00:00,0.11671
MERL,2025-08-18 18:00:00,0.11335
MERL,2025-08-19 18:00:00,0.1109
MERL,2025-08-20 18:00:00,0.11208
MERL,2025-08-21 18:00:00,0.11533
MERL,2025-08-22 18:00:00,0.12574
MERL,2025-08-23 18:00:00,0.12514
MERL,2025-08-24 18:00:00,0.12905
MERL,2025-08-25 18:00:00,0.11712
MERL,2025-08-26 18:00:00,0.11445
MERL,2025-08-27 18:00:00,0.11545
MERL,2025-08-28 18:00:00,0.11563
MERL,2025-08-29 18:00:00,0.10872
MERL,2025-08-30 18:00:00,0.11197
MERL,2025-08-31 18:00:00,0.11951
MERL,2025-09-01 18:00:00,0.12126
MERL,2025-09-02 18:00:00,0.15232
MERL,2025-09-03 18:00:00,0.16868
MERL,2025-09-04 18:00:00,0.16021
MERL,2025-09-05 18:00:00,0.148
MERL,2025-09-06 18:00:00,0.15532
MERL,2025-09-07 18:00:00,0.15632
MERL,2025-09-08 18:00:00,0.14412
MERL,2025-09-09 18:00:00,0.13527
MERL,2025-09-10 18:00:00,0.13976
MERL,2025-09-11 18:00:00,0.14879
MERL,2025-09-12 18:00:00,0.15497
MERL,2025-09-13 18:00:00,0.15068
MERL,2025-09-14 18:00:00,0.15078
MERL,2025-09-15 18:00:00,0.15937
MERL,2025-09-16 18:00:00,0.17634
MERL,2025-09-17 18:00:00,0.18233
MERL,2025-09-18 18:00:00,0.1855
MERL,2025-09-19 18:00:00,0.19262
MERL,2025-09-20 18:00:00,0.19657
MERL,2025-09-21 18:00:00,0.29879
MERL,2025-09-22 18:00:00,0.28859
MERL,2025-09-23 18:00:00,0.31241
MERL,2025-09-24 18:00:00,0.32419
MERL,2025-09-25 18:00:00,0.3009
MERL,2025-09-26 18:00:00,0.30754
MERL,2025-09-27 18:00:00,0.30535
MERL,2025-09-28 18:00:00,0.29911
MERL,2025-09-29 18:00:00,0.3341
MERL,2025-09-30 18:00:00,0.3106
MERL,2025-10-01 18:00:00,0.29726
MERL,2025-10-02 18:00:00,0.30104
MERL,2025-10-03 18:00:00,0.32842
MERL,2025-10-04 18:00:00,0.33973
MERL,2025-10-05 18:00:00,0.35306
MERL,2025-10-06 18:00:00,0.36162
MERL,2025-10-07 18:00:00,0.36212
MERL,2025-10-08 18:00:00,0.34925
MERL,2025-10-09 18:00:00,0.34103
MERL,2025-10-10 18:00:00,0.36459
MERL,2025-10-11 18:00:00,0.35679
MERL,2025-10-12 18:00:00,0.37983
MERL,2025-10-13 18:00:00,0.35254
MERL,2025-10-14 18:00:00,0.32875
MERL,2025-10-15 18:00:00,0.30373
MERL,2025-10-16 18:00:00,0.33536
MERL,2025-10-17 18:00:00,0.31939
MERL,2025-10-18 18:00:00,0.30784
MERL,2025-10-19 18:00:00,0.32757
MERL,2025-10-20 18:00:00,0.32595
MERL,2025-10-21 18:00:00,0.36205
MERL,2025-10-22 18:00:00,0.33855
MERL,2025-10-23 18:00:00,0.36498
MERL,2025-10-24 18:00:00,0.38933
MERL,2025-10-25 18:00:00,0.39164
MERL,2025-10-26 18:00:00,0.4395
MERL,2025-10-27 18:00:00,0.38248
MERL,2025-10-28 18:00:00,0.30451
MERL,2025-10-29 18:00:00,0.33755
MERL,2025-10-30 18:00:00,0.33455
MERL,2025-10-31 18:00:00,0.33893
MERL,2025-11-01 18:00:00,0.31851
MERL,2025-11-02 18:00:00,0.31066
MERL,2025-11-03 18:00:00,0.31355
MERL,2025-11-04 18:00:00,0.3118
MERL,2025-11-05 18:00:00,0.32138
MERL,2025-11-06 18:00:00,0.31473
MERL,2025-11-07 18:00:00,0.3866
MERL,2025-11-08 18:00:00,0.42264
MERL,2025-11-09 18:00:00,0.35901
MERL,2025-11-10 18:00:00,0.34906
MERL,2025-11-11 18:00:00,0.37242
MERL,2025-11-12 18:00:00,0.37578
MERL,2025-11-13 18:00:00,0.3732
MEW,2025-06-05 18:00:00,0.003039
MEW,2025-06-06 18:00:00,0.003008
MEW,2025-06-07 18:00:00,0.003133
MEW,2025-06-08 18:00:00,0.003169
MEW,2025-06-09 18:00:00,0.003275
MEW,2025-06-10 18:00:00,0.00342
MEW,2025-06-11 18:00:00,0.003362
MEW,2025-06-12 18:00:00,0.003094
MEW,2025-06-13 18:00:00,0.002797
MEW,2025-06-14 18:00:00,0.00277
MEW,2025-06-15 18:00:00,0.002865
MEW,2025-06-16 18:00:00,0.002973
MEW,2025-06-17 18:00:00,0.002682
MEW,2025-06-18 18:00:00,0.002617
MEW,2025-06-19 18:00:00,0.002657
MEW,2025-06-20 18:00:00,0.002591
MEW,2025-06-21 18:00:00,0.002459
MEW,2025-06-22 18:00:00,0.002249
MEW,2025-06-23 18:00:00,0.002456
MEW,2025-06-24 18:00:00,0.002616
MEW,2025-06-25 18:00:00,0.002553
MEW,2025-06-26 18:00:00,0.002442
MEW,2025-06-27 18:00:00,0.002448
MEW,2025-06-28 18:00:00,0.002688
MEW,2025-06-29 18:00:00,0.002696
MEW,2025-06-30 18:00:00,0.00271
MEW,2025-07-01 18:00:00,0.002482
MEW,2025-07-02 18:00:00,0.002697
MEW,2025-07-03 18:00:00,0.002712
MEW,2025-07-04 18:00:00,0.002572
MEW,2025-07-05 18:00:00,0.002568
MEW,2025-07-06 18:00:00,0.002794
MEW,2025-07-07 18:00:00,0.002669
MEW,2025-07-08 18:00:00,0.002782
MEW,2025-07-09 18:00:00,0.002777
MEW,2025-07-10 18:00:00,0.002987
MEW,2025-07-11 18:00:00,0.00322
MEW,2025-07-12 18:00:00,0.003099
MEW,2025-07-13 18:00:00,0.003222
MEW,2025-07-14 18:00:00,0.003106
MEW,2025-07-15 18:00:00,0.00309
MEW,2025-07-16 18:00:00,0.003598
MEW,2025-07-17 18:00:00,0.003682
MEW,2025-07-18 18:00:00,0.003618
MEW,2025-07-19 18:00:00,0.003836
MEW,2025-07-20 18:00:00,0.00411
MEW,2025-07-21 18:00:00,0.004114
MEW,2025-07-22 18:00:00,0.004144
MEW,2025-07-23 18:00:00,0.003731
MEW,2025-07-24 18:00:00,0.003544
MEW,2025-07-25 18:00:00,0.003448
MEW,2025-07-26 18:00:00,0.003668
MEW,2025-07-27 18:00:00,0.003716
MEW,2025-07-28 18:00:00,0.003495
MEW,2025-07-29 18:00:00,0.00332
MEW,2025-07-30 18:00:00,0.003183
MEW,2025-07-31 18:00:00,0.003205
MEW,2025-08-01 18:00:00,0.002996
MEW,2025-08-02 18:00:00,0.002819
MEW,2025-08-03 18:00:00,0.003003
MEW,2025-08-04 18:00:00,0.00304
MEW,2025-08-05 18:00:00,0.002919
MEW,2025-08-06 18:00:00,0.003052
MEW,2025-08-07 18:00:00,0.003129
MEW,2025-08-08 18:00:00,0.003248
MEW,2025-08-09 18:00:00,0.003398
MEW,2025-08-10 18:00:00,0.003396
MEW,2025-08-11 18:00:00,0.003224
MEW,2025-08-12 18:00:00,0.003304
MEW,2025-08-13 18:00:00,0.003377
MEW,2025-08-14 18:00:00,0.003084
MEW,2025-08-15 18:00:00,0.003006
MEW,2025-08-16 18:00:00,0.003093
MEW,2025-08-17 18:00:00,0.003133
MEW,2025-08-18 18:00:00,0.002974
MEW,2025-08-19 18:00:00,0.002817
MEW,2025-08-20 18:00:00,0.002934
MEW,2025-08-21 18:00:00,0.002872
MEW,2025-08-22 18:00:00,0.00318
MEW,2025-08-23 18:00:00,0.003181
MEW,2025-08-24 18:00:00,0.003192
MEW,2025-08-25 18:00:00,0.002836
MEW,2025-08-26 18:00:00,0.002861
MEW,2025-08-27 18:00:00,0.002928
MEW,2025-08-28 18:00:00,0.002977
MEW,2025-08-29 18:00:00,0.002782
MEW,2025-08-30 18:00:00,0.002866
MEW,2025-08-31 18:00:00,0.002876
MEW,2025-09-01 18:00:00,0.002715
MEW,2025-09-02 18:00:00,0.002744
MEW,2025-09-03 18:00:00,0.002802
MEW,2025-09-04 18:00:00,0.002666
MEW,2025-09-05 18:00:00,0.002717
MEW,2025-09-06 18:00:00,0.002692
MEW,2025-09-07 18:00:00,0.002724
MEW,2025-09-08 18:00:00,0.00296
MEW,2025-09-09 18:00:00,0.002883
MEW,2025-09-10 18:00:00,0.002949
MEW,2025-09-11 18:00:00,0.002956
MEW,2025-09-12 18:00:00,0.003201
MEW,2025-09-13 18:00:00,0.0033
MEW,2025-09-14 18:00:00,0.003187
MEW,2025-09-15 18:00:00,0.002978
MEW,2025-09-16 18:00:00,0.003077
MEW,2025-09-17 18:00:00,0.003092
MEW,2025-09-18 18:00:00,0.003381
MEW,2025-09-19 18:00:00,0.003099
MEW,2025-09-20 18:00:00,0.003086
MEW,2025-09-21 18:00:00,0.003016
MEW,2025-09-22 18:00:00,0.002688
MEW,2025-09-23 18:00:00,0.002707
MEW,2025-09-24 18:00:00,0.00272
MEW,2025-09-25 18:00:00,0.002549
MEW,2025-09-26 18:00:00,0.002588
MEW,2025-09-27 18:00:00,0.002559
MEW,2025-09-28 18:00:00,0.002592
MEW,2025-09-29 18:00:00,0.00259
MEW,2025-09-30 18:00:00,0.00255
MEW,2025-10-01 18:00:00,0.002753
MEW,2025-10-02 18:00:00,0.002847
MEW,2025-10-03 18:00:00,0.002873
MEW,2025-10-04 18:00:00,0.002767
MEW,2025-10-05 18:00:00,0.002785
MEW,2025-10-06 18:00:00,0.002878
MEW,2025-10-07 18:00:00,0.002662
MEW,2025-10-08 18:00:00,0.002764
MEW,2025-10-09 18:00:00,0.002567
MEW,2025-10-10 18:00:00,0.002429
MEW,2025-10-11 18:00:00,0.001985
MEW,2025-10-12 18:00:00,0.002109
MEW,2025-10-13 18:00:00,0.002216
MEW,2025-10-14 18:00:00,0.002122
MEW,2025-10-15 18:00:00,0.002037
MEW,2025-10-16 18:00:00,0.001948
MEW,2025-10-17 18:00:00,0.001833
MEW,2025-10-18 18:00:00,0.001868
MEW,2025-10-19 18:00:00,0.001943
MEW,2025-10-20 18:00:00,0.00195
MEW,2025-10-21 18:00:00,0.001965
MEW,2025-10-22 18:00:00,0.001799
MEW,2025-10-23 18:00:00,0.001859
MEW,2025-10-24 18:00:00,0.001866
MEW,2025-10-25 18:00:00,0.001914
MEW,2025-10-26 18:00:00,0.001957
MEW,2025-10-27 18:00:00,0.001978
MEW,2025-10-28 18:00:00,0.001925
MEW,2025-10-29 18:00:00,0.001895
MEW,2025-10-30 18:00:00,0.001686
MEW,2025-10-31 18:00:00,0.001744
MEW,2025-11-01 18:00:00,0.001791
MEW,2025-11-02 18:00:00,0.001741
MEW,2025-11-03 18:00:00,0.00154
MEW,2025-11-04 18:00:00,0.001429
MEW,2025-11-05 18:00:00,0.00149
MEW,2025-11-06 18:00:00,0.001438
MEW,2025-11-07 18:00:00,0.001603
MEW,2025-11-08 18:00:00,0.001569
MEW,2025-11-09 18:00:00,0.001631
MEW,2025-11-10 18:00:00,0.001643
MEW,2025-11-11 18:00:00,0.001598
MEW,2025-11-12 18:00:00,0.001509
MEW,2025-11-13 18:00:00,0.001432
MKR,2025-06-05 18:00:00,1807.5
MKR,2025-06-06 18:00:00,1709.9
MKR,2025-06-07 18:00:00,1757.4
MKR,2025-06-08 18:00:00,1770.5
MKR,2025-06-09 18:00:00,1845.0
MKR,2025-06-10 18:00:00,2119.8
MKR,2025-06-11 18:00:00,2139.3
MKR,2025-06-12 18:00:00,2059.9
MKR,2025-06-13 18:00:00,1959.7
MKR,2025-06-14 18:00:00,2074.7
MKR,2025-06-15 18:00:00,2106.9
MKR,2025-06-16 18:00:00,2280.9
MKR,2025-06-17 18:00:00,2017.5
MKR,2025-06-18 18:00:00,1945.5
MKR,2025-06-19 18:00:00,1908.8
MKR,2025-06-20 18:00:00,1855.0
MKR,2025-06-21 18:00:00,1800.5
MKR,2025-06-22 18:00:00,1677.1
MKR,2025-06-23 18:00:00,1934.2
MKR,2025-06-24 18:00:00,2032.0
MKR,2025-06-25 18:00:00,1889.9
MKR,2025-06-26 18:00:00,1827.2
MKR,2025-06-27 18:00:00,1851.5
MKR,2025-06-28 18:00:00,1899.9
MKR,2025-06-29 18:00:00,1983.8
MKR,2025-06-30 18:00:00,1930.4
MKR,2025-07-01 18:00:00,1866.8
MKR,2025-07-02 18:00:00,1963.1
MKR,2025-07-03 18:00:00,1948.3
MKR,2025-07-04 18:00:00,1856.7
MKR,2025-07-05 18:00:00,1810.4
MKR,2025-07-06 18:00:00,1847.9
MKR,2025-07-07 18:00:00,1890.0
MKR,2025-07-08 18:00:00,1925.8
MKR,2025-07-09 18:00:00,1923.6
MKR,2025-07-10 18:00:00,1996.9
MKR,2025-07-11 18:00:00,1966.5
MKR,2025-07-12 18:00:00,1856.6
MKR,2025-07-13 18:00:00,1896.1
MKR,2025-07-14 18:00:00,1842.9
MKR,2025-07-15 18:00:00,1851.5
MKR,2025-07-16 18:00:00,1928.2
MKR,2025-07-17 18:00:00,1859.9
MKR,2025-07-18 18:00:00,2006.3
MKR,2025-07-19 18:00:00,1981.7
MKR,2025-07-20 18:00:00,2047.2
MKR,2025-07-21 18:00:00,2061.4
MKR,2025-07-22 18:00:00,2088.9
MKR,2025-07-23 18:00:00,2056.7
MKR,2025-07-24 18:00:00,2070.0
MKR,2025-07-25 18:00:00,2170.8
MKR,2025-07-26 18:00:00,2272.9
MKR,2025-07-27 18:00:00,2332.5
MKR,2025-07-28 18:00:00,2189.1
MKR,2025-07-29 18:00:00,2023.4
MKR,2025-07-30 18:00:00,2001.0
MKR,2025-07-31 18:00:00,1998.8
MKR,2025-08-01 18:00:00,1895.1
MKR,2025-08-02 18:00:00,1833.9
MKR,2025-08-03 18:00:00,1887.7
MKR,2025-08-04 18:00:00,1941.7
MKR,2025-08-05 18:00:00,1852.1
MKR,2025-08-06 18:00:00,1910.9
MKR,2025-08-07 18:00:00,1981.1
MKR,2025-08-08 18:00:00,2040.6
MKR,2025-08-09 18:00:00,2082.5
MKR,2025-08-10 18:00:00,2082.3
MKR,2025-08-11 18:00:00,2060.4
MKR,2025-08-12 18:00:00,2019.7
MKR,2025-08-13 18:00:00,1975.3
MKR,2025-08-14 18:00:00,1855.9
MKR,2025-08-15 18:00:00,1811.8
MKR,2025-08-16 18:00:00,1803.0
MKR,2025-08-17 18:00:00,1862.7
MKR,2025-08-18 18:00:00,1706.3
MKR,2025-08-19 18:00:00,1672.8
MKR,2025-08-20 18:00:00,1628.3
MKR,2025-08-21 18:00:00,1643.8
MKR,2025-08-22 18:00:00,1705.6
MKR,2025-08-23 18:00:00,1655.5
MKR,2025-08-24 18:00:00,1583.1
MKR,2025-08-25 18:00:00,1484.5
MKR,2025-08-26 18:00:00,1595.6
MKR,2025-08-27 18:00:00,1603.7
MKR,2025-08-28 18:00:00,1535.2
MKR,2025-08-29 18:00:00,1527.1
MKR,2025-08-30 18:00:00,1526.5
MKR,2025-08-31 18:00:00,1552.2
MKR,2025-09-01 18:00:00,1581.3
MKR,2025-09-02 18:00:00,1775.7
MKR,2025-09-03 18:00:00,1728.5
MKR,2025-09-04 18:00:00,1751.7
MNT,2025-06-05 18:00:00,0.65
MNT,2025-06-06 18:00:00,0.63695
MNT,2025-06-07 18:00:00,0.65212
MNT,2025-06-08 18:00:00,0.64721
MNT,2025-06-09 18:00:00,0.6514
MNT,2025-06-10 18:00:00,0.67556
MNT,2025-06-11 18:00:00,0.67878
MNT,2025-06-12 18:00:00,0.66292
MNT,2025-06-13 18:00:00,0.63782
MNT,2025-06-14 18:00:00,0.63583
MNT,2025-06-15 18:00:00,0.61905
MNT,2025-06-16 18:00:00,0.62778
MNT,2025-06-17 18:00:00,0.60784
MNT,2025-06-18 18:00:00,0.58428
MNT,2025-06-19 18:00:00,0.62643
MNT,2025-06-20 18:00:00,0.62641
MNT,2025-06-21 18:00:00,0.61321
MNT,2025-06-22 18:00:00,0.58134
MNT,2025-06-23 18:00:00,0.5882
MNT,2025-06-24 18:00:00,0.609
MNT,2025-06-25 18:00:00,0.6093
MNT,2025-06-26 18:00:00,0.60458
MNT,2025-06-27 18:00:00,0.58958
MNT,2025-06-28 18:00:00,0.6027
MNT,2025-06-29 18:00:00,0.58347
MNT,2025-06-30 18:00:00,0.58136
MNT,2025-07-01 18:00:00,0.5522
MNT,2025-07-02 18:00:00,0.58304
MNT,2025-07-03 18:00:00,0.5802
MNT,2025-07-04 18:00:00,0.55905
MNT,2025-07-05 18:00:00,0.56233
MNT,2025-07-06 18:00:00,0.56871
MNT,2025-07-07 18:00:00,0.566
MNT,2025-07-08 18:00:00,0.57046
MNT,2025-07-09 18:00:00,0.58944
MNT,2025-07-10 18:00:00,0.59927
MNT,2025-07-11 18:00:00,0.62849
MNT,2025-07-12 18:00:00,0.63972
MNT,2025-07-13 18:00:00,0.69066
MNT,2025-07-14 18:00:00,0.71409
MNT,2025-07-15 18:00:00,0.70669
MNT,2025-07-16 18:00:00,0.73847
MNT,2025-07-17 18:00:00,0.77501
MNT,2025-07-18 18:00:00,0.77487
MNT,2025-07-19 18:00:00,0.80196
MNT,2025-07-20 18:00:00,0.81102
MNT,2025-07-21 18:00:00,0.80541
MNT,2025-07-22 18:00:00,0.81721
MNT,2025-07-23 18:00:00,0.80916
MNT,2025-07-24 18:00:00,0.75521
MNT,2025-07-25 18:00:00,0.75377
MNT,2025-07-26 18:00:00,0.79252
MNT,2025-07-27 18:00:00,0.82646
MNT,2025-07-28 18:00:00,0.79942
MNT,2025-07-29 18:00:00,0.76099
MNT,2025-07-30 18:00:00,0.75245
MNT,2025-07-31 18:00:00,0.75272
MNT,2025-08-01 18:00:00,0.70791
MNT,2025-08-02 18:00:00,0.67995
MNT,2025-08-03 18:00:00,0.70308
MNT,2025-08-04 18:00:00,0.85885
MNT,2025-08-05 18:00:00,0.93578
MNT,2025-08-06 18:00:00,0.87571
MNT,2025-08-07 18:00:00,1.0945
MNT,2025-08-08 18:00:00,1.0641
MNT,2025-08-09 18:00:00,1.054
MNT,2025-08-10 18:00:00,1.0379
MNT,2025-08-11 18:00:00,0.99203
MNT,2025-08-12 18:00:00,1.0349
MNT,2025-08-13 18:00:00,1.1277
MNT,2025-08-14 18:00:00,1.0986
MNT,2025-08-15 18:00:00,1.1691
MNT,2025-08-16 18:00:00,1.3015
MNT,2025-08-17 18:00:00,1.2997
MNT,2025-08-18 18:00:00,1.2831
MNT,2025-08-19 18:00:00,1.342
MNT,2025-08-20 18:00:00,1.3374
MNT,2025-08-21 18:00:00,1.2589
MNT,2025-08-22 18:00:00,1.3006
MNT,2025-08-23 18:00:00,1.2373
MNT,2025-08-24 18:00:00,1.2406
MNT,2025-08-25 18:00:00,1.1578
MNT,2025-08-26 18:00:00,1.177
MNT,2025-08-27 18:00:00,1.2066
MNT,2025-08-28 18:00:00,1.2743
MNT,2025-08-29 18:00:00,1.1208
MNT,2025-08-30 18:00:00,1.1875
MNT,2025-08-31 18:00:00,1.1756
MNT,2025-09-01 18:00:00,1.1281
MNT,2025-09-02 18:00:00,1.1194
MNT,2025-09-03 18:00:00,1.1139
MNT,2025-09-04 18:00:00,1.1392
MNT,2025-09-05 18:00:00,1.1713
MNT,2025-09-06 18:00:00,1.1574
MNT,2025-09-07 18:00:00,1.1548
MNT,2025-09-08 18:00:00,1.1812
MNT,2025-09-09 18:00:00,1.2927
MNT,2025-09-10 18:00:00,1.4702
MNT,2025-09-11 18:00:00,1.5929
MNT,2025-09-12 18:00:00,1.6178
MNT,2025-09-13 18:00:00,1.6346
MNT,2025-09-14 18:00:00,1.6104
MNT,2025-09-15 18:00:00,1.6587
MNT,2025-09-16 18:00:00,1.6702
MNT,2025-09-17 18:00:00,1.6651
MNT,2025-09-18 18:00:00,1.835
MNT,2025-09-19 18:00:00,1.6742
MNT,2025-09-20 18:00:00,1.6854
MNT,2025-09-21 18:00:00,1.5632
MNT,2025-09-22 18:00:00,1.7022
MNT,2025-09-23 18:00:00,1.8238
MNT,2025-09-24 18:00:00,1.7069
MNT,2025-09-25 18:00:00,1.6595
MNT,2025-09-26 18:00:00,1.7231
MNT,2025-09-27 18:00:00,1.7467
MNT,2025-09-28 18:00:00,1.7624
MNT,2025-09-29 18:00:00,1.8843
MNT,2025-09-30 18:00:00,1.765
MNT,2025-10-01 18:00:00,1.8883
MNT,2025-10-02 18:00:00,1.9683
MNT,2025-10-03 18:00:00,1.9462
MNT,2025-10-04 18:00:00,1.9504
MNT,2025-10-05 18:00:00,2.0662
MNT,2025-10-06 18:00:00,2.3912
MNT,2025-10-07 18:00:00,2.2713
MNT,2025-10-08 18:00:00,2.6904
MNT,2025-10-09 18:00:00,2.3358
MNT,2025-10-10 18:00:00,2.0567
MNT,2025-10-11 18:00:00,1.6805
MNT,2025-10-12 18:00:00,2.2066
MNT,2025-10-13 18:00:00,2.1201
MNT,2025-10-14 18:00:00,1.9973
MNT,2025-10-15 18:00:00,1.8557
MNT,2025-10-16 18:00:00,1.7318
MNT,2025-10-17 18:00:00,1.5906
MNT,2025-10-18 18:00:00,1.615
MNT,2025-10-19 18:00:00,1.845
MNT,2025-10-20 18:00:00,1.7812
MNT,2025-10-21 18:00:00,1.751
MNT,2025-10-22 18:00:00,1.6143
MNT,2025-10-23 18:00:00,1.684
MNT,2025-10-24 18:00:00,1.6357
MNT,2025-10-25 18:00:00,1.6724
MNT,2025-10-26 18:00:00,1.7502
MNT,2025-10-27 18:00:00,1.7139
MNT,2025-10-28 18:00:00,1.6312
MNT,2025-10-29 18:00:00,1.5987
MNT,2025-10-30 18:00:00,1.3948
MNT,2025-10-31 18:00:00,1.4473
MNT,2025-11-01 18:00:00,1.4442
MNT,2025-11-02 18:00:00,1.403
MNT,2025-11-03 18:00:00,1.2296
MNT,2025-11-04 18:00:00,1.2517
MNT,2025-11-05 18:00:00,1.2789
MNT,2025-11-06 18:00:00,1.2288
MNT,2025-11-07 18:00:00,1.3227
MNT,2025-11-08 18:00:00,1.341
MNT,2025-11-09 18:00:00,1.3378
MNT,2025-11-10 18:00:00,1.305
MNT,2025-11-11 18:00:00,1.262
MNT,2025-11-12 18:00:00,1.2529
MNT,2025-11-13 18:00:00,1.1974
MOODENG,2025-06-05 18:00:00,0.19063
MOODENG,2025-06-06 18:00:00,0.18447
MOODENG,2025-06-07 18:00:00,0.19577
MOODENG,2025-06-08 18:00:00,0.20402
MOODENG,2025-06-09 18:00:00,0.20563
MOODENG,2025-06-10 18:00:00,0.20856
MOODENG,2025-06-11 18:00:00,0.20018
MOODENG,2025-06-12 18:00:00,0.18061
MOODENG,2025-06-13 18:00:00,0.15908
MOODENG,2025-06-14 18:00:00,0.15481
MOODENG,2025-06-15 18:00:00,0.15626
MOODENG,2025-06-16 18:00:00,0.16334
MOODENG,2025-06-17 18:00:00,0.14684
MOODENG,2025-06-18 18:00:00,0.14756
MOODENG,2025-06-19 18:00:00,0.15131
MOODENG,2025-06-20 18:00:00,0.14492
MOODENG,2025-06-21 18:00:00,0.12994
MOODENG,2025-06-22 18:00:00,0.12321
MOODENG,2025-06-23 18:00:00,0.13949
MOODENG,2025-06-24 18:00:00,0.14816
MOODENG,2025-06-25 18:00:00,0.14063
MOODENG,2025-06-26 18:00:00,0.1337
MOODENG,2025-06-27 18:00:00,0.13428
MOODENG,2025-06-28 18:00:00,0.14871
MOODENG,2025-06-29 18:00:00,0.14714
MOODENG,2025-06-30 18:00:00,0.14955
MOODENG,2025-07-01 18:00:00,0.13485
MOODENG,2025-07-02 18:00:00,0.1635
MOODENG,2025-07-03 18:00:00,0.18776
MOODENG,2025-07-04 18:00:00,0.17154
MOODENG,2025-07-05 18:00:00,0.17622
MOODENG,2025-07-06 18:00:00,0.18762
MOODENG,2025-07-07 18:00:00,0.17891
MOODENG,2025-07-08 18:00:00,0.18262
MOODENG,2025-07-09 18:00:00,0.18402
MOODENG,2025-07-10 18:00:00,0.20839
MOODENG,2025-07-11 18:00:00,0.20064
MOODENG,2025-07-12 18:00:00,0.18382
MOODENG,2025-07-13 18:00:00,0.18651
MOODENG,2025-07-14 18:00:00,0.19007
MOODENG,2025-07-15 18:00:00,0.19019
MOODENG,2025-07-16 18:00:00,0.20458
MOODENG,2025-07-17 18:00:00,0.19421
MOODENG,2025-07-18 18:00:00,0.18725
MOODENG,2025-07-19 18:00:00,0.18652
MOODENG,2025-07-20 18:00:00,0.19601
MOODENG,2025-07-21 18:00:00,0.20372
MOODENG,2025-07-22 18:00:00,0.21976
MOODENG,2025-07-23 18:00:00,0.21367
MOODENG,2025-07-24 18:00:00,0.20563
MOODENG,2025-07-25 18:00:00,0.19785
MOODENG,2025-07-26 18:00:00,0.20477
MOODENG,2025-07-27 18:00:00,0.21601
MOODENG,2025-07-28 18:00:00,0.19491
MOODENG,2025-07-29 18:00:00,0.18426
MOODENG,2025-07-30 18:00:00,0.1782
MOODENG,2025-07-31 18:00:00,0.17499
MOODENG,2025-08-01 18:00:00,0.16178
MOODENG,2025-08-02 18:00:00,0.15212
MOODENG,2025-08-03 18:00:00,0.16012
MOODENG,2025-08-04 18:00:00,0.16157
MOODENG,2025-08-05 18:00:00,0.15434
MOODENG,2025-08-06 18:00:00,0.15968
MOODENG,2025-08-07 18:00:00,0.15772
MOODENG,2025-08-08 18:00:00,0.17088
MOODENG,2025-08-09 18:00:00,0.18151
MOODENG,2025-08-10 18:00:00,0.18271
MOODENG,2025-08-11 18:00:00,0.17248
MOODENG,2025-08-12 18:00:00,0.17888
MOODENG,2025-08-13 18:00:00,0.18109
MOODENG,2025-08-14 18:00:00,0.16042
MOODENG,2025-08-15 18:00:00,0.15802
MOODENG,2025-08-16 18:00:00,0.16112
MOODENG,2025-08-17 18:00:00,0.16224
MOODENG,2025-08-18 18:00:00,0.15402
MOODENG,2025-08-19 18:00:00,0.14625
MOODENG,2025-08-20 18:00:00,0.14958
MOODENG,2025-08-21 18:00:00,0.14708
MOODENG,2025-08-22 18:00:00,0.15913
MOODENG,2025-08-23 18:00:00,0.15827
MOODENG,2025-08-24 18:00:00,0.16075
MOODENG,2025-08-25 18:00:00,0.14146
MOODENG,2025-08-26 18:00:00,0.14158
MOODENG,2025-08-27 18:00:00,0.13992
MOODENG,2025-08-28 18:00:00,0.14186
MOODENG,2025-08-29 18:00:00,0.13244
MOODENG,2025-08-30 18:00:00,0.13784
MOODENG,2025-08-31 18:00:00,0.13833
MOODENG,2025-09-01 18:00:00,0.12861
MOODENG,2025-09-02 18:00:00,0.13067
MOODENG,2025-09-03 18:00:00,0.1333
MOODENG,2025-09-04 18:00:00,0.12573
MOODENG,2025-09-05 18:00:00,0.13079
MOODENG,2025-09-06 18:00:00,0.13067
MOODENG,2025-09-07 18:00:00,0.13254
MOODENG,2025-09-08 18:00:00,0.14303
MOODENG,2025-09-09 18:00:00,0.14168
MOODENG,2025-09-10 18:00:00,0.14538
MOODENG,2025-09-11 18:00:00,0.1439
MOODENG,2025-09-12 18:00:00,0.18326
MOODENG,2025-09-13 18:00:00,0.21858
MOODENG,2025-09-14 18:00:00,0.22298
MOODENG,2025-09-15 18:00:00,0.18119
MOODENG,2025-09-16 18:00:00,0.17534
MOODENG,2025-09-17 18:00:00,0.17977
MOODENG,2025-09-18 18:00:00,0.19533
MOODENG,2025-09-19 18:00:00,0.1772
MOODENG,2025-09-20 18:00:00,0.17281
MOODENG,2025-09-21 18:00:00,0.16909
MOODENG,2025-09-22 18:00:00,0.15014
MOODENG,2025-09-23 18:00:00,0.1467
MOODENG,2025-09-24 18:00:00,0.15363
MOODENG,2025-09-25 18:00:00,0.14585
MOODENG,2025-09-26 18:00:00,0.15119
MOODENG,2025-09-27 18:00:00,0.1466
MOODENG,2025-09-28 18:00:00,0.14965
MOODENG,2025-09-29 18:00:00,0.14587
MOODENG,2025-09-30 18:00:00,0.14145
MOODENG,2025-10-01 18:00:00,0.15396
MOODENG,2025-10-02 18:00:00,0.16363
MOODENG,2025-10-03 18:00:00,0.16115
MOODENG,2025-10-04 18:00:00,0.16306
MOODENG,2025-10-05 18:00:00,0.16536
MOODENG,2025-10-06 18:00:00,0.17192
MOODENG,2025-10-07 18:00:00,0.15722
MOODENG,2025-10-08 18:00:00,0.16147
MOODENG,2025-10-09 18:00:00,0.14899
MOODENG,2025-10-10 18:00:00,0.13972
MOODENG,2025-10-11 18:00:00,0.10953
MOODENG,2025-10-12 18:00:00,0.12734
MOODENG,2025-10-13 18:00:00,0.12659
MOODENG,2025-10-14 18:00:00,0.12306
MOODENG,2025-10-15 18:00:00,0.12171
MOODENG,2025-10-16 18:00:00,0.11217
MOODENG,2025-10-17 18:00:00,0.10788
MOODENG,2025-10-18 18:00:00,0.10839
MOODENG,2025-10-19 18:00:00,0.11394
MOODENG,2025-10-20 18:00:00,0.11469
MOODENG,2025-10-21 18:00:00,0.11759
MOODENG,2025-10-22 18:00:00,0.10759
MOODENG,2025-10-23 18:00:00,0.11178
MOODENG,2025-10-24 18:00:00,0.11189
MOODENG,2025-10-25 18:00:00,0.11754
MOODENG,2025-10-26 18:00:00,0.11812
MOODENG,2025-10-27 18:00:00,0.12205
MOODENG,2025-10-28 18:00:00,0.11713
MOODENG,2025-10-29 18:00:00,0.11545
MOODENG,2025-10-30 18:00:00,0.10048
MOODENG,2025-10-31 18:00:00,0.1043
MOODENG,2025-11-01 18:00:00,0.10518
MOODENG,2025-11-02 18:00:00,0.10101
MOODENG,2025-11-03 18:00:00,0.08997
MOODENG,2025-11-04 18:00:00,0.08366
MOODENG,2025-11-05 18:00:00,0.089741
MOODENG,2025-11-06 18:00:00,0.085554
MOODENG,2025-11-07 18:00:00,0.096175
MOODENG,2025-11-08 18:00:00,0.091674
MOODENG,2025-11-09 18:00:00,0.10255
MOODENG,2025-11-10 18:00:00,0.095531
MOODENG,2025-11-11 18:00:00,0.092996
MOODENG,2025-11-12 18:00:00,0.090392
MOODENG,2025-11-13 18:00:00,0.085424
MORPHO,2025-06-05 18:00:00,1.3687
MORPHO,2025-06-06 18:00:00,1.2859
MORPHO,2025-06-07 18:00:00,1.3648
MORPHO,2025-06-08 18:00:00,1.3909
MORPHO,2025-06-09 18:00:00,1.4607
MORPHO,2025-06-10 18:00:00,1.556
MORPHO,2025-06-11 18:00:00,1.6083
MORPHO,2025-06-12 18:00:00,1.5525
MORPHO,2025-06-13 18:00:00,1.3974
MORPHO,2025-06-14 18:00:00,1.3779
MORPHO,2025-06-15 18:00:00,1.4057
MORPHO,2025-06-16 18:00:00,1.5049
MORPHO,2025-06-17 18:00:00,1.361
MORPHO,2025-06-18 18:00:00,1.3297
MORPHO,2025-06-19 18:00:00,1.3067
MORPHO,2025-06-20 18:00:00,1.202
MORPHO,2025-06-21 18:00:00,1.1734
MORPHO,2025-06-22 18:00:00,1.1137
MORPHO,2025-06-23 18:00:00,1.2411
MORPHO,2025-06-24 18:00:00,1.3837
MORPHO,2025-06-25 18:00:00,1.3939
MORPHO,2025-06-26 18:00:00,1.3522
MORPHO,2025-06-27 18:00:00,1.3313
MORPHO,2025-06-28 18:00:00,1.3747
MORPHO,2025-06-29 18:00:00,1.3823
MORPHO,2025-06-30 18:00:00,1.3589
MORPHO,2025-07-01 18:00:00,1.2813
MORPHO,2025-07-02 18:00:00,1.3893
MORPHO,2025-07-03 18:00:00,1.3952
MORPHO,2025-07-04 18:00:00,1.3323
MORPHO,2025-07-05 18:00:00,1.3515
MORPHO,2025-07-06 18:00:00,1.3857
MORPHO,2025-07-07 18:00:00,1.3602
MORPHO,2025-07-08 18:00:00,1.4099
MORPHO,2025-07-09 18:00:00,1.4898
MORPHO,2025-07-10 18:00:00,1.666
MORPHO,2025-07-11 18:00:00,1.7204
MORPHO,2025-07-12 18:00:00,1.6487
MORPHO,2025-07-13 18:00:00,1.9545
MORPHO,2025-07-14 18:00:00,1.8187
MORPHO,2025-07-15 18:00:00,1.96
MORPHO,2025-07-16 18:00:00,2.1212
MORPHO,2025-07-17 18:00:00,2.1243
MORPHO,2025-07-18 18:00:00,2.0457
MORPHO,2025-07-19 18:00:00,1.9953
MORPHO,2025-07-20 18:00:00,2.1517
MORPHO,2025-07-21 18:00:00,2.062
MORPHO,2025-07-22 18:00:00,2.0145
MORPHO,2025-07-23 18:00:00,1.8817
MORPHO,2025-07-24 18:00:00,1.9515
MORPHO,2025-07-25 18:00:00,1.8746
MORPHO,2025-07-26 18:00:00,1.9901
MORPHO,2025-07-27 18:00:00,1.9824
MORPHO,2025-07-28 18:00:00,1.7704
MORPHO,2025-07-29 18:00:00,1.7857
MORPHO,2025-07-30 18:00:00,1.7457
MORPHO,2025-07-31 18:00:00,1.7925
MORPHO,2025-08-01 18:00:00,1.6159
MORPHO,2025-08-02 18:00:00,1.5735
MORPHO,2025-08-03 18:00:00,1.6849
MORPHO,2025-08-04 18:00:00,1.7954
MORPHO,2025-08-05 18:00:00,1.8073
MORPHO,2025-08-06 18:00:00,1.848
MORPHO,2025-08-07 18:00:00,1.9196
MORPHO,2025-08-08 18:00:00,2.0479
MORPHO,2025-08-09 18:00:00,2.1718
MORPHO,2025-08-10 18:00:00,2.1385
MORPHO,2025-08-11 18:00:00,2.1033
MORPHO,2025-08-12 18:00:00,2.1557
MORPHO,2025-08-13 18:00:00,2.2255
MORPHO,2025-08-14 18:00:00,2.053
MORPHO,2025-08-15 18:00:00,1.9144
MORPHO,2025-08-16 18:00:00,1.997
MORPHO,2025-08-17 18:00:00,2.0799
MORPHO,2025-08-18 18:00:00,2.007
MORPHO,2025-08-19 18:00:00,2.0335
MORPHO,2025-08-20 18:00:00,2.1739
MORPHO,2025-08-21 18:00:00,2.3359
MORPHO,2025-08-22 18:00:00,2.7492
MORPHO,2025-08-23 18:00:00,2.7362
MORPHO,2025-08-24 18:00:00,2.6063
MORPHO,2025-08-25 18:00:00,2.5418
MORPHO,2025-08-26 18:00:00,2.3611
MORPHO,2025-08-27 18:00:00,2.2046
MORPHO,2025-08-28 18:00:00,2.1442
MORPHO,2025-08-29 18:00:00,2.0054
MORPHO,2025-08-30 18:00:00,1.9927
MORPHO,2025-08-31 18:00:00,1.9553
MORPHO,2025-09-01 18:00:00,1.8428
MORPHO,2025-09-02 18:00:00,1.8822
MORPHO,2025-09-03 18:00:00,2.0175
MORPHO,2025-09-04 18:00:00,1.9975
MORPHO,2025-09-05 18:00:00,1.9676
MORPHO,2025-09-06 18:00:00,1.9804
MORPHO,2025-09-07 18:00:00,1.9344
MORPHO,2025-09-08 18:00:00,1.9666
MORPHO,2025-09-09 18:00:00,1.9592
MORPHO,2025-09-10 18:00:00,2.0609
MORPHO,2025-09-11 18:00:00,2.0551
MORPHO,2025-09-12 18:00:00,2.1813
MORPHO,2025-09-13 18:00:00,2.0917
MORPHO,2025-09-14 18:00:00,2.017
MORPHO,2025-09-15 18:00:00,1.9467
MORPHO,2025-09-16 18:00:00,2.0024
MORPHO,2025-09-17 18:00:00,1.9784
MORPHO,2025-09-18 18:00:00,2.4665
MORPHO,2025-09-19 18:00:00,2.0941
MORPHO,2025-09-20 18:00:00,2.0083
MORPHO,2025-09-21 18:00:00,2.0102
MORPHO,2025-09-22 18:00:00,1.8271
MORPHO,2025-09-23 18:00:00,1.7748
MORPHO,2025-09-24 18:00:00,1.7465
MORPHO,2025-09-25 18:00:00,1.6715
MORPHO,2025-09-26 18:00:00,1.7132
MORPHO,2025-09-27 18:00:00,1.6825
MORPHO,2025-09-28 18:00:00,1.7191
MORPHO,2025-09-29 18:00:00,1.7154
MORPHO,2025-09-30 18:00:00,1.6925
MORPHO,2025-10-01 18:00:00,1.8256
MORPHO,2025-10-02 18:00:00,1.9663
MORPHO,2025-10-03 18:00:00,1.924
MORPHO,2025-10-04 18:00:00,1.8464
MORPHO,2025-10-05 18:00:00,1.901
MORPHO,2025-10-06 18:00:00,1.9492
MORPHO,2025-10-07 18:00:00,1.7882
MORPHO,2025-10-08 18:00:00,1.8013
MORPHO,2025-10-09 18:00:00,1.6864
MORPHO,2025-10-10 18:00:00,1.5863
MORPHO,2025-10-11 18:00:00,1.6181
MORPHO,2025-10-12 18:00:00,1.9818
MORPHO,2025-10-13 18:00:00,1.992
MORPHO,2025-10-14 18:00:00,1.9186
MORPHO,2025-10-15 18:00:00,1.9148
MORPHO,2025-10-16 18:00:00,1.811
MORPHO,2025-10-17 18:00:00,1.6828
MORPHO,2025-10-18 18:00:00,1.8434
MORPHO,2025-10-19 18:00:00,1.9388
MORPHO,2025-10-20 18:00:00,1.9255
MORPHO,2025-10-21 18:00:00,1.9467
MORPHO,2025-10-22 18:00:00,1.8247
MORPHO,2025-10-23 18:00:00,1.8847
MORPHO,2025-10-24 18:00:00,1.955
MORPHO,2025-10-25 18:00:00,2.0105
MORPHO,2025-10-26 18:00:00,2.0488
MORPHO,2025-10-27 18:00:00,2.0773
MORPHO,2025-10-28 18:00:00,1.9843
MORPHO,2025-10-29 18:00:00,1.9655
MORPHO,2025-10-30 18:00:00,1.8965
MORPHO,2025-10-31 18:00:00,2.0007
MORPHO,2025-11-01 18:00:00,2.038
MORPHO,2025-11-02 18:00:00,2.0007
MORPHO,2025-11-03 18:00:00,1.8234
MORPHO,2025-11-04 18:00:00,1.6401
MORPHO,2025-11-05 18:00:00,1.698
MORPHO,2025-11-06 18:00:00,1.6789
MORPHO,2025-11-07 18:00:00,1.7876
MORPHO,2025-11-08 18:00:00,1.8022
MORPHO,2025-11-09 18:00:00,1.9721
MORPHO,2025-11-10 18:00:00,1.9892
MORPHO,2025-11-11 18:00:00,1.9916
MORPHO,2025-11-12 18:00:00,2.0137
MORPHO,2025-11-13 18:00:00,1.9989
MOVE,2025-06-05 18:00:00,0.13899
MOVE,2025-06-06 18:00:00,0.13481
MOVE,2025-06-07 18:00:00,0.14272
MOVE,2025-06-08 18:00:00,0.14468
MOVE,2025-06-09 18:00:00,0.15394
MOVE,2025-06-10 18:00:00,0.16839
MOVE,2025-06-11 18:00:00,0.15798
MOVE,2025-06-12 18:00:00,0.14716
MOVE,2025-06-13 18:00:00,0.14719
MOVE,2025-06-14 18:00:00,0.14731
MOVE,2025-06-15 18:00:00,0.144
MOVE,2025-06-16 18:00:00,0.1472
MOVE,2025-06-17 18:00:00,0.13673
MOVE,2025-06-18 18:00:00,0.12838
MOVE,2025-06-19 18:00:00,0.12572
MOVE,2025-06-20 18:00:00,0.12739
MOVE,2025-06-21 18:00:00,0.12569
MOVE,2025-06-22 18:00:00,0.11378
MOVE,2025-06-23 18:00:00,0.15943
MOVE,2025-06-24 18:00:00,0.16041
MOVE,2025-06-25 18:00:00,0.17497
MOVE,2025-06-26 18:00:00,0.1773
MOVE,2025-06-27 18:00:00,0.1819
MOVE,2025-06-28 18:00:00,0.17902
MOVE,2025-06-29 18:00:00,0.18078
MOVE,2025-06-30 18:00:00,0.17269
MOVE,2025-07-01 18:00:00,0.17334
MOVE,2025-07-02 18:00:00,0.1721
MOVE,2025-07-03 18:00:00,0.16576
MOVE,2025-07-04 18:00:00,0.15917
MOVE,2025-07-05 18:00:00,0.15486
MOVE,2025-07-06 18:00:00,0.15545
MOVE,2025-07-07 18:00:00,0.15043
MOVE,2025-07-08 18:00:00,0.15006
MOVE,2025-07-09 18:00:00,0.14553
MOVE,2025-07-10 18:00:00,0.14941
MOVE,2025-07-11 18:00:00,0.15605
MOVE,2025-07-12 18:00:00,0.14847
MOVE,2025-07-13 18:00:00,0.15338
MOVE,2025-07-14 18:00:00,0.14708
MOVE,2025-07-15 18:00:00,0.14829
MOVE,2025-07-16 18:00:00,0.1573
MOVE,2025-07-17 18:00:00,0.15417
MOVE,2025-07-18 18:00:00,0.16058
MOVE,2025-07-19 18:00:00,0.15994
MOVE,2025-07-20 18:00:00,0.17066
MOVE,2025-07-21 18:00:00,0.18018
MOVE,2025-07-22 18:00:00,0.18323
MOVE,2025-07-23 18:00:00,0.17008
MOVE,2025-07-24 18:00:00,0.14246
MOVE,2025-07-25 18:00:00,0.13929
MOVE,2025-07-26 18:00:00,0.14562
MOVE,2025-07-27 18:00:00,0.15183
MOVE,2025-07-28 18:00:00,0.14545
MOVE,2025-07-29 18:00:00,0.14061
MOVE,2025-07-30 18:00:00,0.13586
MOVE,2025-07-31 18:00:00,0.13701
MOVE,2025-08-01 18:00:00,0.13043
MOVE,2025-08-02 18:00:00,0.12366
MOVE,2025-08-03 18:00:00,0.1286
MOVE,2025-08-04 18:00:00,0.13153
MOVE,2025-08-05 18:00:00,0.1269
MOVE,2025-08-06 18:00:00,0.13128
MOVE,2025-08-07 18:00:00,0.13388
MOVE,2025-08-08 18:00:00,0.1414
MOVE,2025-08-09 18:00:00,0.1423
MOVE,2025-08-10 18:00:00,0.14157
MOVE,2025-08-11 18:00:00,0.1404
MOVE,2025-08-12 18:00:00,0.1425
MOVE,2025-08-13 18:00:00,0.14448
MOVE,2025-08-14 18:00:00,0.13363
MOVE,2025-08-15 18:00:00,0.1333
MOVE,2025-08-16 18:00:00,0.13759
MOVE,2025-08-17 18:00:00,0.13776
MOVE,2025-08-18 18:00:00,0.13236
MOVE,2025-08-19 18:00:00,0.12736
MOVE,2025-08-20 18:00:00,0.12852
MOVE,2025-08-21 18:00:00,0.12755
MOVE,2025-08-22 18:00:00,0.13485
MOVE,2025-08-23 18:00:00,0.13199
MOVE,2025-08-24 18:00:00,0.13357
MOVE,2025-08-25 18:00:00,0.1219
MOVE,2025-08-26 18:00:00,0.12288
MOVE,2025-08-27 18:00:00,0.1232
MOVE,2025-08-28 18:00:00,0.12545
MOVE,2025-08-29 18:00:00,0.11951
MOVE,2025-08-30 18:00:00,0.1225
MOVE,2025-08-31 18:00:00,0.12311
MOVE,2025-09-01 18:00:00,0.11763
MOVE,2025-09-02 18:00:00,0.11665
MOVE,2025-09-03 18:00:00,0.11987
MOVE,2025-09-04 18:00:00,0.11422
MOVE,2025-09-05 18:00:00,0.11615
MOVE,2025-09-06 18:00:00,0.11753
MOVE,2025-09-07 18:00:00,0.11656
MOVE,2025-09-08 18:00:00,0.12292
MOVE,2025-09-09 18:00:00,0.12378
MOVE,2025-09-10 18:00:00,0.13093
MOVE,2025-09-11 18:00:00,0.126
MOVE,2025-09-12 18:00:00,0.13124
MOVE,2025-09-13 18:00:00,0.13091
MOVE,2025-09-14 18:00:00,0.12997
MOVE,2025-09-15 18:00:00,0.12392
MOVE,2025-09-16 18:00:00,0.13083
MOVE,2025-09-17 18:00:00,0.12564
MOVE,2025-09-18 18:00:00,0.13674
MOVE,2025-09-19 18:00:00,0.12674
MOVE,2025-09-20 18:00:00,0.12798
MOVE,2025-09-21 18:00:00,0.12842
MOVE,2025-09-22 18:00:00,0.11429
MOVE,2025-09-23 18:00:00,0.11597
MOVE,2025-09-24 18:00:00,0.11748
MOVE,2025-09-25 18:00:00,0.1102
MOVE,2025-09-26 18:00:00,0.11188
MOVE,2025-09-27 18:00:00,0.10859
MOVE,2025-09-28 18:00:00,0.108
MOVE,2025-09-29 18:00:00,0.1063
MOVE,2025-09-30 18:00:00,0.099328
MOVE,2025-10-01 18:00:00,0.11082
MOVE,2025-10-02 18:00:00,0.11602
MOVE,2025-10-03 18:00:00,0.11723
MOVE,2025-10-04 18:00:00,0.1129
MOVE,2025-10-05 18:00:00,0.11445
MOVE,2025-10-06 18:00:00,0.11906
MOVE,2025-10-07 18:00:00,0.11064
MOVE,2025-10-08 18:00:00,0.11253
MOVE,2025-10-09 18:00:00,0.10822
MOVE,2025-10-10 18:00:00,0.10348
MOVE,2025-10-11 18:00:00,0.081773
MOVE,2025-10-12 18:00:00,0.085816
MOVE,2025-10-13 18:00:00,0.088913
MOVE,2025-10-14 18:00:00,0.084537
MOVE,2025-10-15 18:00:00,0.080794
MOVE,2025-10-16 18:00:00,0.07903
MOVE,2025-10-17 18:00:00,0.075004
MOVE,2025-10-18 18:00:00,0.074875
MOVE,2025-10-19 18:00:00,0.077858
MOVE,2025-10-20 18:00:00,0.077569
MOVE,2025-10-21 18:00:00,0.078984
MOVE,2025-10-22 18:00:00,0.072146
MOVE,2025-10-23 18:00:00,0.07264
MOVE,2025-10-24 18:00:00,0.072572
MOVE,2025-10-25 18:00:00,0.074071
MOVE,2025-10-26 18:00:00,0.075157
MOVE,2025-10-27 18:00:00,0.078279
MOVE,2025-10-28 18:00:00,0.075195
MOVE,2025-10-29 18:00:00,0.073788
MOVE,2025-10-30 18:00:00,0.06444
MOVE,2025-10-31 18:00:00,0.066922
MOVE,2025-11-01 18:00:00,0.06864
MOVE,2025-11-02 18:00:00,0.06742
MOVE,2025-11-03 18:00:00,0.058302
MOVE,2025-11-04 18:00:00,0.051499
MOVE,2025-11-05 18:00:00,0.055474
MOVE,2025-11-06 18:00:00,0.054899
MOVE,2025-11-07 18:00:00,0.062795
MOVE,2025-11-08 18:00:00,0.061857
MOVE,2025-11-09 18:00:00,0.062749
MOVE,2025-11-10 18:00:00,0.064034
MOVE,2025-11-11 18:00:00,0.060605
MOVE,2025-11-12 18:00:00,0.057544
MOVE,2025-11-13 18:00:00,0.054124
NEAR,2025-06-05 18:00:00,2.387
NEAR,2025-06-06 18:00:00,2.3085
NEAR,2025-06-07 18:00:00,2.4192
NEAR,2025-06-08 18:00:00,2.4381
NEAR,2025-06-09 18:00:00,2.4815
NEAR,2025-06-10 18:00:00,2.6272
NEAR,2025-06-11 18:00:00,2.6248
NEAR,2025-06-12 18:00:00,2.4486
NEAR,2025-06-13 18:00:00,2.2039
NEAR,2025-06-14 18:00:00,2.1867
NEAR,2025-06-15 18:00:00,2.206
NEAR,2025-06-16 18:00:00,2.3785
NEAR,2025-06-17 18:00:00,2.1457
NEAR,2025-06-18 18:00:00,2.1113
NEAR,2025-06-19 18:00:00,2.1826
NEAR,2025-06-20 18:00:00,2.0827
NEAR,2025-06-21 18:00:00,1.9954
NEAR,2025-06-22 18:00:00,1.8434
NEAR,2025-06-23 18:00:00,1.9972
NEAR,2025-06-24 18:00:00,2.1875
NEAR,2025-06-25 18:00:00,2.136
NEAR,2025-06-26 18:00:00,2.0383
NEAR,2025-06-27 18:00:00,2.0456
NEAR,2025-06-28 18:00:00,2.1548
NEAR,2025-06-29 18:00:00,2.1547
NEAR,2025-06-30 18:00:00,2.118
NEAR,2025-07-01 18:00:00,2.0344
NEAR,2025-07-02 18:00:00,2.229
NEAR,2025-07-03 18:00:00,2.2624
NEAR,2025-07-04 18:00:00,2.115
NEAR,2025-07-05 18:00:00,2.1015
NEAR,2025-07-06 18:00:00,2.1683
NEAR,2025-07-07 18:00:00,2.155
NEAR,2025-07-08 18:00:00,2.245
NEAR,2025-07-09 18:00:00,2.287
NEAR,2025-07-10 18:00:00,2.431
NEAR,2025-07-11 18:00:00,2.6118
NEAR,2025-07-12 18:00:00,2.4909
NEAR,2025-07-13 18:00:00,2.5769
NEAR,2025-07-14 18:00:00,2.5731
NEAR,2025-07-15 18:00:00,2.613
NEAR,2025-07-16 18:00:00,2.7668
NEAR,2025-07-17 18:00:00,2.8011
NEAR,2025-07-18 18:00:00,2.817
NEAR,2025-07-19 18:00:00,2.8577
NEAR,2025-07-20 18:00:00,3.0347
NEAR,2025-07-21 18:00:00,3.0013
NEAR,2025-07-22 18:00:00,2.9863
NEAR,2025-07-23 18:00:00,2.7716
NEAR,2025-07-24 18:00:00,2.7862
NEAR,2025-07-25 18:00:00,2.7314
NEAR,2025-07-26 18:00:00,2.9173
NEAR,2025-07-27 18:00:00,2.931
NEAR,2025-07-28 18:00:00,2.7819
NEAR,2025-07-29 18:00:00,2.7013
NEAR,2025-07-30 18:00:00,2.5954
NEAR,2025-07-31 18:00:00,2.6226
NEAR,2025-08-01 18:00:00,2.4311
NEAR,2025-08-02 18:00:00,2.3113
NEAR,2025-08-03 18:00:00,2.4363
NEAR,2025-08-04 18:00:00,2.5264
NEAR,2025-08-05 18:00:00,2.4385
NEAR,2025-08-06 18:00:00,2.5119
NEAR,2025-08-07 18:00:00,2.5617
NEAR,2025-08-08 18:00:00,2.7127
NEAR,2025-08-09 18:00:00,2.8172
NEAR,2025-08-10 18:00:00,2.7369
NEAR,2025-08-11 18:00:00,2.6629
NEAR,2025-08-12 18:00:00,2.7542
NEAR,2025-08-13 18:00:00,2.9303
NEAR,2025-08-14 18:00:00,2.7702
NEAR,2025-08-15 18:00:00,2.6587
NEAR,2025-08-16 18:00:00,2.7341
NEAR,2025-08-17 18:00:00,2.7387
NEAR,2025-08-18 18:00:00,2.5939
NEAR,2025-08-19 18:00:00,2.4467
NEAR,2025-08-20 18:00:00,2.5156
NEAR,2025-08-21 18:00:00,2.4674
NEAR,2025-08-22 18:00:00,2.6739
NEAR,2025-08-23 18:00:00,2.6904
NEAR,2025-08-24 18:00:00,2.7619
NEAR,2025-08-25 18:00:00,2.4627
NEAR,2025-08-26 18:00:00,2.5054
NEAR,2025-08-27 18:00:00,2.5412
NEAR,2025-08-28 18:00:00,2.5108
NEAR,2025-08-29 18:00:00,2.3964
NEAR,2025-08-30 18:00:00,2.4245
NEAR,2025-08-31 18:00:00,2.4352
NEAR,2025-09-01 18:00:00,2.3522
NEAR,2025-09-02 18:00:00,2.3817
NEAR,2025-09-03 18:00:00,2.4697
NEAR,2025-09-04 18:00:00,2.3675
NEAR,2025-09-05 18:00:00,2.3992
NEAR,2025-09-06 18:00:00,2.3938
NEAR,2025-09-07 18:00:00,2.4531
NEAR,2025-09-08 18:00:00,2.5699
NEAR,2025-09-09 18:00:00,2.6648
NEAR,2025-09-10 18:00:00,2.6965
NEAR,2025-09-11 18:00:00,2.7129
NEAR,2025-09-12 18:00:00,2.7847
NEAR,2025-09-13 18:00:00,2.8052
NEAR,2025-09-14 18:00:00,2.7017
NEAR,2025-09-15 18:00:00,2.6172
NEAR,2025-09-16 18:00:00,2.7089
NEAR,2025-09-17 18:00:00,2.6866
NEAR,2025-09-18 18:00:00,3.1875
NEAR,2025-09-19 18:00:00,3.1117
NEAR,2025-09-20 18:00:00,3.1623
NEAR,2025-09-21 18:00:00,3.1492
NEAR,2025-09-22 18:00:00,2.873
NEAR,2025-09-23 18:00:00,2.97
NEAR,2025-09-24 18:00:00,3.0742
NEAR,2025-09-25 18:00:00,2.8474
NEAR,2025-09-26 18:00:00,2.7666
NEAR,2025-09-27 18:00:00,2.7109
NEAR,2025-09-28 18:00:00,2.7232
NEAR,2025-09-29 18:00:00,2.7484
NEAR,2025-09-30 18:00:00,2.5782
NEAR,2025-10-01 18:00:00,2.82
NEAR,2025-10-02 18:00:00,2.9452
NEAR,2025-10-03 18:00:00,3.0472
NEAR,2025-10-04 18:00:00,2.8975
NEAR,2025-10-05 18:00:00,2.9778
NEAR,2025-10-06 18:00:00,3.0828
NEAR,2025-10-07 18:00:00,2.9152
NEAR,2025-10-08 18:00:00,3.0055
NEAR,2025-10-09 18:00:00,2.8473
NEAR,2025-10-10 18:00:00,2.9882
NEAR,2025-10-11 18:00:00,2.3439
NEAR,2025-10-12 18:00:00,2.4513
NEAR,2025-10-13 18:00:00,2.6256
NEAR,2025-10-14 18:00:00,2.476
NEAR,2025-10-15 18:00:00,2.3537
NEAR,2025-10-16 18:00:00,2.2507
NEAR,2025-10-17 18:00:00,2.1509
NEAR,2025-10-18 18:00:00,2.1457
NEAR,2025-10-19 18:00:00,2.2673
NEAR,2025-10-20 18:00:00,2.2789
NEAR,2025-10-21 18:00:00,2.312
NEAR,2025-10-22 18:00:00,2.1716
NEAR,2025-10-23 18:00:00,2.2153
NEAR,2025-10-24 18:00:00,2.2391
NEAR,2025-10-25 18:00:00,2.2947
NEAR,2025-10-26 18:00:00,2.3443
NEAR,2025-10-27 18:00:00,2.3747
NEAR,2025-10-28 18:00:00,2.3039
NEAR,2025-10-29 18:00:00,2.3055
NEAR,2025-10-30 18:00:00,2.0543
NEAR,2025-10-31 18:00:00,2.097
NEAR,2025-11-01 18:00:00,2.1599
NEAR,2025-11-02 18:00:00,2.1211
NEAR,2025-11-03 18:00:00,1.9306
NEAR,2025-11-04 18:00:00,1.8222
NEAR,2025-11-05 18:00:00,1.9428
NEAR,2025-11-06 18:00:00,2.0498
NEAR,2025-11-07 18:00:00,2.7971
NEAR,2025-11-08 18:00:00,2.8916
NEAR,2025-11-09 18:00:00,2.9514
NEAR,2025-11-10 18:00:00,2.8414
NEAR,2025-11-11 18:00:00,2.6427
NEAR,2025-11-12 18:00:00,2.4975
NEAR,2025-11-13 18:00:00,2.4095
NEIROETH,2025-06-05 18:00:00,0.088744
NEIROETH,2025-06-06 18:00:00,0.09137
NEIROETH,2025-06-07 18:00:00,0.088042
NEIROETH,2025-06-08 18:00:00,0.088575
NEIROETH,2025-06-09 18:00:00,0.089407
NEIROETH,2025-06-10 18:00:00,0.092374
NEIROETH,2025-06-11 18:00:00,0.08955
NEIROETH,2025-06-12 18:00:00,0.082985
NEIROETH,2025-06-13 18:00:00,0.090671
NEIROETH,2025-06-14 18:00:00,0.090396
NEIROETH,2025-06-15 18:00:00,0.091653
NEIROETH,2025-06-16 18:00:00,0.096391
NEIROETH,2025-06-17 18:00:00,0.091884
NEIROETH,2025-06-18 18:00:00,0.091234
NEIROETH,2025-06-19 18:00:00,0.087362
NEIROETH,2025-06-20 18:00:00,0.083104
NEIROETH,2025-06-21 18:00:00,0.077447
NEIROETH,2025-06-22 18:00:00,0.077689
NEIROETH,2025-06-23 18:00:00,0.080094
NEIROETH,2025-06-24 18:00:00,0.079756
NEIROETH,2025-06-25 18:00:00,0.079396
NEIROETH,2025-06-26 18:00:00,0.078295
NEIROETH,2025-06-27 18:00:00,0.075798
NEIROETH,2025-06-28 18:00:00,0.077675
NEIROETH,2025-06-29 18:00:00,0.079437
NEIROETH,2025-06-30 18:00:00,0.08066
NEIROETH,2025-07-01 18:00:00,0.073756
NEIROETH,2025-07-02 18:00:00,0.083503
NEIROETH,2025-07-03 18:00:00,0.092165
NEIROETH,2025-07-04 18:00:00,0.088353
NEIROETH,2025-07-05 18:00:00,0.085776
NEIROETH,2025-07-06 18:00:00,0.087816
NEIROETH,2025-07-07 18:00:00,0.078778
NEIROETH,2025-07-08 18:00:00,0.079853
NEIROETH,2025-07-09 18:00:00,0.083128
NEIROETH,2025-07-10 18:00:00,0.10248
NEIROETH,2025-07-11 18:00:00,0.12034
NEIROETH,2025-07-12 18:00:00,0.12881
NEIROETH,2025-07-13 18:00:00,0.13117
NEIROETH,2025-07-14 18:00:00,0.12024
NEIROETH,2025-07-15 18:00:00,0.12425
NEIROETH,2025-07-16 18:00:00,0.12251
NEIROETH,2025-07-17 18:00:00,0.11233
NEIROETH,2025-07-18 18:00:00,0.12768
NEIROETH,2025-07-19 18:00:00,0.132
NEIROETH,2025-07-20 18:00:00,0.13608
NEIROETH,2025-07-21 18:00:00,0.12899
NEIROETH,2025-07-22 18:00:00,0.1284
NEIROETH,2025-07-23 18:00:00,0.12525
NEIROETH,2025-07-24 18:00:00,0.11748
NEIROETH,2025-07-25 18:00:00,0.11584
NEIROETH,2025-07-26 18:00:00,0.12314
NEIROETH,2025-07-27 18:00:00,0.12911
NEIROETH,2025-07-28 18:00:00,0.12022
NEIROETH,2025-07-29 18:00:00,0.1301
NEIROETH,2025-07-30 18:00:00,0.13008
NEIROETH,2025-07-31 18:00:00,0.12511
NEIROETH,2025-08-01 18:00:00,0.10864
NEIROETH,2025-08-02 18:00:00,0.1099
NEIROETH,2025-08-03 18:00:00,0.11256
NEIROETH,2025-08-04 18:00:00,0.15868
NEIROETH,2025-08-05 18:00:00,0.13277
NEIROETH,2025-08-06 18:00:00,0.1283
NEIROETH,2025-08-07 18:00:00,0.13314
NEIROETH,2025-08-08 18:00:00,0.13562
NEIROETH,2025-08-09 18:00:00,0.13697
NEIROETH,2025-08-10 18:00:00,0.14379
NEIROETH,2025-08-11 18:00:00,0.12589
NEIROETH,2025-08-12 18:00:00,0.12049
NEIROETH,2025-08-13 18:00:00,0.11364
NEIROETH,2025-08-14 18:00:00,0.11541
NEIROETH,2025-08-15 18:00:00,0.1163
NEIROETH,2025-08-16 18:00:00,0.11428
NEIROETH,2025-08-17 18:00:00,0.11832
NEIROETH,2025-08-18 18:00:00,0.11348
NEIROETH,2025-08-19 18:00:00,0.10944
NEIROETH,2025-08-20 18:00:00,0.11706
NEIROETH,2025-08-21 18:00:00,0.10556
NEIROETH,2025-08-22 18:00:00,0.11529
NEIROETH,2025-08-23 18:00:00,0.11965
NEIROETH,2025-08-24 18:00:00,0.11781
NEIROETH,2025-08-25 18:00:00,0.10366
NEIROETH,2025-08-26 18:00:00,0.10312
NEIROETH,2025-08-27 18:00:00,0.10213
NEIROETH,2025-08-28 18:00:00,0.099961
NEIROETH,2025-08-29 18:00:00,0.091508
NEIROETH,2025-08-30 18:00:00,0.093477
NEIROETH,2025-08-31 18:00:00,0.082279
NEIROETH,2025-09-01 18:00:00,0.074806
NEIROETH,2025-09-02 18:00:00,0.076249
NEIROETH,2025-09-03 18:00:00,0.079282
NEIROETH,2025-09-04 18:00:00,0.065853
NEIROETH,2025-09-05 18:00:00,0.063083
NEIROETH,2025-09-06 18:00:00,0.063226
NEIROETH,2025-09-07 18:00:00,0.058787
NEIROETH,2025-09-08 18:00:00,0.059553
NEIROETH,2025-09-09 18:00:00,0.05763
NEIROETH,2025-09-10 18:00:00,0.059644
NEIROETH,2025-09-11 18:00:00,0.057239
NEIROETH,2025-09-12 18:00:00,0.061512
NEIROETH,2025-09-13 18:00:00,0.051238
NEIROETH,2025-09-14 18:00:00,0.051144
NEIROETH,2025-09-15 18:00:00,0.047011
NEIROETH,2025-09-16 18:00:00,0.048809
NEIROETH,2025-09-17 18:00:00,0.047902
NEIROETH,2025-09-18 18:00:00,0.048918
NEIROETH,2025-09-19 18:00:00,0.046652
NEIROETH,2025-09-20 18:00:00,0.044955
NEIROETH,2025-09-21 18:00:00,0.040006
NEIROETH,2025-09-22 18:00:00,0.021647
NEIROETH,2025-09-23 18:00:00,0.015657
NEIROETH,2025-09-24 18:00:00,0.016626
NEO,2025-06-05 18:00:00,5.9141
NEO,2025-06-06 18:00:00,5.8072
NEO,2025-06-07 18:00:00,6.0011
NEO,2025-06-08 18:00:00,6.0178
NEO,2025-06-09 18:00:00,6.1618
NEO,2025-06-10 18:00:00,6.3632
NEO,2025-06-11 18:00:00,6.3221
NEO,2025-06-12 18:00:00,5.9985
NEO,2025-06-13 18:00:00,5.6081
NEO,2025-06-14 18:00:00,5.4818
NEO,2025-06-15 18:00:00,5.4935
NEO,2025-06-16 18:00:00,5.8712
NEO,2025-06-17 18:00:00,5.441
NEO,2025-06-18 18:00:00,5.3964
NEO,2025-06-19 18:00:00,5.5189
NEO,2025-06-20 18:00:00,5.4193
NEO,2025-06-21 18:00:00,5.2217
NEO,2025-06-22 18:00:00,4.8936
NEO,2025-06-23 18:00:00,5.2939
NEO,2025-06-24 18:00:00,5.5773
NEO,2025-06-25 18:00:00,5.5215
NEO,2025-06-26 18:00:00,5.3598
NEO,2025-06-27 18:00:00,5.243
NEO,2025-06-28 18:00:00,5.4678
NEO,2025-06-29 18:00:00,5.5312
NEO,2025-06-30 18:00:00,5.4456
NEO,2025-07-01 18:00:00,5.2166
NEO,2025-07-02 18:00:00,5.7174
NEO,2025-07-03 18:00:00,5.6608
NEO,2025-07-04 18:00:00,5.3695
NEO,2025-07-05 18:00:00,5.2964
NEO,2025-07-06 18:00:00,5.4178
NEO,2025-07-07 18:00:00,5.4285
NEO,2025-07-08 18:00:00,5.5473
NEO,2025-07-09 18:00:00,5.728
NEO,2025-07-10 18:00:00,5.9694
NEO,2025-07-11 18:00:00,6.3685
NEO,2025-07-12 18:00:00,6.1584
NEO,2025-07-13 18:00:00,6.3708
NEO,2025-07-14 18:00:00,6.3196
NEO,2025-07-15 18:00:00,6.42
NEO,2025-07-16 18:00:00,6.7004
NEO,2025-07-17 18:00:00,6.7332
NEO,2025-07-18 18:00:00,6.9384
NEO,2025-07-19 18:00:00,6.9903
NEO,2025-07-20 18:00:00,7.706
NEO,2025-07-21 18:00:00,7.4108
NEO,2025-07-22 18:00:00,7.2643
NEO,2025-07-23 18:00:00,6.7732
NEO,2025-07-24 18:00:00,6.6782
NEO,2025-07-25 18:00:00,6.4222
NEO,2025-07-26 18:00:00,6.7163
NEO,2025-07-27 18:00:00,6.7786
NEO,2025-07-28 18:00:00,6.4361
NEO,2025-07-29 18:00:00,6.415
NEO,2025-07-30 18:00:00,6.2092
NEO,2025-07-31 18:00:00,6.2542
NEO,2025-08-01 18:00:00,5.7865
NEO,2025-08-02 18:00:00,5.5656
NEO,2025-08-03 18:00:00,5.8208
NEO,2025-08-04 18:00:00,6.0353
NEO,2025-08-05 18:00:00,5.8996
NEO,2025-08-06 18:00:00,5.9977
NEO,2025-08-07 18:00:00,6.1253
NEO,2025-08-08 18:00:00,6.4235
NEO,2025-08-09 18:00:00,6.6131
NEO,2025-08-10 18:00:00,6.5752
NEO,2025-08-11 18:00:00,6.3907
NEO,2025-08-12 18:00:00,6.5503
NEO,2025-08-13 18:00:00,6.7148
NEO,2025-08-14 18:00:00,6.2207
NEO,2025-08-15 18:00:00,6.0532
NEO,2025-08-16 18:00:00,6.332
NEO,2025-08-17 18:00:00,6.3604
NEO,2025-08-18 18:00:00,6.1239
NEO,2025-08-19 18:00:00,5.8751
NEO,2025-08-20 18:00:00,6.2014
NEO,2025-08-21 18:00:00,6.8852
NEO,2025-08-22 18:00:00,7.1282
NEO,2025-08-23 18:00:00,7.1496
NEO,2025-08-24 18:00:00,8.3442
NEO,2025-08-25 18:00:00,7.4731
NEO,2025-08-26 18:00:00,7.094
NEO,2025-08-27 18:00:00,7.16
NEO,2025-08-28 18:00:00,7.0153
NEO,2025-08-29 18:00:00,6.5615
NEO,2025-08-30 18:00:00,6.8883
NEO,2025-08-31 18:00:00,6.7718
NEO,2025-09-01 18:00:00,6.466
NEO,2025-09-02 18:00:00,6.4507
NEO,2025-09-03 18:00:00,6.6472
NEO,2025-09-04 18:00:00,6.3318
NEO,2025-09-05 18:00:00,6.475
NEO,2025-09-06 18:00:00,6.4602
NEO,2025-09-07 18:00:00,6.5613
NEO,2025-09-08 18:00:00,6.7171
NEO,2025-09-09 18:00:00,6.5267
NEO,2025-09-10 18:00:00,6.6689
NEO,2025-09-11 18:00:00,6.6462
NEO,2025-09-12 18:00:00,6.7853
NEO,2025-09-13 18:00:00,6.8796
NEO,2025-09-14 18:00:00,6.7496
NEO,2025-09-15 18:00:00,6.4738
NEO,2025-09-16 18:00:00,6.6477
NEO,2025-09-17 18:00:00,6.516
NEO,2025-09-18 18:00:00,6.8334
NEO,2025-09-19 18:00:00,6.6163
NEO,2025-09-20 18:00:00,6.6263
NEO,2025-09-21 18:00:00,6.5206
NEO,2025-09-22 18:00:00,5.9083
NEO,2025-09-23 18:00:00,5.9143
NEO,2025-09-24 18:00:00,5.9886
NEO,2025-09-25 18:00:00,5.6842
NEO,2025-09-26 18:00:00,5.7262
NEO,2025-09-27 18:00:00,5.6471
NEO,2025-09-28 18:00:00,5.7029
NEO,2025-09-29 18:00:00,5.7061
NEO,2025-09-30 18:00:00,5.6781
NEO,2025-10-01 18:00:00,6.0498
NEO,2025-10-02 18:00:00,6.2877
NEO,2025-10-03 18:00:00,6.3779
NEO,2025-10-04 18:00:00,6.1524
NEO,2025-10-05 18:00:00,6.2812
NEO,2025-10-06 18:00:00,6.4479
NEO,2025-10-07 18:00:00,6.034
NEO,2025-10-08 18:00:00,6.3378
NEO,2025-10-09 18:00:00,6.0413
NEO,2025-10-10 18:00:00,6.0495
NEO,2025-10-11 18:00:00,4.5847
NEO,2025-10-12 18:00:00,5.0931
NEO,2025-10-13 18:00:00,5.4714
NEO,2025-10-14 18:00:00,5.4266
NEO,2025-10-15 18:00:00,5.2779
NEO,2025-10-16 18:00:00,5.1236
NEO,2025-10-17 18:00:00,5.0516
NEO,2025-10-18 18:00:00,5.0244
NEO,2025-10-19 18:00:00,5.2344
NEO,2025-10-20 18:00:00,5.1713
NEO,2025-10-21 18:00:00,5.3348
NEO,2025-10-22 18:00:00,4.9999
NEO,2025-10-23 18:00:00,5.1788
NEO,2025-10-24 18:00:00,5.106
NEO,2025-10-25 18:00:00,5.1685
NEO,2025-10-26 18:00:00,5.2653
NEO,2025-10-27 18:00:00,5.3419
NEO,2025-10-28 18:00:00,5.239
NEO,2025-10-29 18:00:00,5.1792
NEO,2025-10-30 18:00:00,4.7602
NEO,2025-10-31 18:00:00,4.9178
NEO,2025-11-01 18:00:00,5.2185
NEO,2025-11-02 18:00:00,5.1266
NEO,2025-11-03 18:00:00,4.8238
NEO,2025-11-04 18:00:00,4.8671
NEO,2025-11-05 18:00:00,4.9922
NEO,2025-11-06 18:00:00,4.8326
NEO,2025-11-07 18:00:00,5.7821
NEO,2025-11-08 18:00:00,5.4202
NEO,2025-11-09 18:00:00,5.4631
NEO,2025-11-10 18:00:00,5.2811
NEO,2025-11-11 18:00:00,5.2863
NEO,2025-11-12 18:00:00,4.9306
NEO,2025-11-13 18:00:00,4.7849
NIL,2025-06-05 18:00:00,0.40622
NIL,2025-06-06 18:00:00,0.38118
NIL,2025-06-07 18:00:00,0.3853
NIL,2025-06-08 18:00:00,0.39511
NIL,2025-06-09 18:00:00,0.39364
NIL,2025-06-10 18:00:00,0.39898
NIL,2025-06-11 18:00:00,0.38078
NIL,2025-06-12 18:00:00,0.34594
NIL,2025-06-13 18:00:00,0.32699
NIL,2025-06-14 18:00:00,0.32943
NIL,2025-06-15 18:00:00,0.33421
NIL,2025-06-16 18:00:00,0.36676
NIL,2025-06-17 18:00:00,0.33505
NIL,2025-06-18 18:00:00,0.31468
NIL,2025-06-19 18:00:00,0.30975
NIL,2025-06-20 18:00:00,0.29169
NIL,2025-06-21 18:00:00,0.28713
NIL,2025-06-22 18:00:00,0.25266
NIL,2025-06-23 18:00:00,0.26002
NIL,2025-06-24 18:00:00,0.28104
NIL,2025-06-25 18:00:00,0.27189
NIL,2025-06-26 18:00:00,0.2673
NIL,2025-06-27 18:00:00,0.26709
NIL,2025-06-28 18:00:00,0.27336
NIL,2025-06-29 18:00:00,0.29297
NIL,2025-06-30 18:00:00,0.28773
NIL,2025-07-01 18:00:00,0.27494
NIL,2025-07-02 18:00:00,0.29862
NIL,2025-07-03 18:00:00,0.2979
NIL,2025-07-04 18:00:00,0.27974
NIL,2025-07-05 18:00:00,0.27399
NIL,2025-07-06 18:00:00,0.28148
NIL,2025-07-07 18:00:00,0.28871
NIL,2025-07-08 18:00:00,0.28703
NIL,2025-07-09 18:00:00,0.29734
NIL,2025-07-10 18:00:00,0.31572
NIL,2025-07-11 18:00:00,0.33256
NIL,2025-07-12 18:00:00,0.32573
NIL,2025-07-13 18:00:00,0.32599
NIL,2025-07-14 18:00:00,0.31342
NIL,2025-07-15 18:00:00,0.32684
NIL,2025-07-16 18:00:00,0.33206
NIL,2025-07-17 18:00:00,0.32375
NIL,2025-07-18 18:00:00,0.31716
NIL,2025-07-19 18:00:00,0.31372
NIL,2025-07-20 18:00:00,0.33492
NIL,2025-07-21 18:00:00,0.34516
NIL,2025-07-22 18:00:00,0.34549
NIL,2025-07-23 18:00:00,0.34558
NIL,2025-07-24 18:00:00,0.3393
NIL,2025-07-25 18:00:00,0.34883
NIL,2025-07-26 18:00:00,0.347
NIL,2025-07-27 18:00:00,0.34369
NIL,2025-07-28 18:00:00,0.31648
NIL,2025-07-29 18:00:00,0.31979
NIL,2025-07-30 18:00:00,0.32581
NIL,2025-07-31 18:00:00,0.31472
NIL,2025-08-01 18:00:00,0.28646
NIL,2025-08-02 18:00:00,0.27343
NIL,2025-08-03 18:00:00,0.28369
NIL,2025-08-04 18:00:00,0.29069
NIL,2025-08-05 18:00:00,0.28039
NIL,2025-08-06 18:00:00,0.28811
NIL,2025-08-07 18:00:00,0.2933
NIL,2025-08-08 18:00:00,0.30931
NIL,2025-08-09 18:00:00,0.32182
NIL,2025-08-10 18:00:00,0.31694
NIL,2025-08-11 18:00:00,0.30624
NIL,2025-08-12 18:00:00,0.31355
NIL,2025-08-13 18:00:00,0.32779
NIL,2025-08-14 18:00:00,0.30087
NIL,2025-08-15 18:00:00,0.2873
NIL,2025-08-16 18:00:00,0.29525
NIL,2025-08-17 18:00:00,0.30103
NIL,2025-08-18 18:00:00,0.29299
NIL,2025-08-19 18:00:00,0.28081
NIL,2025-08-20 18:00:00,0.29991
NIL,2025-08-21 18:00:00,0.29097
NIL,2025-08-22 18:00:00,0.30745
NIL,2025-08-23 18:00:00,0.31227
NIL,2025-08-24 18:00:00,0.31134
NIL,2025-08-25 18:00:00,0.28465
NIL,2025-08-26 18:00:00,0.28321
NIL,2025-08-27 18:00:00,0.28505
NIL,2025-08-28 18:00:00,0.29293
NIL,2025-08-29 18:00:00,0.2714
NIL,2025-08-30 18:00:00,0.27654
NIL,2025-08-31 18:00:00,0.27611
NIL,2025-09-01 18:00:00,0.26284
NIL,2025-09-02 18:00:00,0.25275
NIL,2025-09-03 18:00:00,0.26015
NIL,2025-09-04 18:00:00,0.2545
NIL,2025-09-05 18:00:00,0.2921
NIL,2025-09-06 18:00:00,0.27532
NIL,2025-09-07 18:00:00,0.29176
NIL,2025-09-08 18:00:00,0.30166
NIL,2025-09-09 18:00:00,0.31174
NIL,2025-09-10 18:00:00,0.31623
NIL,2025-09-11 18:00:00,0.31788
NIL,2025-09-12 18:00:00,0.31978
NIL,2025-09-13 18:00:00,0.3141
NIL,2025-09-14 18:00:00,0.32673
NIL,2025-09-15 18:00:00,0.31234
NIL,2025-09-16 18:00:00,0.31848
NIL,2025-09-17 18:00:00,0.3198
NIL,2025-09-18 18:00:00,0.32856
NIL,2025-09-19 18:00:00,0.33943
NIL,2025-09-20 18:00:00,0.32806
NIL,2025-09-21 18:00:00,0.33001
NIL,2025-09-22 18:00:00,0.31097
NIL,2025-09-23 18:00:00,0.30938
NIL,2025-09-24 18:00:00,0.31637
NIL,2025-09-25 18:00:00,0.30684
NIL,2025-09-26 18:00:00,0.30446
NIL,2025-09-27 18:00:00,0.29288
NIL,2025-09-28 18:00:00,0.29015
NIL,2025-09-29 18:00:00,0.28088
NIL,2025-09-30 18:00:00,0.27299
NIL,2025-10-01 18:00:00,0.28404
NIL,2025-10-02 18:00:00,0.34305
NIL,2025-10-03 18:00:00,0.34003
NIL,2025-10-04 18:00:00,0.33946
NIL,2025-10-05 18:00:00,0.33508
NIL,2025-10-06 18:00:00,0.34895
NIL,2025-10-07 18:00:00,0.34369
NIL,2025-10-08 18:00:00,0.34412
NIL,2025-10-09 18:00:00,0.36294
NIL,2025-10-10 18:00:00,0.32816
NIL,2025-10-11 18:00:00,0.2683
NIL,2025-10-12 18:00:00,0.26774
NIL,2025-10-13 18:00:00,0.26974
NIL,2025-10-14 18:00:00,0.25928
NIL,2025-10-15 18:00:00,0.26891
NIL,2025-10-16 18:00:00,0.27645
NIL,2025-10-17 18:00:00,0.25857
NIL,2025-10-18 18:00:00,0.26651
NIL,2025-10-19 18:00:00,0.27064
NIL,2025-10-20 18:00:00,0.27138
NIL,2025-10-21 18:00:00,0.29105
NIL,2025-10-22 18:00:00,0.32456
NIL,2025-10-23 18:00:00,0.32009
NIL,2025-10-24 18:00:00,0.31875
NIL,2025-10-25 18:00:00,0.32528
NIL,2025-10-26 18:00:00,0.32144
NIL,2025-10-27 18:00:00,0.3038
NIL,2025-10-28 18:00:00,0.31169
NIL,2025-10-29 18:00:00,0.2899
NIL,2025-10-30 18:00:00,0.24655
NIL,2025-10-31 18:00:00,0.22679
NIL,2025-11-01 18:00:00,0.2381
NIL,2025-11-02 18:00:00,0.22195
NIL,2025-11-03 18:00:00,0.18954
NIL,2025-11-04 18:00:00,0.16726
NIL,2025-11-05 18:00:00,0.17758
NIL,2025-11-06 18:00:00,0.17701
NIL,2025-11-07 18:00:00,0.19962
NIL,2025-11-08 18:00:00,0.18976
NIL,2025-11-09 18:00:00,0.19458
NIL,2025-11-10 18:00:00,0.18609
NIL,2025-11-11 18:00:00,0.1806
NIL,2025-11-12 18:00:00,0.1713
NIL,2025-11-13 18:00:00,0.16903
NOT,2025-06-05 18:00:00,0.002168
NOT,2025-06-06 18:00:00,0.00211
NOT,2025-06-07 18:00:00,0.002203
NOT,2025-06-08 18:00:00,0.002234
NOT,2025-06-09 18:00:00,0.002317
NOT,2025-06-10 18:00:00,0.002437
NOT,2025-06-11 18:00:00,0.00241
NOT,2025-06-12 18:00:00,0.002251
NOT,2025-06-13 18:00:00,0.002021
NOT,2025-06-14 18:00:00,0.002051
NOT,2025-06-15 18:00:00,0.002083
NOT,2025-06-16 18:00:00,0.002185
NOT,2025-06-17 18:00:00,0.001996
NOT,2025-06-18 18:00:00,0.001946
NOT,2025-06-19 18:00:00,0.001945
NOT,2025-06-20 18:00:00,0.001886
NOT,2025-06-21 18:00:00,0.001797
NOT,2025-06-22 18:00:00,0.001635
NOT,2025-06-23 18:00:00,0.001742
NOT,2025-06-24 18:00:00,0.001808
NOT,2025-06-25 18:00:00,0.001774
NOT,2025-06-26 18:00:00,0.001713
NOT,2025-06-27 18:00:00,0.0017
NOT,2025-06-28 18:00:00,0.001784
NOT,2025-06-29 18:00:00,0.001794
NOT,2025-06-30 18:00:00,0.001833
NOT,2025-07-01 18:00:00,0.001709
NOT,2025-07-02 18:00:00,0.00189
NOT,2025-07-03 18:00:00,0.001914
NOT,2025-07-04 18:00:00,0.001781
NOT,2025-07-05 18:00:00,0.001721
NOT,2025-07-06 18:00:00,0.001795
NOT,2025-07-07 18:00:00,0.001789
NOT,2025-07-08 18:00:00,0.001823
NOT,2025-07-09 18:00:00,0.001902
NOT,2025-07-10 18:00:00,0.002062
NOT,2025-07-11 18:00:00,0.002232
NOT,2025-07-12 18:00:00,0.002084
NOT,2025-07-13 18:00:00,0.002169
NOT,2025-07-14 18:00:00,0.002091
NOT,2025-07-15 18:00:00,0.002146
NOT,2025-07-16 18:00:00,0.002358
NOT,2025-07-17 18:00:00,0.002338
NOT,2025-07-18 18:00:00,0.00232
NOT,2025-07-19 18:00:00,0.002258
NOT,2025-07-20 18:00:00,0.002443
NOT,2025-07-21 18:00:00,0.00239
NOT,2025-07-22 18:00:00,0.002362
NOT,2025-07-23 18:00:00,0.002155
NOT,2025-07-24 18:00:00,0.002033
NOT,2025-07-25 18:00:00,0.002033
NOT,2025-07-26 18:00:00,0.002097
NOT,2025-07-27 18:00:00,0.00218
NOT,2025-07-28 18:00:00,0.002069
NOT,2025-07-29 18:00:00,0.001991
NOT,2025-07-30 18:00:00,0.00192
NOT,2025-07-31 18:00:00,0.002119
NOT,2025-08-01 18:00:00,0.002081
NOT,2025-08-02 18:00:00,0.001975
NOT,2025-08-03 18:00:00,0.00215
NOT,2025-08-04 18:00:00,0.002166
NOT,2025-08-05 18:00:00,0.002024
NOT,2025-08-06 18:00:00,0.002023
NOT,2025-08-07 18:00:00,0.002082
NOT,2025-08-08 18:00:00,0.002254
NOT,2025-08-09 18:00:00,0.002329
NOT,2025-08-10 18:00:00,0.002291
NOT,2025-08-11 18:00:00,0.002205
NOT,2025-08-12 18:00:00,0.002173
NOT,2025-08-13 18:00:00,0.002096
NOT,2025-08-14 18:00:00,0.001912
NOT,2025-08-15 18:00:00,0.001864
NOT,2025-08-16 18:00:00,0.001969
NOT,2025-08-17 18:00:00,0.001933
NOT,2025-08-18 18:00:00,0.00188
NOT,2025-08-19 18:00:00,0.00181
NOT,2025-08-20 18:00:00,0.001864
NOT,2025-08-21 18:00:00,0.001845
NOT,2025-08-22 18:00:00,0.001973
NOT,2025-08-23 18:00:00,0.002016
NOT,2025-08-24 18:00:00,0.001987
NOT,2025-08-25 18:00:00,0.001811
NOT,2025-08-26 18:00:00,0.001821
NOT,2025-08-27 18:00:00,0.001828
NOT,2025-08-28 18:00:00,0.001862
NOT,2025-08-29 18:00:00,0.001746
NOT,2025-08-30 18:00:00,0.001785
NOT,2025-08-31 18:00:00,0.001786
NOT,2025-09-01 18:00:00,0.001733
NOT,2025-09-02 18:00:00,0.001781
NOT,2025-09-03 18:00:00,0.001883
NOT,2025-09-04 18:00:00,0.001799
NOT,2025-09-05 18:00:00,0.00194
NOT,2025-09-06 18:00:00,0.001911
NOT,2025-09-07 18:00:00,0.001934
NOT,2025-09-08 18:00:00,0.00199
NOT,2025-09-09 18:00:00,0.001948
NOT,2025-09-10 18:00:00,0.00199
NOT,2025-09-11 18:00:00,0.001993
NOT,2025-09-12 18:00:00,0.001987
NOT,2025-09-13 18:00:00,0.002007
NOT,2025-09-14 18:00:00,0.001912
NOT,2025-09-15 18:00:00,0.001863
NOT,2025-09-16 18:00:00,0.001887
NOT,2025-09-17 18:00:00,0.001863
NOT,2025-09-18 18:00:00,0.001946
NOT,2025-09-19 18:00:00,0.001863
NOT,2025-09-20 18:00:00,0.001844
NOT,2025-09-21 18:00:00,0.001841
NOT,2025-09-22 18:00:00,0.001615
NOT,2025-09-23 18:00:00,0.001645
NOT,2025-09-24 18:00:00,0.001647
NOT,2025-09-25 18:00:00,0.001547
NOT,2025-09-26 18:00:00,0.001584
NOT,2025-09-27 18:00:00,0.001566
NOT,2025-09-28 18:00:00,0.001576
NOT,2025-09-29 18:00:00,0.001528
NOT,2025-09-30 18:00:00,0.001476
NOT,2025-10-01 18:00:00,0.001609
NOT,2025-10-02 18:00:00,0.001631
NOT,2025-10-03 18:00:00,0.00164
NOT,2025-10-04 18:00:00,0.001577
NOT,2025-10-05 18:00:00,0.001601
NOT,2025-10-06 18:00:00,0.001644
NOT,2025-10-07 18:00:00,0.001548
NOT,2025-10-08 18:00:00,0.001618
NOT,2025-10-09 18:00:00,0.001535
NOT,2025-10-10 18:00:00,0.001482
NOT,2025-10-11 18:00:00,0.000943
NOT,2025-10-12 18:00:00,0.000961
NOT,2025-10-13 18:00:00,0.000959
NOT,2025-10-14 18:00:00,0.000932
NOT,2025-10-15 18:00:00,0.000906
NOT,2025-10-16 18:00:00,0.000877
NOT,2025-10-17 18:00:00,0.000829
NOT,2025-10-18 18:00:00,0.000844
NOT,2025-10-19 18:00:00,0.00086
NOT,2025-10-20 18:00:00,0.000851
NOT,2025-10-21 18:00:00,0.000856
NOT,2025-10-22 18:00:00,0.000807
NOT,2025-10-23 18:00:00,0.000829
NOT,2025-10-24 18:00:00,0.000815
NOT,2025-10-25 18:00:00,0.000831
NOT,2025-10-26 18:00:00,0.000837
NOT,2025-10-27 18:00:00,0.000846
NOT,2025-10-28 18:00:00,0.000824
NOT,2025-10-29 18:00:00,0.000795
NOT,2025-10-30 18:00:00,0.000703
NOT,2025-10-31 18:00:00,0.000749
NOT,2025-11-01 18:00:00,0.000794
NOT,2025-11-02 18:00:00,0.00077
NOT,2025-11-03 18:00:00,0.000661
NOT,2025-11-04 18:00:00,0.000649
NOT,2025-11-05 18:00:00,0.000675
NOT,2025-11-06 18:00:00,0.000638
NOT,2025-11-07 18:00:00,0.00078
NOT,2025-11-08 18:00:00,0.000781
NOT,2025-11-09 18:00:00,0.000769
NOT,2025-11-10 18:00:00,0.000761
NOT,2025-11-11 18:00:00,0.000727
NOT,2025-11-12 18:00:00,0.000692
NOT,2025-11-13 18:00:00,0.000672
NXPC,2025-06-05 18:00:00,1.2536
NXPC,2025-06-06 18:00:00,1.2283
NXPC,2025-06-07 18:00:00,1.3273
NXPC,2025-06-08 18:00:00,1.2771
NXPC,2025-06-09 18:00:00,1.3508
NXPC,2025-06-10 18:00:00,1.3567
NXPC,2025-06-11 18:00:00,1.3799
NXPC,2025-06-12 18:00:00,1.4135
NXPC,2025-06-13 18:00:00,1.2795
NXPC,2025-06-14 18:00:00,1.2405
NXPC,2025-06-15 18:00:00,1.2419
NXPC,2025-06-16 18:00:00,1.2465
NXPC,2025-06-17 18:00:00,1.1502
NXPC,2025-06-18 18:00:00,1.0871
NXPC,2025-06-19 18:00:00,1.016
NXPC,2025-06-20 18:00:00,1.0318
NXPC,2025-06-21 18:00:00,0.98059
NXPC,2025-06-22 18:00:00,0.8861
NXPC,2025-06-23 18:00:00,0.94481
NXPC,2025-06-24 18:00:00,0.94563
NXPC,2025-06-25 18:00:00,0.91331
NXPC,2025-06-26 18:00:00,0.8794
NXPC,2025-06-27 18:00:00,0.90565
NXPC,2025-06-28 18:00:00,0.90181
NXPC,2025-06-29 18:00:00,0.9226
NXPC,2025-06-30 18:00:00,0.93958
NXPC,2025-07-01 18:00:00,0.89427
NXPC,2025-07-02 18:00:00,0.96242
NXPC,2025-07-03 18:00:00,0.95053
NXPC,2025-07-04 18:00:00,0.91148
NXPC,2025-07-05 18:00:00,0.8977
NXPC,2025-07-06 18:00:00,0.91047
NXPC,2025-07-07 18:00:00,0.88417
NXPC,2025-07-08 18:00:00,0.89434
NXPC,2025-07-09 18:00:00,0.90006
NXPC,2025-07-10 18:00:00,0.9427
NXPC,2025-07-11 18:00:00,1.0664
NXPC,2025-07-12 18:00:00,0.98716
NXPC,2025-07-13 18:00:00,1.0017
NXPC,2025-07-14 18:00:00,0.95546
NXPC,2025-07-15 18:00:00,0.99568
NXPC,2025-07-16 18:00:00,1.0531
NXPC,2025-07-17 18:00:00,1.0102
NXPC,2025-07-18 18:00:00,1.0154
NXPC,2025-07-19 18:00:00,0.99107
NXPC,2025-07-20 18:00:00,1.0367
NXPC,2025-07-21 18:00:00,1.0959
NXPC,2025-07-22 18:00:00,1.0714
NXPC,2025-07-23 18:00:00,1.1277
NXPC,2025-07-24 18:00:00,1.1108
NXPC,2025-07-25 18:00:00,1.0506
NXPC,2025-07-26 18:00:00,1.0761
NXPC,2025-07-27 18:00:00,1.0646
NXPC,2025-07-28 18:00:00,1.0231
NXPC,2025-07-29 18:00:00,0.95235
NXPC,2025-07-30 18:00:00,0.92752
NXPC,2025-07-31 18:00:00,0.92956
NXPC,2025-08-01 18:00:00,0.8912
NXPC,2025-08-02 18:00:00,0.85072
NXPC,2025-08-03 18:00:00,0.88922
NXPC,2025-08-04 18:00:00,0.92587
NXPC,2025-08-05 18:00:00,0.89376
NXPC,2025-08-06 18:00:00,0.90855
NXPC,2025-08-07 18:00:00,0.91579
NXPC,2025-08-08 18:00:00,0.94591
NXPC,2025-08-09 18:00:00,0.96272
NXPC,2025-08-10 18:00:00,0.94938
NXPC,2025-08-11 18:00:00,0.91668
NXPC,2025-08-12 18:00:00,0.92809
NXPC,2025-08-13 18:00:00,0.93364
NXPC,2025-08-14 18:00:00,0.86624
NXPC,2025-08-15 18:00:00,0.85265
NXPC,2025-08-16 18:00:00,0.86552
NXPC,2025-08-17 18:00:00,0.86962
NXPC,2025-08-18 18:00:00,0.82699
NXPC,2025-08-19 18:00:00,0.77542
NXPC,2025-08-20 18:00:00,0.77964
NXPC,2025-08-21 18:00:00,0.777
NXPC,2025-08-22 18:00:00,0.81362
NXPC,2025-08-23 18:00:00,0.79427
NXPC,2025-08-24 18:00:00,0.80698
NXPC,2025-08-25 18:00:00,0.72976
NXPC,2025-08-26 18:00:00,0.72057
NXPC,2025-08-27 18:00:00,0.73063
NXPC,2025-08-28 18:00:00,0.73716
NXPC,2025-08-29 18:00:00,0.70523
NXPC,2025-08-30 18:00:00,0.71798
NXPC,2025-08-31 18:00:00,0.72196
NXPC,2025-09-01 18:00:00,0.67707
NXPC,2025-09-02 18:00:00,0.66912
NXPC,2025-09-03 18:00:00,0.67377
NXPC,2025-09-04 18:00:00,0.63883
NXPC,2025-09-05 18:00:00,0.64192
NXPC,2025-09-06 18:00:00,0.63912
NXPC,2025-09-07 18:00:00,0.65078
NXPC,2025-09-08 18:00:00,0.67123
NXPC,2025-09-09 18:00:00,0.6734
NXPC,2025-09-10 18:00:00,0.69147
NXPC,2025-09-11 18:00:00,0.6739
NXPC,2025-09-12 18:00:00,0.69413
NXPC,2025-09-13 18:00:00,0.74091
NXPC,2025-09-14 18:00:00,0.72006
NXPC,2025-09-15 18:00:00,0.67247
NXPC,2025-09-16 18:00:00,0.67838
NXPC,2025-09-17 18:00:00,0.6673
NXPC,2025-09-18 18:00:00,0.70189
NXPC,2025-09-19 18:00:00,0.67757
NXPC,2025-09-20 18:00:00,0.6905
NXPC,2025-09-21 18:00:00,0.68993
NXPC,2025-09-22 18:00:00,0.61927
NXPC,2025-09-23 18:00:00,0.61644
NXPC,2025-09-24 18:00:00,0.61857
NXPC,2025-09-25 18:00:00,0.57259
NXPC,2025-09-26 18:00:00,0.56627
NXPC,2025-09-27 18:00:00,0.55588
NXPC,2025-09-28 18:00:00,0.5567
NXPC,2025-09-29 18:00:00,0.54917
NXPC,2025-09-30 18:00:00,0.48349
NXPC,2025-10-01 18:00:00,0.52592
NXPC,2025-10-02 18:00:00,0.53046
NXPC,2025-10-03 18:00:00,0.55496
NXPC,2025-10-04 18:00:00,0.51852
NXPC,2025-10-05 18:00:00,0.51879
NXPC,2025-10-06 18:00:00,0.54382
NXPC,2025-10-07 18:00:00,0.51173
NXPC,2025-10-08 18:00:00,0.52029
NXPC,2025-10-09 18:00:00,0.48968
NXPC,2025-10-10 18:00:00,0.46712
NXPC,2025-10-11 18:00:00,0.35627
NXPC,2025-10-12 18:00:00,0.38024
NXPC,2025-10-13 18:00:00,0.39905
NXPC,2025-10-14 18:00:00,0.38061
NXPC,2025-10-15 18:00:00,0.36865
NXPC,2025-10-16 18:00:00,0.3471
NXPC,2025-10-17 18:00:00,0.33302
NXPC,2025-10-18 18:00:00,0.33519
NXPC,2025-10-19 18:00:00,0.34542
NXPC,2025-10-20 18:00:00,0.34792
NXPC,2025-10-21 18:00:00,0.35899
NXPC,2025-10-22 18:00:00,0.33456
NXPC,2025-10-23 18:00:00,0.34591
NXPC,2025-10-24 18:00:00,0.34008
NXPC,2025-10-25 18:00:00,0.36729
NXPC,2025-10-26 18:00:00,0.37065
NXPC,2025-10-27 18:00:00,0.38495
NXPC,2025-10-28 18:00:00,0.3932
NXPC,2025-10-29 18:00:00,0.37868
NXPC,2025-10-30 18:00:00,0.33269
NXPC,2025-10-31 18:00:00,0.34766
NXPC,2025-11-01 18:00:00,0.35615
NXPC,2025-11-02 18:00:00,0.34823
NXPC,2025-11-03 18:00:00,0.32299
NXPC,2025-11-04 18:00:00,0.31002
NXPC,2025-11-05 18:00:00,0.32264
NXPC,2025-11-06 18:00:00,0.31788
NXPC,2025-11-07 18:00:00,0.35897
NXPC,2025-11-08 18:00:00,0.37474
NXPC,2025-11-09 18:00:00,0.3848
NXPC,2025-11-10 18:00:00,0.38225
NXPC,2025-11-11 18:00:00,0.42662
NXPC,2025-11-12 18:00:00,0.42275
NXPC,2025-11-13 18:00:00,0.39475
OM,2025-06-05 18:00:00,0.30332
OM,2025-06-06 18:00:00,0.29606
OM,2025-06-07 18:00:00,0.3029
OM,2025-06-08 18:00:00,0.30286
OM,2025-06-09 18:00:00,0.30095
OM,2025-06-10 18:00:00,0.30856
OM,2025-06-11 18:00:00,0.29427
OM,2025-06-12 18:00:00,0.28174
OM,2025-06-13 18:00:00,0.25651
OM,2025-06-14 18:00:00,0.2639
OM,2025-06-15 18:00:00,0.25971
OM,2025-06-16 18:00:00,0.26847
OM,2025-06-17 18:00:00,0.25
OM,2025-06-18 18:00:00,0.25028
OM,2025-06-19 18:00:00,0.24139
OM,2025-06-20 18:00:00,0.23314
OM,2025-06-21 18:00:00,0.2225
OM,2025-06-22 18:00:00,0.20013
OM,2025-06-23 18:00:00,0.20956
OM,2025-06-24 18:00:00,0.21758
OM,2025-06-25 18:00:00,0.21028
OM,2025-06-26 18:00:00,0.19982
OM,2025-06-27 18:00:00,0.19993
OM,2025-06-28 18:00:00,0.20916
OM,2025-06-29 18:00:00,0.21235
OM,2025-06-30 18:00:00,0.20855
OM,2025-07-01 18:00:00,0.19419
OM,2025-07-02 18:00:00,0.21468
OM,2025-07-03 18:00:00,0.21599
OM,2025-07-04 18:00:00,0.20647
OM,2025-07-05 18:00:00,0.20284
OM,2025-07-06 18:00:00,0.20723
OM,2025-07-07 18:00:00,0.20625
OM,2025-07-08 18:00:00,0.20739
OM,2025-07-09 18:00:00,0.20465
OM,2025-07-10 18:00:00,0.21683
OM,2025-07-11 18:00:00,0.23737
OM,2025-07-12 18:00:00,0.21431
OM,2025-07-13 18:00:00,0.22411
OM,2025-07-14 18:00:00,0.22651
OM,2025-07-15 18:00:00,0.2328
OM,2025-07-16 18:00:00,0.23655
OM,2025-07-17 18:00:00,0.23464
OM,2025-07-18 18:00:00,0.2326
OM,2025-07-19 18:00:00,0.2304
OM,2025-07-20 18:00:00,0.30813
OM,2025-07-21 18:00:00,0.32794
OM,2025-07-22 18:00:00,0.30747
OM,2025-07-23 18:00:00,0.27929
OM,2025-07-24 18:00:00,0.26876
OM,2025-07-25 18:00:00,0.26153
OM,2025-07-26 18:00:00,0.2872
OM,2025-07-27 18:00:00,0.27924
OM,2025-07-28 18:00:00,0.26167
OM,2025-07-29 18:00:00,0.25342
OM,2025-07-30 18:00:00,0.24536
OM,2025-07-31 18:00:00,0.24788
OM,2025-08-01 18:00:00,0.24017
OM,2025-08-02 18:00:00,0.2263
OM,2025-08-03 18:00:00,0.25319
OM,2025-08-04 18:00:00,0.2562
OM,2025-08-05 18:00:00,0.24728
OM,2025-08-06 18:00:00,0.2751
OM,2025-08-07 18:00:00,0.27366
OM,2025-08-08 18:00:00,0.27842
OM,2025-08-09 18:00:00,0.2854
OM,2025-08-10 18:00:00,0.27854
OM,2025-08-11 18:00:00,0.27974
OM,2025-08-12 18:00:00,0.2781
OM,2025-08-13 18:00:00,0.27969
OM,2025-08-14 18:00:00,0.25548
OM,2025-08-15 18:00:00,0.24889
OM,2025-08-16 18:00:00,0.25469
OM,2025-08-17 18:00:00,0.25596
OM,2025-08-18 18:00:00,0.24635
OM,2025-08-19 18:00:00,0.23521
OM,2025-08-20 18:00:00,0.23875
OM,2025-08-21 18:00:00,0.23681
OM,2025-08-22 18:00:00,0.24973
OM,2025-08-23 18:00:00,0.24863
OM,2025-08-24 18:00:00,0.24499
OM,2025-08-25 18:00:00,0.22673
OM,2025-08-26 18:00:00,0.22793
OM,2025-08-27 18:00:00,0.23091
OM,2025-08-28 18:00:00,0.23144
OM,2025-08-29 18:00:00,0.20976
OM,2025-08-30 18:00:00,0.21805
OM,2025-08-31 18:00:00,0.21582
OM,2025-09-01 18:00:00,0.20437
OM,2025-09-02 18:00:00,0.20181
OM,2025-09-03 18:00:00,0.20526
OM,2025-09-04 18:00:00,0.19889
OM,2025-09-05 18:00:00,0.20615
OM,2025-09-06 18:00:00,0.20503
OM,2025-09-07 18:00:00,0.20718
OM,2025-09-08 18:00:00,0.2154
OM,2025-09-09 18:00:00,0.21205
OM,2025-09-10 18:00:00,0.21738
OM,2025-09-11 18:00:00,0.21348
OM,2025-09-12 18:00:00,0.22131
OM,2025-09-13 18:00:00,0.22164
OM,2025-09-14 18:00:00,0.21637
OM,2025-09-15 18:00:00,0.20317
OM,2025-09-16 18:00:00,0.21054
OM,2025-09-17 18:00:00,0.20978
OM,2025-09-18 18:00:00,0.22126
OM,2025-09-19 18:00:00,0.21095
OM,2025-09-20 18:00:00,0.21202
OM,2025-09-21 18:00:00,0.20883
OM,2025-09-22 18:00:00,0.17117
OM,2025-09-23 18:00:00,0.16831
OM,2025-09-24 18:00:00,0.17328
OM,2025-09-25 18:00:00,0.16131
OM,2025-09-26 18:00:00,0.16437
OM,2025-09-27 18:00:00,0.16583
OM,2025-09-28 18:00:00,0.16968
OM,2025-09-29 18:00:00,0.16418
OM,2025-09-30 18:00:00,0.16215
OM,2025-10-01 18:00:00,0.17453
OM,2025-10-02 18:00:00,0.17698
OM,2025-10-03 18:00:00,0.17621
OM,2025-10-04 18:00:00,0.16779
OM,2025-10-05 18:00:00,0.17385
OM,2025-10-06 18:00:00,0.1777
OM,2025-10-07 18:00:00,0.16579
OM,2025-10-08 18:00:00,0.17065
OM,2025-10-09 18:00:00,0.1583
OM,2025-10-10 18:00:00,0.15171
OM,2025-10-11 18:00:00,0.10821
OM,2025-10-12 18:00:00,0.11304
OM,2025-10-13 18:00:00,0.11565
OM,2025-10-14 18:00:00,0.13985
OM,2025-10-15 18:00:00,0.13236
OM,2025-10-16 18:00:00,0.12337
OM,2025-10-17 18:00:00,0.12008
OM,2025-10-18 18:00:00,0.11913
OM,2025-10-19 18:00:00,0.12333
OM,2025-10-20 18:00:00,0.12239
OM,2025-10-21 18:00:00,0.1223
OM,2025-10-22 18:00:00,0.11375
OM,2025-10-23 18:00:00,0.11875
OM,2025-10-24 18:00:00,0.11675
OM,2025-10-25 18:00:00,0.11731
OM,2025-10-26 18:00:00,0.11795
OM,2025-10-27 18:00:00,0.11683
OM,2025-10-28 18:00:00,0.11296
OM,2025-10-29 18:00:00,0.11149
OM,2025-10-30 18:00:00,0.10132
OM,2025-10-31 18:00:00,0.10293
OM,2025-11-01 18:00:00,0.10564
OM,2025-11-02 18:00:00,0.10413
OM,2025-11-03 18:00:00,0.09373
OM,2025-11-04 18:00:00,0.08814
OM,2025-11-05 18:00:00,0.09392
OM,2025-11-06 18:00:00,0.089
OM,2025-11-07 18:00:00,0.10203
OM,2025-11-08 18:00:00,0.09712
OM,2025-11-09 18:00:00,0.09843
OM,2025-11-10 18:00:00,0.09855
OM,2025-11-11 18:00:00,0.09428
OM,2025-11-12 18:00:00,0.09063
OM,2025-11-13 18:00:00,0.08735
ONDO,2025-06-05 18:00:00,0.80844
ONDO,2025-06-06 18:00:00,0.80064
ONDO,2025-06-07 18:00:00,0.82776
ONDO,2025-06-08 18:00:00,0.8399
ONDO,2025-06-09 18:00:00,0.84784
ONDO,2025-06-10 18:00:00,0.88708
ONDO,2025-06-11 18:00:00,0.89374
ONDO,2025-06-12 18:00:00,0.84361
ONDO,2025-06-13 18:00:00,0.7784
ONDO,2025-06-14 18:00:00,0.77403
ONDO,2025-06-15 18:00:00,0.79039
ONDO,2025-06-16 18:00:00,0.83357
ONDO,2025-06-17 18:00:00,0.74404
ONDO,2025-06-18 18:00:00,0.73326
ONDO,2025-06-19 18:00:00,0.76629
ONDO,2025-06-20 18:00:00,0.74016
ONDO,2025-06-21 18:00:00,0.70252
ONDO,2025-06-22 18:00:00,0.64442
ONDO,2025-06-23 18:00:00,0.69239
ONDO,2025-06-24 18:00:00,0.77092
ONDO,2025-06-25 18:00:00,0.76039
ONDO,2025-06-26 18:00:00,0.73547
ONDO,2025-06-27 18:00:00,0.73097
ONDO,2025-06-28 18:00:00,0.76331
ONDO,2025-06-29 18:00:00,0.76716
ONDO,2025-06-30 18:00:00,0.76873
ONDO,2025-07-01 18:00:00,0.73689
ONDO,2025-07-02 18:00:00,0.79207
ONDO,2025-07-03 18:00:00,0.79315
ONDO,2025-07-04 18:00:00,0.76936
ONDO,2025-07-05 18:00:00,0.76718
ONDO,2025-07-06 18:00:00,0.79161
ONDO,2025-07-07 18:00:00,0.77854
ONDO,2025-07-08 18:00:00,0.80396
ONDO,2025-07-09 18:00:00,0.82343
ONDO,2025-07-10 18:00:00,0.87141
ONDO,2025-07-11 18:00:00,0.91532
ONDO,2025-07-12 18:00:00,0.87511
ONDO,2025-07-13 18:00:00,0.91165
ONDO,2025-07-14 18:00:00,0.89318
ONDO,2025-07-15 18:00:00,0.92828
ONDO,2025-07-16 18:00:00,0.96589
ONDO,2025-07-17 18:00:00,1.0282
ONDO,2025-07-18 18:00:00,1.0177
ONDO,2025-07-19 18:00:00,1.0194
ONDO,2025-07-20 18:00:00,1.0701
ONDO,2025-07-21 18:00:00,1.0721
ONDO,2025-07-22 18:00:00,1.0671
ONDO,2025-07-23 18:00:00,1.0333
ONDO,2025-07-24 18:00:00,1.0703
ONDO,2025-07-25 18:00:00,1.0114
ONDO,2025-07-26 18:00:00,1.0548
ONDO,2025-07-27 18:00:00,1.0524
ONDO,2025-07-28 18:00:00,0.9973
ONDO,2025-07-29 18:00:00,0.96058
ONDO,2025-07-30 18:00:00,0.93555
ONDO,2025-07-31 18:00:00,0.95741
ONDO,2025-08-01 18:00:00,0.90059
ONDO,2025-08-02 18:00:00,0.85167
ONDO,2025-08-03 18:00:00,0.92223
ONDO,2025-08-04 18:00:00,0.94375
ONDO,2025-08-05 18:00:00,0.911
ONDO,2025-08-06 18:00:00,0.93873
ONDO,2025-08-07 18:00:00,0.98391
ONDO,2025-08-08 18:00:00,1.0245
ONDO,2025-08-09 18:00:00,1.0484
ONDO,2025-08-10 18:00:00,1.0327
ONDO,2025-08-11 18:00:00,1.0047
ONDO,2025-08-12 18:00:00,1.0487
ONDO,2025-08-13 18:00:00,1.0641
ONDO,2025-08-14 18:00:00,1.0002
ONDO,2025-08-15 18:00:00,0.96848
ONDO,2025-08-16 18:00:00,0.9965
ONDO,2025-08-17 18:00:00,1.014
ONDO,2025-08-18 18:00:00,0.9662
ONDO,2025-08-19 18:00:00,0.91166
ONDO,2025-08-20 18:00:00,0.93751
ONDO,2025-08-21 18:00:00,0.92601
ONDO,2025-08-22 18:00:00,1.0052
ONDO,2025-08-23 18:00:00,1.0034
ONDO,2025-08-24 18:00:00,1.021
ONDO,2025-08-25 18:00:00,0.91969
ONDO,2025-08-26 18:00:00,0.93328
ONDO,2025-08-27 18:00:00,0.94561
ONDO,2025-08-28 18:00:00,0.94006
ONDO,2025-08-29 18:00:00,0.89287
ONDO,2025-08-30 18:00:00,0.90401
ONDO,2025-08-31 18:00:00,0.91373
ONDO,2025-09-01 18:00:00,0.88431
ONDO,2025-09-02 18:00:00,0.93021
ONDO,2025-09-03 18:00:00,0.95849
ONDO,2025-09-04 18:00:00,0.90818
ONDO,2025-09-05 18:00:00,0.9158
ONDO,2025-09-06 18:00:00,0.90027
ONDO,2025-09-07 18:00:00,0.90217
ONDO,2025-09-08 18:00:00,0.93557
ONDO,2025-09-09 18:00:00,0.95348
ONDO,2025-09-10 18:00:00,1.0197
ONDO,2025-09-11 18:00:00,1.0356
ONDO,2025-09-12 18:00:00,1.1036
ONDO,2025-09-13 18:00:00,1.082
ONDO,2025-09-14 18:00:00,1.05
ONDO,2025-09-15 18:00:00,1.026
ONDO,2025-09-16 18:00:00,1.0237
ONDO,2025-09-17 18:00:00,1.008
ONDO,2025-09-18 18:00:00,1.0923
ONDO,2025-09-19 18:00:00,1.0203
ONDO,2025-09-20 18:00:00,1.0158
ONDO,2025-09-21 18:00:00,1.0042
ONDO,2025-09-22 18:00:00,0.92159
ONDO,2025-09-23 18:00:00,0.92268
ONDO,2025-09-24 18:00:00,0.935
ONDO,2025-09-25 18:00:00,0.8855
ONDO,2025-09-26 18:00:00,0.90057
ONDO,2025-09-27 18:00:00,0.88194
ONDO,2025-09-28 18:00:00,0.8882
ONDO,2025-09-29 18:00:00,0.88759
ONDO,2025-09-30 18:00:00,0.87061
ONDO,2025-10-01 18:00:00,0.9283
ONDO,2025-10-02 18:00:00,0.96313
ONDO,2025-10-03 18:00:00,0.95744
ONDO,2025-10-04 18:00:00,0.91211
ONDO,2025-10-05 18:00:00,0.92294
ONDO,2025-10-06 18:00:00,0.97479
ONDO,2025-10-07 18:00:00,0.9055
ONDO,2025-10-08 18:00:00,0.92874
ONDO,2025-10-09 18:00:00,0.87714
ONDO,2025-10-10 18:00:00,0.833
ONDO,2025-10-11 18:00:00,0.74551
ONDO,2025-10-12 18:00:00,0.80991
ONDO,2025-10-13 18:00:00,0.82053
ONDO,2025-10-14 18:00:00,0.79812
ONDO,2025-10-15 18:00:00,0.77019
ONDO,2025-10-16 18:00:00,0.73874
ONDO,2025-10-17 18:00:00,0.6998
ONDO,2025-10-18 18:00:00,0.71037
ONDO,2025-10-19 18:00:00,0.74641
ONDO,2025-10-20 18:00:00,0.75035
ONDO,2025-10-21 18:00:00,0.76241
ONDO,2025-10-22 18:00:00,0.7068
ONDO,2025-10-23 18:00:00,0.7237
ONDO,2025-10-24 18:00:00,0.73524
ONDO,2025-10-25 18:00:00,0.73812
ONDO,2025-10-26 18:00:00,0.75292
ONDO,2025-10-27 18:00:00,0.7603
ONDO,2025-10-28 18:00:00,0.74417
ONDO,2025-10-29 18:00:00,0.73573
ONDO,2025-10-30 18:00:00,0.66885
ONDO,2025-10-31 18:00:00,0.6835
ONDO,2025-11-01 18:00:00,0.69855
ONDO,2025-11-02 18:00:00,0.68462
ONDO,2025-11-03 18:00:00,0.61987
ONDO,2025-11-04 18:00:00,0.58595
ONDO,2025-11-05 18:00:00,0.61895
ONDO,2025-11-06 18:00:00,0.59005
ONDO,2025-11-07 18:00:00,0.67814
ONDO,2025-11-08 18:00:00,0.65534
ONDO,2025-11-09 18:00:00,0.67058
ONDO,2025-11-10 18:00:00,0.67634
ONDO,2025-11-11 18:00:00,0.66156
ONDO,2025-11-12 18:00:00,0.63684
ONDO,2025-11-13 18:00:00,0.60364
OP,2025-06-05 18:00:00,0.62393
OP,2025-06-06 18:00:00,0.58818
OP,2025-06-07 18:00:00,0.62469
OP,2025-06-08 18:00:00,0.61559
OP,2025-06-09 18:00:00,0.62919
OP,2025-06-10 18:00:00,0.71197
OP,2025-06-11 18:00:00,0.7143
OP,2025-06-12 18:00:00,0.6659
OP,2025-06-13 18:00:00,0.56498
OP,2025-06-14 18:00:00,0.59069
OP,2025-06-15 18:00:00,0.5874
OP,2025-06-16 18:00:00,0.6108
OP,2025-06-17 18:00:00,0.56053
OP,2025-06-18 18:00:00,0.54558
OP,2025-06-19 18:00:00,0.56068
OP,2025-06-20 18:00:00,0.55132
OP,2025-06-21 18:00:00,0.52447
OP,2025-06-22 18:00:00,0.47277
OP,2025-06-23 18:00:00,0.51965
OP,2025-06-24 18:00:00,0.55752
OP,2025-06-25 18:00:00,0.5426
OP,2025-06-26 18:00:00,0.52815
OP,2025-06-27 18:00:00,0.52378
OP,2025-06-28 18:00:00,0.54908
OP,2025-06-29 18:00:00,0.56515
OP,2025-06-30 18:00:00,0.56487
OP,2025-07-01 18:00:00,0.53381
OP,2025-07-02 18:00:00,0.56892
OP,2025-07-03 18:00:00,0.5719
OP,2025-07-04 18:00:00,0.52896
OP,2025-07-05 18:00:00,0.51903
OP,2025-07-06 18:00:00,0.53832
OP,2025-07-07 18:00:00,0.54217
OP,2025-07-08 18:00:00,0.55149
OP,2025-07-09 18:00:00,0.56394
OP,2025-07-10 18:00:00,0.6161
OP,2025-07-11 18:00:00,0.69168
OP,2025-07-12 18:00:00,0.64419
OP,2025-07-13 18:00:00,0.66505
OP,2025-07-14 18:00:00,0.65468
OP,2025-07-15 18:00:00,0.68054
OP,2025-07-16 18:00:00,0.72133
OP,2025-07-17 18:00:00,0.71256
OP,2025-07-18 18:00:00,0.75918
OP,2025-07-19 18:00:00,0.73976
OP,2025-07-20 18:00:00,0.79601
OP,2025-07-21 18:00:00,0.78321
OP,2025-07-22 18:00:00,0.78985
OP,2025-07-23 18:00:00,0.71053
OP,2025-07-24 18:00:00,0.7134
OP,2025-07-25 18:00:00,0.69113
OP,2025-07-26 18:00:00,0.72835
OP,2025-07-27 18:00:00,0.73273
OP,2025-07-28 18:00:00,0.7872
OP,2025-07-29 18:00:00,0.72461
OP,2025-07-30 18:00:00,0.6951
OP,2025-07-31 18:00:00,0.69088
OP,2025-08-01 18:00:00,0.6477
OP,2025-08-02 18:00:00,0.61828
OP,2025-08-03 18:00:00,0.65184
OP,2025-08-04 18:00:00,0.70346
OP,2025-08-05 18:00:00,0.66441
OP,2025-08-06 18:00:00,0.66771
OP,2025-08-07 18:00:00,0.69535
OP,2025-08-08 18:00:00,0.7579
OP,2025-08-09 18:00:00,0.80027
OP,2025-08-10 18:00:00,0.78175
OP,2025-08-11 18:00:00,0.77039
OP,2025-08-12 18:00:00,0.78475
OP,2025-08-13 18:00:00,0.83088
OP,2025-08-14 18:00:00,0.75775
OP,2025-08-15 18:00:00,0.71655
OP,2025-08-16 18:00:00,0.73293
OP,2025-08-17 18:00:00,0.76214
OP,2025-08-18 18:00:00,0.7318
OP,2025-08-19 18:00:00,0.68833
OP,2025-08-20 18:00:00,0.72125
OP,2025-08-21 18:00:00,0.71467
OP,2025-08-22 18:00:00,0.79095
OP,2025-08-23 18:00:00,0.80532
OP,2025-08-24 18:00:00,0.81133
OP,2025-08-25 18:00:00,0.71787
OP,2025-08-26 18:00:00,0.70155
OP,2025-08-27 18:00:00,0.70601
OP,2025-08-28 18:00:00,0.71646
OP,2025-08-29 18:00:00,0.67552
OP,2025-08-30 18:00:00,0.69872
OP,2025-08-31 18:00:00,0.70779
OP,2025-09-01 18:00:00,0.68161
OP,2025-09-02 18:00:00,0.69492
OP,2025-09-03 18:00:00,0.72319
OP,2025-09-04 18:00:00,0.68533
OP,2025-09-05 18:00:00,0.7135
OP,2025-09-06 18:00:00,0.7165
OP,2025-09-07 18:00:00,0.71278
OP,2025-09-08 18:00:00,0.75326
OP,2025-09-09 18:00:00,0.75485
OP,2025-09-10 18:00:00,0.77563
OP,2025-09-11 18:00:00,0.77749
OP,2025-09-12 18:00:00,0.80534
OP,2025-09-13 18:00:00,0.82062
OP,2025-09-14 18:00:00,0.78469
OP,2025-09-15 18:00:00,0.73941
OP,2025-09-16 18:00:00,0.77371
OP,2025-09-17 18:00:00,0.76692
OP,2025-09-18 18:00:00,0.83712
OP,2025-09-19 18:00:00,0.7946
OP,2025-09-20 18:00:00,0.80612
OP,2025-09-21 18:00:00,0.788
OP,2025-09-22 18:00:00,0.69442
OP,2025-09-23 18:00:00,0.69081
OP,2025-09-24 18:00:00,0.69087
OP,2025-09-25 18:00:00,0.65547
OP,2025-09-26 18:00:00,0.66554
OP,2025-09-27 18:00:00,0.66739
OP,2025-09-28 18:00:00,0.67094
OP,2025-09-29 18:00:00,0.66496
OP,2025-09-30 18:00:00,0.65821
OP,2025-10-01 18:00:00,0.70196
OP,2025-10-02 18:00:00,0.74161
OP,2025-10-03 18:00:00,0.74731
OP,2025-10-04 18:00:00,0.72018
OP,2025-10-05 18:00:00,0.72386
OP,2025-10-06 18:00:00,0.76262
OP,2025-10-07 18:00:00,0.70954
OP,2025-10-08 18:00:00,0.73673
OP,2025-10-09 18:00:00,0.69331
OP,2025-10-10 18:00:00,0.67665
OP,2025-10-11 18:00:00,0.4792
OP,2025-10-12 18:00:00,0.48483
OP,2025-10-13 18:00:00,0.49217
OP,2025-10-14 18:00:00,0.48365
OP,2025-10-15 18:00:00,0.4633
OP,2025-10-16 18:00:00,0.43757
OP,2025-10-17 18:00:00,0.42028
OP,2025-10-18 18:00:00,0.42441
OP,2025-10-19 18:00:00,0.44051
OP,2025-10-20 18:00:00,0.44587
OP,2025-10-21 18:00:00,0.45914
OP,2025-10-22 18:00:00,0.42289
OP,2025-10-23 18:00:00,0.43467
OP,2025-10-24 18:00:00,0.441
OP,2025-10-25 18:00:00,0.44933
OP,2025-10-26 18:00:00,0.4604
OP,2025-10-27 18:00:00,0.46337
OP,2025-10-28 18:00:00,0.45014
OP,2025-10-29 18:00:00,0.44234
OP,2025-10-30 18:00:00,0.39082
OP,2025-10-31 18:00:00,0.39422
OP,2025-11-01 18:00:00,0.41517
OP,2025-11-02 18:00:00,0.40996
OP,2025-11-03 18:00:00,0.35814
OP,2025-11-04 18:00:00,0.33966
OP,2025-11-05 18:00:00,0.37247
OP,2025-11-06 18:00:00,0.36268
OP,2025-11-07 18:00:00,0.43029
OP,2025-11-08 18:00:00,0.41934
OP,2025-11-09 18:00:00,0.43174
OP,2025-11-10 18:00:00,0.43084
OP,2025-11-11 18:00:00,0.41742
OP,2025-11-12 18:00:00,0.39754
OP,2025-11-13 18:00:00,0.38732
ORDI,2025-06-05 18:00:00,8.4652
ORDI,2025-06-06 18:00:00,8.0141
ORDI,2025-06-07 18:00:00,8.4651
ORDI,2025-06-08 18:00:00,8.4668
ORDI,2025-06-09 18:00:00,8.858
ORDI,2025-06-10 18:00:00,9.482
ORDI,2025-06-11 18:00:00,9.4505
ORDI,2025-06-12 18:00:00,8.4967
ORDI,2025-06-13 18:00:00,7.7294
ORDI,2025-06-14 18:00:00,7.898
ORDI,2025-06-15 18:00:00,7.8568
ORDI,2025-06-16 18:00:00,8.3982
ORDI,2025-06-17 18:00:00,7.6151
ORDI,2025-06-18 18:00:00,7.3956
ORDI,2025-06-19 18:00:00,7.505
ORDI,2025-06-20 18:00:00,7.3217
ORDI,2025-06-21 18:00:00,6.8056
ORDI,2025-06-22 18:00:00,6.3657
ORDI,2025-06-23 18:00:00,6.9496
ORDI,2025-06-24 18:00:00,7.4019
ORDI,2025-06-25 18:00:00,7.1167
ORDI,2025-06-26 18:00:00,6.8861
ORDI,2025-06-27 18:00:00,6.9125
ORDI,2025-06-28 18:00:00,7.1962
ORDI,2025-06-29 18:00:00,7.371
ORDI,2025-06-30 18:00:00,7.4639
ORDI,2025-07-01 18:00:00,7.0598
ORDI,2025-07-02 18:00:00,7.9636
ORDI,2025-07-03 18:00:00,7.9594
ORDI,2025-07-04 18:00:00,7.3491
ORDI,2025-07-05 18:00:00,7.2335
ORDI,2025-07-06 18:00:00,7.5353
ORDI,2025-07-07 18:00:00,7.4968
ORDI,2025-07-08 18:00:00,7.7202
ORDI,2025-07-09 18:00:00,7.8579
ORDI,2025-07-10 18:00:00,9.1151
ORDI,2025-07-11 18:00:00,10.169
ORDI,2025-07-12 18:00:00,9.2582
ORDI,2025-07-13 18:00:00,9.5376
ORDI,2025-07-14 18:00:00,9.2339
ORDI,2025-07-15 18:00:00,9.6344
ORDI,2025-07-16 18:00:00,10.175
ORDI,2025-07-17 18:00:00,10.261
ORDI,2025-07-18 18:00:00,10.428
ORDI,2025-07-19 18:00:00,10.269
ORDI,2025-07-20 18:00:00,11.46
ORDI,2025-07-21 18:00:00,11.27
ORDI,2025-07-22 18:00:00,11.07
ORDI,2025-07-23 18:00:00,10.348
ORDI,2025-07-24 18:00:00,9.998
ORDI,2025-07-25 18:00:00,9.73
ORDI,2025-07-26 18:00:00,10.281
ORDI,2025-07-27 18:00:00,11.169
ORDI,2025-07-28 18:00:00,11.063
ORDI,2025-07-29 18:00:00,10.19
ORDI,2025-07-30 18:00:00,9.635
ORDI,2025-07-31 18:00:00,9.6062
ORDI,2025-08-01 18:00:00,8.8314
ORDI,2025-08-02 18:00:00,8.3187
ORDI,2025-08-03 18:00:00,8.8153
ORDI,2025-08-04 18:00:00,9.2103
ORDI,2025-08-05 18:00:00,8.8378
ORDI,2025-08-06 18:00:00,9.1928
ORDI,2025-08-07 18:00:00,9.5406
ORDI,2025-08-08 18:00:00,9.9242
ORDI,2025-08-09 18:00:00,10.559
ORDI,2025-08-10 18:00:00,10.398
ORDI,2025-08-11 18:00:00,10.011
ORDI,2025-08-12 18:00:00,10.164
ORDI,2025-08-13 18:00:00,10.426
ORDI,2025-08-14 18:00:00,9.0572
ORDI,2025-08-15 18:00:00,8.7342
ORDI,2025-08-16 18:00:00,9.2438
ORDI,2025-08-17 18:00:00,9.2936
ORDI,2025-08-18 18:00:00,9.0181
ORDI,2025-08-19 18:00:00,8.5651
ORDI,2025-08-20 18:00:00,8.9341
ORDI,2025-08-21 18:00:00,8.7916
ORDI,2025-08-22 18:00:00,9.7423
ORDI,2025-08-23 18:00:00,9.9725
ORDI,2025-08-24 18:00:00,9.9825
ORDI,2025-08-25 18:00:00,8.6834
ORDI,2025-08-26 18:00:00,8.5932
ORDI,2025-08-27 18:00:00,8.7456
ORDI,2025-08-28 18:00:00,8.9032
ORDI,2025-08-29 18:00:00,8.3538
ORDI,2025-08-30 18:00:00,8.7732
ORDI,2025-08-31 18:00:00,8.8842
ORDI,2025-09-01 18:00:00,8.417
ORDI,2025-09-02 18:00:00,8.509
ORDI,2025-09-03 18:00:00,8.826
ORDI,2025-09-04 18:00:00,8.5067
ORDI,2025-09-05 18:00:00,8.8697
ORDI,2025-09-06 18:00:00,8.9273
ORDI,2025-09-07 18:00:00,9.1124
ORDI,2025-09-08 18:00:00,9.3159
ORDI,2025-09-09 18:00:00,9.1976
ORDI,2025-09-10 18:00:00,9.4854
ORDI,2025-09-11 18:00:00,9.5473
ORDI,2025-09-12 18:00:00,10.227
ORDI,2025-09-13 18:00:00,10.428
ORDI,2025-09-14 18:00:00,9.9755
ORDI,2025-09-15 18:00:00,9.3813
ORDI,2025-09-16 18:00:00,9.8
ORDI,2025-09-17 18:00:00,9.7964
ORDI,2025-09-18 18:00:00,10.58
ORDI,2025-09-19 18:00:00,9.9035
ORDI,2025-09-20 18:00:00,10.064
ORDI,2025-09-21 18:00:00,10.048
ORDI,2025-09-22 18:00:00,8.3747
ORDI,2025-09-23 18:00:00,8.4437
ORDI,2025-09-24 18:00:00,8.441
ORDI,2025-09-25 18:00:00,7.85
ORDI,2025-09-26 18:00:00,8.2611
ORDI,2025-09-27 18:00:00,8.2443
ORDI,2025-09-28 18:00:00,8.0452
ORDI,2025-09-29 18:00:00,7.8969
ORDI,2025-09-30 18:00:00,7.804
ORDI,2025-10-01 18:00:00,8.1827
ORDI,2025-10-02 18:00:00,8.6102
ORDI,2025-10-03 18:00:00,8.77
ORDI,2025-10-04 18:00:00,8.276
ORDI,2025-10-05 18:00:00,8.2954
ORDI,2025-10-06 18:00:00,8.8783
ORDI,2025-10-07 18:00:00,8.0263
ORDI,2025-10-08 18:00:00,8.3724
ORDI,2025-10-09 18:00:00,7.7581
ORDI,2025-10-10 18:00:00,7.379
ORDI,2025-10-11 18:00:00,5.065
ORDI,2025-10-12 18:00:00,5.535
ORDI,2025-10-13 18:00:00,5.8235
ORDI,2025-10-14 18:00:00,5.6165
ORDI,2025-10-15 18:00:00,5.4566
ORDI,2025-10-16 18:00:00,5.2011
ORDI,2025-10-17 18:00:00,4.9521
ORDI,2025-10-18 18:00:00,5.0269
ORDI,2025-10-19 18:00:00,5.2362
ORDI,2025-10-20 18:00:00,5.3085
ORDI,2025-10-21 18:00:00,5.4006
ORDI,2025-10-22 18:00:00,4.9949
ORDI,2025-10-23 18:00:00,5.1756
ORDI,2025-10-24 18:00:00,5.1725
ORDI,2025-10-25 18:00:00,5.2869
ORDI,2025-10-26 18:00:00,5.4237
ORDI,2025-10-27 18:00:00,5.4633
ORDI,2025-10-28 18:00:00,5.267
ORDI,2025-10-29 18:00:00,5.2018
ORDI,2025-10-30 18:00:00,4.4767
ORDI,2025-10-31 18:00:00,4.6018
ORDI,2025-11-01 18:00:00,4.955
ORDI,2025-11-02 18:00:00,4.7203
ORDI,2025-11-03 18:00:00,4.0919
ORDI,2025-11-04 18:00:00,3.9684
ORDI,2025-11-05 18:00:00,4.1688
ORDI,2025-11-06 18:00:00,4.0411
ORDI,2025-11-07 18:00:00,4.9674
ORDI,2025-11-08 18:00:00,5.3392
ORDI,2025-11-09 18:00:00,5.2065
ORDI,2025-11-10 18:00:00,5.0982
ORDI,2025-11-11 18:00:00,5.0186
ORDI,2025-11-12 18:00:00,4.7387
ORDI,2025-11-13 18:00:00,4.5862
PAXG,2025-06-05 18:00:00,3373.0
PAXG,2025-06-06 18:00:00,3340.8
PAXG,2025-06-07 18:00:00,3334.0
PAXG,2025-06-08 18:00:00,3339.3
PAXG,2025-06-09 18:00:00,3353.1
PAXG,2025-06-10 18:00:00,3335.8
PAXG,2025-06-11 18:00:00,3359.5
PAXG,2025-06-12 18:00:00,3400.9
PAXG,2025-06-13 18:00:00,3462.5
PAXG,2025-06-14 18:00:00,3481.2
PAXG,2025-06-15 18:00:00,3476.8
PAXG,2025-06-16 18:00:00,3405.2
PAXG,2025-06-17 18:00:00,3403.6
PAXG,2025-06-18 18:00:00,3399.1
PAXG,2025-06-19 18:00:00,3394.2
PAXG,2025-06-20 18:00:00,3383.5
PAXG,2025-06-21 18:00:00,3398.7
PAXG,2025-06-22 18:00:00,3445.1
PAXG,2025-06-23 18:00:00,3394.3
PAXG,2025-06-24 18:00:00,3338.0
PAXG,2025-06-25 18:00:00,3342.0
PAXG,2025-06-26 18:00:00,3345.9
PAXG,2025-06-27 18:00:00,3291.7
PAXG,2025-06-28 18:00:00,3291.9
PAXG,2025-06-29 18:00:00,3283.0
PAXG,2025-06-30 18:00:00,3305.9
PAXG,2025-07-01 18:00:00,3343.0
PAXG,2025-07-02 18:00:00,3356.6
PAXG,2025-07-03 18:00:00,3334.4
PAXG,2025-07-04 18:00:00,3344.6
PAXG,2025-07-05 18:00:00,3343.6
PAXG,2025-07-06 18:00:00,3345.0
PAXG,2025-07-07 18:00:00,3339.4
PAXG,2025-07-08 18:00:00,3310.0
PAXG,2025-07-09 18:00:00,3317.6
PAXG,2025-07-10 18:00:00,3320.9
PAXG,2025-07-11 18:00:00,3352.1
PAXG,2025-07-12 18:00:00,3348.9
PAXG,2025-07-13 18:00:00,3351.1
PAXG,2025-07-14 18:00:00,3355.5
PAXG,2025-07-15 18:00:00,3338.2
PAXG,2025-07-16 18:00:00,3357.2
PAXG,2025-07-17 18:00:00,3345.9
PAXG,2025-07-18 18:00:00,3357.2
PAXG,2025-07-19 18:00:00,3359.6
PAXG,2025-07-20 18:00:00,3355.9
PAXG,2025-07-21 18:00:00,3398.4
PAXG,2025-07-22 18:00:00,3430.1
PAXG,2025-07-23 18:00:00,3398.9
PAXG,2025-07-24 18:00:00,3378.4
PAXG,2025-07-25 18:00:00,3349.6
PAXG,2025-07-26 18:00:00,3352.3
PAXG,2025-07-27 18:00:00,3349.6
PAXG,2025-07-28 18:00:00,3321.7
PAXG,2025-07-29 18:00:00,3332.8
PAXG,2025-07-30 18:00:00,3296.8
PAXG,2025-07-31 18:00:00,3302.8
PAXG,2025-08-01 18:00:00,3346.1
PAXG,2025-08-02 18:00:00,3357.1
PAXG,2025-08-03 18:00:00,3359.6
PAXG,2025-08-04 18:00:00,3376.0
PAXG,2025-08-05 18:00:00,3378.7
PAXG,2025-08-06 18:00:00,3373.1
PAXG,2025-08-07 18:00:00,3385.5
PAXG,2025-08-08 18:00:00,3385.1
PAXG,2025-08-09 18:00:00,3384.4
PAXG,2025-08-10 18:00:00,3387.0
PAXG,2025-08-11 18:00:00,3354.5
PAXG,2025-08-12 18:00:00,3343.4
PAXG,2025-08-13 18:00:00,3347.2
PAXG,2025-08-14 18:00:00,3333.3
PAXG,2025-08-15 18:00:00,3330.6
PAXG,2025-08-16 18:00:00,3328.1
PAXG,2025-08-17 18:00:00,3328.1
PAXG,2025-08-18 18:00:00,3328.5
PAXG,2025-08-19 18:00:00,3313.7
PAXG,2025-08-20 18:00:00,3333.7
PAXG,2025-08-21 18:00:00,3330.8
PAXG,2025-08-22 18:00:00,3358.5
PAXG,2025-08-23 18:00:00,3357.5
PAXG,2025-08-24 18:00:00,3359.7
PAXG,2025-08-25 18:00:00,3358.8
PAXG,2025-08-26 18:00:00,3372.2
PAXG,2025-08-27 18:00:00,3384.3
PAXG,2025-08-28 18:00:00,3420.6
PAXG,2025-08-29 18:00:00,3451.2
PAXG,2025-08-30 18:00:00,3461.8
PAXG,2025-08-31 18:00:00,3466.1
PAXG,2025-09-01 18:00:00,3493.1
PAXG,2025-09-02 18:00:00,3544.2
PAXG,2025-09-03 18:00:00,3583.5
PAXG,2025-09-04 18:00:00,3552.8
PAXG,2025-09-05 18:00:00,3598.9
PAXG,2025-09-06 18:00:00,3622.3
PAXG,2025-09-07 18:00:00,3618.1
PAXG,2025-09-08 18:00:00,3643.4
PAXG,2025-09-09 18:00:00,3653.2
PAXG,2025-09-10 18:00:00,3644.6
PAXG,2025-09-11 18:00:00,3634.5
PAXG,2025-09-12 18:00:00,3647.6
PAXG,2025-09-13 18:00:00,3644.4
PAXG,2025-09-14 18:00:00,3652.6
PAXG,2025-09-15 18:00:00,3685.1
PAXG,2025-09-16 18:00:00,3699.0
PAXG,2025-09-17 18:00:00,3663.6
PAXG,2025-09-18 18:00:00,3645.8
PAXG,2025-09-19 18:00:00,3688.0
PAXG,2025-09-20 18:00:00,3691.1
PAXG,2025-09-21 18:00:00,3692.6
PAXG,2025-09-22 18:00:00,3758.5
PAXG,2025-09-23 18:00:00,3765.2
PAXG,2025-09-24 18:00:00,3731.1
PAXG,2025-09-25 18:00:00,3764.0
PAXG,2025-09-26 18:00:00,3786.7
PAXG,2025-09-27 18:00:00,3780.8
PAXG,2025-09-28 18:00:00,3773.3
PAXG,2025-09-29 18:00:00,3837.0
PAXG,2025-09-30 18:00:00,3857.4
PAXG,2025-10-01 18:00:00,3866.3
PAXG,2025-10-02 18:00:00,3859.7
PAXG,2025-10-03 18:00:00,3884.8
PAXG,2025-10-04 18:00:00,3897.4
PAXG,2025-10-05 18:00:00,3890.8
PAXG,2025-10-06 18:00:00,3971.2
PAXG,2025-10-07 18:00:00,3996.6
PAXG,2025-10-08 18:00:00,4058.9
PAXG,2025-10-09 18:00:00,3975.9
PAXG,2025-10-10 18:00:00,4012.9
PAXG,2025-10-11 18:00:00,3985.1
PAXG,2025-10-12 18:00:00,4004.2
PAXG,2025-10-13 18:00:00,4112.9
PAXG,2025-10-14 18:00:00,4163.2
PAXG,2025-10-15 18:00:00,4217.6
PAXG,2025-10-16 18:00:00,4311.6
PAXG,2025-10-17 18:00:00,4247.6
PAXG,2025-10-18 18:00:00,4260.5
PAXG,2025-10-19 18:00:00,4241.9
PAXG,2025-10-20 18:00:00,4367.1
PAXG,2025-10-21 18:00:00,4119.9
PAXG,2025-10-22 18:00:00,4079.8
PAXG,2025-10-23 18:00:00,4133.8
PAXG,2025-10-24 18:00:00,4102.4
PAXG,2025-10-25 18:00:00,4106.0
PAXG,2025-10-26 18:00:00,4097.3
PAXG,2025-10-27 18:00:00,3985.6
PAXG,2025-10-28 18:00:00,3959.9
PAXG,2025-10-29 18:00:00,3973.0
PAXG,2025-10-30 18:00:00,4009.9
PAXG,2025-10-31 18:00:00,3992.1
PAXG,2025-11-01 18:00:00,4010.0
PAXG,2025-11-02 18:00:00,3998.1
PAXG,2025-11-03 18:00:00,3999.8
PAXG,2025-11-04 18:00:00,3928.0
PAXG,2025-11-05 18:00:00,3979.1
PAXG,2025-11-06 18:00:00,3984.0
PAXG,2025-11-07 18:00:00,4003.1
PAXG,2025-11-08 18:00:00,3985.0
PAXG,2025-11-09 18:00:00,3990.7
PAXG,2025-11-10 18:00:00,4104.1
PAXG,2025-11-11 18:00:00,4098.8
PAXG,2025-11-12 18:00:00,4197.3
PAXG,2025-11-13 18:00:00,4143.8
PENDLE,2025-06-05 18:00:00,4.0098
PENDLE,2025-06-06 18:00:00,3.9887
PENDLE,2025-06-07 18:00:00,4.1179
PENDLE,2025-06-08 18:00:00,4.1104
PENDLE,2025-06-09 18:00:00,4.1993
PENDLE,2025-06-10 18:00:00,4.3957
PENDLE,2025-06-11 18:00:00,4.1448
PENDLE,2025-06-12 18:00:00,4.017
PENDLE,2025-06-13 18:00:00,3.7339
PENDLE,2025-06-14 18:00:00,3.7007
PENDLE,2025-06-15 18:00:00,3.6758
PENDLE,2025-06-16 18:00:00,4.074
PENDLE,2025-06-17 18:00:00,3.9049
PENDLE,2025-06-18 18:00:00,3.7193
PENDLE,2025-06-19 18:00:00,3.7966
PENDLE,2025-06-20 18:00:00,3.6921
PENDLE,2025-06-21 18:00:00,3.5099
PENDLE,2025-06-22 18:00:00,3.1801
PENDLE,2025-06-23 18:00:00,3.3376
PENDLE,2025-06-24 18:00:00,3.5092
PENDLE,2025-06-25 18:00:00,3.384
PENDLE,2025-06-26 18:00:00,3.3266
PENDLE,2025-06-27 18:00:00,3.352
PENDLE,2025-06-28 18:00:00,3.549
PENDLE,2025-06-29 18:00:00,3.5928
PENDLE,2025-06-30 18:00:00,3.4597
PENDLE,2025-07-01 18:00:00,3.3641
PENDLE,2025-07-02 18:00:00,3.5409
PENDLE,2025-07-03 18:00:00,3.5019
PENDLE,2025-07-04 18:00:00,3.2826
PENDLE,2025-07-05 18:00:00,3.2874
PENDLE,2025-07-06 18:00:00,3.3729
PENDLE,2025-07-07 18:00:00,3.3898
PENDLE,2025-07-08 18:00:00,3.4962
PENDLE,2025-07-09 18:00:00,3.7001
PENDLE,2025-07-10 18:00:00,3.9007
PENDLE,2025-07-11 18:00:00,4.079
PENDLE,2025-07-12 18:00:00,3.8468
PENDLE,2025-07-13 18:00:00,3.9746
PENDLE,2025-07-14 18:00:00,3.9326
PENDLE,2025-07-15 18:00:00,3.9942
PENDLE,2025-07-16 18:00:00,4.3167
PENDLE,2025-07-17 18:00:00,4.1797
PENDLE,2025-07-18 18:00:00,4.4262
PENDLE,2025-07-19 18:00:00,4.4427
PENDLE,2025-07-20 18:00:00,4.7525
PENDLE,2025-07-21 18:00:00,4.5719
PENDLE,2025-07-22 18:00:00,4.7946
PENDLE,2025-07-23 18:00:00,4.4375
PENDLE,2025-07-24 18:00:00,4.4711
PENDLE,2025-07-25 18:00:00,4.4632
PENDLE,2025-07-26 18:00:00,4.4272
PENDLE,2025-07-27 18:00:00,4.4571
PENDLE,2025-07-28 18:00:00,4.4284
PENDLE,2025-07-29 18:00:00,4.2936
PENDLE,2025-07-30 18:00:00,4.2709
PENDLE,2025-07-31 18:00:00,4.2854
PENDLE,2025-08-01 18:00:00,3.9547
PENDLE,2025-08-02 18:00:00,3.6769
PENDLE,2025-08-03 18:00:00,3.9454
PENDLE,2025-08-04 18:00:00,4.0475
PENDLE,2025-08-05 18:00:00,3.8355
PENDLE,2025-08-06 18:00:00,4.042
PENDLE,2025-08-07 18:00:00,4.4841
PENDLE,2025-08-08 18:00:00,5.4476
PENDLE,2025-08-09 18:00:00,5.6768
PENDLE,2025-08-10 18:00:00,5.5138
PENDLE,2025-08-11 18:00:00,5.4121
PENDLE,2025-08-12 18:00:00,5.6348
PENDLE,2025-08-13 18:00:00,5.5838
PENDLE,2025-08-14 18:00:00,5.4593
PENDLE,2025-08-15 18:00:00,5.2607
PENDLE,2025-08-16 18:00:00,5.3907
PENDLE,2025-08-17 18:00:00,5.6428
PENDLE,2025-08-18 18:00:00,5.4558
PENDLE,2025-08-19 18:00:00,5.1202
PENDLE,2025-08-20 18:00:00,5.3488
PENDLE,2025-08-21 18:00:00,5.4561
PENDLE,2025-08-22 18:00:00,5.7941
PENDLE,2025-08-23 18:00:00,6.0912
PENDLE,2025-08-24 18:00:00,6.1947
PENDLE,2025-08-25 18:00:00,5.3235
PENDLE,2025-08-26 18:00:00,5.1991
PENDLE,2025-08-27 18:00:00,5.1756
PENDLE,2025-08-28 18:00:00,4.9156
PENDLE,2025-08-29 18:00:00,4.6077
PENDLE,2025-08-30 18:00:00,4.7661
PENDLE,2025-08-31 18:00:00,4.7052
PENDLE,2025-09-01 18:00:00,4.4987
PENDLE,2025-09-02 18:00:00,4.5227
PENDLE,2025-09-03 18:00:00,4.7744
PENDLE,2025-09-04 18:00:00,4.4856
PENDLE,2025-09-05 18:00:00,4.7307
PENDLE,2025-09-06 18:00:00,4.6288
PENDLE,2025-09-07 18:00:00,4.6118
PENDLE,2025-09-08 18:00:00,4.8687
PENDLE,2025-09-09 18:00:00,4.6985
PENDLE,2025-09-10 18:00:00,4.8039
PENDLE,2025-09-11 18:00:00,5.0931
PENDLE,2025-09-12 18:00:00,5.2958
PENDLE,2025-09-13 18:00:00,5.1717
PENDLE,2025-09-14 18:00:00,5.0205
PENDLE,2025-09-15 18:00:00,4.8781
PENDLE,2025-09-16 18:00:00,4.9581
PENDLE,2025-09-17 18:00:00,4.9446
PENDLE,2025-09-18 18:00:00,5.324
PENDLE,2025-09-19 18:00:00,5.0221
PENDLE,2025-09-20 18:00:00,5.1001
PENDLE,2025-09-21 18:00:00,5.0599
PENDLE,2025-09-22 18:00:00,4.8168
PENDLE,2025-09-23 18:00:00,4.7193
PENDLE,2025-09-24 18:00:00,4.8011
PENDLE,2025-09-25 18:00:00,4.5113
PENDLE,2025-09-26 18:00:00,4.6831
PENDLE,2025-09-27 18:00:00,4.5829
PENDLE,2025-09-28 18:00:00,4.6997
PENDLE,2025-09-29 18:00:00,4.6838
PENDLE,2025-09-30 18:00:00,4.4632
PENDLE,2025-10-01 18:00:00,4.7785
PENDLE,2025-10-02 18:00:00,5.0379
PENDLE,2025-10-03 18:00:00,4.8502
PENDLE,2025-10-04 18:00:00,4.7254
PENDLE,2025-10-05 18:00:00,4.7151
PENDLE,2025-10-06 18:00:00,5.0401
PENDLE,2025-10-07 18:00:00,4.8073
PENDLE,2025-10-08 18:00:00,4.8406
PENDLE,2025-10-09 18:00:00,4.4485
PENDLE,2025-10-10 18:00:00,4.1931
PENDLE,2025-10-11 18:00:00,3.5898
PENDLE,2025-10-12 18:00:00,3.7139
PENDLE,2025-10-13 18:00:00,3.8178
PENDLE,2025-10-14 18:00:00,3.6827
PENDLE,2025-10-15 18:00:00,3.3611
PENDLE,2025-10-16 18:00:00,3.2966
PENDLE,2025-10-17 18:00:00,3.128
PENDLE,2025-10-18 18:00:00,3.2254
PENDLE,2025-10-19 18:00:00,3.2323
PENDLE,2025-10-20 18:00:00,3.1837
PENDLE,2025-10-21 18:00:00,3.2925
PENDLE,2025-10-22 18:00:00,3.0492
PENDLE,2025-10-23 18:00:00,3.1144
PENDLE,2025-10-24 18:00:00,3.1893
PENDLE,2025-10-25 18:00:00,3.216
PENDLE,2025-10-26 18:00:00,3.39
PENDLE,2025-10-27 18:00:00,3.3695
PENDLE,2025-10-28 18:00:00,3.2807
PENDLE,2025-10-29 18:00:00,3.2117
PENDLE,2025-10-30 18:00:00,2.9522
PENDLE,2025-10-31 18:00:00,3.0429
PENDLE,2025-11-01 18:00:00,3.1221
PENDLE,2025-11-02 18:00:00,3.0149
PENDLE,2025-11-03 18:00:00,2.7177
PENDLE,2025-11-04 18:00:00,2.6129
PENDLE,2025-11-05 18:00:00,2.7416
PENDLE,2025-11-06 18:00:00,2.6109
PENDLE,2025-11-07 18:00:00,2.8226
PENDLE,2025-11-08 18:00:00,2.758
PENDLE,2025-11-09 18:00:00,2.8005
PENDLE,2025-11-10 18:00:00,2.8186
PENDLE,2025-11-11 18:00:00,2.7478
PENDLE,2025-11-12 18:00:00,2.596
PENDLE,2025-11-13 18:00:00,2.4887
PENGU,2025-06-05 18:00:00,0.009628
PENGU,2025-06-06 18:00:00,0.009345
PENGU,2025-06-07 18:00:00,0.009959
PENGU,2025-06-08 18:00:00,0.010132
PENGU,2025-06-09 18:00:00,0.010704
PENGU,2025-06-10 18:00:00,0.011462
PENGU,2025-06-11 18:00:00,0.012123
PENGU,2025-06-12 18:00:00,0.01069
PENGU,2025-06-13 18:00:00,0.009632
PENGU,2025-06-14 18:00:00,0.009498
PENGU,2025-06-15 18:00:00,0.009868
PENGU,2025-06-16 18:00:00,0.010397
PENGU,2025-06-17 18:00:00,0.009391
PENGU,2025-06-18 18:00:00,0.009046
PENGU,2025-06-19 18:00:00,0.009307
PENGU,2025-06-20 18:00:00,0.009062
PENGU,2025-06-21 18:00:00,0.008695
PENGU,2025-06-22 18:00:00,0.007956
PENGU,2025-06-23 18:00:00,0.00887
PENGU,2025-06-24 18:00:00,0.009671
PENGU,2025-06-25 18:00:00,0.009586
PENGU,2025-06-26 18:00:00,0.009174
PENGU,2025-06-27 18:00:00,0.01031
PENGU,2025-06-28 18:00:00,0.013367
PENGU,2025-06-29 18:00:00,0.01446
PENGU,2025-06-30 18:00:00,0.014125
PENGU,2025-07-01 18:00:00,0.014349
PENGU,2025-07-02 18:00:00,0.015275
PENGU,2025-07-03 18:00:00,0.015359
PENGU,2025-07-04 18:00:00,0.01593
PENGU,2025-07-05 18:00:00,0.015394
PENGU,2025-07-06 18:00:00,0.015851
PENGU,2025-07-07 18:00:00,0.01465
PENGU,2025-07-08 18:00:00,0.015281
PENGU,2025-07-09 18:00:00,0.014795
PENGU,2025-07-10 18:00:00,0.019006
PENGU,2025-07-11 18:00:00,0.022963
PENGU,2025-07-12 18:00:00,0.022702
PENGU,2025-07-13 18:00:00,0.030538
PENGU,2025-07-14 18:00:00,0.02843
PENGU,2025-07-15 18:00:00,0.031706
PENGU,2025-07-16 18:00:00,0.033065
PENGU,2025-07-17 18:00:00,0.030519
PENGU,2025-07-18 18:00:00,0.030623
PENGU,2025-07-19 18:00:00,0.030039
PENGU,2025-07-20 18:00:00,0.030951
PENGU,2025-07-21 18:00:00,0.036269
PENGU,2025-07-22 18:00:00,0.044289
PENGU,2025-07-23 18:00:00,0.041363
PENGU,2025-07-24 18:00:00,0.039752
PENGU,2025-07-25 18:00:00,0.037256
PENGU,2025-07-26 18:00:00,0.041932
PENGU,2025-07-27 18:00:00,0.044973
PENGU,2025-07-28 18:00:00,0.041006
PENGU,2025-07-29 18:00:00,0.037877
PENGU,2025-07-30 18:00:00,0.036318
PENGU,2025-07-31 18:00:00,0.035851
PENGU,2025-08-01 18:00:00,0.033176
PENGU,2025-08-02 18:00:00,0.031494
PENGU,2025-08-03 18:00:00,0.034636
PENGU,2025-08-04 18:00:00,0.03485
PENGU,2025-08-05 18:00:00,0.033658
PENGU,2025-08-06 18:00:00,0.035354
PENGU,2025-08-07 18:00:00,0.035749
PENGU,2025-08-08 18:00:00,0.037482
PENGU,2025-08-09 18:00:00,0.038665
PENGU,2025-08-10 18:00:00,0.040035
PENGU,2025-08-11 18:00:00,0.037373
PENGU,2025-08-12 18:00:00,0.036838
PENGU,2025-08-13 18:00:00,0.037017
PENGU,2025-08-14 18:00:00,0.032867
PENGU,2025-08-15 18:00:00,0.031617
PENGU,2025-08-16 18:00:00,0.032841
PENGU,2025-08-17 18:00:00,0.032947
PENGU,2025-08-18 18:00:00,0.031612
PENGU,2025-08-19 18:00:00,0.029948
PENGU,2025-08-20 18:00:00,0.030588
PENGU,2025-08-21 18:00:00,0.030718
PENGU,2025-08-22 18:00:00,0.033814
PENGU,2025-08-23 18:00:00,0.035837
PENGU,2025-08-24 18:00:00,0.035576
PENGU,2025-08-25 18:00:00,0.030928
PENGU,2025-08-26 18:00:00,0.030842
PENGU,2025-08-27 18:00:00,0.030358
PENGU,2025-08-28 18:00:00,0.030015
PENGU,2025-08-29 18:00:00,0.028467
PENGU,2025-08-30 18:00:00,0.029881
PENGU,2025-08-31 18:00:00,0.030061
PENGU,2025-09-01 18:00:00,0.028973
PENGU,2025-09-02 18:00:00,0.029432
PENGU,2025-09-03 18:00:00,0.030945
PENGU,2025-09-04 18:00:00,0.028465
PENGU,2025-09-05 18:00:00,0.02908
PENGU,2025-09-06 18:00:00,0.02864
PENGU,2025-09-07 18:00:00,0.028731
PENGU,2025-09-08 18:00:00,0.034368
PENGU,2025-09-09 18:00:00,0.033404
PENGU,2025-09-10 18:00:00,0.035412
PENGU,2025-09-11 18:00:00,0.033579
PENGU,2025-09-12 18:00:00,0.036412
PENGU,2025-09-13 18:00:00,0.036536
PENGU,2025-09-14 18:00:00,0.034682
PENGU,2025-09-15 18:00:00,0.032907
PENGU,2025-09-16 18:00:00,0.034388
PENGU,2025-09-17 18:00:00,0.033204
PENGU,2025-09-18 18:00:00,0.038577
PENGU,2025-09-19 18:00:00,0.035807
PENGU,2025-09-20 18:00:00,0.034764
PENGU,2025-09-21 18:00:00,0.034336
PENGU,2025-09-22 18:00:00,0.030137
PENGU,2025-09-23 18:00:00,0.029437
PENGU,2025-09-24 18:00:00,0.030094
PENGU,2025-09-25 18:00:00,0.027347
PENGU,2025-09-26 18:00:00,0.028457
PENGU,2025-09-27 18:00:00,0.02793
PENGU,2025-09-28 18:00:00,0.028344
PENGU,2025-09-29 18:00:00,0.027999
PENGU,2025-09-30 18:00:00,0.027254
PENGU,2025-10-01 18:00:00,0.031745
PENGU,2025-10-02 18:00:00,0.031754
PENGU,2025-10-03 18:00:00,0.031381
PENGU,2025-10-04 18:00:00,0.029674
PENGU,2025-10-05 18:00:00,0.031974
PENGU,2025-10-06 18:00:00,0.033409
PENGU,2025-10-07 18:00:00,0.030619
PENGU,2025-10-08 18:00:00,0.032778
PENGU,2025-10-09 18:00:00,0.030029
PENGU,2025-10-10 18:00:00,0.028297
PENGU,2025-10-11 18:00:00,0.022641
PENGU,2025-10-12 18:00:00,0.026023
PENGU,2025-10-13 18:00:00,0.026332
PENGU,2025-10-14 18:00:00,0.024865
PENGU,2025-10-15 18:00:00,0.023753
PENGU,2025-10-16 18:00:00,0.022424
PENGU,2025-10-17 18:00:00,0.020963
PENGU,2025-10-18 18:00:00,0.02128
PENGU,2025-10-19 18:00:00,0.022555
PENGU,2025-10-20 18:00:00,0.022401
PENGU,2025-10-21 18:00:00,0.022987
PENGU,2025-10-22 18:00:00,0.020583
PENGU,2025-10-23 18:00:00,0.020483
PENGU,2025-10-24 18:00:00,0.020659
PENGU,2025-10-25 18:00:00,0.021693
PENGU,2025-10-26 18:00:00,0.022018
PENGU,2025-10-27 18:00:00,0.022245
PENGU,2025-10-28 18:00:00,0.021395
PENGU,2025-10-29 18:00:00,0.02113
PENGU,2025-10-30 18:00:00,0.018078
PENGU,2025-10-31 18:00:00,0.017916
PENGU,2025-11-01 18:00:00,0.0183
PENGU,2025-11-02 18:00:00,0.017372
PENGU,2025-11-03 18:00:00,0.015676
PENGU,2025-11-04 18:00:00,0.014267
PENGU,2025-11-05 18:00:00,0.01539
PENGU,2025-11-06 18:00:00,0.014695
PENGU,2025-11-07 18:00:00,0.015718
PENGU,2025-11-08 18:00:00,0.014768
PENGU,2025-11-09 18:00:00,0.015252
PENGU,2025-11-10 18:00:00,0.015769
PENGU,2025-11-11 18:00:00,0.015108
PENGU,2025-11-12 18:00:00,0.014263
PENGU,2025-11-13 18:00:00,0.013343
PEOPLE,2025-06-05 18:00:00,0.020278
PEOPLE,2025-06-06 18:00:00,0.018864
PEOPLE,2025-06-07 18:00:00,0.020294
PEOPLE,2025-06-08 18:00:00,0.020449
PEOPLE,2025-06-09 18:00:00,0.021344
PEOPLE,2025-06-10 18:00:00,0.023705
PEOPLE,2025-06-11 18:00:00,0.02283
PEOPLE,2025-06-12 18:00:00,0.020697
PEOPLE,2025-06-13 18:00:00,0.018098
PEOPLE,2025-06-14 18:00:00,0.018478
PEOPLE,2025-06-15 18:00:00,0.018539
PEOPLE,2025-06-16 18:00:00,0.019817
PEOPLE,2025-06-17 18:00:00,0.018137
PEOPLE,2025-06-18 18:00:00,0.01762
PEOPLE,2025-06-19 18:00:00,0.017798
PEOPLE,2025-06-20 18:00:00,0.017413
PEOPLE,2025-06-21 18:00:00,0.016299
PEOPLE,2025-06-22 18:00:00,0.015331
PEOPLE,2025-06-23 18:00:00,0.016787
PEOPLE,2025-06-24 18:00:00,0.017852
PEOPLE,2025-06-25 18:00:00,0.017309
PEOPLE,2025-06-26 18:00:00,0.016339
PEOPLE,2025-06-27 18:00:00,0.016512
PEOPLE,2025-06-28 18:00:00,0.017276
PEOPLE,2025-06-29 18:00:00,0.017794
PEOPLE,2025-06-30 18:00:00,0.01813
PEOPLE,2025-07-01 18:00:00,0.017032
PEOPLE,2025-07-02 18:00:00,0.018811
PEOPLE,2025-07-03 18:00:00,0.01857
PEOPLE,2025-07-04 18:00:00,0.017333
PEOPLE,2025-07-05 18:00:00,0.017007
PEOPLE,2025-07-06 18:00:00,0.017919
PEOPLE,2025-07-07 18:00:00,0.01778
PEOPLE,2025-07-08 18:00:00,0.018426
PEOPLE,2025-07-09 18:00:00,0.018522
PEOPLE,2025-07-10 18:00:00,0.020824
PEOPLE,2025-07-11 18:00:00,0.022908
PEOPLE,2025-07-12 18:00:00,0.02095
PEOPLE,2025-07-13 18:00:00,0.021775
PEOPLE,2025-07-14 18:00:00,0.020667
PEOPLE,2025-07-15 18:00:00,0.021375
PEOPLE,2025-07-16 18:00:00,0.023641
PEOPLE,2025-07-17 18:00:00,0.022323
PEOPLE,2025-07-18 18:00:00,0.022635
PEOPLE,2025-07-19 18:00:00,0.022582
PEOPLE,2025-07-20 18:00:00,0.025229
PEOPLE,2025-07-21 18:00:00,0.024187
PEOPLE,2025-07-22 18:00:00,0.023092
PEOPLE,2025-07-23 18:00:00,0.021082
PEOPLE,2025-07-24 18:00:00,0.020365
PEOPLE,2025-07-25 18:00:00,0.0203
PEOPLE,2025-07-26 18:00:00,0.021128
PEOPLE,2025-07-27 18:00:00,0.022291
PEOPLE,2025-07-28 18:00:00,0.020907
PEOPLE,2025-07-29 18:00:00,0.02023
PEOPLE,2025-07-30 18:00:00,0.019569
PEOPLE,2025-07-31 18:00:00,0.019808
PEOPLE,2025-08-01 18:00:00,0.018116
PEOPLE,2025-08-02 18:00:00,0.017166
PEOPLE,2025-08-03 18:00:00,0.01822
PEOPLE,2025-08-04 18:00:00,0.018671
PEOPLE,2025-08-05 18:00:00,0.017379
PEOPLE,2025-08-06 18:00:00,0.018038
PEOPLE,2025-08-07 18:00:00,0.018485
PEOPLE,2025-08-08 18:00:00,0.019708
PEOPLE,2025-08-09 18:00:00,0.021048
PEOPLE,2025-08-10 18:00:00,0.020699
PEOPLE,2025-08-11 18:00:00,0.019669
PEOPLE,2025-08-12 18:00:00,0.020457
PEOPLE,2025-08-13 18:00:00,0.021707
PEOPLE,2025-08-14 18:00:00,0.019363
PEOPLE,2025-08-15 18:00:00,0.018162
PEOPLE,2025-08-16 18:00:00,0.019258
PEOPLE,2025-08-17 18:00:00,0.01969
PEOPLE,2025-08-18 18:00:00,0.019125
PEOPLE,2025-08-19 18:00:00,0.017956
PEOPLE,2025-08-20 18:00:00,0.019468
PEOPLE,2025-08-21 18:00:00,0.019337
PEOPLE,2025-08-22 18:00:00,0.020679
PEOPLE,2025-08-23 18:00:00,0.02166
PEOPLE,2025-08-24 18:00:00,0.021771
PEOPLE,2025-08-25 18:00:00,0.019035
PEOPLE,2025-08-26 18:00:00,0.018881
PEOPLE,2025-08-27 18:00:00,0.018994
PEOPLE,2025-08-28 18:00:00,0.019428
PEOPLE,2025-08-29 18:00:00,0.018139
PEOPLE,2025-08-30 18:00:00,0.018971
PEOPLE,2025-08-31 18:00:00,0.019177
PEOPLE,2025-09-01 18:00:00,0.018175
PEOPLE,2025-09-02 18:00:00,0.018198
PEOPLE,2025-09-03 18:00:00,0.018792
PEOPLE,2025-09-04 18:00:00,0.017691
PEOPLE,2025-09-05 18:00:00,0.018722
PEOPLE,2025-09-06 18:00:00,0.018821
PEOPLE,2025-09-07 18:00:00,0.01886
PEOPLE,2025-09-08 18:00:00,0.019597
PEOPLE,2025-09-09 18:00:00,0.01963
PEOPLE,2025-09-10 18:00:00,0.020032
PEOPLE,2025-09-11 18:00:00,0.019984
PEOPLE,2025-09-12 18:00:00,0.021723
PEOPLE,2025-09-13 18:00:00,0.02254
PEOPLE,2025-09-14 18:00:00,0.021536
PEOPLE,2025-09-15 18:00:00,0.020072
PEOPLE,2025-09-16 18:00:00,0.02069
PEOPLE,2025-09-17 18:00:00,0.020512
PEOPLE,2025-09-18 18:00:00,0.021631
PEOPLE,2025-09-19 18:00:00,0.02003
PEOPLE,2025-09-20 18:00:00,0.020219
PEOPLE,2025-09-21 18:00:00,0.020216
PEOPLE,2025-09-22 18:00:00,0.017183
PEOPLE,2025-09-23 18:00:00,0.017129
PEOPLE,2025-09-24 18:00:00,0.017103
PEOPLE,2025-09-25 18:00:00,0.016243
PEOPLE,2025-09-26 18:00:00,0.016711
PEOPLE,2025-09-27 18:00:00,0.01656
PEOPLE,2025-09-28 18:00:00,0.016563
PEOPLE,2025-09-29 18:00:00,0.016383
PEOPLE,2025-09-30 18:00:00,0.016165
PEOPLE,2025-10-01 18:00:00,0.01741
PEOPLE,2025-10-02 18:00:00,0.018017
PEOPLE,2025-10-03 18:00:00,0.018142
PEOPLE,2025-10-04 18:00:00,0.017354
PEOPLE,2025-10-05 18:00:00,0.017476
PEOPLE,2025-10-06 18:00:00,0.018407
PEOPLE,2025-10-07 18:00:00,0.016768
PEOPLE,2025-10-08 18:00:00,0.017904
PEOPLE,2025-10-09 18:00:00,0.016413
PEOPLE,2025-10-10 18:00:00,0.015157
PEOPLE,2025-10-11 18:00:00,0.011929
PEOPLE,2025-10-12 18:00:00,0.013208
PEOPLE,2025-10-13 18:00:00,0.013643
PEOPLE,2025-10-14 18:00:00,0.013305
PEOPLE,2025-10-15 18:00:00,0.012757
PEOPLE,2025-10-16 18:00:00,0.012195
PEOPLE,2025-10-17 18:00:00,0.011621
PEOPLE,2025-10-18 18:00:00,0.01211
PEOPLE,2025-10-19 18:00:00,0.012508
PEOPLE,2025-10-20 18:00:00,0.012607
PEOPLE,2025-10-21 18:00:00,0.012889
PEOPLE,2025-10-22 18:00:00,0.011914
PEOPLE,2025-10-23 18:00:00,0.012209
PEOPLE,2025-10-24 18:00:00,0.012346
PEOPLE,2025-10-25 18:00:00,0.012466
PEOPLE,2025-10-26 18:00:00,0.012867
PEOPLE,2025-10-27 18:00:00,0.012808
PEOPLE,2025-10-28 18:00:00,0.01235
PEOPLE,2025-10-29 18:00:00,0.012086
PEOPLE,2025-10-30 18:00:00,0.010555
PEOPLE,2025-10-31 18:00:00,0.010975
PEOPLE,2025-11-01 18:00:00,0.011758
PEOPLE,2025-11-02 18:00:00,0.01141
PEOPLE,2025-11-03 18:00:00,0.010042
PEOPLE,2025-11-04 18:00:00,0.00976
PEOPLE,2025-11-05 18:00:00,0.010213
PEOPLE,2025-11-06 18:00:00,0.009928
PEOPLE,2025-11-07 18:00:00,0.01426
PEOPLE,2025-11-08 18:00:00,0.012523
PEOPLE,2025-11-09 18:00:00,0.012646
PEOPLE,2025-11-10 18:00:00,0.012232
PEOPLE,2025-11-11 18:00:00,0.011822
PEOPLE,2025-11-12 18:00:00,0.011125
PEOPLE,2025-11-13 18:00:00,0.010931
PNUT,2025-06-05 18:00:00,0.24687
PNUT,2025-06-06 18:00:00,0.23868
PNUT,2025-06-07 18:00:00,0.26045
PNUT,2025-06-08 18:00:00,0.26448
PNUT,2025-06-09 18:00:00,0.27531
PNUT,2025-06-10 18:00:00,0.29045
PNUT,2025-06-11 18:00:00,0.28444
PNUT,2025-06-12 18:00:00,0.25121
PNUT,2025-06-13 18:00:00,0.22492
PNUT,2025-06-14 18:00:00,0.22319
PNUT,2025-06-15 18:00:00,0.22801
PNUT,2025-06-16 18:00:00,0.24489
PNUT,2025-06-17 18:00:00,0.22139
PNUT,2025-06-18 18:00:00,0.21617
PNUT,2025-06-19 18:00:00,0.22062
PNUT,2025-06-20 18:00:00,0.22524
PNUT,2025-06-21 18:00:00,0.20776
PNUT,2025-06-22 18:00:00,0.18727
PNUT,2025-06-23 18:00:00,0.2066
PNUT,2025-06-24 18:00:00,0.21708
PNUT,2025-06-25 18:00:00,0.20543
PNUT,2025-06-26 18:00:00,0.19575
PNUT,2025-06-27 18:00:00,0.19735
PNUT,2025-06-28 18:00:00,0.21994
PNUT,2025-06-29 18:00:00,0.22097
PNUT,2025-06-30 18:00:00,0.23519
PNUT,2025-07-01 18:00:00,0.21146
PNUT,2025-07-02 18:00:00,0.24528
PNUT,2025-07-03 18:00:00,0.23686
PNUT,2025-07-04 18:00:00,0.22044
PNUT,2025-07-05 18:00:00,0.21472
PNUT,2025-07-06 18:00:00,0.22303
PNUT,2025-07-07 18:00:00,0.2121
PNUT,2025-07-08 18:00:00,0.2364
PNUT,2025-07-09 18:00:00,0.22233
PNUT,2025-07-10 18:00:00,0.27528
PNUT,2025-07-11 18:00:00,0.28934
PNUT,2025-07-12 18:00:00,0.27239
PNUT,2025-07-13 18:00:00,0.28588
PNUT,2025-07-14 18:00:00,0.27178
PNUT,2025-07-15 18:00:00,0.27814
PNUT,2025-07-16 18:00:00,0.30743
PNUT,2025-07-17 18:00:00,0.28783
PNUT,2025-07-18 18:00:00,0.28103
PNUT,2025-07-19 18:00:00,0.27952
PNUT,2025-07-20 18:00:00,0.31501
PNUT,2025-07-21 18:00:00,0.30846
PNUT,2025-07-22 18:00:00,0.31688
PNUT,2025-07-23 18:00:00,0.30077
PNUT,2025-07-24 18:00:00,0.2746
PNUT,2025-07-25 18:00:00,0.26791
PNUT,2025-07-26 18:00:00,0.27728
PNUT,2025-07-27 18:00:00,0.28616
PNUT,2025-07-28 18:00:00,0.26667
PNUT,2025-07-29 18:00:00,0.24992
PNUT,2025-07-30 18:00:00,0.25228
PNUT,2025-07-31 18:00:00,0.24423
PNUT,2025-08-01 18:00:00,0.22787
PNUT,2025-08-02 18:00:00,0.21303
PNUT,2025-08-03 18:00:00,0.2245
PNUT,2025-08-04 18:00:00,0.22879
PNUT,2025-08-05 18:00:00,0.21697
PNUT,2025-08-06 18:00:00,0.22664
PNUT,2025-08-07 18:00:00,0.22908
PNUT,2025-08-08 18:00:00,0.23728
PNUT,2025-08-09 18:00:00,0.25946
PNUT,2025-08-10 18:00:00,0.25906
PNUT,2025-08-11 18:00:00,0.24687
PNUT,2025-08-12 18:00:00,0.25301
PNUT,2025-08-13 18:00:00,0.26138
PNUT,2025-08-14 18:00:00,0.22864
PNUT,2025-08-15 18:00:00,0.22106
PNUT,2025-08-16 18:00:00,0.22763
PNUT,2025-08-17 18:00:00,0.22981
PNUT,2025-08-18 18:00:00,0.22418
PNUT,2025-08-19 18:00:00,0.20977
PNUT,2025-08-20 18:00:00,0.21905
PNUT,2025-08-21 18:00:00,0.21598
PNUT,2025-08-22 18:00:00,0.23155
PNUT,2025-08-23 18:00:00,0.23592
PNUT,2025-08-24 18:00:00,0.2383
PNUT,2025-08-25 18:00:00,0.21097
PNUT,2025-08-26 18:00:00,0.21553
PNUT,2025-08-27 18:00:00,0.21295
PNUT,2025-08-28 18:00:00,0.21752
PNUT,2025-08-29 18:00:00,0.202
PNUT,2025-08-30 18:00:00,0.21425
PNUT,2025-08-31 18:00:00,0.21358
PNUT,2025-09-01 18:00:00,0.20019
PNUT,2025-09-02 18:00:00,0.20202
PNUT,2025-09-03 18:00:00,0.2086
PNUT,2025-09-04 18:00:00,0.19712
PNUT,2025-09-05 18:00:00,0.21055
PNUT,2025-09-06 18:00:00,0.20936
PNUT,2025-09-07 18:00:00,0.21362
PNUT,2025-09-08 18:00:00,0.23465
PNUT,2025-09-09 18:00:00,0.22745
PNUT,2025-09-10 18:00:00,0.2329
PNUT,2025-09-11 18:00:00,0.23421
PNUT,2025-09-12 18:00:00,0.26535
PNUT,2025-09-13 18:00:00,0.25957
PNUT,2025-09-14 18:00:00,0.25148
PNUT,2025-09-15 18:00:00,0.23557
PNUT,2025-09-16 18:00:00,0.24451
PNUT,2025-09-17 18:00:00,0.2427
PNUT,2025-09-18 18:00:00,0.25843
PNUT,2025-09-19 18:00:00,0.23901
PNUT,2025-09-20 18:00:00,0.23899
PNUT,2025-09-21 18:00:00,0.23631
PNUT,2025-09-22 18:00:00,0.2113
PNUT,2025-09-23 18:00:00,0.20906
PNUT,2025-09-24 18:00:00,0.21533
PNUT,2025-09-25 18:00:00,0.20426
PNUT,2025-09-26 18:00:00,0.20693
PNUT,2025-09-27 18:00:00,0.20286
PNUT,2025-09-28 18:00:00,0.20259
PNUT,2025-09-29 18:00:00,0.20055
PNUT,2025-09-30 18:00:00,0.19797
PNUT,2025-10-01 18:00:00,0.21478
PNUT,2025-10-02 18:00:00,0.2242
PNUT,2025-10-03 18:00:00,0.22415
PNUT,2025-10-04 18:00:00,0.21471
PNUT,2025-10-05 18:00:00,0.21736
PNUT,2025-10-06 18:00:00,0.22993
PNUT,2025-10-07 18:00:00,0.20977
PNUT,2025-10-08 18:00:00,0.21515
PNUT,2025-10-09 18:00:00,0.20001
PNUT,2025-10-10 18:00:00,0.18695
PNUT,2025-10-11 18:00:00,0.14145
PNUT,2025-10-12 18:00:00,0.15168
PNUT,2025-10-13 18:00:00,0.15832
PNUT,2025-10-14 18:00:00,0.15311
PNUT,2025-10-15 18:00:00,0.1447
PNUT,2025-10-16 18:00:00,0.13717
PNUT,2025-10-17 18:00:00,0.13253
PNUT,2025-10-18 18:00:00,0.13608
PNUT,2025-10-19 18:00:00,0.14069
PNUT,2025-10-20 18:00:00,0.14024
PNUT,2025-10-21 18:00:00,0.14279
PNUT,2025-10-22 18:00:00,0.13128
PNUT,2025-10-23 18:00:00,0.13522
PNUT,2025-10-24 18:00:00,0.13477
PNUT,2025-10-25 18:00:00,0.13821
PNUT,2025-10-26 18:00:00,0.14004
PNUT,2025-10-27 18:00:00,0.14493
PNUT,2025-10-28 18:00:00,0.13709
PNUT,2025-10-29 18:00:00,0.13584
PNUT,2025-10-30 18:00:00,0.11788
PNUT,2025-10-31 18:00:00,0.12456
PNUT,2025-11-01 18:00:00,0.13107
PNUT,2025-11-02 18:00:00,0.12536
PNUT,2025-11-03 18:00:00,0.11022
PNUT,2025-11-04 18:00:00,0.10505
PNUT,2025-11-05 18:00:00,0.11379
PNUT,2025-11-06 18:00:00,0.108
PNUT,2025-11-07 18:00:00,0.12371
PNUT,2025-11-08 18:00:00,0.1176
PNUT,2025-11-09 18:00:00,0.1209
PNUT,2025-11-10 18:00:00,0.12125
PNUT,2025-11-11 18:00:00,0.11586
PNUT,2025-11-12 18:00:00,0.10997
PNUT,2025-11-13 18:00:00,0.10358
POPCAT,2025-06-05 18:00:00,0.33061
POPCAT,2025-06-06 18:00:00,0.33602
POPCAT,2025-06-07 18:00:00,0.35105
POPCAT,2025-06-08 18:00:00,0.36634
POPCAT,2025-06-09 18:00:00,0.39296
POPCAT,2025-06-10 18:00:00,0.40188
POPCAT,2025-06-11 18:00:00,0.40894
POPCAT,2025-06-12 18:00:00,0.35491
POPCAT,2025-06-13 18:00:00,0.3096
POPCAT,2025-06-14 18:00:00,0.30685
POPCAT,2025-06-15 18:00:00,0.32192
POPCAT,2025-06-16 18:00:00,0.34041
POPCAT,2025-06-17 18:00:00,0.29642
POPCAT,2025-06-18 18:00:00,0.29224
POPCAT,2025-06-19 18:00:00,0.29162
POPCAT,2025-06-20 18:00:00,0.27515
POPCAT,2025-06-21 18:00:00,0.25694
POPCAT,2025-06-22 18:00:00,0.24401
POPCAT,2025-06-23 18:00:00,0.27774
POPCAT,2025-06-24 18:00:00,0.28868
POPCAT,2025-06-25 18:00:00,0.2749
POPCAT,2025-06-26 18:00:00,0.25503
POPCAT,2025-06-27 18:00:00,0.26249
POPCAT,2025-06-28 18:00:00,0.30156
POPCAT,2025-06-29 18:00:00,0.30332
POPCAT,2025-06-30 18:00:00,0.30317
POPCAT,2025-07-01 18:00:00,0.27142
POPCAT,2025-07-02 18:00:00,0.31667
POPCAT,2025-07-03 18:00:00,0.31474
POPCAT,2025-07-04 18:00:00,0.29434
POPCAT,2025-07-05 18:00:00,0.28739
POPCAT,2025-07-06 18:00:00,0.30589
POPCAT,2025-07-07 18:00:00,0.28669
POPCAT,2025-07-08 18:00:00,0.29606
POPCAT,2025-07-09 18:00:00,0.2989
POPCAT,2025-07-10 18:00:00,0.34789
POPCAT,2025-07-11 18:00:00,0.38169
POPCAT,2025-07-12 18:00:00,0.36342
POPCAT,2025-07-13 18:00:00,0.38291
POPCAT,2025-07-14 18:00:00,0.36972
POPCAT,2025-07-15 18:00:00,0.36726
POPCAT,2025-07-16 18:00:00,0.41949
POPCAT,2025-07-17 18:00:00,0.40441
POPCAT,2025-07-18 18:00:00,0.37619
POPCAT,2025-07-19 18:00:00,0.38182
POPCAT,2025-07-20 18:00:00,0.40764
POPCAT,2025-07-21 18:00:00,0.41939
POPCAT,2025-07-22 18:00:00,0.43846
POPCAT,2025-07-23 18:00:00,0.42162
POPCAT,2025-07-24 18:00:00,0.38567
POPCAT,2025-07-25 18:00:00,0.36159
POPCAT,2025-07-26 18:00:00,0.37854
POPCAT,2025-07-27 18:00:00,0.39027
POPCAT,2025-07-28 18:00:00,0.35596
POPCAT,2025-07-29 18:00:00,0.33568
POPCAT,2025-07-30 18:00:00,0.3222
POPCAT,2025-07-31 18:00:00,0.32515
POPCAT,2025-08-01 18:00:00,0.30133
POPCAT,2025-08-02 18:00:00,0.27786
POPCAT,2025-08-03 18:00:00,0.29506
POPCAT,2025-08-04 18:00:00,0.30628
POPCAT,2025-08-05 18:00:00,0.29268
POPCAT,2025-08-06 18:00:00,0.30262
POPCAT,2025-08-07 18:00:00,0.31098
POPCAT,2025-08-08 18:00:00,0.32648
POPCAT,2025-08-09 18:00:00,0.33866
POPCAT,2025-08-10 18:00:00,0.34493
POPCAT,2025-08-11 18:00:00,0.31912
POPCAT,2025-08-12 18:00:00,0.32985
POPCAT,2025-08-13 18:00:00,0.33854
POPCAT,2025-08-14 18:00:00,0.2997
POPCAT,2025-08-15 18:00:00,0.28318
POPCAT,2025-08-16 18:00:00,0.29483
POPCAT,2025-08-17 18:00:00,0.29746
POPCAT,2025-08-18 18:00:00,0.28338
POPCAT,2025-08-19 18:00:00,0.26584
POPCAT,2025-08-20 18:00:00,0.27948
POPCAT,2025-08-21 18:00:00,0.27649
POPCAT,2025-08-22 18:00:00,0.29556
POPCAT,2025-08-23 18:00:00,0.29367
POPCAT,2025-08-24 18:00:00,0.29617
POPCAT,2025-08-25 18:00:00,0.26568
POPCAT,2025-08-26 18:00:00,0.26586
POPCAT,2025-08-27 18:00:00,0.26945
POPCAT,2025-08-28 18:00:00,0.26971
POPCAT,2025-08-29 18:00:00,0.25007
POPCAT,2025-08-30 18:00:00,0.26108
POPCAT,2025-08-31 18:00:00,0.26146
POPCAT,2025-09-01 18:00:00,0.24223
POPCAT,2025-09-02 18:00:00,0.24954
POPCAT,2025-09-03 18:00:00,0.2533
POPCAT,2025-09-04 18:00:00,0.23347
POPCAT,2025-09-05 18:00:00,0.24207
POPCAT,2025-09-06 18:00:00,0.24014
POPCAT,2025-09-07 18:00:00,0.24297
POPCAT,2025-09-08 18:00:00,0.26314
POPCAT,2025-09-09 18:00:00,0.26315
POPCAT,2025-09-10 18:00:00,0.27148
POPCAT,2025-09-11 18:00:00,0.27064
POPCAT,2025-09-12 18:00:00,0.28748
POPCAT,2025-09-13 18:00:00,0.29455
POPCAT,2025-09-14 18:00:00,0.28323
POPCAT,2025-09-15 18:00:00,0.26299
POPCAT,2025-09-16 18:00:00,0.27256
POPCAT,2025-09-17 18:00:00,0.2668
POPCAT,2025-09-18 18:00:00,0.29401
POPCAT,2025-09-19 18:00:00,0.26985
POPCAT,2025-09-20 18:00:00,0.26475
POPCAT,2025-09-21 18:00:00,0.26239
POPCAT,2025-09-22 18:00:00,0.22659
POPCAT,2025-09-23 18:00:00,0.22531
POPCAT,2025-09-24 18:00:00,0.22586
POPCAT,2025-09-25 18:00:00,0.21537
POPCAT,2025-09-26 18:00:00,0.21775
POPCAT,2025-09-27 18:00:00,0.21398
POPCAT,2025-09-28 18:00:00,0.21739
POPCAT,2025-09-29 18:00:00,0.21847
POPCAT,2025-09-30 18:00:00,0.21243
POPCAT,2025-10-01 18:00:00,0.23252
POPCAT,2025-10-02 18:00:00,0.24034
POPCAT,2025-10-03 18:00:00,0.24068
POPCAT,2025-10-04 18:00:00,0.23241
POPCAT,2025-10-05 18:00:00,0.23557
POPCAT,2025-10-06 18:00:00,0.24952
POPCAT,2025-10-07 18:00:00,0.22744
POPCAT,2025-10-08 18:00:00,0.24226
POPCAT,2025-10-09 18:00:00,0.22136
POPCAT,2025-10-10 18:00:00,0.2107
POPCAT,2025-10-11 18:00:00,0.15464
POPCAT,2025-10-12 18:00:00,0.16634
POPCAT,2025-10-13 18:00:00,0.17185
POPCAT,2025-10-14 18:00:00,0.16788
POPCAT,2025-10-15 18:00:00,0.16092
POPCAT,2025-10-16 18:00:00,0.15374
POPCAT,2025-10-17 18:00:00,0.14345
POPCAT,2025-10-18 18:00:00,0.14942
POPCAT,2025-10-19 18:00:00,0.15565
POPCAT,2025-10-20 18:00:00,0.15595
POPCAT,2025-10-21 18:00:00,0.15711
POPCAT,2025-10-22 18:00:00,0.14481
POPCAT,2025-10-23 18:00:00,0.14999
POPCAT,2025-10-24 18:00:00,0.1527
POPCAT,2025-10-25 18:00:00,0.15732
POPCAT,2025-10-26 18:00:00,0.16273
POPCAT,2025-10-27 18:00:00,0.16273
POPCAT,2025-10-28 18:00:00,0.15594
POPCAT,2025-10-29 18:00:00,0.15802
POPCAT,2025-10-30 18:00:00,0.1362
POPCAT,2025-10-31 18:00:00,0.1384
POPCAT,2025-11-01 18:00:00,0.15238
POPCAT,2025-11-02 18:00:00,0.14716
POPCAT,2025-11-03 18:00:00,0.12459
POPCAT,2025-11-04 18:00:00,0.11418
POPCAT,2025-11-05 18:00:00,0.13033
POPCAT,2025-11-06 18:00:00,0.12738
POPCAT,2025-11-07 18:00:00,0.14551
POPCAT,2025-11-08 18:00:00,0.14139
POPCAT,2025-11-09 18:00:00,0.14894
POPCAT,2025-11-10 18:00:00,0.14635
POPCAT,2025-11-11 18:00:00,0.15712
POPCAT,2025-11-12 18:00:00,0.13805
POPCAT,2025-11-13 18:00:00,0.11732
PROVE,2025-08-06 18:00:00,1.131
PROVE,2025-08-07 18:00:00,0.972
PROVE,2025-08-08 18:00:00,1.0174
PROVE,2025-08-09 18:00:00,1.2712
PROVE,2025-08-10 18:00:00,1.3658
PROVE,2025-08-11 18:00:00,1.6715
PROVE,2025-08-12 18:00:00,1.4244
PROVE,2025-08-13 18:00:00,1.4878
PROVE,2025-08-14 18:00:00,1.2925
PROVE,2025-08-15 18:00:00,1.2245
PROVE,2025-08-16 18:00:00,1.3446
PROVE,2025-08-17 18:00:00,1.317
PROVE,2025-08-18 18:00:00,1.2272
PROVE,2025-08-19 18:00:00,1.1675
PROVE,2025-08-20 18:00:00,1.1652
PROVE,2025-08-21 18:00:00,1.1006
PROVE,2025-08-22 18:00:00,1.1627
PROVE,2025-08-23 18:00:00,1.1232
PROVE,2025-08-24 18:00:00,1.0921
PROVE,2025-08-25 18:00:00,1.0112
PROVE,2025-08-26 18:00:00,1.0251
PROVE,2025-08-27 18:00:00,1.0461
PROVE,2025-08-28 18:00:00,1.0867
PROVE,2025-08-29 18:00:00,0.99393
PROVE,2025-08-30 18:00:00,0.96435
PROVE,2025-08-31 18:00:00,0.96282
PROVE,2025-09-01 18:00:00,0.88506
PROVE,2025-09-02 18:00:00,0.84067
PROVE,2025-09-03 18:00:00,0.97302
PROVE,2025-09-04 18:00:00,0.86353
PROVE,2025-09-05 18:00:00,0.85895
PROVE,2025-09-06 18:00:00,0.87654
PROVE,2025-09-07 18:00:00,0.87364
PROVE,2025-09-08 18:00:00,0.89339
PROVE,2025-09-09 18:00:00,0.87111
PROVE,2025-09-10 18:00:00,0.926
PROVE,2025-09-11 18:00:00,0.92843
PROVE,2025-09-12 18:00:00,0.92953
PROVE,2025-09-13 18:00:00,0.9668
PROVE,2025-09-14 18:00:00,0.94606
PROVE,2025-09-15 18:00:00,0.87327
PROVE,2025-09-16 18:00:00,0.90734
PROVE,2025-09-17 18:00:00,0.88371
PROVE,2025-09-18 18:00:00,0.93983
PROVE,2025-09-19 18:00:00,0.88794
PROVE,2025-09-20 18:00:00,0.9118
PROVE,2025-09-21 18:00:00,0.90559
PROVE,2025-09-22 18:00:00,0.80337
PROVE,2025-09-23 18:00:00,0.78776
PROVE,2025-09-24 18:00:00,0.79254
PROVE,2025-09-25 18:00:00,0.73238
PROVE,2025-09-26 18:00:00,0.70425
PROVE,2025-09-27 18:00:00,0.73109
PROVE,2025-09-28 18:00:00,0.72195
PROVE,2025-09-29 18:00:00,0.66674
PROVE,2025-09-30 18:00:00,0.64733
PROVE,2025-10-01 18:00:00,0.77278
PROVE,2025-10-02 18:00:00,0.74966
PROVE,2025-10-03 18:00:00,0.76776
PROVE,2025-10-04 18:00:00,0.74252
PROVE,2025-10-05 18:00:00,0.74065
PROVE,2025-10-06 18:00:00,0.8077
PROVE,2025-10-07 18:00:00,0.76011
PROVE,2025-10-08 18:00:00,0.81259
PROVE,2025-10-09 18:00:00,0.79536
PROVE,2025-10-10 18:00:00,0.70558
PROVE,2025-10-11 18:00:00,0.76063
PROVE,2025-10-12 18:00:00,0.78969
PROVE,2025-10-13 18:00:00,0.82293
PROVE,2025-10-14 18:00:00,0.80325
PROVE,2025-10-15 18:00:00,0.79666
PROVE,2025-10-16 18:00:00,0.76247
PROVE,2025-10-17 18:00:00,0.76428
PROVE,2025-10-18 18:00:00,0.808
PROVE,2025-10-19 18:00:00,0.7964
PROVE,2025-10-20 18:00:00,0.75387
PROVE,2025-10-21 18:00:00,0.86276
PROVE,2025-10-22 18:00:00,0.76609
PROVE,2025-10-23 18:00:00,0.88389
PROVE,2025-10-24 18:00:00,0.98672
PROVE,2025-10-25 18:00:00,0.91451
PROVE,2025-10-26 18:00:00,0.86922
PROVE,2025-10-27 18:00:00,0.81263
PROVE,2025-10-28 18:00:00,0.77421
PROVE,2025-10-29 18:00:00,0.72998
PROVE,2025-10-30 18:00:00,0.64505
PROVE,2025-10-31 18:00:00,0.65348
PROVE,2025-11-01 18:00:00,0.68593
PROVE,2025-11-02 18:00:00,0.6623
PROVE,2025-11-03 18:00:00,0.58942
PROVE,2025-11-04 18:00:00,0.58063
PROVE,2025-11-05 18:00:00,0.58863
PROVE,2025-11-06 18:00:00,0.55713
PROVE,2025-11-07 18:00:00,0.60648
PROVE,2025-11-08 18:00:00,0.59417
PROVE,2025-11-09 18:00:00,0.59415
PROVE,2025-11-10 18:00:00,0.58881
PROVE,2025-11-11 18:00:00,0.57113
PROVE,2025-11-12 18:00:00,0.53659
PROVE,2025-11-13 18:00:00,0.53135
PUMP,2025-07-10 18:00:00,0.00519
PUMP,2025-07-11 18:00:00,0.005458
PUMP,2025-07-12 18:00:00,0.006331
PUMP,2025-07-13 18:00:00,0.006081
PUMP,2025-07-14 18:00:00,0.005294
PUMP,2025-07-15 18:00:00,0.006065
PUMP,2025-07-16 18:00:00,0.006013
PUMP,2025-07-17 18:00:00,0.005335
PUMP,2025-07-18 18:00:00,0.004238
PUMP,2025-07-19 18:00:00,0.004098
PUMP,2025-07-20 18:00:00,0.004447
PUMP,2025-07-21 18:00:00,0.004266
PUMP,2025-07-22 18:00:00,0.003791
PUMP,2025-07-23 18:00:00,0.003996
PUMP,2025-07-24 18:00:00,0.002915
PUMP,2025-07-25 18:00:00,0.002482
PUMP,2025-07-26 18:00:00,0.002952
PUMP,2025-07-27 18:00:00,0.002714
PUMP,2025-07-28 18:00:00,0.002476
PUMP,2025-07-29 18:00:00,0.002714
PUMP,2025-07-30 18:00:00,0.002621
PUMP,2025-07-31 18:00:00,0.002822
PUMP,2025-08-01 18:00:00,0.002647
PUMP,2025-08-02 18:00:00,0.002514
PUMP,2025-08-03 18:00:00,0.003011
PUMP,2025-08-04 18:00:00,0.00282
PUMP,2025-08-05 18:00:00,0.003333
PUMP,2025-08-06 18:00:00,0.003411
PUMP,2025-08-07 18:00:00,0.003414
PUMP,2025-08-08 18:00:00,0.003381
PUMP,2025-08-09 18:00:00,0.003245
PUMP,2025-08-10 18:00:00,0.003117
PUMP,2025-08-11 18:00:00,0.003569
PUMP,2025-08-12 18:00:00,0.003995
PUMP,2025-08-13 18:00:00,0.003877
PUMP,2025-08-14 18:00:00,0.003641
PUMP,2025-08-15 18:00:00,0.003444
PUMP,2025-08-16 18:00:00,0.003405
PUMP,2025-08-17 18:00:00,0.003507
PUMP,2025-08-18 18:00:00,0.003154
PUMP,2025-08-19 18:00:00,0.002809
PUMP,2025-08-20 18:00:00,0.003032
PUMP,2025-08-21 18:00:00,0.002918
PUMP,2025-08-22 18:00:00,0.003194
PUMP,2025-08-23 18:00:00,0.003186
PUMP,2025-08-24 18:00:00,0.003085
PUMP,2025-08-25 18:00:00,0.002823
PUMP,2025-08-26 18:00:00,0.002852
PUMP,2025-08-27 18:00:00,0.003094
PUMP,2025-08-28 18:00:00,0.00323
PUMP,2025-08-29 18:00:00,0.003294
PUMP,2025-08-30 18:00:00,0.003449
PUMP,2025-08-31 18:00:00,0.003421
PUMP,2025-09-01 18:00:00,0.003363
PUMP,2025-09-02 18:00:00,0.003712
PUMP,2025-09-03 18:00:00,0.003985
PUMP,2025-09-04 18:00:00,0.004179
PUMP,2025-09-05 18:00:00,0.004687
PUMP,2025-09-06 18:00:00,0.004527
PUMP,2025-09-07 18:00:00,0.004804
PUMP,2025-09-08 18:00:00,0.004801
PUMP,2025-09-09 18:00:00,0.004721
PUMP,2025-09-10 18:00:00,0.005686
PUMP,2025-09-11 18:00:00,0.00543
PUMP,2025-09-12 18:00:00,0.006105
PUMP,2025-09-13 18:00:00,0.006546
PUMP,2025-09-14 18:00:00,0.0085
PUMP,2025-09-15 18:00:00,0.008166
PUMP,2025-09-16 18:00:00,0.008324
PUMP,2025-09-17 18:00:00,0.007928
PUMP,2025-09-18 18:00:00,0.008009
PUMP,2025-09-19 18:00:00,0.007159
PUMP,2025-09-20 18:00:00,0.00706
PUMP,2025-09-21 18:00:00,0.006865
PUMP,2025-09-22 18:00:00,0.005913
PUMP,2025-09-23 18:00:00,0.005561
PUMP,2025-09-24 18:00:00,0.005817
PUMP,2025-09-25 18:00:00,0.005265
PUMP,2025-09-26 18:00:00,0.005381
PUMP,2025-09-27 18:00:00,0.005173
PUMP,2025-09-28 18:00:00,0.005796
PUMP,2025-09-29 18:00:00,0.005481
PUMP,2025-09-30 18:00:00,0.005893
PUMP,2025-10-01 18:00:00,0.006744
PUMP,2025-10-02 18:00:00,0.007142
PUMP,2025-10-03 18:00:00,0.007026
PUMP,2025-10-04 18:00:00,0.006562
PUMP,2025-10-05 18:00:00,0.006471
PUMP,2025-10-06 18:00:00,0.00649
PUMP,2025-10-07 18:00:00,0.006571
PUMP,2025-10-08 18:00:00,0.006255
PUMP,2025-10-09 18:00:00,0.005389
PUMP,2025-10-10 18:00:00,0.005174
PUMP,2025-10-11 18:00:00,0.003997
PUMP,2025-10-12 18:00:00,0.004412
PUMP,2025-10-13 18:00:00,0.004263
PUMP,2025-10-14 18:00:00,0.00412
PUMP,2025-10-15 18:00:00,0.00391
PUMP,2025-10-16 18:00:00,0.00354
PUMP,2025-10-17 18:00:00,0.003595
PUMP,2025-10-18 18:00:00,0.003871
PUMP,2025-10-19 18:00:00,0.003925
PUMP,2025-10-20 18:00:00,0.003819
PUMP,2025-10-21 18:00:00,0.004029
PUMP,2025-10-22 18:00:00,0.003563
PUMP,2025-10-23 18:00:00,0.003835
PUMP,2025-10-24 18:00:00,0.004097
PUMP,2025-10-25 18:00:00,0.00408
PUMP,2025-10-26 18:00:00,0.004628
PUMP,2025-10-27 18:00:00,0.004827
PUMP,2025-10-28 18:00:00,0.004757
PUMP,2025-10-29 18:00:00,0.004986
PUMP,2025-10-30 18:00:00,0.004228
PUMP,2025-10-31 18:00:00,0.004305
PUMP,2025-11-01 18:00:00,0.004629
PUMP,2025-11-02 18:00:00,0.004282
PUMP,2025-11-03 18:00:00,0.00385
PUMP,2025-11-04 18:00:00,0.003764
PUMP,2025-11-05 18:00:00,0.004196
PUMP,2025-11-06 18:00:00,0.003771
PUMP,2025-11-07 18:00:00,0.004174
PUMP,2025-11-08 18:00:00,0.003772
PUMP,2025-11-09 18:00:00,0.004089
PUMP,2025-11-10 18:00:00,0.004362
PUMP,2025-11-11 18:00:00,0.004391
PUMP,2025-11-12 18:00:00,0.003997
PUMP,2025-11-13 18:00:00,0.003566
RENDER,2025-06-05 18:00:00,3.692
RENDER,2025-06-06 18:00:00,3.7399
RENDER,2025-06-07 18:00:00,3.8456
RENDER,2025-06-08 18:00:00,3.8775
RENDER,2025-06-09 18:00:00,3.9828
RENDER,2025-06-10 18:00:00,4.1177
RENDER,2025-06-11 18:00:00,3.9723
RENDER,2025-06-12 18:00:00,3.766
RENDER,2025-06-13 18:00:00,3.3694
RENDER,2025-06-14 18:00:00,3.3393
RENDER,2025-06-15 18:00:00,3.447
RENDER,2025-06-16 18:00:00,3.6018
RENDER,2025-06-17 18:00:00,3.2278
RENDER,2025-06-18 18:00:00,3.1617
RENDER,2025-06-19 18:00:00,3.1849
RENDER,2025-06-20 18:00:00,3.0467
RENDER,2025-06-21 18:00:00,2.9333
RENDER,2025-06-22 18:00:00,2.6914
RENDER,2025-06-23 18:00:00,2.9124
RENDER,2025-06-24 18:00:00,3.2018
RENDER,2025-06-25 18:00:00,3.0831
RENDER,2025-06-26 18:00:00,2.9674
RENDER,2025-06-27 18:00:00,3.0892
RENDER,2025-06-28 18:00:00,3.2202
RENDER,2025-06-29 18:00:00,3.2589
RENDER,2025-06-30 18:00:00,3.2038
RENDER,2025-07-01 18:00:00,3.0442
RENDER,2025-07-02 18:00:00,3.2862
RENDER,2025-07-03 18:00:00,3.2757
RENDER,2025-07-04 18:00:00,3.1264
RENDER,2025-07-05 18:00:00,3.1099
RENDER,2025-07-06 18:00:00,3.2082
RENDER,2025-07-07 18:00:00,3.1546
RENDER,2025-07-08 18:00:00,3.2213
RENDER,2025-07-09 18:00:00,3.2897
RENDER,2025-07-10 18:00:00,3.5024
RENDER,2025-07-11 18:00:00,3.7792
RENDER,2025-07-12 18:00:00,3.5879
RENDER,2025-07-13 18:00:00,3.8117
RENDER,2025-07-14 18:00:00,3.719
RENDER,2025-07-15 18:00:00,3.8546
RENDER,2025-07-16 18:00:00,4.0646
RENDER,2025-07-17 18:00:00,4.1046
RENDER,2025-07-18 18:00:00,4.065
RENDER,2025-07-19 18:00:00,4.0962
RENDER,2025-07-20 18:00:00,4.4295
RENDER,2025-07-21 18:00:00,4.5446
RENDER,2025-07-22 18:00:00,4.4631
RENDER,2025-07-23 18:00:00,4.2168
RENDER,2025-07-24 18:00:00,4.1846
RENDER,2025-07-25 18:00:00,4.0503
RENDER,2025-07-26 18:00:00,4.2694
RENDER,2025-07-27 18:00:00,4.3175
RENDER,2025-07-28 18:00:00,4.1048
RENDER,2025-07-29 18:00:00,3.9428
RENDER,2025-07-30 18:00:00,3.7648
RENDER,2025-07-31 18:00:00,3.8801
RENDER,2025-08-01 18:00:00,3.5451
RENDER,2025-08-02 18:00:00,3.358
RENDER,2025-08-03 18:00:00,3.5587
RENDER,2025-08-04 18:00:00,3.6576
RENDER,2025-08-05 18:00:00,3.499
RENDER,2025-08-06 18:00:00,3.6028
RENDER,2025-08-07 18:00:00,3.6672
RENDER,2025-08-08 18:00:00,3.8894
RENDER,2025-08-09 18:00:00,4.0128
RENDER,2025-08-10 18:00:00,3.971
RENDER,2025-08-11 18:00:00,3.846
RENDER,2025-08-12 18:00:00,4.0147
RENDER,2025-08-13 18:00:00,4.149
RENDER,2025-08-14 18:00:00,3.8153
RENDER,2025-08-15 18:00:00,3.7645
RENDER,2025-08-16 18:00:00,3.9079
RENDER,2025-08-17 18:00:00,3.9797
RENDER,2025-08-18 18:00:00,3.786
RENDER,2025-08-19 18:00:00,3.5583
RENDER,2025-08-20 18:00:00,3.6673
RENDER,2025-08-21 18:00:00,3.5608
RENDER,2025-08-22 18:00:00,3.8618
RENDER,2025-08-23 18:00:00,3.8241
RENDER,2025-08-24 18:00:00,3.9092
RENDER,2025-08-25 18:00:00,3.5274
RENDER,2025-08-26 18:00:00,3.5605
RENDER,2025-08-27 18:00:00,3.6479
RENDER,2025-08-28 18:00:00,3.6463
RENDER,2025-08-29 18:00:00,3.3856
RENDER,2025-08-30 18:00:00,3.4681
RENDER,2025-08-31 18:00:00,3.5036
RENDER,2025-09-01 18:00:00,3.3541
RENDER,2025-09-02 18:00:00,3.4085
RENDER,2025-09-03 18:00:00,3.4857
RENDER,2025-09-04 18:00:00,3.3289
RENDER,2025-09-05 18:00:00,3.4523
RENDER,2025-09-06 18:00:00,3.4177
RENDER,2025-09-07 18:00:00,3.4553
RENDER,2025-09-08 18:00:00,3.7165
RENDER,2025-09-09 18:00:00,3.795
RENDER,2025-09-10 18:00:00,3.9006
RENDER,2025-09-11 18:00:00,3.9479
RENDER,2025-09-12 18:00:00,4.0414
RENDER,2025-09-13 18:00:00,4.0047
RENDER,2025-09-14 18:00:00,3.8994
RENDER,2025-09-15 18:00:00,3.7255
RENDER,2025-09-16 18:00:00,3.8832
RENDER,2025-09-17 18:00:00,3.7916
RENDER,2025-09-18 18:00:00,4.1302
RENDER,2025-09-19 18:00:00,3.914
RENDER,2025-09-20 18:00:00,3.9576
RENDER,2025-09-21 18:00:00,3.968
RENDER,2025-09-22 18:00:00,3.6368
RENDER,2025-09-23 18:00:00,3.5959
RENDER,2025-09-24 18:00:00,3.6606
RENDER,2025-09-25 18:00:00,3.4272
RENDER,2025-09-26 18:00:00,3.4694
RENDER,2025-09-27 18:00:00,3.3792
RENDER,2025-09-28 18:00:00,3.3949
RENDER,2025-09-29 18:00:00,3.4
RENDER,2025-09-30 18:00:00,3.2784
RENDER,2025-10-01 18:00:00,3.5385
RENDER,2025-10-02 18:00:00,3.6692
RENDER,2025-10-03 18:00:00,3.6641
RENDER,2025-10-04 18:00:00,3.4651
RENDER,2025-10-05 18:00:00,3.4942
RENDER,2025-10-06 18:00:00,3.6595
RENDER,2025-10-07 18:00:00,3.379
RENDER,2025-10-08 18:00:00,3.4036
RENDER,2025-10-09 18:00:00,3.2399
RENDER,2025-10-10 18:00:00,3.0395
RENDER,2025-10-11 18:00:00,2.4533
RENDER,2025-10-12 18:00:00,2.6771
RENDER,2025-10-13 18:00:00,2.9353
RENDER,2025-10-14 18:00:00,2.8427
RENDER,2025-10-15 18:00:00,2.7071
RENDER,2025-10-16 18:00:00,2.5891
RENDER,2025-10-17 18:00:00,2.4422
RENDER,2025-10-18 18:00:00,2.4657
RENDER,2025-10-19 18:00:00,2.5652
RENDER,2025-10-20 18:00:00,2.5731
RENDER,2025-10-21 18:00:00,2.6246
RENDER,2025-10-22 18:00:00,2.4116
RENDER,2025-10-23 18:00:00,2.4701
RENDER,2025-10-24 18:00:00,2.4331
RENDER,2025-10-25 18:00:00,2.4862
RENDER,2025-10-26 18:00:00,2.5382
RENDER,2025-10-27 18:00:00,2.5507
RENDER,2025-10-28 18:00:00,2.5046
RENDER,2025-10-29 18:00:00,2.4354
RENDER,2025-10-30 18:00:00,2.166
RENDER,2025-10-31 18:00:00,2.2167
RENDER,2025-11-01 18:00:00,2.336
RENDER,2025-11-02 18:00:00,2.2319
RENDER,2025-11-03 18:00:00,2.0271
RENDER,2025-11-04 18:00:00,1.8894
RENDER,2025-11-05 18:00:00,2.0042
RENDER,2025-11-06 18:00:00,1.9441
RENDER,2025-11-07 18:00:00,2.6797
RENDER,2025-11-08 18:00:00,2.3168
RENDER,2025-11-09 18:00:00,2.4251
RENDER,2025-11-10 18:00:00,2.5415
RENDER,2025-11-11 18:00:00,2.4337
RENDER,2025-11-12 18:00:00,2.3135
RENDER,2025-11-13 18:00:00,2.2075
REQ,2025-06-05 18:00:00,0.14018
REQ,2025-06-06 18:00:00,0.14012
REQ,2025-06-07 18:00:00,0.14394
REQ,2025-06-08 18:00:00,0.14921
REQ,2025-06-09 18:00:00,0.15077
REQ,2025-06-10 18:00:00,0.15016
REQ,2025-06-11 18:00:00,0.14754
REQ,2025-06-12 18:00:00,0.14714
REQ,2025-06-13 18:00:00,0.13703
REQ,2025-06-14 18:00:00,0.13574
REQ,2025-06-15 18:00:00,0.13712
REQ,2025-06-16 18:00:00,0.14015
REQ,2025-06-17 18:00:00,0.13326
REQ,2025-06-18 18:00:00,0.13189
REQ,2025-06-19 18:00:00,0.13427
REQ,2025-06-20 18:00:00,0.1332
REQ,2025-06-21 18:00:00,0.13283
REQ,2025-06-22 18:00:00,0.12121
REQ,2025-06-23 18:00:00,0.1283
REQ,2025-06-24 18:00:00,0.13478
REQ,2025-06-25 18:00:00,0.13531
REQ,2025-06-26 18:00:00,0.13376
REQ,2025-06-27 18:00:00,0.13273
REQ,2025-06-28 18:00:00,0.13634
REQ,2025-06-29 18:00:00,0.13669
REQ,2025-06-30 18:00:00,0.1346
REQ,2025-07-01 18:00:00,0.13225
REQ,2025-07-02 18:00:00,0.13859
REQ,2025-07-03 18:00:00,0.13976
REQ,2025-07-04 18:00:00,0.13753
REQ,2025-07-05 18:00:00,0.13734
REQ,2025-07-06 18:00:00,0.14006
REQ,2025-07-07 18:00:00,0.13996
REQ,2025-07-08 18:00:00,0.14225
REQ,2025-07-09 18:00:00,0.14264
REQ,2025-07-10 18:00:00,0.14337
REQ,2025-07-11 18:00:00,0.14999
REQ,2025-07-12 18:00:00,0.14766
REQ,2025-07-13 18:00:00,0.15054
REQ,2025-07-14 18:00:00,0.14187
REQ,2025-07-15 18:00:00,0.14181
REQ,2025-07-16 18:00:00,0.1462
REQ,2025-07-17 18:00:00,0.14394
REQ,2025-07-18 18:00:00,0.14002
REQ,2025-07-19 18:00:00,0.1421
REQ,2025-07-20 18:00:00,0.14794
REQ,2025-07-21 18:00:00,0.14766
REQ,2025-07-22 18:00:00,0.14792
REQ,2025-07-23 18:00:00,0.14679
REQ,2025-07-24 18:00:00,0.14682
REQ,2025-07-25 18:00:00,0.14726
REQ,2025-07-26 18:00:00,0.15043
REQ,2025-07-27 18:00:00,0.15407
REQ,2025-07-28 18:00:00,0.15175
REQ,2025-07-29 18:00:00,0.14636
REQ,2025-07-30 18:00:00,0.14722
REQ,2025-07-31 18:00:00,0.14637
REQ,2025-08-01 18:00:00,0.14653
REQ,2025-08-02 18:00:00,0.14678
REQ,2025-08-03 18:00:00,0.15111
REZ,2025-06-05 18:00:00,0.010672
REZ,2025-06-06 18:00:00,0.010075
REZ,2025-06-07 18:00:00,0.010508
REZ,2025-06-08 18:00:00,0.010613
REZ,2025-06-09 18:00:00,0.010923
REZ,2025-06-10 18:00:00,0.011655
REZ,2025-06-11 18:00:00,0.011536
REZ,2025-06-12 18:00:00,0.0103
REZ,2025-06-13 18:00:00,0.009223
REZ,2025-06-14 18:00:00,0.009221
REZ,2025-06-15 18:00:00,0.009398
REZ,2025-06-16 18:00:00,0.01009
REZ,2025-06-17 18:00:00,0.00897
REZ,2025-06-18 18:00:00,0.008738
REZ,2025-06-19 18:00:00,0.008835
REZ,2025-06-20 18:00:00,0.008376
REZ,2025-06-21 18:00:00,0.008
REZ,2025-06-22 18:00:00,0.007277
REZ,2025-06-23 18:00:00,0.007846
REZ,2025-06-24 18:00:00,0.008431
REZ,2025-06-25 18:00:00,0.008159
REZ,2025-06-26 18:00:00,0.00788
REZ,2025-06-27 18:00:00,0.008002
REZ,2025-06-28 18:00:00,0.008433
REZ,2025-06-29 18:00:00,0.008381
REZ,2025-06-30 18:00:00,0.008522
REZ,2025-07-01 18:00:00,0.008129
REZ,2025-07-02 18:00:00,0.008841
REZ,2025-07-03 18:00:00,0.008632
REZ,2025-07-04 18:00:00,0.008015
REZ,2025-07-05 18:00:00,0.00807
REZ,2025-07-06 18:00:00,0.008279
REZ,2025-07-07 18:00:00,0.008099
REZ,2025-07-08 18:00:00,0.008454
REZ,2025-07-09 18:00:00,0.008852
REZ,2025-07-10 18:00:00,0.009655
REZ,2025-07-11 18:00:00,0.012879
REZ,2025-07-12 18:00:00,0.011246
REZ,2025-07-13 18:00:00,0.011658
REZ,2025-07-14 18:00:00,0.010698
REZ,2025-07-15 18:00:00,0.013252
REZ,2025-07-16 18:00:00,0.014731
REZ,2025-07-17 18:00:00,0.013713
REZ,2025-07-18 18:00:00,0.013222
REZ,2025-07-19 18:00:00,0.013
REZ,2025-07-20 18:00:00,0.014205
REZ,2025-07-21 18:00:00,0.013535
REZ,2025-07-22 18:00:00,0.013714
REZ,2025-07-23 18:00:00,0.013281
REZ,2025-07-24 18:00:00,0.012879
REZ,2025-07-25 18:00:00,0.01232
REZ,2025-07-26 18:00:00,0.012962
REZ,2025-07-27 18:00:00,0.014889
REZ,2025-07-28 18:00:00,0.013638
REZ,2025-07-29 18:00:00,0.013811
REZ,2025-07-30 18:00:00,0.013825
REZ,2025-07-31 18:00:00,0.01372
REZ,2025-08-01 18:00:00,0.012619
REZ,2025-08-02 18:00:00,0.011505
REZ,2025-08-03 18:00:00,0.012172
REZ,2025-08-04 18:00:00,0.012853
REZ,2025-08-05 18:00:00,0.01218
REZ,2025-08-06 18:00:00,0.012985
REZ,2025-08-07 18:00:00,0.013409
REZ,2025-08-08 18:00:00,0.01408
REZ,2025-08-09 18:00:00,0.01485
REZ,2025-08-10 18:00:00,0.015236
REZ,2025-08-11 18:00:00,0.014727
REZ,2025-08-12 18:00:00,0.014849
REZ,2025-08-13 18:00:00,0.015109
REZ,2025-08-14 18:00:00,0.013828
REZ,2025-08-15 18:00:00,0.013144
REZ,2025-08-16 18:00:00,0.013465
REZ,2025-08-17 18:00:00,0.013738
REZ,2025-08-18 18:00:00,0.013098
REZ,2025-08-19 18:00:00,0.012649
REZ,2025-08-20 18:00:00,0.013139
REZ,2025-08-21 18:00:00,0.012768
REZ,2025-08-22 18:00:00,0.014115
REZ,2025-08-23 18:00:00,0.014376
REZ,2025-08-24 18:00:00,0.014359
REZ,2025-08-25 18:00:00,0.012391
REZ,2025-08-26 18:00:00,0.012426
REZ,2025-08-27 18:00:00,0.012352
REZ,2025-08-28 18:00:00,0.01258
REZ,2025-08-29 18:00:00,0.011842
REZ,2025-08-30 18:00:00,0.012344
REZ,2025-08-31 18:00:00,0.012514
REZ,2025-09-01 18:00:00,0.011672
REZ,2025-09-02 18:00:00,0.01148
REZ,2025-09-03 18:00:00,0.011721
REZ,2025-09-04 18:00:00,0.010832
REZ,2025-09-05 18:00:00,0.011197
REZ,2025-09-06 18:00:00,0.011067
REZ,2025-09-07 18:00:00,0.01117
REZ,2025-09-08 18:00:00,0.011766
REZ,2025-09-09 18:00:00,0.01134
REZ,2025-09-10 18:00:00,0.011457
REZ,2025-09-11 18:00:00,0.011615
REZ,2025-09-12 18:00:00,0.012161
REZ,2025-09-13 18:00:00,0.012396
REZ,2025-09-14 18:00:00,0.012042
REZ,2025-09-15 18:00:00,0.011266
REZ,2025-09-16 18:00:00,0.011729
REZ,2025-09-17 18:00:00,0.011652
REZ,2025-09-18 18:00:00,0.013137
REZ,2025-09-19 18:00:00,0.012222
REZ,2025-09-20 18:00:00,0.012265
REZ,2025-09-21 18:00:00,0.013098
REZ,2025-09-22 18:00:00,0.011155
REZ,2025-09-23 18:00:00,0.011111
REZ,2025-09-24 18:00:00,0.012186
REZ,2025-09-25 18:00:00,0.011114
REZ,2025-09-26 18:00:00,0.011241
REZ,2025-09-27 18:00:00,0.011292
REZ,2025-09-28 18:00:00,0.011853
REZ,2025-09-29 18:00:00,0.011828
REZ,2025-09-30 18:00:00,0.011094
REZ,2025-10-01 18:00:00,0.012065
REZ,2025-10-02 18:00:00,0.012534
REZ,2025-10-03 18:00:00,0.012354
REZ,2025-10-04 18:00:00,0.011915
REZ,2025-10-05 18:00:00,0.012746
REZ,2025-10-06 18:00:00,0.01389
REZ,2025-10-07 18:00:00,0.013971
REZ,2025-10-08 18:00:00,0.013977
REZ,2025-10-09 18:00:00,0.014811
REZ,2025-10-10 18:00:00,0.014301
REZ,2025-10-11 18:00:00,0.010094
REZ,2025-10-12 18:00:00,0.011891
REZ,2025-10-13 18:00:00,0.012309
REZ,2025-10-14 18:00:00,0.013351
REZ,2025-10-15 18:00:00,0.012721
REZ,2025-10-16 18:00:00,0.012513
REZ,2025-10-17 18:00:00,0.011753
REZ,2025-10-18 18:00:00,0.011468
REZ,2025-10-19 18:00:00,0.011705
REZ,2025-10-20 18:00:00,0.011402
REZ,2025-10-21 18:00:00,0.011511
REZ,2025-10-22 18:00:00,0.010175
REZ,2025-10-23 18:00:00,0.010425
REZ,2025-10-24 18:00:00,0.010255
REZ,2025-10-25 18:00:00,0.010404
REZ,2025-10-26 18:00:00,0.010583
REZ,2025-10-27 18:00:00,0.010541
REZ,2025-10-28 18:00:00,0.009989
REZ,2025-10-29 18:00:00,0.009632
REZ,2025-10-30 18:00:00,0.008095
REZ,2025-10-31 18:00:00,0.008316
REZ,2025-11-01 18:00:00,0.00876
REZ,2025-11-02 18:00:00,0.008434
REZ,2025-11-03 18:00:00,0.007713
REZ,2025-11-04 18:00:00,0.007186
REZ,2025-11-05 18:00:00,0.007534
REZ,2025-11-06 18:00:00,0.00726
REZ,2025-11-07 18:00:00,0.008145
REZ,2025-11-08 18:00:00,0.007866
REZ,2025-11-09 18:00:00,0.008047
REZ,2025-11-10 18:00:00,0.007876
REZ,2025-11-11 18:00:00,0.007842
REZ,2025-11-12 18:00:00,0.007455
REZ,2025-11-13 18:00:00,0.007033
RUNE,2025-06-05 18:00:00,1.6114
RUNE,2025-06-06 18:00:00,1.5828
RUNE,2025-06-07 18:00:00,1.6243
RUNE,2025-06-08 18:00:00,1.6491
RUNE,2025-06-09 18:00:00,1.6979
RUNE,2025-06-10 18:00:00,1.7406
RUNE,2025-06-11 18:00:00,1.7301
RUNE,2025-06-12 18:00:00,1.6265
RUNE,2025-06-13 18:00:00,1.4792
RUNE,2025-06-14 18:00:00,1.47
RUNE,2025-06-15 18:00:00,1.5025
RUNE,2025-06-16 18:00:00,1.5763
RUNE,2025-06-17 18:00:00,1.4484
RUNE,2025-06-18 18:00:00,1.3944
RUNE,2025-06-19 18:00:00,1.404
RUNE,2025-06-20 18:00:00,1.3363
RUNE,2025-06-21 18:00:00,1.29
RUNE,2025-06-22 18:00:00,1.2171
RUNE,2025-06-23 18:00:00,1.2994
RUNE,2025-06-24 18:00:00,1.3665
RUNE,2025-06-25 18:00:00,1.3438
RUNE,2025-06-26 18:00:00,1.3185
RUNE,2025-06-27 18:00:00,1.304
RUNE,2025-06-28 18:00:00,1.3445
RUNE,2025-06-29 18:00:00,1.3387
RUNE,2025-06-30 18:00:00,1.3405
RUNE,2025-07-01 18:00:00,1.2885
RUNE,2025-07-02 18:00:00,1.3852
RUNE,2025-07-03 18:00:00,1.3853
RUNE,2025-07-04 18:00:00,1.3253
RUNE,2025-07-05 18:00:00,1.2895
RUNE,2025-07-06 18:00:00,1.3247
RUNE,2025-07-07 18:00:00,1.3193
RUNE,2025-07-08 18:00:00,1.3591
RUNE,2025-07-09 18:00:00,1.3786
RUNE,2025-07-10 18:00:00,1.454
RUNE,2025-07-11 18:00:00,1.5635
RUNE,2025-07-12 18:00:00,1.4777
RUNE,2025-07-13 18:00:00,1.5465
RUNE,2025-07-14 18:00:00,1.5429
RUNE,2025-07-15 18:00:00,1.5292
RUNE,2025-07-16 18:00:00,1.6235
RUNE,2025-07-17 18:00:00,1.6458
RUNE,2025-07-18 18:00:00,1.6329
RUNE,2025-07-19 18:00:00,1.6237
RUNE,2025-07-20 18:00:00,1.7171
RUNE,2025-07-21 18:00:00,1.7045
RUNE,2025-07-22 18:00:00,1.6377
RUNE,2025-07-23 18:00:00,1.5242
RUNE,2025-07-24 18:00:00,1.4789
RUNE,2025-07-25 18:00:00,1.4438
RUNE,2025-07-26 18:00:00,1.4927
RUNE,2025-07-27 18:00:00,1.4922
RUNE,2025-07-28 18:00:00,1.4243
RUNE,2025-07-29 18:00:00,1.3992
RUNE,2025-07-30 18:00:00,1.3661
RUNE,2025-07-31 18:00:00,1.3643
RUNE,2025-08-01 18:00:00,1.2971
RUNE,2025-08-02 18:00:00,1.2295
RUNE,2025-08-03 18:00:00,1.2829
RUNE,2025-08-04 18:00:00,1.33
RUNE,2025-08-05 18:00:00,1.2904
RUNE,2025-08-06 18:00:00,1.3073
RUNE,2025-08-07 18:00:00,1.3223
RUNE,2025-08-08 18:00:00,1.4076
RUNE,2025-08-09 18:00:00,1.4331
RUNE,2025-08-10 18:00:00,1.4168
RUNE,2025-08-11 18:00:00,1.4127
RUNE,2025-08-12 18:00:00,1.4517
RUNE,2025-08-13 18:00:00,1.4827
RUNE,2025-08-14 18:00:00,1.3671
RUNE,2025-08-15 18:00:00,1.3501
RUNE,2025-08-16 18:00:00,1.3605
RUNE,2025-08-17 18:00:00,1.3706
RUNE,2025-08-18 18:00:00,1.3346
RUNE,2025-08-19 18:00:00,1.2713
RUNE,2025-08-20 18:00:00,1.3045
RUNE,2025-08-21 18:00:00,1.2806
RUNE,2025-08-22 18:00:00,1.3854
RUNE,2025-08-23 18:00:00,1.3553
RUNE,2025-08-24 18:00:00,1.3749
RUNE,2025-08-25 18:00:00,1.2698
RUNE,2025-08-26 18:00:00,1.2448
RUNE,2025-08-27 18:00:00,1.2502
RUNE,2025-08-28 18:00:00,1.2485
RUNE,2025-08-29 18:00:00,1.169
RUNE,2025-08-30 18:00:00,1.1932
RUNE,2025-08-31 18:00:00,1.2185
RUNE,2025-09-01 18:00:00,1.174
RUNE,2025-09-02 18:00:00,1.18
RUNE,2025-09-03 18:00:00,1.2174
RUNE,2025-09-04 18:00:00,1.1675
RUNE,2025-09-05 18:00:00,1.1942
RUNE,2025-09-06 18:00:00,1.1874
RUNE,2025-09-07 18:00:00,1.1999
RUNE,2025-09-08 18:00:00,1.2586
RUNE,2025-09-09 18:00:00,1.2397
RUNE,2025-09-10 18:00:00,1.2634
RUNE,2025-09-11 18:00:00,1.2773
RUNE,2025-09-12 18:00:00,1.313
RUNE,2025-09-13 18:00:00,1.3221
RUNE,2025-09-14 18:00:00,1.3104
RUNE,2025-09-15 18:00:00,1.2537
RUNE,2025-09-16 18:00:00,1.2744
RUNE,2025-09-17 18:00:00,1.2658
RUNE,2025-09-18 18:00:00,1.3694
RUNE,2025-09-19 18:00:00,1.2849
RUNE,2025-09-20 18:00:00,1.2678
RUNE,2025-09-21 18:00:00,1.2642
RUNE,2025-09-22 18:00:00,1.1779
RUNE,2025-09-23 18:00:00,1.1774
RUNE,2025-09-24 18:00:00,1.1917
RUNE,2025-09-25 18:00:00,1.123
RUNE,2025-09-26 18:00:00,1.1454
RUNE,2025-09-27 18:00:00,1.1268
RUNE,2025-09-28 18:00:00,1.1433
RUNE,2025-09-29 18:00:00,1.1539
RUNE,2025-09-30 18:00:00,1.1222
RUNE,2025-10-01 18:00:00,1.1959
RUNE,2025-10-02 18:00:00,1.2194
RUNE,2025-10-03 18:00:00,1.2254
RUNE,2025-10-04 18:00:00,1.1713
RUNE,2025-10-05 18:00:00,1.1873
RUNE,2025-10-06 18:00:00,1.219
RUNE,2025-10-07 18:00:00,1.141
RUNE,2025-10-08 18:00:00,1.1804
RUNE,2025-10-09 18:00:00,1.1476
RUNE,2025-10-10 18:00:00,1.0993
RUNE,2025-10-11 18:00:00,0.88958
RUNE,2025-10-12 18:00:00,0.92055
RUNE,2025-10-13 18:00:00,0.94644
RUNE,2025-10-14 18:00:00,0.91642
RUNE,2025-10-15 18:00:00,0.88591
RUNE,2025-10-16 18:00:00,0.86445
RUNE,2025-10-17 18:00:00,0.83911
RUNE,2025-10-18 18:00:00,0.83476
RUNE,2025-10-19 18:00:00,0.85992
RUNE,2025-10-20 18:00:00,0.86668
RUNE,2025-10-21 18:00:00,0.87778
RUNE,2025-10-22 18:00:00,0.83174
RUNE,2025-10-23 18:00:00,0.84671
RUNE,2025-10-24 18:00:00,0.85171
RUNE,2025-10-25 18:00:00,0.8603
RUNE,2025-10-26 18:00:00,0.92334
RUNE,2025-10-27 18:00:00,0.90952
RUNE,2025-10-28 18:00:00,0.88173
RUNE,2025-10-29 18:00:00,0.87388
RUNE,2025-10-30 18:00:00,0.81492
RUNE,2025-10-31 18:00:00,0.83854
RUNE,2025-11-01 18:00:00,0.85966
RUNE,2025-11-02 18:00:00,0.84494
RUNE,2025-11-03 18:00:00,0.7901
RUNE,2025-11-04 18:00:00,0.74523
RUNE,2025-11-05 18:00:00,0.7647
RUNE,2025-11-06 18:00:00,0.7416
RUNE,2025-11-07 18:00:00,0.80638
RUNE,2025-11-08 18:00:00,0.8002
RUNE,2025-11-09 18:00:00,0.81709
RUNE,2025-11-10 18:00:00,0.818
RUNE,2025-11-11 18:00:00,0.78483
RUNE,2025-11-12 18:00:00,0.76833
RUNE,2025-11-13 18:00:00,0.74492
S,2025-06-05 18:00:00,0.38173
S,2025-06-06 18:00:00,0.37239
S,2025-06-07 18:00:00,0.37985
S,2025-06-08 18:00:00,0.38226
S,2025-06-09 18:00:00,0.38768
S,2025-06-10 18:00:00,0.40137
S,2025-06-11 18:00:00,0.39149
S,2025-06-12 18:00:00,0.36713
S,2025-06-13 18:00:00,0.32224
S,2025-06-14 18:00:00,0.33515
S,2025-06-15 18:00:00,0.3311
S,2025-06-16 18:00:00,0.35488
S,2025-06-17 18:00:00,0.32425
S,2025-06-18 18:00:00,0.31628
S,2025-06-19 18:00:00,0.32107
S,2025-06-20 18:00:00,0.2827
S,2025-06-21 18:00:00,0.26438
S,2025-06-22 18:00:00,0.25079
S,2025-06-23 18:00:00,0.29167
S,2025-06-24 18:00:00,0.3342
S,2025-06-25 18:00:00,0.31286
S,2025-06-26 18:00:00,0.30195
S,2025-06-27 18:00:00,0.30267
S,2025-06-28 18:00:00,0.30983
S,2025-06-29 18:00:00,0.3173
S,2025-06-30 18:00:00,0.31407
S,2025-07-01 18:00:00,0.29862
S,2025-07-02 18:00:00,0.32884
S,2025-07-03 18:00:00,0.32898
S,2025-07-04 18:00:00,0.30504
S,2025-07-05 18:00:00,0.30309
S,2025-07-06 18:00:00,0.30884
S,2025-07-07 18:00:00,0.30748
S,2025-07-08 18:00:00,0.30613
S,2025-07-09 18:00:00,0.31186
S,2025-07-10 18:00:00,0.32912
S,2025-07-11 18:00:00,0.3742
S,2025-07-12 18:00:00,0.34968
S,2025-07-13 18:00:00,0.36545
S,2025-07-14 18:00:00,0.34337
S,2025-07-15 18:00:00,0.35164
S,2025-07-16 18:00:00,0.37691
S,2025-07-17 18:00:00,0.37925
S,2025-07-18 18:00:00,0.38466
S,2025-07-19 18:00:00,0.37909
S,2025-07-20 18:00:00,0.40538
S,2025-07-21 18:00:00,0.39526
S,2025-07-22 18:00:00,0.37506
S,2025-07-23 18:00:00,0.34705
S,2025-07-24 18:00:00,0.3398
S,2025-07-25 18:00:00,0.32587
S,2025-07-26 18:00:00,0.33813
S,2025-07-27 18:00:00,0.33794
S,2025-07-28 18:00:00,0.32218
S,2025-07-29 18:00:00,0.30676
S,2025-07-30 18:00:00,0.29499
S,2025-07-31 18:00:00,0.32635
S,2025-08-01 18:00:00,0.30803
S,2025-08-02 18:00:00,0.28105
S,2025-08-03 18:00:00,0.30232
S,2025-08-04 18:00:00,0.3031
S,2025-08-05 18:00:00,0.27937
S,2025-08-06 18:00:00,0.2823
S,2025-08-07 18:00:00,0.29032
S,2025-08-08 18:00:00,0.31717
S,2025-08-09 18:00:00,0.31853
S,2025-08-10 18:00:00,0.31195
S,2025-08-11 18:00:00,0.30726
S,2025-08-12 18:00:00,0.31135
S,2025-08-13 18:00:00,0.32364
S,2025-08-14 18:00:00,0.30394
S,2025-08-15 18:00:00,0.29336
S,2025-08-16 18:00:00,0.30451
S,2025-08-17 18:00:00,0.3298
S,2025-08-18 18:00:00,0.32741
S,2025-08-19 18:00:00,0.30551
S,2025-08-20 18:00:00,0.31965
S,2025-08-21 18:00:00,0.3228
S,2025-08-22 18:00:00,0.34551
S,2025-08-23 18:00:00,0.3435
S,2025-08-24 18:00:00,0.35654
S,2025-08-25 18:00:00,0.31573
S,2025-08-26 18:00:00,0.31648
S,2025-08-27 18:00:00,0.31929
S,2025-08-28 18:00:00,0.32564
S,2025-08-29 18:00:00,0.30826
S,2025-08-30 18:00:00,0.31634
S,2025-08-31 18:00:00,0.31978
S,2025-09-01 18:00:00,0.30279
S,2025-09-02 18:00:00,0.30495
S,2025-09-03 18:00:00,0.31097
S,2025-09-04 18:00:00,0.30003
S,2025-09-05 18:00:00,0.30383
S,2025-09-06 18:00:00,0.29937
S,2025-09-07 18:00:00,0.3019
S,2025-09-08 18:00:00,0.313
S,2025-09-09 18:00:00,0.30624
S,2025-09-10 18:00:00,0.29898
S,2025-09-11 18:00:00,0.30162
S,2025-09-12 18:00:00,0.3146
S,2025-09-13 18:00:00,0.31762
S,2025-09-14 18:00:00,0.3056
S,2025-09-15 18:00:00,0.2976
S,2025-09-16 18:00:00,0.30374
S,2025-09-17 18:00:00,0.29852
S,2025-09-18 18:00:00,0.31242
S,2025-09-19 18:00:00,0.29742
S,2025-09-20 18:00:00,0.28879
S,2025-09-21 18:00:00,0.28801
S,2025-09-22 18:00:00,0.24383
S,2025-09-23 18:00:00,0.254
S,2025-09-24 18:00:00,0.25383
S,2025-09-25 18:00:00,0.23419
S,2025-09-26 18:00:00,0.24055
S,2025-09-27 18:00:00,0.23544
S,2025-09-28 18:00:00,0.24234
S,2025-09-29 18:00:00,0.24318
S,2025-09-30 18:00:00,0.24682
S,2025-10-01 18:00:00,0.27788
S,2025-10-02 18:00:00,0.28195
S,2025-10-03 18:00:00,0.28474
S,2025-10-04 18:00:00,0.27303
S,2025-10-05 18:00:00,0.27832
S,2025-10-06 18:00:00,0.2881
S,2025-10-07 18:00:00,0.29788
S,2025-10-08 18:00:00,0.28696
S,2025-10-09 18:00:00,0.26615
S,2025-10-10 18:00:00,0.2478
S,2025-10-11 18:00:00,0.18959
S,2025-10-12 18:00:00,0.19636
S,2025-10-13 18:00:00,0.20598
S,2025-10-14 18:00:00,0.19997
S,2025-10-15 18:00:00,0.19343
S,2025-10-16 18:00:00,0.18288
S,2025-10-17 18:00:00,0.17287
S,2025-10-18 18:00:00,0.1728
S,2025-10-19 18:00:00,0.1788
S,2025-10-20 18:00:00,0.17394
S,2025-10-21 18:00:00,0.17715
S,2025-10-22 18:00:00,0.16286
S,2025-10-23 18:00:00,0.16398
S,2025-10-24 18:00:00,0.16458
S,2025-10-25 18:00:00,0.16683
S,2025-10-26 18:00:00,0.1715
S,2025-10-27 18:00:00,0.17291
S,2025-10-28 18:00:00,0.16718
S,2025-10-29 18:00:00,0.15894
S,2025-10-30 18:00:00,0.1416
S,2025-10-31 18:00:00,0.13759
S,2025-11-01 18:00:00,0.14311
S,2025-11-02 18:00:00,0.13688
S,2025-11-03 18:00:00,0.12233
S,2025-11-04 18:00:00,0.11774
S,2025-11-05 18:00:00,0.12738
S,2025-11-06 18:00:00,0.12322
S,2025-11-07 18:00:00,0.14715
S,2025-11-08 18:00:00,0.16782
S,2025-11-09 18:00:00,0.16039
S,2025-11-10 18:00:00,0.1498
S,2025-11-11 18:00:00,0.14407
S,2025-11-12 18:00:00,0.14029
S,2025-11-13 18:00:00,0.13563
SAGA,2025-06-05 18:00:00,0.2754
SAGA,2025-06-06 18:00:00,0.27235
SAGA,2025-06-07 18:00:00,0.28324
SAGA,2025-06-08 18:00:00,0.2861
SAGA,2025-06-09 18:00:00,0.29137
SAGA,2025-06-10 18:00:00,0.30829
SAGA,2025-06-11 18:00:00,0.30339
SAGA,2025-06-12 18:00:00,0.27672
SAGA,2025-06-13 18:00:00,0.24692
SAGA,2025-06-14 18:00:00,0.24688
SAGA,2025-06-15 18:00:00,0.24774
SAGA,2025-06-16 18:00:00,0.25801
SAGA,2025-06-17 18:00:00,0.229
SAGA,2025-06-18 18:00:00,0.22548
SAGA,2025-06-19 18:00:00,0.22669
SAGA,2025-06-20 18:00:00,0.21578
SAGA,2025-06-21 18:00:00,0.20339
SAGA,2025-06-22 18:00:00,0.1904
SAGA,2025-06-23 18:00:00,0.2089
SAGA,2025-06-24 18:00:00,0.22523
SAGA,2025-06-25 18:00:00,0.21506
SAGA,2025-06-26 18:00:00,0.20117
SAGA,2025-06-27 18:00:00,0.20306
SAGA,2025-06-28 18:00:00,0.2167
SAGA,2025-06-29 18:00:00,0.22044
SAGA,2025-06-30 18:00:00,0.21901
SAGA,2025-07-01 18:00:00,0.19971
SAGA,2025-07-02 18:00:00,0.22066
SAGA,2025-07-03 18:00:00,0.21862
SAGA,2025-07-04 18:00:00,0.2016
SAGA,2025-07-05 18:00:00,0.20069
SAGA,2025-07-06 18:00:00,0.20897
SAGA,2025-07-07 18:00:00,0.2056
SAGA,2025-07-08 18:00:00,0.22415
SAGA,2025-07-09 18:00:00,0.22189
SAGA,2025-07-10 18:00:00,0.25374
SAGA,2025-07-11 18:00:00,0.30426
SAGA,2025-07-12 18:00:00,0.28031
SAGA,2025-07-13 18:00:00,0.28839
SAGA,2025-07-14 18:00:00,0.27981
SAGA,2025-07-15 18:00:00,0.2922
SAGA,2025-07-16 18:00:00,0.30782
SAGA,2025-07-17 18:00:00,0.2966
SAGA,2025-07-18 18:00:00,0.29241
SAGA,2025-07-19 18:00:00,0.28965
SAGA,2025-07-20 18:00:00,0.32954
SAGA,2025-07-21 18:00:00,0.3205
SAGA,2025-07-22 18:00:00,0.31638
SAGA,2025-07-23 18:00:00,0.28821
SAGA,2025-07-24 18:00:00,0.27825
SAGA,2025-07-25 18:00:00,0.27259
SAGA,2025-07-26 18:00:00,0.28303
SAGA,2025-07-27 18:00:00,0.2993
SAGA,2025-07-28 18:00:00,0.2799
SAGA,2025-07-29 18:00:00,0.26958
SAGA,2025-07-30 18:00:00,0.25969
SAGA,2025-07-31 18:00:00,0.25973
SAGA,2025-08-01 18:00:00,0.23937
SAGA,2025-08-02 18:00:00,0.22565
SAGA,2025-08-03 18:00:00,0.24017
SAGA,2025-08-04 18:00:00,0.25044
SAGA,2025-08-05 18:00:00,0.23515
SAGA,2025-08-06 18:00:00,0.24354
SAGA,2025-08-07 18:00:00,0.25199
SAGA,2025-08-08 18:00:00,0.26895
SAGA,2025-08-09 18:00:00,0.28269
SAGA,2025-08-10 18:00:00,0.28281
SAGA,2025-08-11 18:00:00,0.2695
SAGA,2025-08-12 18:00:00,0.27642
SAGA,2025-08-13 18:00:00,0.27888
SAGA,2025-08-14 18:00:00,0.25586
SAGA,2025-08-15 18:00:00,0.24789
SAGA,2025-08-16 18:00:00,0.26404
SAGA,2025-08-17 18:00:00,0.26664
SAGA,2025-08-18 18:00:00,0.25657
SAGA,2025-08-19 18:00:00,0.24141
SAGA,2025-08-20 18:00:00,0.25134
SAGA,2025-08-21 18:00:00,0.24947
SAGA,2025-08-22 18:00:00,0.27586
SAGA,2025-08-23 18:00:00,0.28297
SAGA,2025-08-24 18:00:00,0.28395
SAGA,2025-08-25 18:00:00,0.24883
SAGA,2025-08-26 18:00:00,0.24945
SAGA,2025-08-27 18:00:00,0.25129
SAGA,2025-08-28 18:00:00,0.25652
SAGA,2025-08-29 18:00:00,0.23872
SAGA,2025-08-30 18:00:00,0.24402
SAGA,2025-08-31 18:00:00,0.24923
SAGA,2025-09-01 18:00:00,0.23324
SAGA,2025-09-02 18:00:00,0.23642
SAGA,2025-09-03 18:00:00,0.24085
SAGA,2025-09-04 18:00:00,0.22692
SAGA,2025-09-05 18:00:00,0.23702
SAGA,2025-09-06 18:00:00,0.23434
SAGA,2025-09-07 18:00:00,0.23656
SAGA,2025-09-08 18:00:00,0.24755
SAGA,2025-09-09 18:00:00,0.24303
SAGA,2025-09-10 18:00:00,0.24147
SAGA,2025-09-11 18:00:00,0.2562
SAGA,2025-09-12 18:00:00,0.26844
SAGA,2025-09-13 18:00:00,0.27186
SAGA,2025-09-14 18:00:00,0.26022
SAGA,2025-09-15 18:00:00,0.24437
SAGA,2025-09-16 18:00:00,0.25522
SAGA,2025-09-17 18:00:00,0.25666
SAGA,2025-09-18 18:00:00,0.27116
SAGA,2025-09-19 18:00:00,0.24865
SAGA,2025-09-20 18:00:00,0.25169
SAGA,2025-09-21 18:00:00,0.25757
SAGA,2025-09-22 18:00:00,0.21661
SAGA,2025-09-23 18:00:00,0.2124
SAGA,2025-09-24 18:00:00,0.21958
SAGA,2025-09-25 18:00:00,0.20379
SAGA,2025-09-26 18:00:00,0.2096
SAGA,2025-09-27 18:00:00,0.20731
SAGA,2025-09-28 18:00:00,0.2086
SAGA,2025-09-29 18:00:00,0.20207
SAGA,2025-09-30 18:00:00,0.20183
SAGA,2025-10-01 18:00:00,0.21378
SAGA,2025-10-02 18:00:00,0.22359
SAGA,2025-10-03 18:00:00,0.21958
SAGA,2025-10-04 18:00:00,0.20845
SAGA,2025-10-05 18:00:00,0.20905
SAGA,2025-10-06 18:00:00,0.22338
SAGA,2025-10-07 18:00:00,0.19874
SAGA,2025-10-08 18:00:00,0.21167
SAGA,2025-10-09 18:00:00,0.19624
SAGA,2025-10-10 18:00:00,0.18418
SAGA,2025-10-11 18:00:00,0.12797
SAGA,2025-10-12 18:00:00,0.1321
SAGA,2025-10-13 18:00:00,0.14269
SAGA,2025-10-14 18:00:00,0.13731
SAGA,2025-10-15 18:00:00,0.1326
SAGA,2025-10-16 18:00:00,0.12598
SAGA,2025-10-17 18:00:00,0.12051
SAGA,2025-10-18 18:00:00,0.12034
SAGA,2025-10-19 18:00:00,0.12491
SAGA,2025-10-20 18:00:00,0.12289
SAGA,2025-10-21 18:00:00,0.12327
SAGA,2025-10-22 18:00:00,0.11138
SAGA,2025-10-23 18:00:00,0.11417
SAGA,2025-10-24 18:00:00,0.11098
SAGA,2025-10-25 18:00:00,0.11347
SAGA,2025-10-26 18:00:00,0.11481
SAGA,2025-10-27 18:00:00,0.11302
SAGA,2025-10-28 18:00:00,0.10849
SAGA,2025-10-29 18:00:00,0.10239
SAGA,2025-10-30 18:00:00,0.09124
SAGA,2025-10-31 18:00:00,0.09378
SAGA,2025-11-01 18:00:00,0.09973
SAGA,2025-11-02 18:00:00,0.09843
SAGA,2025-11-03 18:00:00,0.08562
SAGA,2025-11-04 18:00:00,0.08137
SAGA,2025-11-05 18:00:00,0.08493
SAGA,2025-11-06 18:00:00,0.08352
SAGA,2025-11-07 18:00:00,0.10037
SAGA,2025-11-08 18:00:00,0.09724
SAGA,2025-11-09 18:00:00,0.10237
SAGA,2025-11-10 18:00:00,0.10063
SAGA,2025-11-11 18:00:00,0.09631
SAGA,2025-11-12 18:00:00,0.08972
SAGA,2025-11-13 18:00:00,0.0864
SAND,2025-06-05 18:00:00,0.26796
SAND,2025-06-06 18:00:00,0.26836
SAND,2025-06-07 18:00:00,0.27566
SAND,2025-06-08 18:00:00,0.27963
SAND,2025-06-09 18:00:00,0.2816
SAND,2025-06-10 18:00:00,0.29659
SAND,2025-06-11 18:00:00,0.2938
SAND,2025-06-12 18:00:00,0.27957
SAND,2025-06-13 18:00:00,0.26162
SAND,2025-06-14 18:00:00,0.26176
SAND,2025-06-15 18:00:00,0.26207
SAND,2025-06-16 18:00:00,0.27593
SAND,2025-06-17 18:00:00,0.25696
SAND,2025-06-18 18:00:00,0.25055
SAND,2025-06-19 18:00:00,0.25273
SAND,2025-06-20 18:00:00,0.24812
SAND,2025-06-21 18:00:00,0.2404
SAND,2025-06-22 18:00:00,0.22597
SAND,2025-06-23 18:00:00,0.24419
SAND,2025-06-24 18:00:00,0.25443
SAND,2025-06-25 18:00:00,0.24817
SAND,2025-06-26 18:00:00,0.23984
SAND,2025-06-27 18:00:00,0.2354
SAND,2025-06-28 18:00:00,0.24017
SAND,2025-06-29 18:00:00,0.23809
SAND,2025-06-30 18:00:00,0.2388
SAND,2025-07-01 18:00:00,0.23019
SAND,2025-07-02 18:00:00,0.25563
SAND,2025-07-03 18:00:00,0.25323
SAND,2025-07-04 18:00:00,0.24065
SAND,2025-07-05 18:00:00,0.23717
SAND,2025-07-06 18:00:00,0.24472
SAND,2025-07-07 18:00:00,0.24269
SAND,2025-07-08 18:00:00,0.25034
SAND,2025-07-09 18:00:00,0.26174
SAND,2025-07-10 18:00:00,0.27616
SAND,2025-07-11 18:00:00,0.29661
SAND,2025-07-12 18:00:00,0.28487
SAND,2025-07-13 18:00:00,0.32052
SAND,2025-07-14 18:00:00,0.30748
SAND,2025-07-15 18:00:00,0.30846
SAND,2025-07-16 18:00:00,0.31951
SAND,2025-07-17 18:00:00,0.31815
SAND,2025-07-18 18:00:00,0.32795
SAND,2025-07-19 18:00:00,0.32223
SAND,2025-07-20 18:00:00,0.34831
SAND,2025-07-21 18:00:00,0.34267
SAND,2025-07-22 18:00:00,0.33717
SAND,2025-07-23 18:00:00,0.30876
SAND,2025-07-24 18:00:00,0.30412
SAND,2025-07-25 18:00:00,0.29623
SAND,2025-07-26 18:00:00,0.31124
SAND,2025-07-27 18:00:00,0.31776
SAND,2025-07-28 18:00:00,0.30042
SAND,2025-07-29 18:00:00,0.29412
SAND,2025-07-30 18:00:00,0.28259
SAND,2025-07-31 18:00:00,0.28409
SAND,2025-08-01 18:00:00,0.26553
SAND,2025-08-02 18:00:00,0.25376
SAND,2025-08-03 18:00:00,0.26503
SAND,2025-08-04 18:00:00,0.27327
SAND,2025-08-05 18:00:00,0.26274
SAND,2025-08-06 18:00:00,0.26997
SAND,2025-08-07 18:00:00,0.27602
SAND,2025-08-08 18:00:00,0.29134
SAND,2025-08-09 18:00:00,0.30226
SAND,2025-08-10 18:00:00,0.29712
SAND,2025-08-11 18:00:00,0.29007
SAND,2025-08-12 18:00:00,0.2983
SAND,2025-08-13 18:00:00,0.30756
SAND,2025-08-14 18:00:00,0.28574
SAND,2025-08-15 18:00:00,0.2782
SAND,2025-08-16 18:00:00,0.29579
SAND,2025-08-17 18:00:00,0.30016
SAND,2025-08-18 18:00:00,0.28798
SAND,2025-08-19 18:00:00,0.27364
SAND,2025-08-20 18:00:00,0.28062
SAND,2025-08-21 18:00:00,0.27862
SAND,2025-08-22 18:00:00,0.30513
SAND,2025-08-23 18:00:00,0.29916
SAND,2025-08-24 18:00:00,0.30565
SAND,2025-08-25 18:00:00,0.28059
SAND,2025-08-26 18:00:00,0.27907
SAND,2025-08-27 18:00:00,0.28287
SAND,2025-08-28 18:00:00,0.28097
SAND,2025-08-29 18:00:00,0.26978
SAND,2025-08-30 18:00:00,0.27096
SAND,2025-08-31 18:00:00,0.28146
SAND,2025-09-01 18:00:00,0.2703
SAND,2025-09-02 18:00:00,0.27323
SAND,2025-09-03 18:00:00,0.28218
SAND,2025-09-04 18:00:00,0.27007
SAND,2025-09-05 18:00:00,0.2825
SAND,2025-09-06 18:00:00,0.2801
SAND,2025-09-07 18:00:00,0.28578
SAND,2025-09-08 18:00:00,0.29694
SAND,2025-09-09 18:00:00,0.29339
SAND,2025-09-10 18:00:00,0.29899
SAND,2025-09-11 18:00:00,0.30079
SAND,2025-09-12 18:00:00,0.31094
SAND,2025-09-13 18:00:00,0.32796
SAND,2025-09-14 18:00:00,0.30904
SAND,2025-09-15 18:00:00,0.29366
SAND,2025-09-16 18:00:00,0.30092
SAND,2025-09-17 18:00:00,0.29831
SAND,2025-09-18 18:00:00,0.31688
SAND,2025-09-19 18:00:00,0.30058
SAND,2025-09-20 18:00:00,0.30022
SAND,2025-09-21 18:00:00,0.29698
SAND,2025-09-22 18:00:00,0.26825
SAND,2025-09-23 18:00:00,0.27115
SAND,2025-09-24 18:00:00,0.27416
SAND,2025-09-25 18:00:00,0.26266
SAND,2025-09-26 18:00:00,0.26671
SAND,2025-09-27 18:00:00,0.26206
SAND,2025-09-28 18:00:00,0.2649
SAND,2025-09-29 18:00:00,0.26583
SAND,2025-09-30 18:00:00,0.26071
SAND,2025-10-01 18:00:00,0.27777
SAND,2025-10-02 18:00:00,0.28741
SAND,2025-10-03 18:00:00,0.2871
SAND,2025-10-04 18:00:00,0.27692
SAND,2025-10-05 18:00:00,0.27832
SAND,2025-10-06 18:00:00,0.28846
SAND,2025-10-07 18:00:00,0.26948
SAND,2025-10-08 18:00:00,0.27577
SAND,2025-10-09 18:00:00,0.26296
SAND,2025-10-10 18:00:00,0.25311
SAND,2025-10-11 18:00:00,0.20075
SAND,2025-10-12 18:00:00,0.21677
SAND,2025-10-13 18:00:00,0.23139
SAND,2025-10-14 18:00:00,0.22506
SAND,2025-10-15 18:00:00,0.21797
SAND,2025-10-16 18:00:00,0.21026
SAND,2025-10-17 18:00:00,0.20014
SAND,2025-10-18 18:00:00,0.20279
SAND,2025-10-19 18:00:00,0.21124
SAND,2025-10-20 18:00:00,0.21272
SAND,2025-10-21 18:00:00,0.22013
SAND,2025-10-22 18:00:00,0.20359
SAND,2025-10-23 18:00:00,0.20985
SAND,2025-10-24 18:00:00,0.21184
SAND,2025-10-25 18:00:00,0.21433
SAND,2025-10-26 18:00:00,0.21793
SAND,2025-10-27 18:00:00,0.21918
SAND,2025-10-28 18:00:00,0.21472
SAND,2025-10-29 18:00:00,0.21403
SAND,2025-10-30 18:00:00,0.19192
SAND,2025-10-31 18:00:00,0.19994
SAND,2025-11-01 18:00:00,0.20822
SAND,2025-11-02 18:00:00,0.20251
SAND,2025-11-03 18:00:00,0.1842
SAND,2025-11-04 18:00:00,0.17348
SAND,2025-11-05 18:00:00,0.18473
SAND,2025-11-06 18:00:00,0.17972
SAND,2025-11-07 18:00:00,0.20881
SAND,2025-11-08 18:00:00,0.20208
SAND,2025-11-09 18:00:00,0.20824
SAND,2025-11-10 18:00:00,0.20554
SAND,2025-11-11 18:00:00,0.20194
SAND,2025-11-12 18:00:00,0.19428
SAND,2025-11-13 18:00:00,0.18581
SCR,2025-06-05 18:00:00,0.28128
SCR,2025-06-06 18:00:00,0.26629
SCR,2025-06-07 18:00:00,0.27085
SCR,2025-06-08 18:00:00,0.27951
SCR,2025-06-09 18:00:00,0.2871
SCR,2025-06-10 18:00:00,0.30977
SCR,2025-06-11 18:00:00,0.31093
SCR,2025-06-12 18:00:00,0.28884
SCR,2025-06-13 18:00:00,0.26993
SCR,2025-06-14 18:00:00,0.26501
SCR,2025-06-15 18:00:00,0.25484
SCR,2025-06-16 18:00:00,0.27225
SCR,2025-06-17 18:00:00,0.24942
SCR,2025-06-18 18:00:00,0.24342
SCR,2025-06-19 18:00:00,0.2481
SCR,2025-06-20 18:00:00,0.24247
SCR,2025-06-21 18:00:00,0.23076
SCR,2025-06-22 18:00:00,0.21653
SCR,2025-06-23 18:00:00,0.23299
SCR,2025-06-24 18:00:00,0.25233
SCR,2025-06-25 18:00:00,0.24583
SCR,2025-06-26 18:00:00,0.23754
SCR,2025-06-27 18:00:00,0.23474
SCR,2025-06-28 18:00:00,0.24896
SCR,2025-06-29 18:00:00,0.2536
SCR,2025-06-30 18:00:00,0.25506
SCR,2025-07-01 18:00:00,0.24092
SCR,2025-07-02 18:00:00,0.26568
SCR,2025-07-03 18:00:00,0.26059
SCR,2025-07-04 18:00:00,0.26339
SCR,2025-07-05 18:00:00,0.25862
SCR,2025-07-06 18:00:00,0.26599
SCR,2025-07-07 18:00:00,0.26467
SCR,2025-07-08 18:00:00,0.27522
SCR,2025-07-09 18:00:00,0.27775
SCR,2025-07-10 18:00:00,0.29808
SCR,2025-07-11 18:00:00,0.34943
SCR,2025-07-12 18:00:00,0.33286
SCR,2025-07-13 18:00:00,0.36264
SCR,2025-07-14 18:00:00,0.33576
SCR,2025-07-15 18:00:00,0.3399
SCR,2025-07-16 18:00:00,0.35243
SCR,2025-07-17 18:00:00,0.33448
SCR,2025-07-18 18:00:00,0.33298
SCR,2025-07-19 18:00:00,0.32846
SCR,2025-07-20 18:00:00,0.36758
SCR,2025-07-21 18:00:00,0.35308
SCR,2025-07-22 18:00:00,0.33867
SCR,2025-07-23 18:00:00,0.32274
SCR,2025-07-24 18:00:00,0.31794
SCR,2025-07-25 18:00:00,0.31031
SCR,2025-07-26 18:00:00,0.32883
SCR,2025-07-27 18:00:00,0.33941
SCR,2025-07-28 18:00:00,0.31603
SCR,2025-07-29 18:00:00,0.30631
SCR,2025-07-30 18:00:00,0.29815
SCR,2025-07-31 18:00:00,0.30273
SCR,2025-08-01 18:00:00,0.28596
SCR,2025-08-02 18:00:00,0.26895
SCR,2025-08-03 18:00:00,0.28454
SCR,2025-08-04 18:00:00,0.29697
SCR,2025-08-05 18:00:00,0.28642
SCR,2025-08-06 18:00:00,0.29446
SCR,2025-08-07 18:00:00,0.30614
SCR,2025-08-08 18:00:00,0.32051
SCR,2025-08-09 18:00:00,0.33702
SCR,2025-08-10 18:00:00,0.33416
SCR,2025-08-11 18:00:00,0.32565
SCR,2025-08-12 18:00:00,0.35886
SCR,2025-08-13 18:00:00,0.37097
SCR,2025-08-14 18:00:00,0.38139
SCR,2025-08-15 18:00:00,0.37047
SCR,2025-08-16 18:00:00,0.38552
SCR,2025-08-17 18:00:00,0.41032
SCR,2025-08-18 18:00:00,0.37597
SCR,2025-08-19 18:00:00,0.3458
SCR,2025-08-20 18:00:00,0.38365
SCR,2025-08-21 18:00:00,0.40232
SCR,2025-08-22 18:00:00,0.41214
SCR,2025-08-23 18:00:00,0.40013
SCR,2025-08-24 18:00:00,0.39691
SCR,2025-08-25 18:00:00,0.35596
SCR,2025-08-26 18:00:00,0.36011
SCR,2025-08-27 18:00:00,0.35767
SCR,2025-08-28 18:00:00,0.36933
SCR,2025-08-29 18:00:00,0.32795
SCR,2025-08-30 18:00:00,0.33856
SCR,2025-08-31 18:00:00,0.34261
SCR,2025-09-01 18:00:00,0.32433
SCR,2025-09-02 18:00:00,0.32797
SCR,2025-09-03 18:00:00,0.3324
SCR,2025-09-04 18:00:00,0.31463
SCR,2025-09-05 18:00:00,0.33037
SCR,2025-09-06 18:00:00,0.33156
SCR,2025-09-07 18:00:00,0.33081
SCR,2025-09-08 18:00:00,0.34121
SCR,2025-09-09 18:00:00,0.33828
SCR,2025-09-10 18:00:00,0.34707
SCR,2025-09-11 18:00:00,0.34068
SCR,2025-09-12 18:00:00,0.34856
SCR,2025-09-13 18:00:00,0.34863
SCR,2025-09-14 18:00:00,0.33607
SCR,2025-09-15 18:00:00,0.31647
SCR,2025-09-16 18:00:00,0.32297
SCR,2025-09-17 18:00:00,0.31584
SCR,2025-09-18 18:00:00,0.33503
SCR,2025-09-19 18:00:00,0.31995
SCR,2025-09-20 18:00:00,0.3229
SCR,2025-09-21 18:00:00,0.32285
SCR,2025-09-22 18:00:00,0.27182
SCR,2025-09-23 18:00:00,0.27683
SCR,2025-09-24 18:00:00,0.28395
SCR,2025-09-25 18:00:00,0.26739
SCR,2025-09-26 18:00:00,0.2717
SCR,2025-09-27 18:00:00,0.28173
SCR,2025-09-28 18:00:00,0.28152
SCR,2025-09-29 18:00:00,0.27903
SCR,2025-09-30 18:00:00,0.27162
SCR,2025-10-01 18:00:00,0.28688
SCR,2025-10-02 18:00:00,0.30124
SCR,2025-10-03 18:00:00,0.29853
SCR,2025-10-04 18:00:00,0.27949
SCR,2025-10-05 18:00:00,0.27539
SCR,2025-10-06 18:00:00,0.29241
SCR,2025-10-07 18:00:00,0.27208
SCR,2025-10-08 18:00:00,0.27662
SCR,2025-10-09 18:00:00,0.25836
SCR,2025-10-10 18:00:00,0.2503
SCR,2025-10-11 18:00:00,0.1759
SCR,2025-10-12 18:00:00,0.17988
SCR,2025-10-13 18:00:00,0.19442
SCR,2025-10-14 18:00:00,0.18811
SCR,2025-10-15 18:00:00,0.1901
SCR,2025-10-16 18:00:00,0.17969
SCR,2025-10-17 18:00:00,0.16979
SCR,2025-10-18 18:00:00,0.17068
SCR,2025-10-19 18:00:00,0.1766
SCR,2025-10-20 18:00:00,0.16897
SCR,2025-10-21 18:00:00,0.17281
SCR,2025-10-22 18:00:00,0.15951
SCR,2025-10-23 18:00:00,0.16108
SCR,2025-10-24 18:00:00,0.1593
SCR,2025-10-25 18:00:00,0.16226
SCR,2025-10-26 18:00:00,0.16441
SCR,2025-10-27 18:00:00,0.16149
SCR,2025-10-28 18:00:00,0.15746
SCR,2025-10-29 18:00:00,0.15242
SCR,2025-10-30 18:00:00,0.13593
SCR,2025-10-31 18:00:00,0.14327
SCR,2025-11-01 18:00:00,0.16076
SCR,2025-11-02 18:00:00,0.17708
SCR,2025-11-03 18:00:00,0.16672
SCR,2025-11-04 18:00:00,0.15608
SCR,2025-11-05 18:00:00,0.15552
SCR,2025-11-06 18:00:00,0.15365
SCR,2025-11-07 18:00:00,0.17161
SCR,2025-11-08 18:00:00,0.16231
SCR,2025-11-09 18:00:00,0.16461
SCR,2025-11-10 18:00:00,0.17398
SCR,2025-11-11 18:00:00,0.15397
SCR,2025-11-12 18:00:00,0.14683
SCR,2025-11-13 18:00:00,0.13993
SEI,2025-06-05 18:00:00,0.18772
SEI,2025-06-06 18:00:00,0.18411
SEI,2025-06-07 18:00:00,0.189
SEI,2025-06-08 18:00:00,0.19031
SEI,2025-06-09 18:00:00,0.19246
SEI,2025-06-10 18:00:00,0.20378
SEI,2025-06-11 18:00:00,0.20356
SEI,2025-06-12 18:00:00,0.19099
SEI,2025-06-13 18:00:00,0.17509
SEI,2025-06-14 18:00:00,0.17356
SEI,2025-06-15 18:00:00,0.17676
SEI,2025-06-16 18:00:00,0.18406
SEI,2025-06-17 18:00:00,0.1686
SEI,2025-06-18 18:00:00,0.16559
SEI,2025-06-19 18:00:00,0.18801
SEI,2025-06-20 18:00:00,0.19897
SEI,2025-06-21 18:00:00,0.21896
SEI,2025-06-22 18:00:00,0.19502
SEI,2025-06-23 18:00:00,0.21302
SEI,2025-06-24 18:00:00,0.27778
SEI,2025-06-25 18:00:00,0.28818
SEI,2025-06-26 18:00:00,0.24834
SEI,2025-06-27 18:00:00,0.27856
SEI,2025-06-28 18:00:00,0.28429
SEI,2025-06-29 18:00:00,0.30305
SEI,2025-06-30 18:00:00,0.28598
SEI,2025-07-01 18:00:00,0.27684
SEI,2025-07-02 18:00:00,0.28572
SEI,2025-07-03 18:00:00,0.27172
SEI,2025-07-04 18:00:00,0.25989
SEI,2025-07-05 18:00:00,0.25931
SEI,2025-07-06 18:00:00,0.26337
SEI,2025-07-07 18:00:00,0.25694
SEI,2025-07-08 18:00:00,0.26163
SEI,2025-07-09 18:00:00,0.25865
SEI,2025-07-10 18:00:00,0.28641
SEI,2025-07-11 18:00:00,0.33999
SEI,2025-07-12 18:00:00,0.3215
SEI,2025-07-13 18:00:00,0.3269
SEI,2025-07-14 18:00:00,0.3296
SEI,2025-07-15 18:00:00,0.36866
SEI,2025-07-16 18:00:00,0.3652
SEI,2025-07-17 18:00:00,0.34951
SEI,2025-07-18 18:00:00,0.35053
SEI,2025-07-19 18:00:00,0.34799
SEI,2025-07-20 18:00:00,0.37327
SEI,2025-07-21 18:00:00,0.35262
SEI,2025-07-22 18:00:00,0.34687
SEI,2025-07-23 18:00:00,0.33134
SEI,2025-07-24 18:00:00,0.33063
SEI,2025-07-25 18:00:00,0.32018
SEI,2025-07-26 18:00:00,0.34711
SEI,2025-07-27 18:00:00,0.34764
SEI,2025-07-28 18:00:00,0.32568
SEI,2025-07-29 18:00:00,0.32208
SEI,2025-07-30 18:00:00,0.30411
SEI,2025-07-31 18:00:00,0.30355
SEI,2025-08-01 18:00:00,0.28661
SEI,2025-08-02 18:00:00,0.26404
SEI,2025-08-03 18:00:00,0.27915
SEI,2025-08-04 18:00:00,0.29772
SEI,2025-08-05 18:00:00,0.28713
SEI,2025-08-06 18:00:00,0.2928
SEI,2025-08-07 18:00:00,0.29924
SEI,2025-08-08 18:00:00,0.3132
SEI,2025-08-09 18:00:00,0.33194
SEI,2025-08-10 18:00:00,0.32549
SEI,2025-08-11 18:00:00,0.31262
SEI,2025-08-12 18:00:00,0.32127
SEI,2025-08-13 18:00:00,0.35056
SEI,2025-08-14 18:00:00,0.32828
SEI,2025-08-15 18:00:00,0.318
SEI,2025-08-16 18:00:00,0.32203
SEI,2025-08-17 18:00:00,0.34461
SEI,2025-08-18 18:00:00,0.33195
SEI,2025-08-19 18:00:00,0.3039
SEI,2025-08-20 18:00:00,0.30308
SEI,2025-08-21 18:00:00,0.29376
SEI,2025-08-22 18:00:00,0.32313
SEI,2025-08-23 18:00:00,0.32226
SEI,2025-08-24 18:00:00,0.32354
SEI,2025-08-25 18:00:00,0.29201
SEI,2025-08-26 18:00:00,0.29644
SEI,2025-08-27 18:00:00,0.30043
SEI,2025-08-28 18:00:00,0.29802
SEI,2025-08-29 18:00:00,0.28316
SEI,2025-08-30 18:00:00,0.28547
SEI,2025-08-31 18:00:00,0.29194
SEI,2025-09-01 18:00:00,0.27826
SEI,2025-09-02 18:00:00,0.28301
SEI,2025-09-03 18:00:00,0.29423
SEI,2025-09-04 18:00:00,0.27751
SEI,2025-09-05 18:00:00,0.29358
SEI,2025-09-06 18:00:00,0.2868
SEI,2025-09-07 18:00:00,0.29304
SEI,2025-09-08 18:00:00,0.30967
SEI,2025-09-09 18:00:00,0.30618
SEI,2025-09-10 18:00:00,0.31833
SEI,2025-09-11 18:00:00,0.32765
SEI,2025-09-12 18:00:00,0.34289
SEI,2025-09-13 18:00:00,0.3441
SEI,2025-09-14 18:00:00,0.33244
SEI,2025-09-15 18:00:00,0.31527
SEI,2025-09-16 18:00:00,0.31812
SEI,2025-09-17 18:00:00,0.30959
SEI,2025-09-18 18:00:00,0.34174
SEI,2025-09-19 18:00:00,0.32125
SEI,2025-09-20 18:00:00,0.31847
SEI,2025-09-21 18:00:00,0.31617
SEI,2025-09-22 18:00:00,0.28687
SEI,2025-09-23 18:00:00,0.28953
SEI,2025-09-24 18:00:00,0.29535
SEI,2025-09-25 18:00:00,0.27583
SEI,2025-09-26 18:00:00,0.28275
SEI,2025-09-27 18:00:00,0.27602
SEI,2025-09-28 18:00:00,0.27949
SEI,2025-09-29 18:00:00,0.27864
SEI,2025-09-30 18:00:00,0.27166
SEI,2025-10-01 18:00:00,0.29786
SEI,2025-10-02 18:00:00,0.29889
SEI,2025-10-03 18:00:00,0.29795
SEI,2025-10-04 18:00:00,0.28514
SEI,2025-10-05 18:00:00,0.29112
SEI,2025-10-06 18:00:00,0.30494
SEI,2025-10-07 18:00:00,0.28573
SEI,2025-10-08 18:00:00,0.29119
SEI,2025-10-09 18:00:00,0.27564
SEI,2025-10-10 18:00:00,0.2696
SEI,2025-10-11 18:00:00,0.21597
SEI,2025-10-12 18:00:00,0.23081
SEI,2025-10-13 18:00:00,0.23231
SEI,2025-10-14 18:00:00,0.2252
SEI,2025-10-15 18:00:00,0.21791
SEI,2025-10-16 18:00:00,0.20794
SEI,2025-10-17 18:00:00,0.19176
SEI,2025-10-18 18:00:00,0.19149
SEI,2025-10-19 18:00:00,0.19829
SEI,2025-10-20 18:00:00,0.19837
SEI,2025-10-21 18:00:00,0.20063
SEI,2025-10-22 18:00:00,0.18546
SEI,2025-10-23 18:00:00,0.19287
SEI,2025-10-24 18:00:00,0.19281
SEI,2025-10-25 18:00:00,0.2018
SEI,2025-10-26 18:00:00,0.20434
SEI,2025-10-27 18:00:00,0.20388
SEI,2025-10-28 18:00:00,0.20035
SEI,2025-10-29 18:00:00,0.19782
SEI,2025-10-30 18:00:00,0.17916
SEI,2025-10-31 18:00:00,0.19035
SEI,2025-11-01 18:00:00,0.19514
SEI,2025-11-02 18:00:00,0.19037
SEI,2025-11-03 18:00:00,0.16857
SEI,2025-11-04 18:00:00,0.15717
SEI,2025-11-05 18:00:00,0.16816
SEI,2025-11-06 18:00:00,0.15995
SEI,2025-11-07 18:00:00,0.17992
SEI,2025-11-08 18:00:00,0.18121
SEI,2025-11-09 18:00:00,0.18331
SEI,2025-11-10 18:00:00,0.18508
SEI,2025-11-11 18:00:00,0.17886
SEI,2025-11-12 18:00:00,0.17113
SEI,2025-11-13 18:00:00,0.1662
SKY,2025-09-09 18:00:00,0.07383
SKY,2025-09-10 18:00:00,0.07349
SKY,2025-09-11 18:00:00,0.07155
SKY,2025-09-12 18:00:00,0.074
SKY,2025-09-13 18:00:00,0.07514
SKY,2025-09-14 18:00:00,0.07735
SKY,2025-09-15 18:00:00,0.07289
SKY,2025-09-16 18:00:00,0.07317
SKY,2025-09-17 18:00:00,0.078153
SKY,2025-09-18 18:00:00,0.077948
SKY,2025-09-19 18:00:00,0.072669
SKY,2025-09-20 18:00:00,0.069697
SKY,2025-09-21 18:00:00,0.070163
SKY,2025-09-22 18:00:00,0.067433
SKY,2025-09-23 18:00:00,0.068274
SKY,2025-09-24 18:00:00,0.068655
SKY,2025-09-25 18:00:00,0.066256
SKY,2025-09-26 18:00:00,0.068506
SKY,2025-09-27 18:00:00,0.065099
SKY,2025-09-28 18:00:00,0.06843
SKY,2025-09-29 18:00:00,0.065967
SKY,2025-09-30 18:00:00,0.068009
SKY,2025-10-01 18:00:00,0.072807
SKY,2025-10-02 18:00:00,0.069814
SKY,2025-10-03 18:00:00,0.069937
SKY,2025-10-04 18:00:00,0.066808
SKY,2025-10-05 18:00:00,0.067998
SKY,2025-10-06 18:00:00,0.069571
SKY,2025-10-07 18:00:00,0.067158
SKY,2025-10-08 18:00:00,0.068537
SKY,2025-10-09 18:00:00,0.066745
SKY,2025-10-10 18:00:00,0.064735
SKY,2025-10-11 18:00:00,0.058526
SKY,2025-10-12 18:00:00,0.06138
SKY,2025-10-13 18:00:00,0.064623
SKY,2025-10-14 18:00:00,0.061967
SKY,2025-10-15 18:00:00,0.060148
SKY,2025-10-16 18:00:00,0.060079
SKY,2025-10-17 18:00:00,0.059773
SKY,2025-10-18 18:00:00,0.058773
SKY,2025-10-19 18:00:00,0.059111
SKY,2025-10-20 18:00:00,0.0584
SKY,2025-10-21 18:00:00,0.060488
SKY,2025-10-22 18:00:00,0.058387
SKY,2025-10-23 18:00:00,0.059849
SKY,2025-10-24 18:00:00,0.05779
SKY,2025-10-25 18:00:00,0.058414
SKY,2025-10-26 18:00:00,0.059167
SKY,2025-10-27 18:00:00,0.058682
SKY,2025-10-28 18:00:00,0.058578
SKY,2025-10-29 18:00:00,0.05821
SKY,2025-10-30 18:00:00,0.056392
SKY,2025-10-31 18:00:00,0.056139
SKY,2025-11-01 18:00:00,0.055793
SKY,2025-11-02 18:00:00,0.05527
SKY,2025-11-03 18:00:00,0.054375
SKY,2025-11-04 18:00:00,0.052298
SKY,2025-11-05 18:00:00,0.052183
SKY,2025-11-06 18:00:00,0.050313
SKY,2025-11-07 18:00:00,0.054844
SKY,2025-11-08 18:00:00,0.051114
SKY,2025-11-09 18:00:00,0.054432
SKY,2025-11-10 18:00:00,0.055074
SKY,2025-11-11 18:00:00,0.052686
SKY,2025-11-12 18:00:00,0.057875
SKY,2025-11-13 18:00:00,0.056441
SNX,2025-06-05 18:00:00,0.6698
SNX,2025-06-06 18:00:00,0.62826
SNX,2025-06-07 18:00:00,0.65412
SNX,2025-06-08 18:00:00,0.66491
SNX,2025-06-09 18:00:00,0.66078
SNX,2025-06-10 18:00:00,0.731
SNX,2025-06-11 18:00:00,0.71906
SNX,2025-06-12 18:00:00,0.66873
SNX,2025-06-13 18:00:00,0.60508
SNX,2025-06-14 18:00:00,0.6016
SNX,2025-06-15 18:00:00,0.60495
SNX,2025-06-16 18:00:00,0.64099
SNX,2025-06-17 18:00:00,0.58717
SNX,2025-06-18 18:00:00,0.5734
SNX,2025-06-19 18:00:00,0.58801
SNX,2025-06-20 18:00:00,0.56508
SNX,2025-06-21 18:00:00,0.52825
SNX,2025-06-22 18:00:00,0.49555
SNX,2025-06-23 18:00:00,0.52969
SNX,2025-06-24 18:00:00,0.57607
SNX,2025-06-25 18:00:00,0.58352
SNX,2025-06-26 18:00:00,0.56361
SNX,2025-06-27 18:00:00,0.56883
SNX,2025-06-28 18:00:00,0.58915
SNX,2025-06-29 18:00:00,0.59156
SNX,2025-06-30 18:00:00,0.57982
SNX,2025-07-01 18:00:00,0.56082
SNX,2025-07-02 18:00:00,0.59404
SNX,2025-07-03 18:00:00,0.59308
SNX,2025-07-04 18:00:00,0.55258
SNX,2025-07-05 18:00:00,0.54959
SNX,2025-07-06 18:00:00,0.56085
SNX,2025-07-07 18:00:00,0.55606
SNX,2025-07-08 18:00:00,0.5736
SNX,2025-07-09 18:00:00,0.58855
SNX,2025-07-10 18:00:00,0.62231
SNX,2025-07-11 18:00:00,0.67508
SNX,2025-07-12 18:00:00,0.6406
SNX,2025-07-13 18:00:00,0.66652
SNX,2025-07-14 18:00:00,0.6399
SNX,2025-07-15 18:00:00,0.64524
SNX,2025-07-16 18:00:00,0.67932
SNX,2025-07-17 18:00:00,0.67803
SNX,2025-07-18 18:00:00,0.6953
SNX,2025-07-19 18:00:00,0.69977
SNX,2025-07-20 18:00:00,0.75699
SNX,2025-07-21 18:00:00,0.75376
SNX,2025-07-22 18:00:00,0.73084
SNX,2025-07-23 18:00:00,0.6732
SNX,2025-07-24 18:00:00,0.65756
SNX,2025-07-25 18:00:00,0.63351
SNX,2025-07-26 18:00:00,0.65506
SNX,2025-07-27 18:00:00,0.67282
SNX,2025-07-28 18:00:00,0.64262
SNX,2025-07-29 18:00:00,0.6192
SNX,2025-07-30 18:00:00,0.60027
SNX,2025-07-31 18:00:00,0.60163
SNX,2025-08-01 18:00:00,0.56769
SNX,2025-08-02 18:00:00,0.54659
SNX,2025-08-03 18:00:00,0.57859
SNX,2025-08-04 18:00:00,0.61157
SNX,2025-08-05 18:00:00,0.57651
SNX,2025-08-06 18:00:00,0.59758
SNX,2025-08-07 18:00:00,0.60621
SNX,2025-08-08 18:00:00,0.6361
SNX,2025-08-09 18:00:00,0.66829
SNX,2025-08-10 18:00:00,0.67361
SNX,2025-08-11 18:00:00,0.65772
SNX,2025-08-12 18:00:00,0.68076
SNX,2025-08-13 18:00:00,0.70917
SNX,2025-08-14 18:00:00,0.65311
SNX,2025-08-15 18:00:00,0.66777
SNX,2025-08-16 18:00:00,0.71283
SNX,2025-08-17 18:00:00,0.70902
SNX,2025-08-18 18:00:00,0.67192
SNX,2025-08-19 18:00:00,0.64466
SNX,2025-08-20 18:00:00,0.65865
SNX,2025-08-21 18:00:00,0.65398
SNX,2025-08-22 18:00:00,0.70133
SNX,2025-08-23 18:00:00,0.7236
SNX,2025-08-24 18:00:00,0.7238
SNX,2025-08-25 18:00:00,0.65231
SNX,2025-08-26 18:00:00,0.69675
SNX,2025-08-27 18:00:00,0.72953
SNX,2025-08-28 18:00:00,0.72189
SNX,2025-08-29 18:00:00,0.67316
SNX,2025-08-30 18:00:00,0.70077
SNX,2025-08-31 18:00:00,0.69769
SNX,2025-09-01 18:00:00,0.66084
SNX,2025-09-02 18:00:00,0.66822
SNX,2025-09-03 18:00:00,0.6877
SNX,2025-09-04 18:00:00,0.64485
SNX,2025-09-05 18:00:00,0.6658
SNX,2025-09-06 18:00:00,0.66163
SNX,2025-09-07 18:00:00,0.66081
SNX,2025-09-08 18:00:00,0.68887
SNX,2025-09-09 18:00:00,0.68543
SNX,2025-09-10 18:00:00,0.69584
SNX,2025-09-11 18:00:00,0.69193
SNX,2025-09-12 18:00:00,0.72447
SNX,2025-09-13 18:00:00,0.71895
SNX,2025-09-14 18:00:00,0.69015
SNX,2025-09-15 18:00:00,0.66666
SNX,2025-09-16 18:00:00,0.68067
SNX,2025-09-17 18:00:00,0.66854
SNX,2025-09-18 18:00:00,0.72268
SNX,2025-09-19 18:00:00,0.68222
SNX,2025-09-20 18:00:00,0.68359
SNX,2025-09-21 18:00:00,0.68393
SNX,2025-09-22 18:00:00,0.61556
SNX,2025-09-23 18:00:00,0.6654
SNX,2025-09-24 18:00:00,0.77695
SNX,2025-09-25 18:00:00,0.80372
SNX,2025-09-26 18:00:00,1.1456
SNX,2025-09-27 18:00:00,1.1235
SNX,2025-09-28 18:00:00,1.0886
SNX,2025-09-29 18:00:00,1.157
SNX,2025-09-30 18:00:00,1.0965
SNX,2025-10-01 18:00:00,1.164
SNX,2025-10-02 18:00:00,1.2596
SNX,2025-10-03 18:00:00,1.2247
SNX,2025-10-04 18:00:00,1.1835
SNX,2025-10-05 18:00:00,1.1306
SNX,2025-10-06 18:00:00,1.1804
SNX,2025-10-07 18:00:00,1.1266
SNX,2025-10-08 18:00:00,1.1348
SNX,2025-10-09 18:00:00,1.1423
SNX,2025-10-10 18:00:00,1.2622
SNX,2025-10-11 18:00:00,0.98152
SNX,2025-10-12 18:00:00,1.6139
SNX,2025-10-13 18:00:00,2.4727
SNX,2025-10-14 18:00:00,1.9729
SNX,2025-10-15 18:00:00,1.7967
SNX,2025-10-16 18:00:00,1.569
SNX,2025-10-17 18:00:00,1.4176
SNX,2025-10-18 18:00:00,1.3762
SNX,2025-10-19 18:00:00,1.6812
SNX,2025-10-20 18:00:00,1.5793
SNX,2025-10-21 18:00:00,1.5671
SNX,2025-10-22 18:00:00,1.3242
SNX,2025-10-23 18:00:00,1.2768
SNX,2025-10-24 18:00:00,1.2934
SNX,2025-10-25 18:00:00,1.2323
SNX,2025-10-26 18:00:00,1.2365
SNX,2025-10-27 18:00:00,1.1761
SNX,2025-10-28 18:00:00,1.1443
SNX,2025-10-29 18:00:00,1.1471
SNX,2025-10-30 18:00:00,0.96789
SNX,2025-10-31 18:00:00,0.98395
SNX,2025-11-01 18:00:00,1.0027
SNX,2025-11-02 18:00:00,1.0119
SNX,2025-11-03 18:00:00,0.9306
SNX,2025-11-04 18:00:00,0.86092
SNX,2025-11-05 18:00:00,0.87044
SNX,2025-11-06 18:00:00,0.82143
SNX,2025-11-07 18:00:00,0.8906
SNX,2025-11-08 18:00:00,0.84075
SNX,2025-11-09 18:00:00,0.86593
SNX,2025-11-10 18:00:00,0.84346
SNX,2025-11-11 18:00:00,0.79743
SNX,2025-11-12 18:00:00,0.77047
SNX,2025-11-13 18:00:00,0.72464
SOL,2025-06-05 18:00:00,149.39
SOL,2025-06-06 18:00:00,148.83
SOL,2025-06-07 18:00:00,150.49
SOL,2025-06-08 18:00:00,153.78
SOL,2025-06-09 18:00:00,156.4
SOL,2025-06-10 18:00:00,163.98
SOL,2025-06-11 18:00:00,163.39
SOL,2025-06-12 18:00:00,157.79
SOL,2025-06-13 18:00:00,145.49
SOL,2025-06-14 18:00:00,144.03
SOL,2025-06-15 18:00:00,152.65
SOL,2025-06-16 18:00:00,158.19
SOL,2025-06-17 18:00:00,148.09
SOL,2025-06-18 18:00:00,143.9
SOL,2025-06-19 18:00:00,145.26
SOL,2025-06-20 18:00:00,139.23
SOL,2025-06-21 18:00:00,137.6
SOL,2025-06-22 18:00:00,129.38
SOL,2025-06-23 18:00:00,138.02
SOL,2025-06-24 18:00:00,143.6
SOL,2025-06-25 18:00:00,143.23
SOL,2025-06-26 18:00:00,141.41
SOL,2025-06-27 18:00:00,140.54
SOL,2025-06-28 18:00:00,151.34
SOL,2025-06-29 18:00:00,151.89
SOL,2025-06-30 18:00:00,155.78
SOL,2025-07-01 18:00:00,145.94
SOL,2025-07-02 18:00:00,152.19
SOL,2025-07-03 18:00:00,151.65
SOL,2025-07-04 18:00:00,146.34
SOL,2025-07-05 18:00:00,146.32
SOL,2025-07-06 18:00:00,151.36
SOL,2025-07-07 18:00:00,150.05
SOL,2025-07-08 18:00:00,152.75
SOL,2025-07-09 18:00:00,154.64
SOL,2025-07-10 18:00:00,159.01
SOL,2025-07-11 18:00:00,164.51
SOL,2025-07-12 18:00:00,160.43
SOL,2025-07-13 18:00:00,163.16
SOL,2025-07-14 18:00:00,162.79
SOL,2025-07-15 18:00:00,161.91
SOL,2025-07-16 18:00:00,173.61
SOL,2025-07-17 18:00:00,174.97
SOL,2025-07-18 18:00:00,177.92
SOL,2025-07-19 18:00:00,176.83
SOL,2025-07-20 18:00:00,182.39
SOL,2025-07-21 18:00:00,193.89
SOL,2025-07-22 18:00:00,202.71
SOL,2025-07-23 18:00:00,190.47
SOL,2025-07-24 18:00:00,189.37
SOL,2025-07-25 18:00:00,182.43
SOL,2025-07-26 18:00:00,186.14
SOL,2025-07-27 18:00:00,188.54
SOL,2025-07-28 18:00:00,185.21
SOL,2025-07-29 18:00:00,181.49
SOL,2025-07-30 18:00:00,175.91
SOL,2025-07-31 18:00:00,177.82
SOL,2025-08-01 18:00:00,165.67
SOL,2025-08-02 18:00:00,156.56
SOL,2025-08-03 18:00:00,161.88
SOL,2025-08-04 18:00:00,166.56
SOL,2025-08-05 18:00:00,163.96
SOL,2025-08-06 18:00:00,168.45
SOL,2025-08-07 18:00:00,169.76
SOL,2025-08-08 18:00:00,177.43
SOL,2025-08-09 18:00:00,182.0
SOL,2025-08-10 18:00:00,182.84
SOL,2025-08-11 18:00:00,178.26
SOL,2025-08-12 18:00:00,188.24
SOL,2025-08-13 18:00:00,199.59
SOL,2025-08-14 18:00:00,193.69
SOL,2025-08-15 18:00:00,184.08
SOL,2025-08-16 18:00:00,188.09
SOL,2025-08-17 18:00:00,192.13
SOL,2025-08-18 18:00:00,184.3
SOL,2025-08-19 18:00:00,176.63
SOL,2025-08-20 18:00:00,183.53
SOL,2025-08-21 18:00:00,182.07
SOL,2025-08-22 18:00:00,196.9
SOL,2025-08-23 18:00:00,204.17
SOL,2025-08-24 18:00:00,211.44
SOL,2025-08-25 18:00:00,196.45
SOL,2025-08-26 18:00:00,194.74
SOL,2025-08-27 18:00:00,208.37
SOL,2025-08-28 18:00:00,212.04
SOL,2025-08-29 18:00:00,202.04
SOL,2025-08-30 18:00:00,200.97
SOL,2025-08-31 18:00:00,205.63
SOL,2025-09-01 18:00:00,199.2
SOL,2025-09-02 18:00:00,205.51
SOL,2025-09-03 18:00:00,209.6
SOL,2025-09-04 18:00:00,203.06
SOL,2025-09-05 18:00:00,204.47
SOL,2025-09-06 18:00:00,200.09
SOL,2025-09-07 18:00:00,202.18
SOL,2025-09-08 18:00:00,216.74
SOL,2025-09-09 18:00:00,216.54
SOL,2025-09-10 18:00:00,222.91
SOL,2025-09-11 18:00:00,226.31
SOL,2025-09-12 18:00:00,240.65
SOL,2025-09-13 18:00:00,238.47
SOL,2025-09-14 18:00:00,244.5
SOL,2025-09-15 18:00:00,233.38
SOL,2025-09-16 18:00:00,237.8
SOL,2025-09-17 18:00:00,233.88
SOL,2025-09-18 18:00:00,250.59
SOL,2025-09-19 18:00:00,237.21
SOL,2025-09-20 18:00:00,238.45
SOL,2025-09-21 18:00:00,238.21
SOL,2025-09-22 18:00:00,219.51
SOL,2025-09-23 18:00:00,215.73
SOL,2025-09-24 18:00:00,213.89
SOL,2025-09-25 18:00:00,199.41
SOL,2025-09-26 18:00:00,201.7
SOL,2025-09-27 18:00:00,201.56
SOL,2025-09-28 18:00:00,206.03
SOL,2025-09-29 18:00:00,210.76
SOL,2025-09-30 18:00:00,207.49
SOL,2025-10-01 18:00:00,219.02
SOL,2025-10-02 18:00:00,232.18
SOL,2025-10-03 18:00:00,233.63
SOL,2025-10-04 18:00:00,226.06
SOL,2025-10-05 18:00:00,228.98
SOL,2025-10-06 18:00:00,236.92
SOL,2025-10-07 18:00:00,221.57
SOL,2025-10-08 18:00:00,228.8
SOL,2025-10-09 18:00:00,217.55
SOL,2025-10-10 18:00:00,207.53
SOL,2025-10-11 18:00:00,182.44
SOL,2025-10-12 18:00:00,193.67
SOL,2025-10-13 18:00:00,205.83
SOL,2025-10-14 18:00:00,201.4
SOL,2025-10-15 18:00:00,197.95
SOL,2025-10-16 18:00:00,189.28
SOL,2025-10-17 18:00:00,183.43
SOL,2025-10-18 18:00:00,185.71
SOL,2025-10-19 18:00:00,189.87
SOL,2025-10-20 18:00:00,188.14
SOL,2025-10-21 18:00:00,194.05
SOL,2025-10-22 18:00:00,180.81
SOL,2025-10-23 18:00:00,191.45
SOL,2025-10-24 18:00:00,191.74
SOL,2025-10-25 18:00:00,194.18
SOL,2025-10-26 18:00:00,199.08
SOL,2025-10-27 18:00:00,201.64
SOL,2025-10-28 18:00:00,199.74
SOL,2025-10-29 18:00:00,193.47
SOL,2025-10-30 18:00:00,181.28
SOL,2025-10-31 18:00:00,185.93
SOL,2025-11-01 18:00:00,185.7
SOL,2025-11-02 18:00:00,184.17
SOL,2025-11-03 18:00:00,167.79
SOL,2025-11-04 18:00:00,156.42
SOL,2025-11-05 18:00:00,163.02
SOL,2025-11-06 18:00:00,157.4
SOL,2025-11-07 18:00:00,162.02
SOL,2025-11-08 18:00:00,157.86
SOL,2025-11-09 18:00:00,163.97
SOL,2025-11-10 18:00:00,165.58
SOL,2025-11-11 18:00:00,158.86
SOL,2025-11-12 18:00:00,152.67
SOL,2025-11-13 18:00:00,145.35
SOPH,2025-06-05 18:00:00,0.052625
SOPH,2025-06-06 18:00:00,0.048903
SOPH,2025-06-07 18:00:00,0.048796
SOPH,2025-06-08 18:00:00,0.051777
SOPH,2025-06-09 18:00:00,0.050719
SOPH,2025-06-10 18:00:00,0.052873
SOPH,2025-06-11 18:00:00,0.0503
SOPH,2025-06-12 18:00:00,0.048907
SOPH,2025-06-13 18:00:00,0.044207
SOPH,2025-06-14 18:00:00,0.043905
SOPH,2025-06-15 18:00:00,0.043855
SOPH,2025-06-16 18:00:00,0.04316
SOPH,2025-06-17 18:00:00,0.042075
SOPH,2025-06-18 18:00:00,0.039747
SOPH,2025-06-19 18:00:00,0.038603
SOPH,2025-06-20 18:00:00,0.036998
SOPH,2025-06-21 18:00:00,0.035004
SOPH,2025-06-22 18:00:00,0.031979
SOPH,2025-06-23 18:00:00,0.037044
SOPH,2025-06-24 18:00:00,0.035328
SOPH,2025-06-25 18:00:00,0.033909
SOPH,2025-06-26 18:00:00,0.032021
SOPH,2025-06-27 18:00:00,0.032232
SOPH,2025-06-28 18:00:00,0.03302
SOPH,2025-06-29 18:00:00,0.033633
SOPH,2025-06-30 18:00:00,0.033484
SOPH,2025-07-01 18:00:00,0.03097
SOPH,2025-07-02 18:00:00,0.03342
SOPH,2025-07-03 18:00:00,0.031739
SOPH,2025-07-04 18:00:00,0.030813
SOPH,2025-07-05 18:00:00,0.03119
SOPH,2025-07-06 18:00:00,0.031212
SOPH,2025-07-07 18:00:00,0.031373
SOPH,2025-07-08 18:00:00,0.031488
SOPH,2025-07-09 18:00:00,0.033575
SOPH,2025-07-10 18:00:00,0.034656
SOPH,2025-07-11 18:00:00,0.037497
SOPH,2025-07-12 18:00:00,0.036734
SOPH,2025-07-13 18:00:00,0.036762
SOPH,2025-07-14 18:00:00,0.034694
SOPH,2025-07-15 18:00:00,0.03526
SOPH,2025-07-16 18:00:00,0.036616
SOPH,2025-07-17 18:00:00,0.034906
SOPH,2025-07-18 18:00:00,0.034511
SOPH,2025-07-19 18:00:00,0.03388
SOPH,2025-07-20 18:00:00,0.035725
SOPH,2025-07-21 18:00:00,0.037778
SOPH,2025-07-22 18:00:00,0.039442
SOPH,2025-07-23 18:00:00,0.042246
SOPH,2025-07-24 18:00:00,0.041062
SOPH,2025-07-25 18:00:00,0.039156
SOPH,2025-07-26 18:00:00,0.042164
SOPH,2025-07-27 18:00:00,0.040377
SOPH,2025-07-28 18:00:00,0.038207
SOPH,2025-07-29 18:00:00,0.038887
SOPH,2025-07-30 18:00:00,0.037829
SOPH,2025-07-31 18:00:00,0.042086
SOPH,2025-08-01 18:00:00,0.039678
SOPH,2025-08-02 18:00:00,0.039191
SOPH,2025-08-03 18:00:00,0.041595
SOPH,2025-08-04 18:00:00,0.043369
SOPH,2025-08-05 18:00:00,0.040699
SOPH,2025-08-06 18:00:00,0.039744
SOPH,2025-08-07 18:00:00,0.040553
SOPH,2025-08-08 18:00:00,0.04157
SOPH,2025-08-09 18:00:00,0.042662
SOPH,2025-08-10 18:00:00,0.041717
SOPH,2025-08-11 18:00:00,0.039683
SOPH,2025-08-12 18:00:00,0.039367
SOPH,2025-08-13 18:00:00,0.039477
SOPH,2025-08-14 18:00:00,0.036268
SOPH,2025-08-15 18:00:00,0.035707
SOPH,2025-08-16 18:00:00,0.036422
SOPH,2025-08-17 18:00:00,0.036941
SOPH,2025-08-18 18:00:00,0.035449
SOPH,2025-08-19 18:00:00,0.032834
SOPH,2025-08-20 18:00:00,0.033394
SOPH,2025-08-21 18:00:00,0.033007
SOPH,2025-08-22 18:00:00,0.03502
SOPH,2025-08-23 18:00:00,0.03444
SOPH,2025-08-24 18:00:00,0.034351
SOPH,2025-08-25 18:00:00,0.031709
SOPH,2025-08-26 18:00:00,0.031354
SOPH,2025-08-27 18:00:00,0.031419
SOPH,2025-08-28 18:00:00,0.031705
SOPH,2025-08-29 18:00:00,0.029753
SOPH,2025-08-30 18:00:00,0.030174
SOPH,2025-08-31 18:00:00,0.030196
SOPH,2025-09-01 18:00:00,0.028871
SOPH,2025-09-02 18:00:00,0.029315
SOPH,2025-09-03 18:00:00,0.030143
SOPH,2025-09-04 18:00:00,0.028833
SOPH,2025-09-05 18:00:00,0.029428
SOPH,2025-09-06 18:00:00,0.02912
SOPH,2025-09-07 18:00:00,0.029455
SOPH,2025-09-08 18:00:00,0.030888
SOPH,2025-09-09 18:00:00,0.031696
SOPH,2025-09-10 18:00:00,0.03194
SOPH,2025-09-11 18:00:00,0.031331
SOPH,2025-09-12 18:00:00,0.032378
SOPH,2025-09-13 18:00:00,0.032701
SOPH,2025-09-14 18:00:00,0.031847
SOPH,2025-09-15 18:00:00,0.030511
SOPH,2025-09-16 18:00:00,0.031
SOPH,2025-09-17 18:00:00,0.031043
SOPH,2025-09-18 18:00:00,0.032698
SOPH,2025-09-19 18:00:00,0.030753
SOPH,2025-09-20 18:00:00,0.030867
SOPH,2025-09-21 18:00:00,0.031248
SOPH,2025-09-22 18:00:00,0.028291
SOPH,2025-09-23 18:00:00,0.029303
SOPH,2025-09-24 18:00:00,0.029929
SOPH,2025-09-25 18:00:00,0.028081
SOPH,2025-09-26 18:00:00,0.028484
SOPH,2025-09-27 18:00:00,0.028391
SOPH,2025-09-28 18:00:00,0.028589
SOPH,2025-09-29 18:00:00,0.027965
SOPH,2025-09-30 18:00:00,0.026963
SOPH,2025-10-01 18:00:00,0.028888
SOPH,2025-10-02 18:00:00,0.029124
SOPH,2025-10-03 18:00:00,0.029609
SOPH,2025-10-04 18:00:00,0.02878
SOPH,2025-10-05 18:00:00,0.028882
SOPH,2025-10-06 18:00:00,0.029738
SOPH,2025-10-07 18:00:00,0.028118
SOPH,2025-10-08 18:00:00,0.029244
SOPH,2025-10-09 18:00:00,0.029906
SOPH,2025-10-10 18:00:00,0.027853
SOPH,2025-10-11 18:00:00,0.021573
SOPH,2025-10-12 18:00:00,0.024013
SOPH,2025-10-13 18:00:00,0.024967
SOPH,2025-10-14 18:00:00,0.024222
SOPH,2025-10-15 18:00:00,0.023703
SOPH,2025-10-16 18:00:00,0.023051
SOPH,2025-10-17 18:00:00,0.021545
SOPH,2025-10-18 18:00:00,0.022048
SOPH,2025-10-19 18:00:00,0.022327
SOPH,2025-10-20 18:00:00,0.023475
SOPH,2025-10-21 18:00:00,0.027265
SOPH,2025-10-22 18:00:00,0.027652
SOPH,2025-10-23 18:00:00,0.030415
SOPH,2025-10-24 18:00:00,0.030004
SOPH,2025-10-25 18:00:00,0.028828
SOPH,2025-10-26 18:00:00,0.028345
SOPH,2025-10-27 18:00:00,0.028773
SOPH,2025-10-28 18:00:00,0.027104
SOPH,2025-10-29 18:00:00,0.025486
SOPH,2025-10-30 18:00:00,0.023804
SOPH,2025-10-31 18:00:00,0.024307
SOPH,2025-11-01 18:00:00,0.02508
SOPH,2025-11-02 18:00:00,0.024849
SOPH,2025-11-03 18:00:00,0.022771
SOPH,2025-11-04 18:00:00,0.021726
SOPH,2025-11-05 18:00:00,0.022929
SOPH,2025-11-06 18:00:00,0.021784
SOPH,2025-11-07 18:00:00,0.023844
SOPH,2025-11-08 18:00:00,0.023282
SOPH,2025-11-09 18:00:00,0.023351
SOPH,2025-11-10 18:00:00,0.023483
SOPH,2025-11-11 18:00:00,0.022462
SOPH,2025-11-12 18:00:00,0.021249
SOPH,2025-11-13 18:00:00,0.020376
STBL,2025-09-17 18:00:00,0.14212
STBL,2025-09-18 18:00:00,0.18071
STBL,2025-09-19 18:00:00,0.21768
STBL,2025-09-20 18:00:00,0.41966
STBL,2025-09-21 18:00:00,0.39462
STBL,2025-09-22 18:00:00,0.34939
STBL,2025-09-23 18:00:00,0.36056
STBL,2025-09-24 18:00:00,0.52284
STBL,2025-09-25 18:00:00,0.44901
STBL,2025-09-26 18:00:00,0.45229
STBL,2025-09-27 18:00:00,0.43428
STBL,2025-09-28 18:00:00,0.39359
STBL,2025-09-29 18:00:00,0.43282
STBL,2025-09-30 18:00:00,0.36554
STBL,2025-10-01 18:00:00,0.3559
STBL,2025-10-02 18:00:00,0.32469
STBL,2025-10-03 18:00:00,0.2774
STBL,2025-10-04 18:00:00,0.24484
STBL,2025-10-05 18:00:00,0.30628
STBL,2025-10-06 18:00:00,0.2994
STBL,2025-10-07 18:00:00,0.2806
STBL,2025-10-08 18:00:00,0.2928
STBL,2025-10-09 18:00:00,0.21249
STBL,2025-10-10 18:00:00,0.1759
STBL,2025-10-11 18:00:00,0.11443
STBL,2025-10-12 18:00:00,0.14169
STBL,2025-10-13 18:00:00,0.14393
STBL,2025-10-14 18:00:00,0.12955
STBL,2025-10-15 18:00:00,0.12343
STBL,2025-10-16 18:00:00,0.12443
STBL,2025-10-17 18:00:00,0.094087
STBL,2025-10-18 18:00:00,0.084845
STBL,2025-10-19 18:00:00,0.1038
STBL,2025-10-20 18:00:00,0.10751
STBL,2025-10-21 18:00:00,0.13099
STBL,2025-10-22 18:00:00,0.096795
STBL,2025-10-23 18:00:00,0.10056
STBL,2025-10-24 18:00:00,0.10777
STBL,2025-10-25 18:00:00,0.10928
STBL,2025-10-26 18:00:00,0.11147
STBL,2025-10-27 18:00:00,0.09947
STBL,2025-10-28 18:00:00,0.10058
STBL,2025-10-29 18:00:00,0.10156
STBL,2025-10-30 18:00:00,0.085708
STBL,2025-10-31 18:00:00,0.093265
STBL,2025-11-01 18:00:00,0.092448
STBL,2025-11-02 18:00:00,0.087938
STBL,2025-11-03 18:00:00,0.070202
STBL,2025-11-04 18:00:00,0.064264
STBL,2025-11-05 18:00:00,0.074328
STBL,2025-11-06 18:00:00,0.066927
STBL,2025-11-07 18:00:00,0.080963
STBL,2025-11-08 18:00:00,0.074814
STBL,2025-11-09 18:00:00,0.076682
STBL,2025-11-10 18:00:00,0.08336
STBL,2025-11-11 18:00:00,0.08664
STBL,2025-11-12 18:00:00,0.092295
STBL,2025-11-13 18:00:00,0.075727
STG,2025-06-05 18:00:00,0.17977
STG,2025-06-06 18:00:00,0.17749
STG,2025-06-07 18:00:00,0.18112
STG,2025-06-08 18:00:00,0.18094
STG,2025-06-09 18:00:00,0.18112
STG,2025-06-10 18:00:00,0.18829
STG,2025-06-11 18:00:00,0.18629
STG,2025-06-12 18:00:00,0.17851
STG,2025-06-13 18:00:00,0.16763
STG,2025-06-14 18:00:00,0.16767
STG,2025-06-15 18:00:00,0.16803
STG,2025-06-16 18:00:00,0.17191
STG,2025-06-17 18:00:00,0.16197
STG,2025-06-18 18:00:00,0.15753
STG,2025-06-19 18:00:00,0.16086
STG,2025-06-20 18:00:00,0.15632
STG,2025-06-21 18:00:00,0.1519
STG,2025-06-22 18:00:00,0.14442
STG,2025-06-23 18:00:00,0.15056
STG,2025-06-24 18:00:00,0.15565
STG,2025-06-25 18:00:00,0.15426
STG,2025-06-26 18:00:00,0.15202
STG,2025-06-27 18:00:00,0.1513
STG,2025-06-28 18:00:00,0.15397
STG,2025-06-29 18:00:00,0.1541
STG,2025-06-30 18:00:00,0.15299
STG,2025-07-01 18:00:00,0.14814
STG,2025-07-02 18:00:00,0.15483
STG,2025-07-03 18:00:00,0.15545
STG,2025-07-04 18:00:00,0.14877
STG,2025-07-05 18:00:00,0.14862
STG,2025-07-06 18:00:00,0.15213
STG,2025-07-07 18:00:00,0.15081
STG,2025-07-08 18:00:00,0.15315
STG,2025-07-09 18:00:00,0.15768
STG,2025-07-10 18:00:00,0.16114
STG,2025-07-11 18:00:00,0.16994
STG,2025-07-12 18:00:00,0.17002
STG,2025-07-13 18:00:00,0.17238
STG,2025-07-14 18:00:00,0.16959
STG,2025-07-15 18:00:00,0.17022
STG,2025-07-16 18:00:00,0.17394
STG,2025-07-17 18:00:00,0.17323
STG,2025-07-18 18:00:00,0.17326
STG,2025-07-19 18:00:00,0.17207
STG,2025-07-20 18:00:00,0.18091
STG,2025-07-21 18:00:00,0.18414
STG,2025-07-22 18:00:00,0.18348
STG,2025-07-23 18:00:00,0.17669
STG,2025-07-24 18:00:00,0.17235
STG,2025-07-25 18:00:00,0.17032
STG,2025-07-26 18:00:00,0.17712
STG,2025-07-27 18:00:00,0.1791
STG,2025-07-28 18:00:00,0.17035
STG,2025-07-29 18:00:00,0.16598
STG,2025-07-30 18:00:00,0.16362
STG,2025-07-31 18:00:00,0.16374
STG,2025-08-01 18:00:00,0.15671
STG,2025-08-02 18:00:00,0.1496
STG,2025-08-03 18:00:00,0.15355
STRK,2025-06-05 18:00:00,0.13021
STRK,2025-06-06 18:00:00,0.12713
STRK,2025-06-07 18:00:00,0.13147
STRK,2025-06-08 18:00:00,0.1327
STRK,2025-06-09 18:00:00,0.13666
STRK,2025-06-10 18:00:00,0.14579
STRK,2025-06-11 18:00:00,0.14331
STRK,2025-06-12 18:00:00,0.13039
STRK,2025-06-13 18:00:00,0.11832
STRK,2025-06-14 18:00:00,0.11692
STRK,2025-06-15 18:00:00,0.11863
STRK,2025-06-16 18:00:00,0.12485
STRK,2025-06-17 18:00:00,0.11495
STRK,2025-06-18 18:00:00,0.1096
STRK,2025-06-19 18:00:00,0.11159
STRK,2025-06-20 18:00:00,0.10887
STRK,2025-06-21 18:00:00,0.10386
STRK,2025-06-22 18:00:00,0.09902
STRK,2025-06-23 18:00:00,0.10852
STRK,2025-06-24 18:00:00,0.11555
STRK,2025-06-25 18:00:00,0.11005
STRK,2025-06-26 18:00:00,0.10633
STRK,2025-06-27 18:00:00,0.10634
STRK,2025-06-28 18:00:00,0.11356
STRK,2025-06-29 18:00:00,0.11622
STRK,2025-06-30 18:00:00,0.11669
STRK,2025-07-01 18:00:00,0.10997
STRK,2025-07-02 18:00:00,0.12038
STRK,2025-07-03 18:00:00,0.11698
STRK,2025-07-04 18:00:00,0.10999
STRK,2025-07-05 18:00:00,0.10956
STRK,2025-07-06 18:00:00,0.11274
STRK,2025-07-07 18:00:00,0.11158
STRK,2025-07-08 18:00:00,0.11429
STRK,2025-07-09 18:00:00,0.11732
STRK,2025-07-10 18:00:00,0.12865
STRK,2025-07-11 18:00:00,0.1515
STRK,2025-07-12 18:00:00,0.13563
STRK,2025-07-13 18:00:00,0.1419
STRK,2025-07-14 18:00:00,0.13624
STRK,2025-07-15 18:00:00,0.14376
STRK,2025-07-16 18:00:00,0.1484
STRK,2025-07-17 18:00:00,0.13985
STRK,2025-07-18 18:00:00,0.14024
STRK,2025-07-19 18:00:00,0.13849
STRK,2025-07-20 18:00:00,0.15113
STRK,2025-07-21 18:00:00,0.1506
STRK,2025-07-22 18:00:00,0.14676
STRK,2025-07-23 18:00:00,0.13491
STRK,2025-07-24 18:00:00,0.13135
STRK,2025-07-25 18:00:00,0.12789
STRK,2025-07-26 18:00:00,0.1334
STRK,2025-07-27 18:00:00,0.13693
STRK,2025-07-28 18:00:00,0.13002
STRK,2025-07-29 18:00:00,0.12746
STRK,2025-07-30 18:00:00,0.12165
STRK,2025-07-31 18:00:00,0.12129
STRK,2025-08-01 18:00:00,0.11417
STRK,2025-08-02 18:00:00,0.1087
STRK,2025-08-03 18:00:00,0.11609
STRK,2025-08-04 18:00:00,0.11974
STRK,2025-08-05 18:00:00,0.11499
STRK,2025-08-06 18:00:00,0.11824
STRK,2025-08-07 18:00:00,0.12211
STRK,2025-08-08 18:00:00,0.13015
STRK,2025-08-09 18:00:00,0.13836
STRK,2025-08-10 18:00:00,0.13759
STRK,2025-08-11 18:00:00,0.13133
STRK,2025-08-12 18:00:00,0.13724
STRK,2025-08-13 18:00:00,0.1473
STRK,2025-08-14 18:00:00,0.13281
STRK,2025-08-15 18:00:00,0.1273
STRK,2025-08-16 18:00:00,0.13818
STRK,2025-08-17 18:00:00,0.14034
STRK,2025-08-18 18:00:00,0.13507
STRK,2025-08-19 18:00:00,0.13212
STRK,2025-08-20 18:00:00,0.13651
STRK,2025-08-21 18:00:00,0.12991
STRK,2025-08-22 18:00:00,0.1392
STRK,2025-08-23 18:00:00,0.14009
STRK,2025-08-24 18:00:00,0.14475
STRK,2025-08-25 18:00:00,0.12813
STRK,2025-08-26 18:00:00,0.12873
STRK,2025-08-27 18:00:00,0.13026
STRK,2025-08-28 18:00:00,0.13286
STRK,2025-08-29 18:00:00,0.12432
STRK,2025-08-30 18:00:00,0.12706
STRK,2025-08-31 18:00:00,0.12879
STRK,2025-09-01 18:00:00,0.12278
STRK,2025-09-02 18:00:00,0.12186
STRK,2025-09-03 18:00:00,0.12445
STRK,2025-09-04 18:00:00,0.11875
STRK,2025-09-05 18:00:00,0.12307
STRK,2025-09-06 18:00:00,0.12139
STRK,2025-09-07 18:00:00,0.12302
STRK,2025-09-08 18:00:00,0.12837
STRK,2025-09-09 18:00:00,0.12946
STRK,2025-09-10 18:00:00,0.13313
STRK,2025-09-11 18:00:00,0.13304
STRK,2025-09-12 18:00:00,0.13684
STRK,2025-09-13 18:00:00,0.13654
STRK,2025-09-14 18:00:00,0.13183
STRK,2025-09-15 18:00:00,0.13096
STRK,2025-09-16 18:00:00,0.13376
STRK,2025-09-17 18:00:00,0.13216
STRK,2025-09-18 18:00:00,0.13962
STRK,2025-09-19 18:00:00,0.12941
STRK,2025-09-20 18:00:00,0.13078
STRK,2025-09-21 18:00:00,0.13097
STRK,2025-09-22 18:00:00,0.11665
STRK,2025-09-23 18:00:00,0.11782
STRK,2025-09-24 18:00:00,0.12259
STRK,2025-09-25 18:00:00,0.11628
STRK,2025-09-26 18:00:00,0.11926
STRK,2025-09-27 18:00:00,0.12094
STRK,2025-09-28 18:00:00,0.12123
STRK,2025-09-29 18:00:00,0.12317
STRK,2025-09-30 18:00:00,0.14184
STRK,2025-10-01 18:00:00,0.14623
STRK,2025-10-02 18:00:00,0.15447
STRK,2025-10-03 18:00:00,0.15077
STRK,2025-10-04 18:00:00,0.1463
STRK,2025-10-05 18:00:00,0.14992
STRK,2025-10-06 18:00:00,0.19218
STRK,2025-10-07 18:00:00,0.16936
STRK,2025-10-08 18:00:00,0.16546
STRK,2025-10-09 18:00:00,0.15387
STRK,2025-10-10 18:00:00,0.15991
STRK,2025-10-11 18:00:00,0.1164
STRK,2025-10-12 18:00:00,0.13183
STRK,2025-10-13 18:00:00,0.13239
STRK,2025-10-14 18:00:00,0.12649
STRK,2025-10-15 18:00:00,0.12163
STRK,2025-10-16 18:00:00,0.11853
STRK,2025-10-17 18:00:00,0.1112
STRK,2025-10-18 18:00:00,0.10919
STRK,2025-10-19 18:00:00,0.1171
STRK,2025-10-20 18:00:00,0.12796
STRK,2025-10-21 18:00:00,0.1263
STRK,2025-10-22 18:00:00,0.117
STRK,2025-10-23 18:00:00,0.11969
STRK,2025-10-24 18:00:00,0.12093
STRK,2025-10-25 18:00:00,0.12067
STRK,2025-10-26 18:00:00,0.12411
STRK,2025-10-27 18:00:00,0.1254
STRK,2025-10-28 18:00:00,0.12097
STRK,2025-10-29 18:00:00,0.11846
STRK,2025-10-30 18:00:00,0.10562
STRK,2025-10-31 18:00:00,0.10553
STRK,2025-11-01 18:00:00,0.11209
STRK,2025-11-02 18:00:00,0.11867
STRK,2025-11-03 18:00:00,0.11213
STRK,2025-11-04 18:00:00,0.1014
STRK,2025-11-05 18:00:00,0.11083
STRK,2025-11-06 18:00:00,0.10322
STRK,2025-11-07 18:00:00,0.1523
STRK,2025-11-08 18:00:00,0.1338
STRK,2025-11-09 18:00:00,0.15192
STRK,2025-11-10 18:00:00,0.18084
STRK,2025-11-11 18:00:00,0.15875
STRK,2025-11-12 18:00:00,0.13844
STRK,2025-11-13 18:00:00,0.13253
STX,2025-06-05 18:00:00,0.72378
STX,2025-06-06 18:00:00,0.63049
STX,2025-06-07 18:00:00,0.66496
STX,2025-06-08 18:00:00,0.65703
STX,2025-06-09 18:00:00,0.67475
STX,2025-06-10 18:00:00,0.7098
STX,2025-06-11 18:00:00,0.69718
STX,2025-06-12 18:00:00,0.66524
STX,2025-06-13 18:00:00,0.62146
STX,2025-06-14 18:00:00,0.62082
STX,2025-06-15 18:00:00,0.62056
STX,2025-06-16 18:00:00,0.66257
STX,2025-06-17 18:00:00,0.60964
STX,2025-06-18 18:00:00,0.60089
STX,2025-06-19 18:00:00,0.61485
STX,2025-06-20 18:00:00,0.61554
STX,2025-06-21 18:00:00,0.58816
STX,2025-06-22 18:00:00,0.53884
STX,2025-06-23 18:00:00,0.59222
STX,2025-06-24 18:00:00,0.66175
STX,2025-06-25 18:00:00,0.67238
STX,2025-06-26 18:00:00,0.63884
STX,2025-06-27 18:00:00,0.64402
STX,2025-06-28 18:00:00,0.66362
STX,2025-06-29 18:00:00,0.66959
STX,2025-06-30 18:00:00,0.6527
STX,2025-07-01 18:00:00,0.63535
STX,2025-07-02 18:00:00,0.69336
STX,2025-07-03 18:00:00,0.69088
STX,2025-07-04 18:00:00,0.64168
STX,2025-07-05 18:00:00,0.63547
STX,2025-07-06 18:00:00,0.65502
STX,2025-07-07 18:00:00,0.64876
STX,2025-07-08 18:00:00,0.66165
STX,2025-07-09 18:00:00,0.66581
STX,2025-07-10 18:00:00,0.71945
STX,2025-07-11 18:00:00,0.77191
STX,2025-07-12 18:00:00,0.74009
STX,2025-07-13 18:00:00,0.79917
STX,2025-07-14 18:00:00,0.78547
STX,2025-07-15 18:00:00,0.79325
STX,2025-07-16 18:00:00,0.82198
STX,2025-07-17 18:00:00,0.83084
STX,2025-07-18 18:00:00,0.83936
STX,2025-07-19 18:00:00,0.82581
STX,2025-07-20 18:00:00,0.88597
STX,2025-07-21 18:00:00,0.87898
STX,2025-07-22 18:00:00,0.86944
STX,2025-07-23 18:00:00,0.80506
STX,2025-07-24 18:00:00,0.80619
STX,2025-07-25 18:00:00,0.78024
STX,2025-07-26 18:00:00,0.81618
STX,2025-07-27 18:00:00,0.84595
STX,2025-07-28 18:00:00,0.79675
STX,2025-07-29 18:00:00,0.77289
STX,2025-07-30 18:00:00,0.74172
STX,2025-07-31 18:00:00,0.73843
STX,2025-08-01 18:00:00,0.69079
STX,2025-08-02 18:00:00,0.65669
STX,2025-08-03 18:00:00,0.68818
STX,2025-08-04 18:00:00,0.70409
STX,2025-08-05 18:00:00,0.68121
STX,2025-08-06 18:00:00,0.69249
STX,2025-08-07 18:00:00,0.71095
STX,2025-08-08 18:00:00,0.73178
STX,2025-08-09 18:00:00,0.75427
STX,2025-08-10 18:00:00,0.75635
STX,2025-08-11 18:00:00,0.74247
STX,2025-08-12 18:00:00,0.75039
STX,2025-08-13 18:00:00,0.77177
STX,2025-08-14 18:00:00,0.71801
STX,2025-08-15 18:00:00,0.69232
STX,2025-08-16 18:00:00,0.71676
STX,2025-08-17 18:00:00,0.72037
STX,2025-08-18 18:00:00,0.695
STX,2025-08-19 18:00:00,0.64561
STX,2025-08-20 18:00:00,0.66917
STX,2025-08-21 18:00:00,0.66219
STX,2025-08-22 18:00:00,0.70766
STX,2025-08-23 18:00:00,0.6949
STX,2025-08-24 18:00:00,0.70126
STX,2025-08-25 18:00:00,0.64156
STX,2025-08-26 18:00:00,0.64411
STX,2025-08-27 18:00:00,0.64839
STX,2025-08-28 18:00:00,0.65128
STX,2025-08-29 18:00:00,0.61283
STX,2025-08-30 18:00:00,0.61895
STX,2025-08-31 18:00:00,0.6359
STX,2025-09-01 18:00:00,0.60736
STX,2025-09-02 18:00:00,0.61664
STX,2025-09-03 18:00:00,0.64045
STX,2025-09-04 18:00:00,0.60628
STX,2025-09-05 18:00:00,0.61838
STX,2025-09-06 18:00:00,0.6159
STX,2025-09-07 18:00:00,0.62544
STX,2025-09-08 18:00:00,0.64789
STX,2025-09-09 18:00:00,0.63903
STX,2025-09-10 18:00:00,0.65482
STX,2025-09-11 18:00:00,0.66791
STX,2025-09-12 18:00:00,0.68469
STX,2025-09-13 18:00:00,0.69355
STX,2025-09-14 18:00:00,0.67151
STX,2025-09-15 18:00:00,0.64376
STX,2025-09-16 18:00:00,0.66399
STX,2025-09-17 18:00:00,0.64532
STX,2025-09-18 18:00:00,0.69968
STX,2025-09-19 18:00:00,0.65457
STX,2025-09-20 18:00:00,0.66002
STX,2025-09-21 18:00:00,0.65498
STX,2025-09-22 18:00:00,0.59848
STX,2025-09-23 18:00:00,0.59519
STX,2025-09-24 18:00:00,0.60077
STX,2025-09-25 18:00:00,0.57339
STX,2025-09-26 18:00:00,0.58119
STX,2025-09-27 18:00:00,0.57415
STX,2025-09-28 18:00:00,0.57646
STX,2025-09-29 18:00:00,0.57958
STX,2025-09-30 18:00:00,0.56727
STX,2025-10-01 18:00:00,0.6035
STX,2025-10-02 18:00:00,0.61992
STX,2025-10-03 18:00:00,0.62575
STX,2025-10-04 18:00:00,0.59546
STX,2025-10-05 18:00:00,0.60075
STX,2025-10-06 18:00:00,0.63061
STX,2025-10-07 18:00:00,0.60559
STX,2025-10-08 18:00:00,0.62194
STX,2025-10-09 18:00:00,0.58845
STX,2025-10-10 18:00:00,0.54979
STX,2025-10-11 18:00:00,0.43728
STX,2025-10-12 18:00:00,0.45688
STX,2025-10-13 18:00:00,0.48658
STX,2025-10-14 18:00:00,0.46774
STX,2025-10-15 18:00:00,0.45642
STX,2025-10-16 18:00:00,0.44128
STX,2025-10-17 18:00:00,0.42283
STX,2025-10-18 18:00:00,0.42192
STX,2025-10-19 18:00:00,0.44472
STX,2025-10-20 18:00:00,0.43971
STX,2025-10-21 18:00:00,0.45006
STX,2025-10-22 18:00:00,0.42033
STX,2025-10-23 18:00:00,0.43335
STX,2025-10-24 18:00:00,0.4387
STX,2025-10-25 18:00:00,0.45181
STX,2025-10-26 18:00:00,0.46549
STX,2025-10-27 18:00:00,0.46574
STX,2025-10-28 18:00:00,0.45431
STX,2025-10-29 18:00:00,0.44071
STX,2025-10-30 18:00:00,0.39735
STX,2025-10-31 18:00:00,0.41078
STX,2025-11-01 18:00:00,0.42586
STX,2025-11-02 18:00:00,0.41751
STX,2025-11-03 18:00:00,0.37607
STX,2025-11-04 18:00:00,0.3528
STX,2025-11-05 18:00:00,0.36118
STX,2025-11-06 18:00:00,0.34909
STX,2025-11-07 18:00:00,0.41352
STX,2025-11-08 18:00:00,0.40244
STX,2025-11-09 18:00:00,0.42449
STX,2025-11-10 18:00:00,0.43107
STX,2025-11-11 18:00:00,0.42595
STX,2025-11-12 18:00:00,0.4014
STX,2025-11-13 18:00:00,0.37952
SUI,2025-06-05 18:00:00,3.0685
SUI,2025-06-06 18:00:00,3.1615
SUI,2025-06-07 18:00:00,3.2289
SUI,2025-06-08 18:00:00,3.259
SUI,2025-06-09 18:00:00,3.3712
SUI,2025-06-10 18:00:00,3.4473
SUI,2025-06-11 18:00:00,3.4353
SUI,2025-06-12 18:00:00,3.3287
SUI,2025-06-13 18:00:00,3.0125
SUI,2025-06-14 18:00:00,2.8395
SUI,2025-06-15 18:00:00,3.0279
SUI,2025-06-16 18:00:00,3.1256
SUI,2025-06-17 18:00:00,2.8609
SUI,2025-06-18 18:00:00,2.7681
SUI,2025-06-19 18:00:00,2.8404
SUI,2025-06-20 18:00:00,2.7209
SUI,2025-06-21 18:00:00,2.5931
SUI,2025-06-22 18:00:00,2.3764
SUI,2025-06-23 18:00:00,2.5816
SUI,2025-06-24 18:00:00,2.7598
SUI,2025-06-25 18:00:00,2.7422
SUI,2025-06-26 18:00:00,2.5939
SUI,2025-06-27 18:00:00,2.7
SUI,2025-06-28 18:00:00,2.7695
SUI,2025-06-29 18:00:00,2.8212
SUI,2025-06-30 18:00:00,2.7926
SUI,2025-07-01 18:00:00,2.6651
SUI,2025-07-02 18:00:00,2.9312
SUI,2025-07-03 18:00:00,2.9994
SUI,2025-07-04 18:00:00,2.8412
SUI,2025-07-05 18:00:00,2.8643
SUI,2025-07-06 18:00:00,2.8805
SUI,2025-07-07 18:00:00,2.8626
SUI,2025-07-08 18:00:00,2.928
SUI,2025-07-09 18:00:00,2.9798
SUI,2025-07-10 18:00:00,3.4142
SUI,2025-07-11 18:00:00,3.4823
SUI,2025-07-12 18:00:00,3.4028
SUI,2025-07-13 18:00:00,3.5176
SUI,2025-07-14 18:00:00,3.8307
SUI,2025-07-15 18:00:00,3.9929
SUI,2025-07-16 18:00:00,4.0103
SUI,2025-07-17 18:00:00,4.0347
SUI,2025-07-18 18:00:00,3.8611
SUI,2025-07-19 18:00:00,3.7774
SUI,2025-07-20 18:00:00,3.9387
SUI,2025-07-21 18:00:00,3.9551
SUI,2025-07-22 18:00:00,3.9617
SUI,2025-07-23 18:00:00,3.7283
SUI,2025-07-24 18:00:00,3.8433
SUI,2025-07-25 18:00:00,3.7946
SUI,2025-07-26 18:00:00,4.1965
SUI,2025-07-27 18:00:00,4.3586
SUI,2025-07-28 18:00:00,3.9963
SUI,2025-07-29 18:00:00,3.8406
SUI,2025-07-30 18:00:00,3.7247
SUI,2025-07-31 18:00:00,3.736
SUI,2025-08-01 18:00:00,3.553
SUI,2025-08-02 18:00:00,3.2796
SUI,2025-08-03 18:00:00,3.4376
SUI,2025-08-04 18:00:00,3.5387
SUI,2025-08-05 18:00:00,3.405
SUI,2025-08-06 18:00:00,3.4924
SUI,2025-08-07 18:00:00,3.692
SUI,2025-08-08 18:00:00,3.8309
SUI,2025-08-09 18:00:00,3.9578
SUI,2025-08-10 18:00:00,3.8804
SUI,2025-08-11 18:00:00,3.7082
SUI,2025-08-12 18:00:00,3.8576
SUI,2025-08-13 18:00:00,3.9804
SUI,2025-08-14 18:00:00,3.7535
SUI,2025-08-15 18:00:00,3.6595
SUI,2025-08-16 18:00:00,3.7545
SUI,2025-08-17 18:00:00,3.809
SUI,2025-08-18 18:00:00,3.6404
SUI,2025-08-19 18:00:00,3.4415
SUI,2025-08-20 18:00:00,3.529
SUI,2025-08-21 18:00:00,3.4303
SUI,2025-08-22 18:00:00,3.7223
SUI,2025-08-23 18:00:00,3.7018
SUI,2025-08-24 18:00:00,3.7947
SUI,2025-08-25 18:00:00,3.4432
SUI,2025-08-26 18:00:00,3.4279
SUI,2025-08-27 18:00:00,3.4827
SUI,2025-08-28 18:00:00,3.4529
SUI,2025-08-29 18:00:00,3.2209
SUI,2025-08-30 18:00:00,3.2822
SUI,2025-08-31 18:00:00,3.311
SUI,2025-09-01 18:00:00,3.2183
SUI,2025-09-02 18:00:00,3.2583
SUI,2025-09-03 18:00:00,3.3793
SUI,2025-09-04 18:00:00,3.2463
SUI,2025-09-05 18:00:00,3.3833
SUI,2025-09-06 18:00:00,3.3351
SUI,2025-09-07 18:00:00,3.3678
SUI,2025-09-08 18:00:00,3.478
SUI,2025-09-09 18:00:00,3.4495
SUI,2025-09-10 18:00:00,3.5804
SUI,2025-09-11 18:00:00,3.6051
SUI,2025-09-12 18:00:00,3.6996
SUI,2025-09-13 18:00:00,3.7886
SUI,2025-09-14 18:00:00,3.7026
SUI,2025-09-15 18:00:00,3.4956
SUI,2025-09-16 18:00:00,3.623
SUI,2025-09-17 18:00:00,3.5736
SUI,2025-09-18 18:00:00,3.9762
SUI,2025-09-19 18:00:00,3.6603
SUI,2025-09-20 18:00:00,3.6569
SUI,2025-09-21 18:00:00,3.6439
SUI,2025-09-22 18:00:00,3.3452
SUI,2025-09-23 18:00:00,3.3331
SUI,2025-09-24 18:00:00,3.384
SUI,2025-09-25 18:00:00,3.1801
SUI,2025-09-26 18:00:00,3.2286
SUI,2025-09-27 18:00:00,3.1785
SUI,2025-09-28 18:00:00,3.2033
SUI,2025-09-29 18:00:00,3.2671
SUI,2025-09-30 18:00:00,3.1967
SUI,2025-10-01 18:00:00,3.491
SUI,2025-10-02 18:00:00,3.6104
SUI,2025-10-03 18:00:00,3.5921
SUI,2025-10-04 18:00:00,3.5333
SUI,2025-10-05 18:00:00,3.5705
SUI,2025-10-06 18:00:00,3.6927
SUI,2025-10-07 18:00:00,3.4529
SUI,2025-10-08 18:00:00,3.5451
SUI,2025-10-09 18:00:00,3.3847
SUI,2025-10-10 18:00:00,3.2527
SUI,2025-10-11 18:00:00,2.6505
SUI,2025-10-12 18:00:00,2.7845
SUI,2025-10-13 18:00:00,2.9203
SUI,2025-10-14 18:00:00,2.8424
SUI,2025-10-15 18:00:00,2.7231
SUI,2025-10-16 18:00:00,2.592
SUI,2025-10-17 18:00:00,2.4199
SUI,2025-10-18 18:00:00,2.493
SUI,2025-10-19 18:00:00,2.6171
SUI,2025-10-20 18:00:00,2.5815
SUI,2025-10-21 18:00:00,2.6127
SUI,2025-10-22 18:00:00,2.4138
SUI,2025-10-23 18:00:00,2.466
SUI,2025-10-24 18:00:00,2.5145
SUI,2025-10-25 18:00:00,2.5568
SUI,2025-10-26 18:00:00,2.6384
SUI,2025-10-27 18:00:00,2.6608
SUI,2025-10-28 18:00:00,2.587
SUI,2025-10-29 18:00:00,2.5302
SUI,2025-10-30 18:00:00,2.2326
SUI,2025-10-31 18:00:00,2.3404
SUI,2025-11-01 18:00:00,2.3853
SUI,2025-11-02 18:00:00,2.3144
SUI,2025-11-03 18:00:00,2.0956
SUI,2025-11-04 18:00:00,1.9615
SUI,2025-11-05 18:00:00,2.037
SUI,2025-11-06 18:00:00,1.9579
SUI,2025-11-07 18:00:00,2.1789
SUI,2025-11-08 18:00:00,2.1052
SUI,2025-11-09 18:00:00,2.1366
SUI,2025-11-10 18:00:00,2.1339
SUI,2025-11-11 18:00:00,2.0623
SUI,2025-11-12 18:00:00,1.9777
SUI,2025-11-13 18:00:00,1.8669
SUPER,2025-06-05 18:00:00,0.6273
SUPER,2025-06-06 18:00:00,0.61749
SUPER,2025-06-07 18:00:00,0.64633
SUPER,2025-06-08 18:00:00,0.65378
SUPER,2025-06-09 18:00:00,0.69218
SUPER,2025-06-10 18:00:00,0.73003
SUPER,2025-06-11 18:00:00,0.72522
SUPER,2025-06-12 18:00:00,0.67912
SUPER,2025-06-13 18:00:00,0.61994
SUPER,2025-06-14 18:00:00,0.60809
SUPER,2025-06-15 18:00:00,0.61546
SUPER,2025-06-16 18:00:00,0.67979
SUPER,2025-06-17 18:00:00,0.60531
SUPER,2025-06-18 18:00:00,0.58197
SUPER,2025-06-19 18:00:00,0.59766
SUPER,2025-06-20 18:00:00,0.57314
SUPER,2025-06-21 18:00:00,0.5432
SUPER,2025-06-22 18:00:00,0.48151
SUPER,2025-06-23 18:00:00,0.54127
SUPER,2025-06-24 18:00:00,0.61899
SUPER,2025-06-25 18:00:00,0.58636
SUPER,2025-06-26 18:00:00,0.57922
SUPER,2025-06-27 18:00:00,0.59003
SUPER,2025-06-28 18:00:00,0.64215
SUPER,2025-06-29 18:00:00,0.67015
SUPER,2025-06-30 18:00:00,0.65659
SUPER,2025-07-01 18:00:00,0.60756
SUPER,2025-07-02 18:00:00,0.67419
SUPER,2025-07-03 18:00:00,0.66869
SUPER,2025-07-04 18:00:00,0.63077
SUPER,2025-07-05 18:00:00,0.61173
SUPER,2025-07-06 18:00:00,0.6551
SUPER,2025-07-07 18:00:00,0.63795
SUPER,2025-07-08 18:00:00,0.66578
SUPER,2025-07-09 18:00:00,0.68448
SUPER,2025-07-10 18:00:00,0.73066
SUPER,2025-07-11 18:00:00,0.76349
SUPER,2025-07-12 18:00:00,0.73944
SUPER,2025-07-13 18:00:00,0.80651
SUPER,2025-07-14 18:00:00,0.78715
SUPER,2025-07-15 18:00:00,0.80869
SUPER,2025-07-16 18:00:00,0.87406
SUPER,2025-07-17 18:00:00,0.86944
SUPER,2025-07-18 18:00:00,0.85523
SUPER,2025-07-19 18:00:00,0.83324
SUPER,2025-07-20 18:00:00,0.87498
SUPER,2025-07-21 18:00:00,0.83411
SUPER,2025-07-22 18:00:00,0.84751
SUPER,2025-07-23 18:00:00,0.79807
SUPER,2025-07-24 18:00:00,0.80506
SUPER,2025-07-25 18:00:00,0.75485
SUPER,2025-07-26 18:00:00,0.81516
SUPER,2025-07-27 18:00:00,0.84199
SUPER,2025-07-28 18:00:00,0.84927
SUPER,2025-07-29 18:00:00,0.84052
SUPER,2025-07-30 18:00:00,0.77917
SUPER,2025-07-31 18:00:00,0.78634
SUPER,2025-08-01 18:00:00,0.71623
SUPER,2025-08-02 18:00:00,0.65591
SUPER,2025-08-03 18:00:00,0.69157
SUPER,2025-08-04 18:00:00,0.7156
SUPER,2025-08-05 18:00:00,0.67812
SUPER,2025-08-06 18:00:00,0.68143
SUPER,2025-08-07 18:00:00,0.68753
SUPER,2025-08-08 18:00:00,0.73674
SUPER,2025-08-09 18:00:00,0.79432
SUPER,2025-08-10 18:00:00,0.79427
SUPER,2025-08-11 18:00:00,0.76277
SUPER,2025-08-12 18:00:00,0.78315
SUPER,2025-08-13 18:00:00,0.8264
SUPER,2025-08-14 18:00:00,0.72588
SUPER,2025-08-15 18:00:00,0.68078
SUPER,2025-08-16 18:00:00,0.71003
SUPER,2025-08-17 18:00:00,0.70989
SUPER,2025-08-18 18:00:00,0.67732
SUPER,2025-08-19 18:00:00,0.63967
SUPER,2025-08-20 18:00:00,0.64909
SUPER,2025-08-21 18:00:00,0.64115
SUPER,2025-08-22 18:00:00,0.67856
SUPER,2025-08-23 18:00:00,0.66072
SUPER,2025-08-24 18:00:00,0.66747
SUPER,2025-08-25 18:00:00,0.61104
SUPER,2025-08-26 18:00:00,0.59993
SUPER,2025-08-27 18:00:00,0.60346
SUPER,2025-08-28 18:00:00,0.59554
SUPER,2025-08-29 18:00:00,0.564
SUPER,2025-08-30 18:00:00,0.57997
SUPER,2025-08-31 18:00:00,0.58208
SUPER,2025-09-01 18:00:00,0.55611
SUPER,2025-09-02 18:00:00,0.56083
SUPER,2025-09-03 18:00:00,0.57008
SUPER,2025-09-04 18:00:00,0.55139
SUPER,2025-09-05 18:00:00,0.60089
SUPER,2025-09-06 18:00:00,0.58881
SUPER,2025-09-07 18:00:00,0.58354
SUPER,2025-09-08 18:00:00,0.60004
SUPER,2025-09-09 18:00:00,0.57889
SUPER,2025-09-10 18:00:00,0.57786
SUPER,2025-09-11 18:00:00,0.58267
SUPER,2025-09-12 18:00:00,0.60533
SUPER,2025-09-13 18:00:00,0.62101
SUPER,2025-09-14 18:00:00,0.60597
SUPER,2025-09-15 18:00:00,0.58862
SUPER,2025-09-16 18:00:00,0.59791
SUPER,2025-09-17 18:00:00,0.57254
SUPER,2025-09-18 18:00:00,0.61663
SUPER,2025-09-19 18:00:00,0.59772
SUPER,2025-09-20 18:00:00,0.59296
SUPER,2025-09-21 18:00:00,0.5814
SUPER,2025-09-22 18:00:00,0.53161
SUPER,2025-09-23 18:00:00,0.53606
SUPER,2025-09-24 18:00:00,0.53515
SUPER,2025-09-25 18:00:00,0.49459
SUPER,2025-09-26 18:00:00,0.51239
SUPER,2025-09-27 18:00:00,0.52287
SUPER,2025-09-28 18:00:00,0.51714
SUPER,2025-09-29 18:00:00,0.68069
SUPER,2025-09-30 18:00:00,0.59049
SUPER,2025-10-01 18:00:00,0.61539
SUPER,2025-10-02 18:00:00,0.65705
SUPER,2025-10-03 18:00:00,0.63316
SUPER,2025-10-04 18:00:00,0.6189
SUPER,2025-10-05 18:00:00,0.60808
SUPER,2025-10-06 18:00:00,0.62163
SUPER,2025-10-07 18:00:00,0.57558
SUPER,2025-10-08 18:00:00,0.59305
SUPER,2025-10-09 18:00:00,0.55874
SUPER,2025-10-10 18:00:00,0.53182
SUPER,2025-10-11 18:00:00,0.41149
SUPER,2025-10-12 18:00:00,0.45015
SUPER,2025-10-13 18:00:00,0.46413
SUPER,2025-10-14 18:00:00,0.43138
SUPER,2025-10-15 18:00:00,0.43959
SUPER,2025-10-16 18:00:00,0.42955
SUPER,2025-10-17 18:00:00,0.38274
SUPER,2025-10-18 18:00:00,0.38575
SUPER,2025-10-19 18:00:00,0.40541
SUPER,2025-10-20 18:00:00,0.40151
SUPER,2025-10-21 18:00:00,0.40394
SUPER,2025-10-22 18:00:00,0.37702
SUPER,2025-10-23 18:00:00,0.38651
SUPER,2025-10-24 18:00:00,0.38491
SUPER,2025-10-25 18:00:00,0.38996
SUPER,2025-10-26 18:00:00,0.41027
SUPER,2025-10-27 18:00:00,0.40763
SUPER,2025-10-28 18:00:00,0.39918
SUPER,2025-10-29 18:00:00,0.39085
SUPER,2025-10-30 18:00:00,0.34982
SUPER,2025-10-31 18:00:00,0.36192
SUPER,2025-11-01 18:00:00,0.37346
SUPER,2025-11-02 18:00:00,0.36561
SUPER,2025-11-03 18:00:00,0.32486
SUPER,2025-11-04 18:00:00,0.29126
SUPER,2025-11-05 18:00:00,0.30891
SUPER,2025-11-06 18:00:00,0.29336
SUPER,2025-11-07 18:00:00,0.32835
SUPER,2025-11-08 18:00:00,0.31933
SUPER,2025-11-09 18:00:00,0.32253
SUPER,2025-11-10 18:00:00,0.31749
SUPER,2025-11-11 18:00:00,0.30872
SUPER,2025-11-12 18:00:00,0.29488
SUPER,2025-11-13 18:00:00,0.27824
SUSHI,2025-06-05 18:00:00,0.65091
SUSHI,2025-06-06 18:00:00,0.63006
SUSHI,2025-06-07 18:00:00,0.65243
SUSHI,2025-06-08 18:00:00,0.65199
SUSHI,2025-06-09 18:00:00,0.6725
SUSHI,2025-06-10 18:00:00,0.74059
SUSHI,2025-06-11 18:00:00,0.75195
SUSHI,2025-06-12 18:00:00,0.69494
SUSHI,2025-06-13 18:00:00,0.60969
SUSHI,2025-06-14 18:00:00,0.60719
SUSHI,2025-06-15 18:00:00,0.61494
SUSHI,2025-06-16 18:00:00,0.67389
SUSHI,2025-06-17 18:00:00,0.61799
SUSHI,2025-06-18 18:00:00,0.60263
SUSHI,2025-06-19 18:00:00,0.61226
SUSHI,2025-06-20 18:00:00,0.59701
SUSHI,2025-06-21 18:00:00,0.57118
SUSHI,2025-06-22 18:00:00,0.51999
SUSHI,2025-06-23 18:00:00,0.5816
SUSHI,2025-06-24 18:00:00,0.60656
SUSHI,2025-06-25 18:00:00,0.59016
SUSHI,2025-06-26 18:00:00,0.57238
SUSHI,2025-06-27 18:00:00,0.56656
SUSHI,2025-06-28 18:00:00,0.60283
SUSHI,2025-06-29 18:00:00,0.60363
SUSHI,2025-06-30 18:00:00,0.59981
SUSHI,2025-07-01 18:00:00,0.57292
SUSHI,2025-07-02 18:00:00,0.62631
SUSHI,2025-07-03 18:00:00,0.62686
SUSHI,2025-07-04 18:00:00,0.58581
SUSHI,2025-07-05 18:00:00,0.57557
SUSHI,2025-07-06 18:00:00,0.60333
SUSHI,2025-07-07 18:00:00,0.59627
SUSHI,2025-07-08 18:00:00,0.61986
SUSHI,2025-07-09 18:00:00,0.6453
SUSHI,2025-07-10 18:00:00,0.68433
SUSHI,2025-07-11 18:00:00,0.74648
SUSHI,2025-07-12 18:00:00,0.69415
SUSHI,2025-07-13 18:00:00,0.72557
SUSHI,2025-07-14 18:00:00,0.70973
SUSHI,2025-07-15 18:00:00,0.728
SUSHI,2025-07-16 18:00:00,0.75889
SUSHI,2025-07-17 18:00:00,0.75463
SUSHI,2025-07-18 18:00:00,0.90946
SUSHI,2025-07-19 18:00:00,0.95832
SUSHI,2025-07-20 18:00:00,1.0228
SUSHI,2025-07-21 18:00:00,1.0219
SUSHI,2025-07-22 18:00:00,0.98947
SUSHI,2025-07-23 18:00:00,0.92975
SUSHI,2025-07-24 18:00:00,0.90074
SUSHI,2025-07-25 18:00:00,0.8653
SUSHI,2025-07-26 18:00:00,0.91405
SUSHI,2025-07-27 18:00:00,0.93222
SUSHI,2025-07-28 18:00:00,0.86341
SUSHI,2025-07-29 18:00:00,0.8515
SUSHI,2025-07-30 18:00:00,0.81679
SUSHI,2025-07-31 18:00:00,0.81827
SUSHI,2025-08-01 18:00:00,0.77728
SUSHI,2025-08-02 18:00:00,0.72591
SUSHI,2025-08-03 18:00:00,0.75672
SUSHI,2025-08-04 18:00:00,0.80092
SUSHI,2025-08-05 18:00:00,0.75428
SUSHI,2025-08-06 18:00:00,0.77147
SUSHI,2025-08-07 18:00:00,0.79986
SUSHI,2025-08-08 18:00:00,0.85441
SUSHI,2025-08-09 18:00:00,0.88928
SUSHI,2025-08-10 18:00:00,0.89365
SUSHI,2025-08-11 18:00:00,0.85488
SUSHI,2025-08-12 18:00:00,0.86863
SUSHI,2025-08-13 18:00:00,0.9225
SUSHI,2025-08-14 18:00:00,0.83937
SUSHI,2025-08-15 18:00:00,0.79862
SUSHI,2025-08-16 18:00:00,0.83023
SUSHI,2025-08-17 18:00:00,0.83323
SUSHI,2025-08-18 18:00:00,0.79537
SUSHI,2025-08-19 18:00:00,0.75263
SUSHI,2025-08-20 18:00:00,0.78012
SUSHI,2025-08-21 18:00:00,0.76992
SUSHI,2025-08-22 18:00:00,0.89074
SUSHI,2025-08-23 18:00:00,0.86002
SUSHI,2025-08-24 18:00:00,0.87377
SUSHI,2025-08-25 18:00:00,0.77004
SUSHI,2025-08-26 18:00:00,0.77416
SUSHI,2025-08-27 18:00:00,0.79132
SUSHI,2025-08-28 18:00:00,0.78882
SUSHI,2025-08-29 18:00:00,0.73692
SUSHI,2025-08-30 18:00:00,0.75787
SUSHI,2025-08-31 18:00:00,0.78016
SUSHI,2025-09-01 18:00:00,0.73711
SUSHI,2025-09-02 18:00:00,0.75236
SUSHI,2025-09-03 18:00:00,0.78195
SUSHI,2025-09-04 18:00:00,0.73478
SUSHI,2025-09-05 18:00:00,0.75856
SUSHI,2025-09-06 18:00:00,0.7448
SUSHI,2025-09-07 18:00:00,0.74671
SUSHI,2025-09-08 18:00:00,0.78574
SUSHI,2025-09-09 18:00:00,0.78413
SUSHI,2025-09-10 18:00:00,0.79808
SUSHI,2025-09-11 18:00:00,0.80016
SUSHI,2025-09-12 18:00:00,0.84611
SUSHI,2025-09-13 18:00:00,0.84685
SUSHI,2025-09-14 18:00:00,0.81431
SUSHI,2025-09-15 18:00:00,0.76148
SUSHI,2025-09-16 18:00:00,0.7906
SUSHI,2025-09-17 18:00:00,0.76923
SUSHI,2025-09-18 18:00:00,0.82638
SUSHI,2025-09-19 18:00:00,0.7694
SUSHI,2025-09-20 18:00:00,0.77106
SUSHI,2025-09-21 18:00:00,0.76958
SUSHI,2025-09-22 18:00:00,0.66957
SUSHI,2025-09-23 18:00:00,0.66891
SUSHI,2025-09-24 18:00:00,0.6782
SUSHI,2025-09-25 18:00:00,0.64102
SUSHI,2025-09-26 18:00:00,0.66532
SUSHI,2025-09-27 18:00:00,0.66125
SUSHI,2025-09-28 18:00:00,0.65903
SUSHI,2025-09-29 18:00:00,0.66125
SUSHI,2025-09-30 18:00:00,0.64979
SUSHI,2025-10-01 18:00:00,0.69692
SUSHI,2025-10-02 18:00:00,0.72145
SUSHI,2025-10-03 18:00:00,0.72475
SUSHI,2025-10-04 18:00:00,0.68785
SUSHI,2025-10-05 18:00:00,0.69819
SUSHI,2025-10-06 18:00:00,0.73771
SUSHI,2025-10-07 18:00:00,0.68315
SUSHI,2025-10-08 18:00:00,0.71935
SUSHI,2025-10-09 18:00:00,0.67929
SUSHI,2025-10-10 18:00:00,0.6574
SUSHI,2025-10-11 18:00:00,0.50278
SUSHI,2025-10-12 18:00:00,0.56383
SUSHI,2025-10-13 18:00:00,0.59204
SUSHI,2025-10-14 18:00:00,0.57683
SUSHI,2025-10-15 18:00:00,0.5608
SUSHI,2025-10-16 18:00:00,0.54018
SUSHI,2025-10-17 18:00:00,0.5098
SUSHI,2025-10-18 18:00:00,0.51587
SUSHI,2025-10-19 18:00:00,0.53939
SUSHI,2025-10-20 18:00:00,0.55376
SUSHI,2025-10-21 18:00:00,0.56063
SUSHI,2025-10-22 18:00:00,0.51968
SUSHI,2025-10-23 18:00:00,0.53566
SUSHI,2025-10-24 18:00:00,0.53069
SUSHI,2025-10-25 18:00:00,0.5368
SUSHI,2025-10-26 18:00:00,0.54678
SUSHI,2025-10-27 18:00:00,0.55515
SUSHI,2025-10-28 18:00:00,0.53252
SUSHI,2025-10-29 18:00:00,0.52832
SUSHI,2025-10-30 18:00:00,0.46843
SUSHI,2025-10-31 18:00:00,0.48372
SUSHI,2025-11-01 18:00:00,0.51336
SUSHI,2025-11-02 18:00:00,0.49664
SUSHI,2025-11-03 18:00:00,0.44971
SUSHI,2025-11-04 18:00:00,0.42284
SUSHI,2025-11-05 18:00:00,0.44475
SUSHI,2025-11-06 18:00:00,0.43292
SUSHI,2025-11-07 18:00:00,0.50305
SUSHI,2025-11-08 18:00:00,0.48675
SUSHI,2025-11-09 18:00:00,0.5029
SUSHI,2025-11-10 18:00:00,0.50055
SUSHI,2025-11-11 18:00:00,0.49793
SUSHI,2025-11-12 18:00:00,0.48228
SUSHI,2025-11-13 18:00:00,0.45991
TAO,2025-06-05 18:00:00,365.53
TAO,2025-06-06 18:00:00,371.94
TAO,2025-06-07 18:00:00,379.69
TAO,2025-06-08 18:00:00,381.15
TAO,2025-06-09 18:00:00,413.24
TAO,2025-06-10 18:00:00,421.51
TAO,2025-06-11 18:00:00,424.31
TAO,2025-06-12 18:00:00,392.58
TAO,2025-06-13 18:00:00,363.73
TAO,2025-06-14 18:00:00,358.85
TAO,2025-06-15 18:00:00,371.84
TAO,2025-06-16 18:00:00,388.03
TAO,2025-06-17 18:00:00,344.29
TAO,2025-06-18 18:00:00,345.99
TAO,2025-06-19 18:00:00,348.16
TAO,2025-06-20 18:00:00,340.14
TAO,2025-06-21 18:00:00,319.77
TAO,2025-06-22 18:00:00,297.25
TAO,2025-06-23 18:00:00,322.52
TAO,2025-06-24 18:00:00,345.8
TAO,2025-06-25 18:00:00,329.06
TAO,2025-06-26 18:00:00,320.76
TAO,2025-06-27 18:00:00,319.9
TAO,2025-06-28 18:00:00,330.91
TAO,2025-06-29 18:00:00,343.46
TAO,2025-06-30 18:00:00,334.99
TAO,2025-07-01 18:00:00,320.22
TAO,2025-07-02 18:00:00,335.09
TAO,2025-07-03 18:00:00,334.78
TAO,2025-07-04 18:00:00,320.43
TAO,2025-07-05 18:00:00,319.31
TAO,2025-07-06 18:00:00,325.06
TAO,2025-07-07 18:00:00,321.24
TAO,2025-07-08 18:00:00,322.73
TAO,2025-07-09 18:00:00,333.69
TAO,2025-07-10 18:00:00,365.03
TAO,2025-07-11 18:00:00,397.32
TAO,2025-07-12 18:00:00,385.96
TAO,2025-07-13 18:00:00,398.82
TAO,2025-07-14 18:00:00,401.76
TAO,2025-07-15 18:00:00,430.09
TAO,2025-07-16 18:00:00,439.93
TAO,2025-07-17 18:00:00,429.08
TAO,2025-07-18 18:00:00,412.26
TAO,2025-07-19 18:00:00,411.8
TAO,2025-07-20 18:00:00,430.16
TAO,2025-07-21 18:00:00,437.66
TAO,2025-07-22 18:00:00,446.19
TAO,2025-07-23 18:00:00,430.37
TAO,2025-07-24 18:00:00,434.72
TAO,2025-07-25 18:00:00,413.53
TAO,2025-07-26 18:00:00,429.5
TAO,2025-07-27 18:00:00,431.63
TAO,2025-07-28 18:00:00,406.51
TAO,2025-07-29 18:00:00,385.81
TAO,2025-07-30 18:00:00,364.31
TAO,2025-07-31 18:00:00,367.92
TAO,2025-08-01 18:00:00,346.78
TAO,2025-08-02 18:00:00,328.9
TAO,2025-08-03 18:00:00,350.76
TAO,2025-08-04 18:00:00,354.97
TAO,2025-08-05 18:00:00,339.09
TAO,2025-08-06 18:00:00,347.68
TAO,2025-08-07 18:00:00,354.49
TAO,2025-08-08 18:00:00,375.0
TAO,2025-08-09 18:00:00,390.41
TAO,2025-08-10 18:00:00,394.44
TAO,2025-08-11 18:00:00,366.87
TAO,2025-08-12 18:00:00,385.29
TAO,2025-08-13 18:00:00,388.74
TAO,2025-08-14 18:00:00,366.9
TAO,2025-08-15 18:00:00,362.72
TAO,2025-08-16 18:00:00,370.81
TAO,2025-08-17 18:00:00,375.55
TAO,2025-08-18 18:00:00,357.43
TAO,2025-08-19 18:00:00,343.33
TAO,2025-08-20 18:00:00,348.5
TAO,2025-08-21 18:00:00,339.68
TAO,2025-08-22 18:00:00,367.17
TAO,2025-08-23 18:00:00,363.22
TAO,2025-08-24 18:00:00,375.89
TAO,2025-08-25 18:00:00,333.83
TAO,2025-08-26 18:00:00,332.07
TAO,2025-08-27 18:00:00,336.53
TAO,2025-08-28 18:00:00,330.11
TAO,2025-08-29 18:00:00,315.74
TAO,2025-08-30 18:00:00,321.2
TAO,2025-08-31 18:00:00,324.86
TAO,2025-09-01 18:00:00,310.61
TAO,2025-09-02 18:00:00,315.46
TAO,2025-09-03 18:00:00,325.93
TAO,2025-09-04 18:00:00,312.08
TAO,2025-09-05 18:00:00,320.07
TAO,2025-09-06 18:00:00,316.19
TAO,2025-09-07 18:00:00,323.76
TAO,2025-09-08 18:00:00,343.78
TAO,2025-09-09 18:00:00,336.19
TAO,2025-09-10 18:00:00,342.0
TAO,2025-09-11 18:00:00,357.32
TAO,2025-09-12 18:00:00,357.54
TAO,2025-09-13 18:00:00,359.52
TAO,2025-09-14 18:00:00,349.23
TAO,2025-09-15 18:00:00,340.82
TAO,2025-09-16 18:00:00,343.38
TAO,2025-09-17 18:00:00,341.0
TAO,2025-09-18 18:00:00,372.32
TAO,2025-09-19 18:00:00,347.69
TAO,2025-09-20 18:00:00,345.39
TAO,2025-09-21 18:00:00,342.02
TAO,2025-09-22 18:00:00,313.6
TAO,2025-09-23 18:00:00,308.0
TAO,2025-09-24 18:00:00,314.15
TAO,2025-09-25 18:00:00,300.65
TAO,2025-09-26 18:00:00,302.05
TAO,2025-09-27 18:00:00,298.23
TAO,2025-09-28 18:00:00,300.01
TAO,2025-09-29 18:00:00,306.88
TAO,2025-09-30 18:00:00,300.37
TAO,2025-10-01 18:00:00,318.76
TAO,2025-10-02 18:00:00,326.0
TAO,2025-10-03 18:00:00,326.15
TAO,2025-10-04 18:00:00,315.03
TAO,2025-10-05 18:00:00,316.11
TAO,2025-10-06 18:00:00,353.66
TAO,2025-10-07 18:00:00,331.08
TAO,2025-10-08 18:00:00,342.66
TAO,2025-10-09 18:00:00,333.51
TAO,2025-10-10 18:00:00,376.21
TAO,2025-10-11 18:00:00,305.9
TAO,2025-10-12 18:00:00,370.16
TAO,2025-10-13 18:00:00,418.28
TAO,2025-10-14 18:00:00,461.84
TAO,2025-10-15 18:00:00,428.72
TAO,2025-10-16 18:00:00,400.9
TAO,2025-10-17 18:00:00,371.14
TAO,2025-10-18 18:00:00,393.88
TAO,2025-10-19 18:00:00,445.53
TAO,2025-10-20 18:00:00,424.72
TAO,2025-10-21 18:00:00,407.14
TAO,2025-10-22 18:00:00,388.67
TAO,2025-10-23 18:00:00,385.67
TAO,2025-10-24 18:00:00,388.29
TAO,2025-10-25 18:00:00,390.21
TAO,2025-10-26 18:00:00,406.34
TAO,2025-10-27 18:00:00,415.26
TAO,2025-10-28 18:00:00,445.23
TAO,2025-10-29 18:00:00,428.27
TAO,2025-10-30 18:00:00,396.88
TAO,2025-10-31 18:00:00,483.72
TAO,2025-11-01 18:00:00,508.17
TAO,2025-11-02 18:00:00,482.25
TAO,2025-11-03 18:00:00,483.67
TAO,2025-11-04 18:00:00,404.0
TAO,2025-11-05 18:00:00,398.3
TAO,2025-11-06 18:00:00,398.4
TAO,2025-11-07 18:00:00,403.6
TAO,2025-11-08 18:00:00,371.05
TAO,2025-11-09 18:00:00,380.3
TAO,2025-11-10 18:00:00,376.52
TAO,2025-11-11 18:00:00,371.27
TAO,2025-11-12 18:00:00,353.38
TAO,2025-11-13 18:00:00,336.29
TIA,2025-06-05 18:00:00,2.0991
TIA,2025-06-06 18:00:00,1.9418
TIA,2025-06-07 18:00:00,2.0351
TIA,2025-06-08 18:00:00,2.038
TIA,2025-06-09 18:00:00,2.0473
TIA,2025-06-10 18:00:00,2.186
TIA,2025-06-11 18:00:00,2.2007
TIA,2025-06-12 18:00:00,2.0196
TIA,2025-06-13 18:00:00,1.7481
TIA,2025-06-14 18:00:00,1.7765
TIA,2025-06-15 18:00:00,1.7566
TIA,2025-06-16 18:00:00,1.8174
TIA,2025-06-17 18:00:00,1.6496
TIA,2025-06-18 18:00:00,1.6509
TIA,2025-06-19 18:00:00,1.6301
TIA,2025-06-20 18:00:00,1.5833
TIA,2025-06-21 18:00:00,1.5154
TIA,2025-06-22 18:00:00,1.363
TIA,2025-06-23 18:00:00,1.4687
TIA,2025-06-24 18:00:00,1.6052
TIA,2025-06-25 18:00:00,1.6073
TIA,2025-06-26 18:00:00,1.4509
TIA,2025-06-27 18:00:00,1.396
TIA,2025-06-28 18:00:00,1.4738
TIA,2025-06-29 18:00:00,1.4673
TIA,2025-06-30 18:00:00,1.3936
TIA,2025-07-01 18:00:00,1.3532
TIA,2025-07-02 18:00:00,1.4998
TIA,2025-07-03 18:00:00,1.6107
TIA,2025-07-04 18:00:00,1.5082
TIA,2025-07-05 18:00:00,1.4516
TIA,2025-07-06 18:00:00,1.5248
TIA,2025-07-07 18:00:00,1.5712
TIA,2025-07-08 18:00:00,1.6258
TIA,2025-07-09 18:00:00,1.6178
TIA,2025-07-10 18:00:00,1.7485
TIA,2025-07-11 18:00:00,2.0035
TIA,2025-07-12 18:00:00,1.8777
TIA,2025-07-13 18:00:00,1.9013
TIA,2025-07-14 18:00:00,1.8779
TIA,2025-07-15 18:00:00,1.9437
TIA,2025-07-16 18:00:00,2.0185
TIA,2025-07-17 18:00:00,1.947
TIA,2025-07-18 18:00:00,1.95
TIA,2025-07-19 18:00:00,1.936
TIA,2025-07-20 18:00:00,2.1828
TIA,2025-07-21 18:00:00,2.2136
TIA,2025-07-22 18:00:00,2.1674
TIA,2025-07-23 18:00:00,1.9865
TIA,2025-07-24 18:00:00,1.8957
TIA,2025-07-25 18:00:00,1.8469
TIA,2025-07-26 18:00:00,1.9588
TIA,2025-07-27 18:00:00,2.0221
TIA,2025-07-28 18:00:00,1.9274
TIA,2025-07-29 18:00:00,1.8724
TIA,2025-07-30 18:00:00,1.7582
TIA,2025-07-31 18:00:00,1.7656
TIA,2025-08-01 18:00:00,1.6264
TIA,2025-08-02 18:00:00,1.5537
TIA,2025-08-03 18:00:00,1.646
TIA,2025-08-04 18:00:00,1.6781
TIA,2025-08-05 18:00:00,1.6245
TIA,2025-08-06 18:00:00,1.6697
TIA,2025-08-07 18:00:00,1.7038
TIA,2025-08-08 18:00:00,1.7775
TIA,2025-08-09 18:00:00,1.8344
TIA,2025-08-10 18:00:00,1.8311
TIA,2025-08-11 18:00:00,1.7661
TIA,2025-08-12 18:00:00,1.8438
TIA,2025-08-13 18:00:00,1.9722
TIA,2025-08-14 18:00:00,1.78
TIA,2025-08-15 18:00:00,1.7174
TIA,2025-08-16 18:00:00,1.8102
TIA,2025-08-17 18:00:00,1.8423
TIA,2025-08-18 18:00:00,1.7629
TIA,2025-08-19 18:00:00,1.6551
TIA,2025-08-20 18:00:00,1.7107
TIA,2025-08-21 18:00:00,1.674
TIA,2025-08-22 18:00:00,1.8338
TIA,2025-08-23 18:00:00,1.8513
TIA,2025-08-24 18:00:00,1.8656
TIA,2025-08-25 18:00:00,1.6819
TIA,2025-08-26 18:00:00,1.676
TIA,2025-08-27 18:00:00,1.6972
TIA,2025-08-28 18:00:00,1.717
TIA,2025-08-29 18:00:00,1.5936
TIA,2025-08-30 18:00:00,1.6302
TIA,2025-08-31 18:00:00,1.6382
TIA,2025-09-01 18:00:00,1.5783
TIA,2025-09-02 18:00:00,1.5843
TIA,2025-09-03 18:00:00,1.6369
TIA,2025-09-04 18:00:00,1.5455
TIA,2025-09-05 18:00:00,1.6352
TIA,2025-09-06 18:00:00,1.6089
TIA,2025-09-07 18:00:00,1.6327
TIA,2025-09-08 18:00:00,1.7322
TIA,2025-09-09 18:00:00,1.822
TIA,2025-09-10 18:00:00,1.7568
TIA,2025-09-11 18:00:00,1.7701
TIA,2025-09-12 18:00:00,1.8474
TIA,2025-09-13 18:00:00,1.8621
TIA,2025-09-14 18:00:00,1.7718
TIA,2025-09-15 18:00:00,1.6825
TIA,2025-09-16 18:00:00,1.7115
TIA,2025-09-17 18:00:00,1.6932
TIA,2025-09-18 18:00:00,1.8291
TIA,2025-09-19 18:00:00,1.7168
TIA,2025-09-20 18:00:00,1.7179
TIA,2025-09-21 18:00:00,1.7064
TIA,2025-09-22 18:00:00,1.4812
TIA,2025-09-23 18:00:00,1.4625
TIA,2025-09-24 18:00:00,1.4656
TIA,2025-09-25 18:00:00,1.39
TIA,2025-09-26 18:00:00,1.4235
TIA,2025-09-27 18:00:00,1.4
TIA,2025-09-28 18:00:00,1.4113
TIA,2025-09-29 18:00:00,1.4021
TIA,2025-09-30 18:00:00,1.3621
TIA,2025-10-01 18:00:00,1.4527
TIA,2025-10-02 18:00:00,1.5061
TIA,2025-10-03 18:00:00,1.516
TIA,2025-10-04 18:00:00,1.4541
TIA,2025-10-05 18:00:00,1.4865
TIA,2025-10-06 18:00:00,1.5524
TIA,2025-10-07 18:00:00,1.4531
TIA,2025-10-08 18:00:00,1.5025
TIA,2025-10-09 18:00:00,1.4333
TIA,2025-10-10 18:00:00,1.3557
TIA,2025-10-11 18:00:00,0.97393
TIA,2025-10-12 18:00:00,1.0578
TIA,2025-10-13 18:00:00,1.1304
TIA,2025-10-14 18:00:00,1.1697
TIA,2025-10-15 18:00:00,1.094
TIA,2025-10-16 18:00:00,1.0402
TIA,2025-10-17 18:00:00,1.0077
TIA,2025-10-18 18:00:00,1.0016
TIA,2025-10-19 18:00:00,1.044
TIA,2025-10-20 18:00:00,1.0284
TIA,2025-10-21 18:00:00,1.0759
TIA,2025-10-22 18:00:00,0.97094
TIA,2025-10-23 18:00:00,1.0045
TIA,2025-10-24 18:00:00,1.0194
TIA,2025-10-25 18:00:00,1.043
TIA,2025-10-26 18:00:00,1.0535
TIA,2025-10-27 18:00:00,1.0674
TIA,2025-10-28 18:00:00,1.029
TIA,2025-10-29 18:00:00,1.0184
TIA,2025-10-30 18:00:00,0.8887
TIA,2025-10-31 18:00:00,0.90316
TIA,2025-11-01 18:00:00,0.95379
TIA,2025-11-02 18:00:00,0.94177
TIA,2025-11-03 18:00:00,0.8255
TIA,2025-11-04 18:00:00,0.78183
TIA,2025-11-05 18:00:00,0.82372
TIA,2025-11-06 18:00:00,0.8021
TIA,2025-11-07 18:00:00,0.95684
TIA,2025-11-08 18:00:00,1.0141
TIA,2025-11-09 18:00:00,1.0297
TIA,2025-11-10 18:00:00,1.0049
TIA,2025-11-11 18:00:00,0.97891
TIA,2025-11-12 18:00:00,0.91618
TIA,2025-11-13 18:00:00,0.89149
TRB,2025-06-05 18:00:00,49.146
TRB,2025-06-06 18:00:00,45.9
TRB,2025-06-07 18:00:00,50.536
TRB,2025-06-08 18:00:00,48.864
TRB,2025-06-09 18:00:00,48.022
TRB,2025-06-10 18:00:00,48.076
TRB,2025-06-11 18:00:00,47.762
TRB,2025-06-12 18:00:00,43.992
TRB,2025-06-13 18:00:00,41.331
TRB,2025-06-14 18:00:00,40.767
TRB,2025-06-15 18:00:00,40.896
TRB,2025-06-16 18:00:00,43.456
TRB,2025-06-17 18:00:00,39.521
TRB,2025-06-18 18:00:00,38.47
TRB,2025-06-19 18:00:00,40.107
TRB,2025-06-20 18:00:00,39.067
TRB,2025-06-21 18:00:00,37.836
TRB,2025-06-22 18:00:00,33.713
TRB,2025-06-23 18:00:00,36.649
TRB,2025-06-24 18:00:00,37.381
TRB,2025-06-25 18:00:00,36.548
TRB,2025-06-26 18:00:00,36.146
TRB,2025-06-27 18:00:00,35.797
TRB,2025-06-28 18:00:00,36.6
TRB,2025-06-29 18:00:00,37.355
TRB,2025-06-30 18:00:00,37.775
TRB,2025-07-01 18:00:00,33.959
TRB,2025-07-02 18:00:00,37.229
TRB,2025-07-03 18:00:00,37.475
TRB,2025-07-04 18:00:00,36.199
TRB,2025-07-05 18:00:00,35.879
TRB,2025-07-06 18:00:00,36.395
TRB,2025-07-07 18:00:00,36.11
TRB,2025-07-08 18:00:00,39.139
TRB,2025-07-09 18:00:00,38.328
TRB,2025-07-10 18:00:00,39.788
TRB,2025-07-11 18:00:00,43.085
TRB,2025-07-12 18:00:00,39.857
TRB,2025-07-13 18:00:00,41.046
TRB,2025-07-14 18:00:00,39.902
TRB,2025-07-15 18:00:00,40.897
TRB,2025-07-16 18:00:00,43.428
TRB,2025-07-17 18:00:00,42.605
TRB,2025-07-18 18:00:00,43.085
TRB,2025-07-19 18:00:00,42.478
TRB,2025-07-20 18:00:00,45.924
TRB,2025-07-21 18:00:00,45.326
TRB,2025-07-22 18:00:00,44.396
TRB,2025-07-23 18:00:00,42.348
TRB,2025-07-24 18:00:00,41.614
TRB,2025-07-25 18:00:00,40.372
TRB,2025-07-26 18:00:00,41.767
TRB,2025-07-27 18:00:00,41.922
TRB,2025-07-28 18:00:00,40.267
TRB,2025-07-29 18:00:00,39.169
TRB,2025-07-30 18:00:00,38.337
TRB,2025-07-31 18:00:00,38.493
TRB,2025-08-01 18:00:00,35.565
TRB,2025-08-02 18:00:00,34.214
TRB,2025-08-03 18:00:00,35.688
TRB,2025-08-04 18:00:00,36.612
TRB,2025-08-05 18:00:00,35.187
TRB,2025-08-06 18:00:00,35.932
TRB,2025-08-07 18:00:00,36.78
TRB,2025-08-08 18:00:00,38.541
TRB,2025-08-09 18:00:00,39.728
TRB,2025-08-10 18:00:00,39.318
TRB,2025-08-11 18:00:00,38.112
TRB,2025-08-12 18:00:00,39.268
TRB,2025-08-13 18:00:00,40.277
TRB,2025-08-14 18:00:00,37.25
TRB,2025-08-15 18:00:00,35.953
TRB,2025-08-16 18:00:00,37.156
TRB,2025-08-17 18:00:00,37.849
TRB,2025-08-18 18:00:00,36.553
TRB,2025-08-19 18:00:00,34.904
TRB,2025-08-20 18:00:00,36.053
TRB,2025-08-21 18:00:00,35.601
TRB,2025-08-22 18:00:00,37.719
TRB,2025-08-23 18:00:00,37.931
TRB,2025-08-24 18:00:00,37.667
TRB,2025-08-25 18:00:00,33.711
TRB,2025-08-26 18:00:00,33.128
TRB,2025-08-27 18:00:00,33.587
TRB,2025-08-28 18:00:00,34.422
TRB,2025-08-29 18:00:00,32.302
TRB,2025-08-30 18:00:00,33.672
TRB,2025-08-31 18:00:00,33.829
TRB,2025-09-01 18:00:00,32.636
TRB,2025-09-02 18:00:00,32.705
TRB,2025-09-03 18:00:00,34.59
TRB,2025-09-04 18:00:00,32.305
TRB,2025-09-05 18:00:00,33.755
TRB,2025-09-06 18:00:00,34.122
TRB,2025-09-07 18:00:00,34.843
TRB,2025-09-08 18:00:00,36.075
TRB,2025-09-09 18:00:00,35.537
TRB,2025-09-10 18:00:00,36.142
TRB,2025-09-11 18:00:00,36.143
TRB,2025-09-12 18:00:00,38.413
TRB,2025-09-13 18:00:00,37.964
TRB,2025-09-14 18:00:00,36.143
TRB,2025-09-15 18:00:00,34.494
TRB,2025-09-16 18:00:00,35.821
TRB,2025-09-17 18:00:00,35.448
TRB,2025-09-18 18:00:00,37.941
TRB,2025-09-19 18:00:00,35.887
TRB,2025-09-20 18:00:00,36.192
TRB,2025-09-21 18:00:00,36.27
TRB,2025-09-22 18:00:00,31.648
TRB,2025-09-23 18:00:00,31.752
TRB,2025-09-24 18:00:00,32.216
TRB,2025-09-25 18:00:00,30.266
TRB,2025-09-26 18:00:00,31.097
TRB,2025-09-27 18:00:00,30.866
TRB,2025-09-28 18:00:00,31.068
TRB,2025-09-29 18:00:00,31.072
TRB,2025-09-30 18:00:00,30.766
TRB,2025-10-01 18:00:00,32.754
TRB,2025-10-02 18:00:00,33.979
TRB,2025-10-03 18:00:00,33.947
TRB,2025-10-04 18:00:00,32.773
TRB,2025-10-05 18:00:00,33.15
TRB,2025-10-06 18:00:00,34.869
TRB,2025-10-07 18:00:00,32.607
TRB,2025-10-08 18:00:00,33.974
TRB,2025-10-09 18:00:00,32.32
TRB,2025-10-10 18:00:00,31.568
TRB,2025-10-11 18:00:00,23.662
TRB,2025-10-12 18:00:00,26.061
TRB,2025-10-13 18:00:00,26.777
TRB,2025-10-14 18:00:00,25.943
TRB,2025-10-15 18:00:00,25.436
TRB,2025-10-16 18:00:00,24.531
TRB,2025-10-17 18:00:00,23.657
TRB,2025-10-18 18:00:00,24.155
TRB,2025-10-19 18:00:00,25.868
TRB,2025-10-20 18:00:00,25.926
TRB,2025-10-21 18:00:00,25.946
TRB,2025-10-22 18:00:00,24.236
TRB,2025-10-23 18:00:00,24.644
TRB,2025-10-24 18:00:00,25.048
TRB,2025-10-25 18:00:00,25.841
TRB,2025-10-26 18:00:00,26.59
TRB,2025-10-27 18:00:00,27.3
TRB,2025-10-28 18:00:00,26.507
TRB,2025-10-29 18:00:00,26.052
TRB,2025-10-30 18:00:00,23.636
TRB,2025-10-31 18:00:00,25.12
TRB,2025-11-01 18:00:00,27.351
TRB,2025-11-02 18:00:00,25.876
TRB,2025-11-03 18:00:00,22.648
TRB,2025-11-04 18:00:00,21.936
TRB,2025-11-05 18:00:00,22.778
TRB,2025-11-06 18:00:00,22.276
TRB,2025-11-07 18:00:00,26.358
TRB,2025-11-08 18:00:00,26.6
TRB,2025-11-09 18:00:00,26.54
TRB,2025-11-10 18:00:00,26.423
TRB,2025-11-11 18:00:00,26.407
TRB,2025-11-12 18:00:00,25.192
TRB,2025-11-13 18:00:00,25.241
TRUMP,2025-06-05 18:00:00,10.048
TRUMP,2025-06-06 18:00:00,9.7761
TRUMP,2025-06-07 18:00:00,10.309
TRUMP,2025-06-08 18:00:00,10.468
TRUMP,2025-06-09 18:00:00,10.634
TRUMP,2025-06-10 18:00:00,10.845
TRUMP,2025-06-11 18:00:00,10.843
TRUMP,2025-06-12 18:00:00,10.369
TRUMP,2025-06-13 18:00:00,9.8954
TRUMP,2025-06-14 18:00:00,9.9551
TRUMP,2025-06-15 18:00:00,10.014
TRUMP,2025-06-16 18:00:00,10.046
TRUMP,2025-06-17 18:00:00,9.4689
TRUMP,2025-06-18 18:00:00,9.2052
TRUMP,2025-06-19 18:00:00,9.2973
TRUMP,2025-06-20 18:00:00,9.2852
TRUMP,2025-06-21 18:00:00,9.0177
TRUMP,2025-06-22 18:00:00,8.4947
TRUMP,2025-06-23 18:00:00,8.8398
TRUMP,2025-06-24 18:00:00,9.2001
TRUMP,2025-06-25 18:00:00,9.0203
TRUMP,2025-06-26 18:00:00,8.923
TRUMP,2025-06-27 18:00:00,8.8504
TRUMP,2025-06-28 18:00:00,9.1107
TRUMP,2025-06-29 18:00:00,9.0654
TRUMP,2025-06-30 18:00:00,8.8778
TRUMP,2025-07-01 18:00:00,8.5693
TRUMP,2025-07-02 18:00:00,8.8855
TRUMP,2025-07-03 18:00:00,8.8797
TRUMP,2025-07-04 18:00:00,8.4896
TRUMP,2025-07-05 18:00:00,8.45
TRUMP,2025-07-06 18:00:00,8.6214
TRUMP,2025-07-07 18:00:00,8.6119
TRUMP,2025-07-08 18:00:00,8.6715
TRUMP,2025-07-09 18:00:00,8.8807
TRUMP,2025-07-10 18:00:00,9.5347
TRUMP,2025-07-11 18:00:00,10.332
TRUMP,2025-07-12 18:00:00,9.6258
TRUMP,2025-07-13 18:00:00,9.7152
TRUMP,2025-07-14 18:00:00,9.3442
TRUMP,2025-07-15 18:00:00,9.3372
TRUMP,2025-07-16 18:00:00,10.032
TRUMP,2025-07-17 18:00:00,9.8703
TRUMP,2025-07-18 18:00:00,10.121
TRUMP,2025-07-19 18:00:00,10.056
TRUMP,2025-07-20 18:00:00,10.81
TRUMP,2025-07-21 18:00:00,11.17
TRUMP,2025-07-22 18:00:00,10.938
TRUMP,2025-07-23 18:00:00,10.187
TRUMP,2025-07-24 18:00:00,10.117
TRUMP,2025-07-25 18:00:00,9.8791
TRUMP,2025-07-26 18:00:00,10.269
TRUMP,2025-07-27 18:00:00,10.323
TRUMP,2025-07-28 18:00:00,9.8202
TRUMP,2025-07-29 18:00:00,9.4464
TRUMP,2025-07-30 18:00:00,9.1818
TRUMP,2025-07-31 18:00:00,9.1671
TRUMP,2025-08-01 18:00:00,8.7735
TRUMP,2025-08-02 18:00:00,8.4832
TRUMP,2025-08-03 18:00:00,8.8342
TRUMP,2025-08-04 18:00:00,8.9423
TRUMP,2025-08-05 18:00:00,8.6564
TRUMP,2025-08-06 18:00:00,8.8681
TRUMP,2025-08-07 18:00:00,8.9785
TRUMP,2025-08-08 18:00:00,9.3434
TRUMP,2025-08-09 18:00:00,9.5799
TRUMP,2025-08-10 18:00:00,9.2984
TRUMP,2025-08-11 18:00:00,8.9859
TRUMP,2025-08-12 18:00:00,9.106
TRUMP,2025-08-13 18:00:00,9.5127
TRUMP,2025-08-14 18:00:00,8.9705
TRUMP,2025-08-15 18:00:00,9.1368
TRUMP,2025-08-16 18:00:00,9.1218
TRUMP,2025-08-17 18:00:00,9.2961
TRUMP,2025-08-18 18:00:00,9.0951
TRUMP,2025-08-19 18:00:00,8.6614
TRUMP,2025-08-20 18:00:00,8.8349
TRUMP,2025-08-21 18:00:00,8.4506
TRUMP,2025-08-22 18:00:00,8.9321
TRUMP,2025-08-23 18:00:00,8.894
TRUMP,2025-08-24 18:00:00,8.8765
TRUMP,2025-08-25 18:00:00,8.3496
TRUMP,2025-08-26 18:00:00,8.4156
TRUMP,2025-08-27 18:00:00,8.4359
TRUMP,2025-08-28 18:00:00,8.5541
TRUMP,2025-08-29 18:00:00,8.2253
TRUMP,2025-08-30 18:00:00,8.3503
TRUMP,2025-08-31 18:00:00,8.6468
TRUMP,2025-09-01 18:00:00,8.4183
TRUMP,2025-09-02 18:00:00,8.3756
TRUMP,2025-09-03 18:00:00,8.4107
TRUMP,2025-09-04 18:00:00,8.2565
TRUMP,2025-09-05 18:00:00,8.3329
TRUMP,2025-09-06 18:00:00,8.3274
TRUMP,2025-09-07 18:00:00,8.452
TRUMP,2025-09-08 18:00:00,8.6355
TRUMP,2025-09-09 18:00:00,8.6517
TRUMP,2025-09-10 18:00:00,8.8231
TRUMP,2025-09-11 18:00:00,8.7608
TRUMP,2025-09-12 18:00:00,8.9699
TRUMP,2025-09-13 18:00:00,9.1863
TRUMP,2025-09-14 18:00:00,8.7472
TRUMP,2025-09-15 18:00:00,8.4942
TRUMP,2025-09-16 18:00:00,8.5813
TRUMP,2025-09-17 18:00:00,8.4954
TRUMP,2025-09-18 18:00:00,8.7244
TRUMP,2025-09-19 18:00:00,8.4143
TRUMP,2025-09-20 18:00:00,8.4425
TRUMP,2025-09-21 18:00:00,8.4026
TRUMP,2025-09-22 18:00:00,7.5914
TRUMP,2025-09-23 18:00:00,7.5743
TRUMP,2025-09-24 18:00:00,7.7261
TRUMP,2025-09-25 18:00:00,7.519
TRUMP,2025-09-26 18:00:00,7.5713
TRUMP,2025-09-27 18:00:00,7.5483
TRUMP,2025-09-28 18:00:00,7.5738
TRUMP,2025-09-29 18:00:00,7.5621
TRUMP,2025-09-30 18:00:00,7.3149
TRUMP,2025-10-01 18:00:00,7.5522
TRUMP,2025-10-02 18:00:00,7.7749
TRUMP,2025-10-03 18:00:00,7.8223
TRUMP,2025-10-04 18:00:00,7.6777
TRUMP,2025-10-05 18:00:00,7.8038
TRUMP,2025-10-06 18:00:00,8.0348
TRUMP,2025-10-07 18:00:00,7.5239
TRUMP,2025-10-08 18:00:00,7.6795
TRUMP,2025-10-09 18:00:00,7.4715
TRUMP,2025-10-10 18:00:00,7.1598
TRUMP,2025-10-11 18:00:00,5.9641
TRUMP,2025-10-12 18:00:00,6.1445
TRUMP,2025-10-13 18:00:00,6.5208
TRUMP,2025-10-14 18:00:00,6.3048
TRUMP,2025-10-15 18:00:00,6.1343
TRUMP,2025-10-16 18:00:00,5.9898
TRUMP,2025-10-17 18:00:00,5.7624
TRUMP,2025-10-18 18:00:00,5.8763
TRUMP,2025-10-19 18:00:00,5.9512
TRUMP,2025-10-20 18:00:00,5.9413
TRUMP,2025-10-21 18:00:00,6.0484
TRUMP,2025-10-22 18:00:00,5.7235
TRUMP,2025-10-23 18:00:00,5.8696
TRUMP,2025-10-24 18:00:00,5.879
TRUMP,2025-10-25 18:00:00,5.9924
TRUMP,2025-10-26 18:00:00,6.1404
TRUMP,2025-10-27 18:00:00,7.9161
TRUMP,2025-10-28 18:00:00,6.9927
TRUMP,2025-10-29 18:00:00,8.2718
TRUMP,2025-10-30 18:00:00,7.2058
TRUMP,2025-10-31 18:00:00,7.9123
TRUMP,2025-11-01 18:00:00,7.9318
TRUMP,2025-11-02 18:00:00,7.5166
TRUMP,2025-11-03 18:00:00,7.3843
TRUMP,2025-11-04 18:00:00,7.3994
TRUMP,2025-11-05 18:00:00,7.6978
TRUMP,2025-11-06 18:00:00,7.8664
TRUMP,2025-11-07 18:00:00,7.7273
TRUMP,2025-11-08 18:00:00,7.5331
TRUMP,2025-11-09 18:00:00,7.7964
TRUMP,2025-11-10 18:00:00,9.1174
TRUMP,2025-11-11 18:00:00,8.1046
TRUMP,2025-11-12 18:00:00,7.4135
TRUMP,2025-11-13 18:00:00,7.1738
TRX,2025-06-05 18:00:00,0.27305
TRX,2025-06-06 18:00:00,0.27715
TRX,2025-06-07 18:00:00,0.28351
TRX,2025-06-08 18:00:00,0.2825
TRX,2025-06-09 18:00:00,0.28609
TRX,2025-06-10 18:00:00,0.29287
TRX,2025-06-11 18:00:00,0.28174
TRX,2025-06-12 18:00:00,0.27377
TRX,2025-06-13 18:00:00,0.26903
TRX,2025-06-14 18:00:00,0.26971
TRX,2025-06-15 18:00:00,0.27272
TRX,2025-06-16 18:00:00,0.27926
TRX,2025-06-17 18:00:00,0.27356
TRX,2025-06-18 18:00:00,0.27092
TRX,2025-06-19 18:00:00,0.27443
TRX,2025-06-20 18:00:00,0.27268
TRX,2025-06-21 18:00:00,0.2736
TRX,2025-06-22 18:00:00,0.26416
TRX,2025-06-23 18:00:00,0.27188
TRX,2025-06-24 18:00:00,0.27355
TRX,2025-06-25 18:00:00,0.27197
TRX,2025-06-26 18:00:00,0.27099
TRX,2025-06-27 18:00:00,0.27111
TRX,2025-06-28 18:00:00,0.27318
TRX,2025-06-29 18:00:00,0.27566
TRX,2025-06-30 18:00:00,0.27916
TRX,2025-07-01 18:00:00,0.27861
TRX,2025-07-02 18:00:00,0.28281
TRX,2025-07-03 18:00:00,0.28523
TRX,2025-07-04 18:00:00,0.28385
TRX,2025-07-05 18:00:00,0.28283
TRX,2025-07-06 18:00:00,0.28586
TRX,2025-07-07 18:00:00,0.28618
TRX,2025-07-08 18:00:00,0.28671
TRX,2025-07-09 18:00:00,0.28966
TRX,2025-07-10 18:00:00,0.291
TRX,2025-07-11 18:00:00,0.30331
TRX,2025-07-12 18:00:00,0.30038
TRX,2025-07-13 18:00:00,0.30487
TRX,2025-07-14 18:00:00,0.30145
TRX,2025-07-15 18:00:00,0.30024
TRX,2025-07-16 18:00:00,0.30455
TRX,2025-07-17 18:00:00,0.31894
TRX,2025-07-18 18:00:00,0.3253
TRX,2025-07-19 18:00:00,0.3196
TRX,2025-07-20 18:00:00,0.31821
TRX,2025-07-21 18:00:00,0.31251
TRX,2025-07-22 18:00:00,0.31359
TRX,2025-07-23 18:00:00,0.31049
TRX,2025-07-24 18:00:00,0.31556
TRX,2025-07-25 18:00:00,0.31648
TRX,2025-07-26 18:00:00,0.31825
TRX,2025-07-27 18:00:00,0.32285
TRX,2025-07-28 18:00:00,0.32254
TRX,2025-07-29 18:00:00,0.337
TRX,2025-07-30 18:00:00,0.32427
TRX,2025-07-31 18:00:00,0.32829
TRX,2025-08-01 18:00:00,0.3257
TRX,2025-08-02 18:00:00,0.31924
TRX,2025-08-03 18:00:00,0.32571
TRX,2025-08-04 18:00:00,0.33252
TRX,2025-08-05 18:00:00,0.33196
TRX,2025-08-06 18:00:00,0.33435
TRX,2025-08-07 18:00:00,0.34098
TRX,2025-08-08 18:00:00,0.33841
TRX,2025-08-09 18:00:00,0.3362
TRX,2025-08-10 18:00:00,0.33921
TRX,2025-08-11 18:00:00,0.3451
TRX,2025-08-12 18:00:00,0.35057
TRX,2025-08-13 18:00:00,0.36073
TRX,2025-08-14 18:00:00,0.35842
TRX,2025-08-15 18:00:00,0.34991
TRX,2025-08-16 18:00:00,0.34765
TRX,2025-08-17 18:00:00,0.35171
TRX,2025-08-18 18:00:00,0.34923
TRX,2025-08-19 18:00:00,0.34776
TRX,2025-08-20 18:00:00,0.35023
TRX,2025-08-21 18:00:00,0.3534
TRX,2025-08-22 18:00:00,0.36522
TRX,2025-08-23 18:00:00,0.3616
TRX,2025-08-24 18:00:00,0.3679
TRX,2025-08-25 18:00:00,0.35098
TRX,2025-08-26 18:00:00,0.35073
TRX,2025-08-27 18:00:00,0.34859
TRX,2025-08-28 18:00:00,0.3427
TRX,2025-08-29 18:00:00,0.33605
TRX,2025-08-30 18:00:00,0.33789
TRX,2025-08-31 18:00:00,0.34191
TRX,2025-09-01 18:00:00,0.33649
TRX,2025-09-02 18:00:00,0.33669
TRX,2025-09-03 18:00:00,0.34118
TRX,2025-09-04 18:00:00,0.33423
TRX,2025-09-05 18:00:00,0.3317
TRX,2025-09-06 18:00:00,0.3261
TRX,2025-09-07 18:00:00,0.32927
TRX,2025-09-08 18:00:00,0.33157
TRX,2025-09-09 18:00:00,0.33378
TRX,2025-09-10 18:00:00,0.33926
TRX,2025-09-11 18:00:00,0.34493
TRX,2025-09-12 18:00:00,0.35014
TRX,2025-09-13 18:00:00,0.34965
TRX,2025-09-14 18:00:00,0.34766
TRX,2025-09-15 18:00:00,0.34336
TRX,2025-09-16 18:00:00,0.34179
TRX,2025-09-17 18:00:00,0.33858
TRX,2025-09-18 18:00:00,0.35146
TRX,2025-09-19 18:00:00,0.34428
TRX,2025-09-20 18:00:00,0.34707
TRX,2025-09-21 18:00:00,0.3445
TRX,2025-09-22 18:00:00,0.34106
TRX,2025-09-23 18:00:00,0.33563
TRX,2025-09-24 18:00:00,0.33876
TRX,2025-09-25 18:00:00,0.33431
TRX,2025-09-26 18:00:00,0.33676
TRX,2025-09-27 18:00:00,0.33752
TRX,2025-09-28 18:00:00,0.33464
TRX,2025-09-29 18:00:00,0.33659
TRX,2025-09-30 18:00:00,0.33344
TRX,2025-10-01 18:00:00,0.34141
TRX,2025-10-02 18:00:00,0.34394
TRX,2025-10-03 18:00:00,0.34392
TRX,2025-10-04 18:00:00,0.33984
TRX,2025-10-05 18:00:00,0.34179
TRX,2025-10-06 18:00:00,0.34687
TRX,2025-10-07 18:00:00,0.33784
TRX,2025-10-08 18:00:00,0.34016
TRX,2025-10-09 18:00:00,0.33607
TRX,2025-10-10 18:00:00,0.3321
TRX,2025-10-11 18:00:00,0.31892
TRX,2025-10-12 18:00:00,0.32219
TRX,2025-10-13 18:00:00,0.32234
TRX,2025-10-14 18:00:00,0.31612
TRX,2025-10-15 18:00:00,0.31787
TRX,2025-10-16 18:00:00,0.31715
TRX,2025-10-17 18:00:00,0.30837
TRX,2025-10-18 18:00:00,0.31412
TRX,2025-10-19 18:00:00,0.32008
TRX,2025-10-20 18:00:00,0.32168
TRX,2025-10-21 18:00:00,0.32404
TRX,2025-10-22 18:00:00,0.32047
TRX,2025-10-23 18:00:00,0.3151
TRX,2025-10-24 18:00:00,0.30347
TRX,2025-10-25 18:00:00,0.29724
TRX,2025-10-26 18:00:00,0.29909
TRX,2025-10-27 18:00:00,0.30004
TRX,2025-10-28 18:00:00,0.29913
TRX,2025-10-29 18:00:00,0.29404
TRX,2025-10-30 18:00:00,0.28996
TRX,2025-10-31 18:00:00,0.29524
TRX,2025-11-01 18:00:00,0.29749
TRX,2025-11-02 18:00:00,0.29613
TRX,2025-11-03 18:00:00,0.28368
TRX,2025-11-04 18:00:00,0.28041
TRX,2025-11-05 18:00:00,0.28872
TRX,2025-11-06 18:00:00,0.28395
TRX,2025-11-07 18:00:00,0.29193
TRX,2025-11-08 18:00:00,0.29091
TRX,2025-11-09 18:00:00,0.29211
TRX,2025-11-10 18:00:00,0.29489
TRX,2025-11-11 18:00:00,0.30007
TRX,2025-11-12 18:00:00,0.29584
TRX,2025-11-13 18:00:00,0.293
TST,2025-06-05 18:00:00,0.040622
TST,2025-06-06 18:00:00,0.040893
TST,2025-06-07 18:00:00,0.04127
TST,2025-06-08 18:00:00,0.041218
TST,2025-06-09 18:00:00,0.042023
TST,2025-06-10 18:00:00,0.041664
TST,2025-06-11 18:00:00,0.040533
TST,2025-06-12 18:00:00,0.040297
TST,2025-06-13 18:00:00,0.044741
TST,2025-06-14 18:00:00,0.045563
TST,2025-06-15 18:00:00,0.04523
TST,2025-06-16 18:00:00,0.045551
TST,2025-06-17 18:00:00,0.046697
TST,2025-06-18 18:00:00,0.044054
TST,2025-06-19 18:00:00,0.043264
TST,2025-06-20 18:00:00,0.042683
TST,2025-06-21 18:00:00,0.042521
TST,2025-06-22 18:00:00,0.042616
TST,2025-06-23 18:00:00,0.04506
TST,2025-06-24 18:00:00,0.046149
TST,2025-06-25 18:00:00,0.042713
TST,2025-06-26 18:00:00,0.0418
TST,2025-06-27 18:00:00,0.0419
TST,2025-06-28 18:00:00,0.042022
TST,2025-06-29 18:00:00,0.042156
TST,2025-06-30 18:00:00,0.041384
TST,2025-07-01 18:00:00,0.040648
TST,2025-07-02 18:00:00,0.042392
TST,2025-07-03 18:00:00,0.04213
TST,2025-07-04 18:00:00,0.041011
TST,2025-07-05 18:00:00,0.040748
TST,2025-07-06 18:00:00,0.040538
TST,2025-07-07 18:00:00,0.040916
TST,2025-07-08 18:00:00,0.041178
TST,2025-07-09 18:00:00,0.040853
TST,2025-07-10 18:00:00,0.042975
TST,2025-07-11 18:00:00,0.049316
TST,2025-07-12 18:00:00,0.042138
TST,2025-07-13 18:00:00,0.041635
TST,2025-07-14 18:00:00,0.040684
TST,2025-07-15 18:00:00,0.042765
TST,2025-07-16 18:00:00,0.044401
TST,2025-07-17 18:00:00,0.042953
TST,2025-07-18 18:00:00,0.041708
TST,2025-07-19 18:00:00,0.041365
TST,2025-07-20 18:00:00,0.041849
TST,2025-07-21 18:00:00,0.04213
TST,2025-07-22 18:00:00,0.041194
TST,2025-07-23 18:00:00,0.042027
TST,2025-07-24 18:00:00,0.039405
TST,2025-07-25 18:00:00,0.039102
TST,2025-07-26 18:00:00,0.040278
TST,2025-07-27 18:00:00,0.042985
TST,2025-07-28 18:00:00,0.045229
TST,2025-07-29 18:00:00,0.043253
TST,2025-07-30 18:00:00,0.040113
TST,2025-07-31 18:00:00,0.041998
TST,2025-08-01 18:00:00,0.041457
TST,2025-08-02 18:00:00,0.040344
TST,2025-08-03 18:00:00,0.040511
TST,2025-08-04 18:00:00,0.0407
TST,2025-08-05 18:00:00,0.040498
TST,2025-08-06 18:00:00,0.04318
TST,2025-08-07 18:00:00,0.026823
TST,2025-08-08 18:00:00,0.026155
TST,2025-08-09 18:00:00,0.026233
TST,2025-08-10 18:00:00,0.025846
TST,2025-08-11 18:00:00,0.028362
TST,2025-08-12 18:00:00,0.026638
TST,2025-08-13 18:00:00,0.026219
TST,2025-08-14 18:00:00,0.02584
TST,2025-08-15 18:00:00,0.025143
TST,2025-08-16 18:00:00,0.030666
TST,2025-08-17 18:00:00,0.031977
TST,2025-08-18 18:00:00,0.031436
TST,2025-08-19 18:00:00,0.028572
TST,2025-08-20 18:00:00,0.029702
TST,2025-08-21 18:00:00,0.027265
TST,2025-08-22 18:00:00,0.028673
TST,2025-08-23 18:00:00,0.028227
TST,2025-08-24 18:00:00,0.028479
TST,2025-08-25 18:00:00,0.026193
TST,2025-08-26 18:00:00,0.026082
TST,2025-08-27 18:00:00,0.026412
TST,2025-08-28 18:00:00,0.026913
TST,2025-08-29 18:00:00,0.025547
TST,2025-08-30 18:00:00,0.025599
TST,2025-08-31 18:00:00,0.02553
TST,2025-09-01 18:00:00,0.023818
TST,2025-09-02 18:00:00,0.023545
TST,2025-09-03 18:00:00,0.02422
TST,2025-09-04 18:00:00,0.022897
TST,2025-09-05 18:00:00,0.023342
TST,2025-09-06 18:00:00,0.024196
TST,2025-09-07 18:00:00,0.024001
TST,2025-09-08 18:00:00,0.025254
TST,2025-09-09 18:00:00,0.024805
TST,2025-09-10 18:00:00,0.028184
TST,2025-09-11 18:00:00,0.026553
TST,2025-09-12 18:00:00,0.02865
TST,2025-09-13 18:00:00,0.028482
TST,2025-09-14 18:00:00,0.027007
TST,2025-09-15 18:00:00,0.02868
TST,2025-09-16 18:00:00,0.034874
TST,2025-09-17 18:00:00,0.048224
TST,2025-09-18 18:00:00,0.050233
TST,2025-09-19 18:00:00,0.045218
TST,2025-09-20 18:00:00,0.043335
TST,2025-09-21 18:00:00,0.039767
TST,2025-09-22 18:00:00,0.034566
TST,2025-09-23 18:00:00,0.034126
TST,2025-09-24 18:00:00,0.034878
TST,2025-09-25 18:00:00,0.031364
TST,2025-09-26 18:00:00,0.03105
TST,2025-09-27 18:00:00,0.030141
TST,2025-09-28 18:00:00,0.030177
TST,2025-09-29 18:00:00,0.029464
TST,2025-09-30 18:00:00,0.028412
TST,2025-10-01 18:00:00,0.030087
TST,2025-10-02 18:00:00,0.034982
TST,2025-10-03 18:00:00,0.034152
TST,2025-10-04 18:00:00,0.031988
TST,2025-10-05 18:00:00,0.031953
TST,2025-10-06 18:00:00,0.033409
TST,2025-10-07 18:00:00,0.038169
TST,2025-10-08 18:00:00,0.04003
TST,2025-10-09 18:00:00,0.032456
TST,2025-10-10 18:00:00,0.029437
TST,2025-10-11 18:00:00,0.022872
TST,2025-10-12 18:00:00,0.023913
TST,2025-10-13 18:00:00,0.024346
TST,2025-10-14 18:00:00,0.023644
TST,2025-10-15 18:00:00,0.0232
TST,2025-10-16 18:00:00,0.022266
TST,2025-10-17 18:00:00,0.021
TST,2025-10-18 18:00:00,0.021456
TST,2025-10-19 18:00:00,0.021904
TST,2025-10-20 18:00:00,0.021304
TST,2025-10-21 18:00:00,0.02125
TST,2025-10-22 18:00:00,0.019887
TST,2025-10-23 18:00:00,0.020025
TST,2025-10-24 18:00:00,0.019936
TST,2025-10-25 18:00:00,0.020186
TST,2025-10-26 18:00:00,0.020154
TST,2025-10-27 18:00:00,0.019433
TST,2025-10-28 18:00:00,0.020284
TST,2025-10-29 18:00:00,0.018783
TST,2025-10-30 18:00:00,0.016933
TST,2025-10-31 18:00:00,0.017891
TST,2025-11-01 18:00:00,0.018064
TST,2025-11-02 18:00:00,0.017543
TST,2025-11-03 18:00:00,0.015472
TST,2025-11-04 18:00:00,0.015183
TST,2025-11-05 18:00:00,0.018418
TST,2025-11-06 18:00:00,0.01782
TST,2025-11-07 18:00:00,0.019406
TST,2025-11-08 18:00:00,0.018491
TST,2025-11-09 18:00:00,0.018749
TST,2025-11-10 18:00:00,0.018279
TST,2025-11-11 18:00:00,0.01824
TST,2025-11-12 18:00:00,0.017208
TST,2025-11-13 18:00:00,0.016327
TURBO,2025-06-05 18:00:00,0.003959
TURBO,2025-06-06 18:00:00,0.003936
TURBO,2025-06-07 18:00:00,0.004101
TURBO,2025-06-08 18:00:00,0.004089
TURBO,2025-06-09 18:00:00,0.004287
TURBO,2025-06-10 18:00:00,0.00448
TURBO,2025-06-11 18:00:00,0.004453
TURBO,2025-06-12 18:00:00,0.004065
TURBO,2025-06-13 18:00:00,0.003691
TURBO,2025-06-14 18:00:00,0.003662
TURBO,2025-06-15 18:00:00,0.003703
TURBO,2025-06-16 18:00:00,0.00403
TURBO,2025-06-17 18:00:00,0.00358
TURBO,2025-06-18 18:00:00,0.003553
TURBO,2025-06-19 18:00:00,0.00361
TURBO,2025-06-20 18:00:00,0.003536
TURBO,2025-06-21 18:00:00,0.003335
TURBO,2025-06-22 18:00:00,0.002972
TURBO,2025-06-23 18:00:00,0.003321
TURBO,2025-06-24 18:00:00,0.003653
TURBO,2025-06-25 18:00:00,0.003478
TURBO,2025-06-26 18:00:00,0.003365
TURBO,2025-06-27 18:00:00,0.00337
TURBO,2025-06-28 18:00:00,0.003671
TURBO,2025-06-29 18:00:00,0.003719
TURBO,2025-06-30 18:00:00,0.003685
TURBO,2025-07-01 18:00:00,0.003399
TURBO,2025-07-02 18:00:00,0.003729
TURBO,2025-07-03 18:00:00,0.003733
TURBO,2025-07-04 18:00:00,0.003559
TURBO,2025-07-05 18:00:00,0.003532
TURBO,2025-07-06 18:00:00,0.003931
TURBO,2025-07-07 18:00:00,0.00375
TURBO,2025-07-08 18:00:00,0.003894
TURBO,2025-07-09 18:00:00,0.003742
TURBO,2025-07-10 18:00:00,0.004193
TURBO,2025-07-11 18:00:00,0.00456
TURBO,2025-07-12 18:00:00,0.004147
TURBO,2025-07-13 18:00:00,0.004531
TURBO,2025-07-14 18:00:00,0.006423
TURBO,2025-07-15 18:00:00,0.00564
TURBO,2025-07-16 18:00:00,0.005911
TURBO,2025-07-17 18:00:00,0.005691
TURBO,2025-07-18 18:00:00,0.005415
TURBO,2025-07-19 18:00:00,0.005384
TURBO,2025-07-20 18:00:00,0.005687
TURBO,2025-07-21 18:00:00,0.005479
TURBO,2025-07-22 18:00:00,0.00555
TURBO,2025-07-23 18:00:00,0.005091
TURBO,2025-07-24 18:00:00,0.005148
TURBO,2025-07-25 18:00:00,0.005059
TURBO,2025-07-26 18:00:00,0.005129
TURBO,2025-07-27 18:00:00,0.005239
TURBO,2025-07-28 18:00:00,0.004898
TURBO,2025-07-29 18:00:00,0.004781
TURBO,2025-07-30 18:00:00,0.004667
TURBO,2025-07-31 18:00:00,0.004853
TURBO,2025-08-01 18:00:00,0.004444
TURBO,2025-08-02 18:00:00,0.004103
TURBO,2025-08-03 18:00:00,0.004338
TURBO,2025-08-04 18:00:00,0.004346
TURBO,2025-08-05 18:00:00,0.004178
TURBO,2025-08-06 18:00:00,0.004378
TURBO,2025-08-07 18:00:00,0.004401
TURBO,2025-08-08 18:00:00,0.004656
TURBO,2025-08-09 18:00:00,0.005123
TURBO,2025-08-10 18:00:00,0.005044
TURBO,2025-08-11 18:00:00,0.004795
TURBO,2025-08-12 18:00:00,0.004889
TURBO,2025-08-13 18:00:00,0.004915
TURBO,2025-08-14 18:00:00,0.004367
TURBO,2025-08-15 18:00:00,0.004265
TURBO,2025-08-16 18:00:00,0.004401
TURBO,2025-08-17 18:00:00,0.004471
TURBO,2025-08-18 18:00:00,0.004264
TURBO,2025-08-19 18:00:00,0.004059
TURBO,2025-08-20 18:00:00,0.004188
TURBO,2025-08-21 18:00:00,0.004093
TURBO,2025-08-22 18:00:00,0.004495
TURBO,2025-08-23 18:00:00,0.004455
TURBO,2025-08-24 18:00:00,0.004492
TURBO,2025-08-25 18:00:00,0.003985
TURBO,2025-08-26 18:00:00,0.004049
TURBO,2025-08-27 18:00:00,0.004063
TURBO,2025-08-28 18:00:00,0.004091
TURBO,2025-08-29 18:00:00,0.003785
TURBO,2025-08-30 18:00:00,0.003921
TURBO,2025-08-31 18:00:00,0.003954
TURBO,2025-09-01 18:00:00,0.003717
TURBO,2025-09-02 18:00:00,0.003759
TURBO,2025-09-03 18:00:00,0.003906
TURBO,2025-09-04 18:00:00,0.003638
TURBO,2025-09-05 18:00:00,0.003944
TURBO,2025-09-06 18:00:00,0.003831
TURBO,2025-09-07 18:00:00,0.003879
TURBO,2025-09-08 18:00:00,0.004213
TURBO,2025-09-09 18:00:00,0.004091
TURBO,2025-09-10 18:00:00,0.004157
TURBO,2025-09-11 18:00:00,0.004195
TURBO,2025-09-12 18:00:00,0.004494
TURBO,2025-09-13 18:00:00,0.004466
TURBO,2025-09-14 18:00:00,0.004202
TURBO,2025-09-15 18:00:00,0.00399
TURBO,2025-09-16 18:00:00,0.004082
TURBO,2025-09-17 18:00:00,0.004067
TURBO,2025-09-18 18:00:00,0.004474
TURBO,2025-09-19 18:00:00,0.004106
TURBO,2025-09-20 18:00:00,0.004088
TURBO,2025-09-21 18:00:00,0.004056
TURBO,2025-09-22 18:00:00,0.003549
TURBO,2025-09-23 18:00:00,0.003498
TURBO,2025-09-24 18:00:00,0.003577
TURBO,2025-09-25 18:00:00,0.003343
TURBO,2025-09-26 18:00:00,0.003459
TURBO,2025-09-27 18:00:00,0.003428
TURBO,2025-09-28 18:00:00,0.003431
TURBO,2025-09-29 18:00:00,0.003449
TURBO,2025-09-30 18:00:00,0.003403
TURBO,2025-10-01 18:00:00,0.00366
TURBO,2025-10-02 18:00:00,0.003866
TURBO,2025-10-03 18:00:00,0.003834
TURBO,2025-10-04 18:00:00,0.003698
TURBO,2025-10-05 18:00:00,0.003718
TURBO,2025-10-06 18:00:00,0.003938
TURBO,2025-10-07 18:00:00,0.003578
TURBO,2025-10-08 18:00:00,0.003728
TURBO,2025-10-09 18:00:00,0.0035
TURBO,2025-10-10 18:00:00,0.003214
TURBO,2025-10-11 18:00:00,0.002548
TURBO,2025-10-12 18:00:00,0.00276
TURBO,2025-10-13 18:00:00,0.002964
TURBO,2025-10-14 18:00:00,0.002837
TURBO,2025-10-15 18:00:00,0.002744
TURBO,2025-10-16 18:00:00,0.002588
TURBO,2025-10-17 18:00:00,0.002461
TURBO,2025-10-18 18:00:00,0.002493
TURBO,2025-10-19 18:00:00,0.002612
TURBO,2025-10-20 18:00:00,0.002602
TURBO,2025-10-21 18:00:00,0.002589
TURBO,2025-10-22 18:00:00,0.002326
TURBO,2025-10-23 18:00:00,0.002347
TURBO,2025-10-24 18:00:00,0.00237
TURBO,2025-10-25 18:00:00,0.002431
TURBO,2025-10-26 18:00:00,0.002488
TURBO,2025-10-27 18:00:00,0.002619
TURBO,2025-10-28 18:00:00,0.002434
TURBO,2025-10-29 18:00:00,0.002441
TURBO,2025-10-30 18:00:00,0.002134
TURBO,2025-10-31 18:00:00,0.002157
TURBO,2025-11-01 18:00:00,0.002252
TURBO,2025-11-02 18:00:00,0.002144
TURBO,2025-11-03 18:00:00,0.001931
TURBO,2025-11-04 18:00:00,0.001784
TURBO,2025-11-05 18:00:00,0.00194
TURBO,2025-11-06 18:00:00,0.001828
TURBO,2025-11-07 18:00:00,0.002186
TURBO,2025-11-08 18:00:00,0.002108
TURBO,2025-11-09 18:00:00,0.00217
TURBO,2025-11-10 18:00:00,0.002147
TURBO,2025-11-11 18:00:00,0.00207
TURBO,2025-11-12 18:00:00,0.001953
TURBO,2025-11-13 18:00:00,0.001853
UMA,2025-06-05 18:00:00,1.119
UMA,2025-06-06 18:00:00,1.1918
UMA,2025-06-07 18:00:00,1.1882
UMA,2025-06-08 18:00:00,1.2955
UMA,2025-06-09 18:00:00,1.6336
UMA,2025-06-10 18:00:00,1.5325
UMA,2025-06-11 18:00:00,1.4518
UMA,2025-06-12 18:00:00,1.3836
UMA,2025-06-13 18:00:00,1.2481
UMA,2025-06-14 18:00:00,1.229
UMA,2025-06-15 18:00:00,1.1868
UMA,2025-06-16 18:00:00,1.2084
UMA,2025-06-17 18:00:00,1.1476
UMA,2025-06-18 18:00:00,1.1125
UMA,2025-06-19 18:00:00,1.1346
UMA,2025-06-20 18:00:00,1.1109
UMA,2025-06-21 18:00:00,1.0818
UMA,2025-06-22 18:00:00,1.0286
UMA,2025-06-23 18:00:00,1.1084
UMA,2025-06-24 18:00:00,1.161
UMA,2025-06-25 18:00:00,1.1516
UMA,2025-06-26 18:00:00,1.0913
UMA,2025-06-27 18:00:00,1.0855
UMA,2025-06-28 18:00:00,1.1053
UMA,2025-06-29 18:00:00,1.1311
UMA,2025-06-30 18:00:00,1.1064
UMA,2025-07-01 18:00:00,1.0555
UMA,2025-07-02 18:00:00,1.1269
UMA,2025-07-03 18:00:00,1.1147
UMA,2025-07-04 18:00:00,1.0572
UMA,2025-07-05 18:00:00,1.0508
UMA,2025-07-06 18:00:00,1.0749
UMA,2025-07-07 18:00:00,1.0617
UMA,2025-07-08 18:00:00,1.0839
UMA,2025-07-09 18:00:00,1.0918
UMA,2025-07-10 18:00:00,1.134
UMA,2025-07-11 18:00:00,1.2053
UMA,2025-07-12 18:00:00,1.1462
UMA,2025-07-13 18:00:00,1.1964
UMA,2025-07-14 18:00:00,1.178
UMA,2025-07-15 18:00:00,1.2143
UMA,2025-07-16 18:00:00,1.2436
UMA,2025-07-17 18:00:00,1.2212
UMA,2025-07-18 18:00:00,1.2429
UMA,2025-07-19 18:00:00,1.2319
UMA,2025-07-20 18:00:00,1.3321
UMA,2025-07-21 18:00:00,1.9227
UMA,2025-07-22 18:00:00,1.5253
UMA,2025-07-23 18:00:00,1.4363
UMA,2025-07-24 18:00:00,1.3925
UMA,2025-07-25 18:00:00,1.3632
UMA,2025-07-26 18:00:00,1.4023
UMA,2025-07-27 18:00:00,1.3929
UMA,2025-07-28 18:00:00,1.3308
UMA,2025-07-29 18:00:00,1.2974
UMA,2025-07-30 18:00:00,1.2528
UMA,2025-07-31 18:00:00,1.2759
UMA,2025-08-01 18:00:00,1.224
UMA,2025-08-02 18:00:00,1.1531
UMA,2025-08-03 18:00:00,1.2001
UMA,2025-08-04 18:00:00,1.2258
UMA,2025-08-05 18:00:00,1.1927
UMA,2025-08-06 18:00:00,1.2198
UMA,2025-08-07 18:00:00,1.2496
UMA,2025-08-08 18:00:00,1.307
UMA,2025-08-09 18:00:00,1.3358
UMA,2025-08-10 18:00:00,1.3396
UMA,2025-08-11 18:00:00,1.2911
UMA,2025-08-12 18:00:00,1.3854
UMA,2025-08-13 18:00:00,1.3448
UMA,2025-08-14 18:00:00,1.2414
UMA,2025-08-15 18:00:00,1.2409
UMA,2025-08-16 18:00:00,1.3052
UMA,2025-08-17 18:00:00,1.3105
UMA,2025-08-18 18:00:00,1.2629
UMA,2025-08-19 18:00:00,1.3774
UMA,2025-08-20 18:00:00,1.4208
UMA,2025-08-21 18:00:00,1.4671
UMA,2025-08-22 18:00:00,1.5678
UMA,2025-08-23 18:00:00,1.6763
UMA,2025-08-24 18:00:00,1.5538
UMA,2025-08-25 18:00:00,1.4104
UMA,2025-08-26 18:00:00,1.4201
UMA,2025-08-27 18:00:00,1.4019
UMA,2025-08-28 18:00:00,1.4932
UMA,2025-08-29 18:00:00,1.4234
UMA,2025-08-30 18:00:00,1.4235
UMA,2025-08-31 18:00:00,1.436
UMA,2025-09-01 18:00:00,1.3569
UMA,2025-09-02 18:00:00,1.3446
UMA,2025-09-03 18:00:00,1.3858
UMA,2025-09-04 18:00:00,1.3221
UMA,2025-09-05 18:00:00,1.3379
UMA,2025-09-06 18:00:00,1.3274
UMA,2025-09-07 18:00:00,1.3393
UMA,2025-09-08 18:00:00,1.3705
UMA,2025-09-09 18:00:00,1.3756
UMA,2025-09-10 18:00:00,1.3944
UMA,2025-09-11 18:00:00,1.4192
UMA,2025-09-12 18:00:00,1.4138
UMA,2025-09-13 18:00:00,1.44
UMA,2025-09-14 18:00:00,1.3639
UMA,2025-09-15 18:00:00,1.3151
UMA,2025-09-16 18:00:00,1.3269
UMA,2025-09-17 18:00:00,1.3103
UMA,2025-09-18 18:00:00,1.3761
UMA,2025-09-19 18:00:00,1.3101
UMA,2025-09-20 18:00:00,1.3102
UMA,2025-09-21 18:00:00,1.2976
UMA,2025-09-22 18:00:00,1.1868
UMA,2025-09-23 18:00:00,1.1948
UMA,2025-09-24 18:00:00,1.2435
UMA,2025-09-25 18:00:00,1.1592
UMA,2025-09-26 18:00:00,1.1953
UMA,2025-09-27 18:00:00,1.1874
UMA,2025-09-28 18:00:00,1.1901
UMA,2025-09-29 18:00:00,1.1852
UMA,2025-09-30 18:00:00,1.1743
UMA,2025-10-01 18:00:00,1.2276
UMA,2025-10-02 18:00:00,1.2625
UMA,2025-10-03 18:00:00,1.2552
UMA,2025-10-04 18:00:00,1.2147
UMA,2025-10-05 18:00:00,1.2185
UMA,2025-10-06 18:00:00,1.2657
UMA,2025-10-07 18:00:00,1.2216
UMA,2025-10-08 18:00:00,1.264
UMA,2025-10-09 18:00:00,1.2099
UMA,2025-10-10 18:00:00,1.1758
UMA,2025-10-11 18:00:00,0.94113
UMA,2025-10-12 18:00:00,1.0224
UMA,2025-10-13 18:00:00,1.355
UMA,2025-10-14 18:00:00,1.1844
UMA,2025-10-15 18:00:00,1.0791
UMA,2025-10-16 18:00:00,1.0659
UMA,2025-10-17 18:00:00,1.0122
UMA,2025-10-18 18:00:00,1.1016
UMA,2025-10-19 18:00:00,1.1301
UMA,2025-10-20 18:00:00,1.1958
UMA,2025-10-21 18:00:00,1.1881
UMA,2025-10-22 18:00:00,1.118
UMA,2025-10-23 18:00:00,1.168
UMA,2025-10-24 18:00:00,1.1748
UMA,2025-10-25 18:00:00,1.1723
UMA,2025-10-26 18:00:00,1.1926
UMA,2025-10-27 18:00:00,1.1643
UMA,2025-10-28 18:00:00,1.1407
UMA,2025-10-29 18:00:00,1.1214
UMA,2025-10-30 18:00:00,1.0386
UMA,2025-10-31 18:00:00,1.0583
UMA,2025-11-01 18:00:00,1.0982
UMA,2025-11-02 18:00:00,1.0855
UMA,2025-11-03 18:00:00,0.98279
UMA,2025-11-04 18:00:00,0.94586
UMA,2025-11-05 18:00:00,0.94209
UMA,2025-11-06 18:00:00,0.92549
UMA,2025-11-07 18:00:00,1.0676
UMA,2025-11-08 18:00:00,1.0444
UMA,2025-11-09 18:00:00,1.0296
UMA,2025-11-10 18:00:00,1.0336
UMA,2025-11-11 18:00:00,0.99963
UMA,2025-11-12 18:00:00,0.95989
UMA,2025-11-13 18:00:00,0.93861
UNI,2025-06-05 18:00:00,6.2018
UNI,2025-06-06 18:00:00,6.0508
UNI,2025-06-07 18:00:00,6.279
UNI,2025-06-08 18:00:00,6.3871
UNI,2025-06-09 18:00:00,6.6262
UNI,2025-06-10 18:00:00,8.2476
UNI,2025-06-11 18:00:00,8.077
UNI,2025-06-12 18:00:00,7.862
UNI,2025-06-13 18:00:00,7.46
UNI,2025-06-14 18:00:00,7.2393
UNI,2025-06-15 18:00:00,7.1487
UNI,2025-06-16 18:00:00,7.856
UNI,2025-06-17 18:00:00,7.4247
UNI,2025-06-18 18:00:00,7.3335
UNI,2025-06-19 18:00:00,7.5593
UNI,2025-06-20 18:00:00,7.0732
UNI,2025-06-21 18:00:00,6.8344
UNI,2025-06-22 18:00:00,6.0804
UNI,2025-06-23 18:00:00,6.6435
UNI,2025-06-24 18:00:00,7.0578
UNI,2025-06-25 18:00:00,6.9259
UNI,2025-06-26 18:00:00,6.7978
UNI,2025-06-27 18:00:00,6.8024
UNI,2025-06-28 18:00:00,7.1204
UNI,2025-06-29 18:00:00,7.2267
UNI,2025-06-30 18:00:00,7.1552
UNI,2025-07-01 18:00:00,6.8685
UNI,2025-07-02 18:00:00,7.4326
UNI,2025-07-03 18:00:00,7.6109
UNI,2025-07-04 18:00:00,6.903
UNI,2025-07-05 18:00:00,6.8756
UNI,2025-07-06 18:00:00,7.3527
UNI,2025-07-07 18:00:00,7.3246
UNI,2025-07-08 18:00:00,7.7632
UNI,2025-07-09 18:00:00,8.265
UNI,2025-07-10 18:00:00,8.2563
UNI,2025-07-11 18:00:00,8.864
UNI,2025-07-12 18:00:00,8.3931
UNI,2025-07-13 18:00:00,8.6442
UNI,2025-07-14 18:00:00,9.0819
UNI,2025-07-15 18:00:00,9.0951
UNI,2025-07-16 18:00:00,9.1424
UNI,2025-07-17 18:00:00,8.9124
UNI,2025-07-18 18:00:00,10.123
UNI,2025-07-19 18:00:00,10.054
UNI,2025-07-20 18:00:00,10.698
UNI,2025-07-21 18:00:00,10.76
UNI,2025-07-22 18:00:00,10.588
UNI,2025-07-23 18:00:00,10.111
UNI,2025-07-24 18:00:00,10.482
UNI,2025-07-25 18:00:00,10.116
UNI,2025-07-26 18:00:00,10.517
UNI,2025-07-27 18:00:00,10.829
UNI,2025-07-28 18:00:00,10.461
UNI,2025-07-29 18:00:00,10.254
UNI,2025-07-30 18:00:00,9.9026
UNI,2025-07-31 18:00:00,9.6122
UNI,2025-08-01 18:00:00,9.0528
UNI,2025-08-02 18:00:00,8.7316
UNI,2025-08-03 18:00:00,9.1483
UNI,2025-08-04 18:00:00,9.8775
UNI,2025-08-05 18:00:00,9.4798
UNI,2025-08-06 18:00:00,9.7257
UNI,2025-08-07 18:00:00,10.085
UNI,2025-08-08 18:00:00,10.966
UNI,2025-08-09 18:00:00,10.944
UNI,2025-08-10 18:00:00,10.985
UNI,2025-08-11 18:00:00,11.499
UNI,2025-08-12 18:00:00,11.355
UNI,2025-08-13 18:00:00,11.976
UNI,2025-08-14 18:00:00,10.895
UNI,2025-08-15 18:00:00,10.555
UNI,2025-08-16 18:00:00,10.932
UNI,2025-08-17 18:00:00,11.065
UNI,2025-08-18 18:00:00,10.605
UNI,2025-08-19 18:00:00,9.9901
UNI,2025-08-20 18:00:00,10.468
UNI,2025-08-21 18:00:00,10.306
UNI,2025-08-22 18:00:00,11.48
UNI,2025-08-23 18:00:00,11.316
UNI,2025-08-24 18:00:00,11.387
UNI,2025-08-25 18:00:00,9.9653
UNI,2025-08-26 18:00:00,9.822
UNI,2025-08-27 18:00:00,10.025
UNI,2025-08-28 18:00:00,9.8867
UNI,2025-08-29 18:00:00,9.465
UNI,2025-08-30 18:00:00,9.6706
UNI,2025-08-31 18:00:00,9.8434
UNI,2025-09-01 18:00:00,9.38
UNI,2025-09-02 18:00:00,9.463
UNI,2025-09-03 18:00:00,9.6893
UNI,2025-09-04 18:00:00,9.1928
UNI,2025-09-05 18:00:00,9.4164
UNI,2025-09-06 18:00:00,9.2946
UNI,2025-09-07 18:00:00,9.2877
UNI,2025-09-08 18:00:00,9.6414
UNI,2025-09-09 18:00:00,9.4689
UNI,2025-09-10 18:00:00,9.733
UNI,2025-09-11 18:00:00,9.8055
UNI,2025-09-12 18:00:00,10.133
UNI,2025-09-13 18:00:00,10.062
UNI,2025-09-14 18:00:00,9.4289
UNI,2025-09-15 18:00:00,9.1154
UNI,2025-09-16 18:00:00,9.2633
UNI,2025-09-17 18:00:00,9.1711
UNI,2025-09-18 18:00:00,9.664
UNI,2025-09-19 18:00:00,9.1339
UNI,2025-09-20 18:00:00,9.1757
UNI,2025-09-21 18:00:00,9.1721
UNI,2025-09-22 18:00:00,8.1272
UNI,2025-09-23 18:00:00,8.063
UNI,2025-09-24 18:00:00,8.0717
UNI,2025-09-25 18:00:00,7.5711
UNI,2025-09-26 18:00:00,7.5889
UNI,2025-09-27 18:00:00,7.534
UNI,2025-09-28 18:00:00,7.5977
UNI,2025-09-29 18:00:00,7.6582
UNI,2025-09-30 18:00:00,7.4793
UNI,2025-10-01 18:00:00,8.0887
UNI,2025-10-02 18:00:00,8.3278
UNI,2025-10-03 18:00:00,8.3212
UNI,2025-10-04 18:00:00,7.9677
UNI,2025-10-05 18:00:00,8.1067
UNI,2025-10-06 18:00:00,8.4325
UNI,2025-10-07 18:00:00,7.7399
UNI,2025-10-08 18:00:00,8.065
UNI,2025-10-09 18:00:00,7.7221
UNI,2025-10-10 18:00:00,7.6058
UNI,2025-10-11 18:00:00,6.0302
UNI,2025-10-12 18:00:00,6.5823
UNI,2025-10-13 18:00:00,6.9424
UNI,2025-10-14 18:00:00,6.7926
UNI,2025-10-15 18:00:00,6.6055
UNI,2025-10-16 18:00:00,6.3844
UNI,2025-10-17 18:00:00,6.1445
UNI,2025-10-18 18:00:00,6.0215
UNI,2025-10-19 18:00:00,6.3069
UNI,2025-10-20 18:00:00,6.3423
UNI,2025-10-21 18:00:00,6.5413
UNI,2025-10-22 18:00:00,6.0731
UNI,2025-10-23 18:00:00,6.3338
UNI,2025-10-24 18:00:00,6.2353
UNI,2025-10-25 18:00:00,6.2545
UNI,2025-10-26 18:00:00,6.5529
UNI,2025-10-27 18:00:00,6.6383
UNI,2025-10-28 18:00:00,6.5285
UNI,2025-10-29 18:00:00,6.3482
UNI,2025-10-30 18:00:00,5.7277
UNI,2025-10-31 18:00:00,5.7053
UNI,2025-11-01 18:00:00,5.8359
UNI,2025-11-02 18:00:00,5.7472
UNI,2025-11-03 18:00:00,5.2224
UNI,2025-11-04 18:00:00,5.0139
UNI,2025-11-05 18:00:00,5.4811
UNI,2025-11-06 18:00:00,5.2559
UNI,2025-11-07 18:00:00,5.881
UNI,2025-11-08 18:00:00,6.0155
UNI,2025-11-09 18:00:00,6.7156
UNI,2025-11-10 18:00:00,7.0022
UNI,2025-11-11 18:00:00,8.6723
UNI,2025-11-12 18:00:00,7.6413
UNI,2025-11-13 18:00:00,7.7703
USTC,2025-06-05 18:00:00,0.011527
USTC,2025-06-06 18:00:00,0.011444
USTC,2025-06-07 18:00:00,0.011757
USTC,2025-06-08 18:00:00,0.01195
USTC,2025-06-09 18:00:00,0.011945
USTC,2025-06-10 18:00:00,0.012566
USTC,2025-06-11 18:00:00,0.012384
USTC,2025-06-12 18:00:00,0.011785
USTC,2025-06-13 18:00:00,0.011498
USTC,2025-06-14 18:00:00,0.012147
USTC,2025-06-15 18:00:00,0.013282
USTC,2025-06-16 18:00:00,0.01304
USTC,2025-06-17 18:00:00,0.012271
USTC,2025-06-18 18:00:00,0.01186
USTC,2025-06-19 18:00:00,0.011719
USTC,2025-06-20 18:00:00,0.011713
USTC,2025-06-21 18:00:00,0.012457
USTC,2025-06-22 18:00:00,0.011499
USTC,2025-06-23 18:00:00,0.011843
USTC,2025-06-24 18:00:00,0.012094
USTC,2025-06-25 18:00:00,0.011983
USTC,2025-06-26 18:00:00,0.012377
USTC,2025-06-27 18:00:00,0.012276
USTC,2025-06-28 18:00:00,0.012582
USTC,2025-06-29 18:00:00,0.012559
USTC,2025-06-30 18:00:00,0.012445
USTC,2025-07-01 18:00:00,0.012391
USTC,2025-07-02 18:00:00,0.013152
USTC,2025-07-03 18:00:00,0.012906
USTC,2025-07-04 18:00:00,0.012372
USTC,2025-07-05 18:00:00,0.012212
USTC,2025-07-06 18:00:00,0.012604
USTC,2025-07-07 18:00:00,0.012502
USTC,2025-07-08 18:00:00,0.012763
USTC,2025-07-09 18:00:00,0.012704
USTC,2025-07-10 18:00:00,0.013229
USTC,2025-07-11 18:00:00,0.013862
USTC,2025-07-12 18:00:00,0.013611
USTC,2025-07-13 18:00:00,0.013825
USTC,2025-07-14 18:00:00,0.013637
USTC,2025-07-15 18:00:00,0.013825
USTC,2025-07-16 18:00:00,0.014217
USTC,2025-07-17 18:00:00,0.014129
USTC,2025-07-18 18:00:00,0.016523
USTC,2025-07-19 18:00:00,0.015518
USTC,2025-07-20 18:00:00,0.015885
USTC,2025-07-21 18:00:00,0.017238
USTC,2025-07-22 18:00:00,0.017078
USTC,2025-07-23 18:00:00,0.015564
USTC,2025-07-24 18:00:00,0.014378
USTC,2025-07-25 18:00:00,0.0142
USTC,2025-07-26 18:00:00,0.014446
USTC,2025-07-27 18:00:00,0.014661
USTC,2025-07-28 18:00:00,0.014096
USTC,2025-07-29 18:00:00,0.013465
USTC,2025-07-30 18:00:00,0.013338
USTC,2025-07-31 18:00:00,0.013323
USTC,2025-08-01 18:00:00,0.012816
USTC,2025-08-02 18:00:00,0.012487
USTC,2025-08-03 18:00:00,0.013437
USTC,2025-08-04 18:00:00,0.013466
USTC,2025-08-05 18:00:00,0.01275
USTC,2025-08-06 18:00:00,0.013028
USTC,2025-08-07 18:00:00,0.013342
USTC,2025-08-08 18:00:00,0.013817
USTC,2025-08-09 18:00:00,0.01463
USTC,2025-08-10 18:00:00,0.014093
USTC,2025-08-11 18:00:00,0.014083
USTC,2025-08-12 18:00:00,0.014594
USTC,2025-08-13 18:00:00,0.014377
USTC,2025-08-14 18:00:00,0.01331
USTC,2025-08-15 18:00:00,0.013136
USTC,2025-08-16 18:00:00,0.013758
USTC,2025-08-17 18:00:00,0.013735
USTC,2025-08-18 18:00:00,0.01345
USTC,2025-08-19 18:00:00,0.013379
USTC,2025-08-20 18:00:00,0.013595
USTC,2025-08-21 18:00:00,0.013515
USTC,2025-08-22 18:00:00,0.014189
USTC,2025-08-23 18:00:00,0.014485
USTC,2025-08-24 18:00:00,0.0144
USTC,2025-08-25 18:00:00,0.013495
USTC,2025-08-26 18:00:00,0.013291
USTC,2025-08-27 18:00:00,0.013505
USTC,2025-08-28 18:00:00,0.01358
USTC,2025-08-29 18:00:00,0.012996
USTC,2025-08-30 18:00:00,0.013174
USTC,2025-08-31 18:00:00,0.013223
USTC,2025-09-01 18:00:00,0.012942
USTC,2025-09-02 18:00:00,0.01319
USTC,2025-09-03 18:00:00,0.013331
USTC,2025-09-04 18:00:00,0.012989
USTC,2025-09-05 18:00:00,0.013244
USTC,2025-09-06 18:00:00,0.013219
USTC,2025-09-07 18:00:00,0.013228
USTC,2025-09-08 18:00:00,0.013447
USTC,2025-09-09 18:00:00,0.013445
USTC,2025-09-10 18:00:00,0.013668
USTC,2025-09-11 18:00:00,0.01359
USTC,2025-09-12 18:00:00,0.013571
USTC,2025-09-13 18:00:00,0.013806
USTC,2025-09-14 18:00:00,0.013314
USTC,2025-09-15 18:00:00,0.012865
USTC,2025-09-16 18:00:00,0.012906
USTC,2025-09-17 18:00:00,0.012832
USTC,2025-09-18 18:00:00,0.013344
USTC,2025-09-19 18:00:00,0.012923
USTC,2025-09-20 18:00:00,0.013016
USTC,2025-09-21 18:00:00,0.013047
USTC,2025-09-22 18:00:00,0.011042
USTC,2025-09-23 18:00:00,0.010958
USTC,2025-09-24 18:00:00,0.011294
USTC,2025-09-25 18:00:00,0.010845
USTC,2025-09-26 18:00:00,0.011216
USTC,2025-09-27 18:00:00,0.011215
USTC,2025-09-28 18:00:00,0.011037
USTC,2025-09-29 18:00:00,0.010935
USTC,2025-09-30 18:00:00,0.010932
USTC,2025-10-01 18:00:00,0.011324
USTC,2025-10-02 18:00:00,0.011531
USTC,2025-10-03 18:00:00,0.011485
USTC,2025-10-04 18:00:00,0.011232
USTC,2025-10-05 18:00:00,0.011212
USTC,2025-10-06 18:00:00,0.011544
USTC,2025-10-07 18:00:00,0.010543
USTC,2025-10-08 18:00:00,0.011148
USTC,2025-10-09 18:00:00,0.010893
USTC,2025-10-10 18:00:00,0.010737
USTC,2025-10-11 18:00:00,0.007906
USTC,2025-10-12 18:00:00,0.008271
USTC,2025-10-13 18:00:00,0.008527
USTC,2025-10-14 18:00:00,0.008284
USTC,2025-10-15 18:00:00,0.008187
USTC,2025-10-16 18:00:00,0.00815
USTC,2025-10-17 18:00:00,0.007654
USTC,2025-10-18 18:00:00,0.008133
USTC,2025-10-19 18:00:00,0.008392
USTC,2025-10-20 18:00:00,0.008297
USTC,2025-10-21 18:00:00,0.008389
USTC,2025-10-22 18:00:00,0.008001
USTC,2025-10-23 18:00:00,0.008015
USTC,2025-10-24 18:00:00,0.008269
USTC,2025-10-25 18:00:00,0.008202
USTC,2025-10-26 18:00:00,0.008307
USTC,2025-10-27 18:00:00,0.008132
USTC,2025-10-28 18:00:00,0.007989
USTC,2025-10-29 18:00:00,0.007873
USTC,2025-10-30 18:00:00,0.007291
USTC,2025-10-31 18:00:00,0.007773
USTC,2025-11-01 18:00:00,0.0079
USTC,2025-11-02 18:00:00,0.007916
USTC,2025-11-03 18:00:00,0.006811
USTC,2025-11-04 18:00:00,0.006438
USTC,2025-11-05 18:00:00,0.006775
USTC,2025-11-06 18:00:00,0.006758
USTC,2025-11-07 18:00:00,0.007621
USTC,2025-11-08 18:00:00,0.007452
USTC,2025-11-09 18:00:00,0.007396
USTC,2025-11-10 18:00:00,0.00748
USTC,2025-11-11 18:00:00,0.007227
USTC,2025-11-12 18:00:00,0.006932
USTC,2025-11-13 18:00:00,0.00664
VINE,2025-06-05 18:00:00,0.035354
VINE,2025-06-06 18:00:00,0.035254
VINE,2025-06-07 18:00:00,0.037286
VINE,2025-06-08 18:00:00,0.038016
VINE,2025-06-09 18:00:00,0.038071
VINE,2025-06-10 18:00:00,0.038931
VINE,2025-06-11 18:00:00,0.037453
VINE,2025-06-12 18:00:00,0.033842
VINE,2025-06-13 18:00:00,0.030925
VINE,2025-06-14 18:00:00,0.030755
VINE,2025-06-15 18:00:00,0.031235
VINE,2025-06-16 18:00:00,0.033265
VINE,2025-06-17 18:00:00,0.030249
VINE,2025-06-18 18:00:00,0.028652
VINE,2025-06-19 18:00:00,0.029452
VINE,2025-06-20 18:00:00,0.028427
VINE,2025-06-21 18:00:00,0.026872
VINE,2025-06-22 18:00:00,0.02497
VINE,2025-06-23 18:00:00,0.027001
VINE,2025-06-24 18:00:00,0.029221
VINE,2025-06-25 18:00:00,0.02787
VINE,2025-06-26 18:00:00,0.026814
VINE,2025-06-27 18:00:00,0.026836
VINE,2025-06-28 18:00:00,0.029433
VINE,2025-06-29 18:00:00,0.029011
VINE,2025-06-30 18:00:00,0.029874
VINE,2025-07-01 18:00:00,0.027296
VINE,2025-07-02 18:00:00,0.030967
VINE,2025-07-03 18:00:00,0.030808
VINE,2025-07-04 18:00:00,0.028879
VINE,2025-07-05 18:00:00,0.02787
VINE,2025-07-06 18:00:00,0.029005
VINE,2025-07-07 18:00:00,0.028453
VINE,2025-07-08 18:00:00,0.029356
VINE,2025-07-09 18:00:00,0.029762
VINE,2025-07-10 18:00:00,0.03738
VINE,2025-07-11 18:00:00,0.040302
VINE,2025-07-12 18:00:00,0.033806
VINE,2025-07-13 18:00:00,0.035375
VINE,2025-07-14 18:00:00,0.0339
VINE,2025-07-15 18:00:00,0.035372
VINE,2025-07-16 18:00:00,0.037738
VINE,2025-07-17 18:00:00,0.036629
VINE,2025-07-18 18:00:00,0.042864
VINE,2025-07-19 18:00:00,0.039979
VINE,2025-07-20 18:00:00,0.043392
VINE,2025-07-21 18:00:00,0.042662
VINE,2025-07-22 18:00:00,0.043836
VINE,2025-07-23 18:00:00,0.040106
VINE,2025-07-24 18:00:00,0.060023
VINE,2025-07-25 18:00:00,0.052029
VINE,2025-07-26 18:00:00,0.06403
VINE,2025-07-27 18:00:00,0.11361
VINE,2025-07-28 18:00:00,0.17032
VINE,2025-07-29 18:00:00,0.13297
VINE,2025-07-30 18:00:00,0.11265
VINE,2025-07-31 18:00:00,0.10073
VINE,2025-08-01 18:00:00,0.10201
VINE,2025-08-02 18:00:00,0.068
VINE,2025-08-03 18:00:00,0.070253
VINE,2025-08-04 18:00:00,0.069764
VINE,2025-08-05 18:00:00,0.065782
VINE,2025-08-06 18:00:00,0.070138
VINE,2025-08-07 18:00:00,0.06978
VINE,2025-08-08 18:00:00,0.066434
VINE,2025-08-09 18:00:00,0.069494
VINE,2025-08-10 18:00:00,0.068191
VINE,2025-08-11 18:00:00,0.066658
VINE,2025-08-12 18:00:00,0.069078
VINE,2025-08-13 18:00:00,0.067198
VINE,2025-08-14 18:00:00,0.060972
VINE,2025-08-15 18:00:00,0.061264
VINE,2025-08-16 18:00:00,0.062597
VINE,2025-08-17 18:00:00,0.063937
VINE,2025-08-18 18:00:00,0.065195
VINE,2025-08-19 18:00:00,0.071359
VINE,2025-08-20 18:00:00,0.07092
VINE,2025-08-21 18:00:00,0.061419
VINE,2025-08-22 18:00:00,0.074372
VINE,2025-08-23 18:00:00,0.070975
VINE,2025-08-24 18:00:00,0.071346
VINE,2025-08-25 18:00:00,0.064749
VINE,2025-08-26 18:00:00,0.068949
VINE,2025-08-27 18:00:00,0.072268
VINE,2025-08-28 18:00:00,0.072485
VINE,2025-08-29 18:00:00,0.067606
VINE,2025-08-30 18:00:00,0.068898
VINE,2025-08-31 18:00:00,0.067893
VINE,2025-09-01 18:00:00,0.064282
VINE,2025-09-02 18:00:00,0.064186
VINE,2025-09-03 18:00:00,0.06515
VINE,2025-09-04 18:00:00,0.061832
VINE,2025-09-05 18:00:00,0.063552
VINE,2025-09-06 18:00:00,0.063324
VINE,2025-09-07 18:00:00,0.064354
VINE,2025-09-08 18:00:00,0.070188
VINE,2025-09-09 18:00:00,0.065694
VINE,2025-09-10 18:00:00,0.070317
VINE,2025-09-11 18:00:00,0.068661
VINE,2025-09-12 18:00:00,0.078698
VINE,2025-09-13 18:00:00,0.083595
VINE,2025-09-14 18:00:00,0.079322
VINE,2025-09-15 18:00:00,0.071648
VINE,2025-09-16 18:00:00,0.073433
VINE,2025-09-17 18:00:00,0.071771
VINE,2025-09-18 18:00:00,0.078668
VINE,2025-09-19 18:00:00,0.073281
VINE,2025-09-20 18:00:00,0.074924
VINE,2025-09-21 18:00:00,0.073498
VINE,2025-09-22 18:00:00,0.056329
VINE,2025-09-23 18:00:00,0.059862
VINE,2025-09-24 18:00:00,0.057568
VINE,2025-09-25 18:00:00,0.055365
VINE,2025-09-26 18:00:00,0.054634
VINE,2025-09-27 18:00:00,0.053625
VINE,2025-09-28 18:00:00,0.054463
VINE,2025-09-29 18:00:00,0.053664
VINE,2025-09-30 18:00:00,0.060604
VINE,2025-10-01 18:00:00,0.061111
VINE,2025-10-02 18:00:00,0.061403
VINE,2025-10-03 18:00:00,0.065927
VINE,2025-10-04 18:00:00,0.06893
VINE,2025-10-05 18:00:00,0.066179
VINE,2025-10-06 18:00:00,0.066831
VINE,2025-10-07 18:00:00,0.060721
VINE,2025-10-08 18:00:00,0.067361
VINE,2025-10-09 18:00:00,0.059637
VINE,2025-10-10 18:00:00,0.055475
VINE,2025-10-11 18:00:00,0.039803
VINE,2025-10-12 18:00:00,0.057819
VINE,2025-10-13 18:00:00,0.055343
VINE,2025-10-14 18:00:00,0.056646
VINE,2025-10-15 18:00:00,0.05321
VINE,2025-10-16 18:00:00,0.046457
VINE,2025-10-17 18:00:00,0.046874
VINE,2025-10-18 18:00:00,0.045385
VINE,2025-10-19 18:00:00,0.047664
VINE,2025-10-20 18:00:00,0.046612
VINE,2025-10-21 18:00:00,0.0495
VINE,2025-10-22 18:00:00,0.044737
VINE,2025-10-23 18:00:00,0.046353
VINE,2025-10-24 18:00:00,0.046288
VINE,2025-10-25 18:00:00,0.047762
VINE,2025-10-26 18:00:00,0.047705
VINE,2025-10-27 18:00:00,0.047035
VINE,2025-10-28 18:00:00,0.046305
VINE,2025-10-29 18:00:00,0.046217
VINE,2025-10-30 18:00:00,0.040141
VINE,2025-10-31 18:00:00,0.042886
VINE,2025-11-01 18:00:00,0.044408
VINE,2025-11-02 18:00:00,0.042952
VINE,2025-11-03 18:00:00,0.038485
VINE,2025-11-04 18:00:00,0.040209
VINE,2025-11-05 18:00:00,0.040542
VINE,2025-11-06 18:00:00,0.040949
VINE,2025-11-07 18:00:00,0.04504
VINE,2025-11-08 18:00:00,0.043119
VINE,2025-11-09 18:00:00,0.043905
VINE,2025-11-10 18:00:00,0.043649
VINE,2025-11-11 18:00:00,0.043423
VINE,2025-11-12 18:00:00,0.041537
VINE,2025-11-13 18:00:00,0.033885
VIRTUAL,2025-06-05 18:00:00,1.6848
VIRTUAL,2025-06-06 18:00:00,1.7866
VIRTUAL,2025-06-07 18:00:00,1.8252
VIRTUAL,2025-06-08 18:00:00,1.866
VIRTUAL,2025-06-09 18:00:00,1.9354
VIRTUAL,2025-06-10 18:00:00,2.0708
VIRTUAL,2025-06-11 18:00:00,2.2169
VIRTUAL,2025-06-12 18:00:00,1.9595
VIRTUAL,2025-06-13 18:00:00,1.8258
VIRTUAL,2025-06-14 18:00:00,1.8078
VIRTUAL,2025-06-15 18:00:00,1.8472
VIRTUAL,2025-06-16 18:00:00,1.9911
VIRTUAL,2025-06-17 18:00:00,1.716
VIRTUAL,2025-06-18 18:00:00,1.6267
VIRTUAL,2025-06-19 18:00:00,1.6754
VIRTUAL,2025-06-20 18:00:00,1.5558
VIRTUAL,2025-06-21 18:00:00,1.3952
VIRTUAL,2025-06-22 18:00:00,1.2993
VIRTUAL,2025-06-23 18:00:00,1.4976
VIRTUAL,2025-06-24 18:00:00,1.6024
VIRTUAL,2025-06-25 18:00:00,1.4639
VIRTUAL,2025-06-26 18:00:00,1.3965
VIRTUAL,2025-06-27 18:00:00,1.4232
VIRTUAL,2025-06-28 18:00:00,1.5034
VIRTUAL,2025-06-29 18:00:00,1.5818
VIRTUAL,2025-06-30 18:00:00,1.4971
VIRTUAL,2025-07-01 18:00:00,1.4346
VIRTUAL,2025-07-02 18:00:00,1.6275
VIRTUAL,2025-07-03 18:00:00,1.6334
VIRTUAL,2025-07-04 18:00:00,1.5321
VIRTUAL,2025-07-05 18:00:00,1.5198
VIRTUAL,2025-07-06 18:00:00,1.5412
VIRTUAL,2025-07-07 18:00:00,1.4903
VIRTUAL,2025-07-08 18:00:00,1.4863
VIRTUAL,2025-07-09 18:00:00,1.4846
VIRTUAL,2025-07-10 18:00:00,1.6823
VIRTUAL,2025-07-11 18:00:00,1.7811
VIRTUAL,2025-07-12 18:00:00,1.7144
VIRTUAL,2025-07-13 18:00:00,1.7433
VIRTUAL,2025-07-14 18:00:00,1.6763
VIRTUAL,2025-07-15 18:00:00,1.6367
VIRTUAL,2025-07-16 18:00:00,1.815
VIRTUAL,2025-07-17 18:00:00,1.8053
VIRTUAL,2025-07-18 18:00:00,1.7452
VIRTUAL,2025-07-19 18:00:00,1.7481
VIRTUAL,2025-07-20 18:00:00,1.8374
VIRTUAL,2025-07-21 18:00:00,1.8544
VIRTUAL,2025-07-22 18:00:00,1.8965
VIRTUAL,2025-07-23 18:00:00,1.7453
VIRTUAL,2025-07-24 18:00:00,1.5893
VIRTUAL,2025-07-25 18:00:00,1.5099
VIRTUAL,2025-07-26 18:00:00,1.5851
VIRTUAL,2025-07-27 18:00:00,1.5948
VIRTUAL,2025-07-28 18:00:00,1.4622
VIRTUAL,2025-07-29 18:00:00,1.3719
VIRTUAL,2025-07-30 18:00:00,1.3155
VIRTUAL,2025-07-31 18:00:00,1.3104
VIRTUAL,2025-08-01 18:00:00,1.2145
VIRTUAL,2025-08-02 18:00:00,1.1409
VIRTUAL,2025-08-03 18:00:00,1.2174
VIRTUAL,2025-08-04 18:00:00,1.2298
VIRTUAL,2025-08-05 18:00:00,1.1828
VIRTUAL,2025-08-06 18:00:00,1.2253
VIRTUAL,2025-08-07 18:00:00,1.2875
VIRTUAL,2025-08-08 18:00:00,1.3631
VIRTUAL,2025-08-09 18:00:00,1.427
VIRTUAL,2025-08-10 18:00:00,1.4558
VIRTUAL,2025-08-11 18:00:00,1.3622
VIRTUAL,2025-08-12 18:00:00,1.3667
VIRTUAL,2025-08-13 18:00:00,1.3532
VIRTUAL,2025-08-14 18:00:00,1.2038
VIRTUAL,2025-08-15 18:00:00,1.1661
VIRTUAL,2025-08-16 18:00:00,1.1931
VIRTUAL,2025-08-17 18:00:00,1.3136
VIRTUAL,2025-08-18 18:00:00,1.2296
VIRTUAL,2025-08-19 18:00:00,1.1592
VIRTUAL,2025-08-20 18:00:00,1.2614
VIRTUAL,2025-08-21 18:00:00,1.197
VIRTUAL,2025-08-22 18:00:00,1.3356
VIRTUAL,2025-08-23 18:00:00,1.2802
VIRTUAL,2025-08-24 18:00:00,1.2936
VIRTUAL,2025-08-25 18:00:00,1.1562
VIRTUAL,2025-08-26 18:00:00,1.1708
VIRTUAL,2025-08-27 18:00:00,1.1741
VIRTUAL,2025-08-28 18:00:00,1.1992
VIRTUAL,2025-08-29 18:00:00,1.1132
VIRTUAL,2025-08-30 18:00:00,1.144
VIRTUAL,2025-08-31 18:00:00,1.1427
VIRTUAL,2025-09-01 18:00:00,1.0538
VIRTUAL,2025-09-02 18:00:00,1.031
VIRTUAL,2025-09-03 18:00:00,1.1467
VIRTUAL,2025-09-04 18:00:00,1.0408
VIRTUAL,2025-09-05 18:00:00,1.0894
VIRTUAL,2025-09-06 18:00:00,1.1095
VIRTUAL,2025-09-07 18:00:00,1.1282
VIRTUAL,2025-09-08 18:00:00,1.2733
VIRTUAL,2025-09-09 18:00:00,1.2459
VIRTUAL,2025-09-10 18:00:00,1.2603
VIRTUAL,2025-09-11 18:00:00,1.2496
VIRTUAL,2025-09-12 18:00:00,1.3241
VIRTUAL,2025-09-13 18:00:00,1.3515
VIRTUAL,2025-09-14 18:00:00,1.2686
VIRTUAL,2025-09-15 18:00:00,1.2078
VIRTUAL,2025-09-16 18:00:00,1.2444
VIRTUAL,2025-09-17 18:00:00,1.232
VIRTUAL,2025-09-18 18:00:00,1.3731
VIRTUAL,2025-09-19 18:00:00,1.2619
VIRTUAL,2025-09-20 18:00:00,1.2623
VIRTUAL,2025-09-21 18:00:00,1.2436
VIRTUAL,2025-09-22 18:00:00,1.083
VIRTUAL,2025-09-23 18:00:00,1.0873
VIRTUAL,2025-09-24 18:00:00,1.0899
VIRTUAL,2025-09-25 18:00:00,1.0245
VIRTUAL,2025-09-26 18:00:00,1.0516
VIRTUAL,2025-09-27 18:00:00,1.0267
VIRTUAL,2025-09-28 18:00:00,1.0319
VIRTUAL,2025-09-29 18:00:00,1.0205
VIRTUAL,2025-09-30 18:00:00,0.98913
VIRTUAL,2025-10-01 18:00:00,1.0923
VIRTUAL,2025-10-02 18:00:00,1.1519
VIRTUAL,2025-10-03 18:00:00,1.1418
VIRTUAL,2025-10-04 18:00:00,1.0923
VIRTUAL,2025-10-05 18:00:00,1.0976
VIRTUAL,2025-10-06 18:00:00,1.1784
VIRTUAL,2025-10-07 18:00:00,1.0942
VIRTUAL,2025-10-08 18:00:00,1.1331
VIRTUAL,2025-10-09 18:00:00,1.0486
VIRTUAL,2025-10-10 18:00:00,0.97707
VIRTUAL,2025-10-11 18:00:00,0.72691
VIRTUAL,2025-10-12 18:00:00,0.78807
VIRTUAL,2025-10-13 18:00:00,0.8586
VIRTUAL,2025-10-14 18:00:00,0.82159
VIRTUAL,2025-10-15 18:00:00,0.78061
VIRTUAL,2025-10-16 18:00:00,0.78688
VIRTUAL,2025-10-17 18:00:00,0.74761
VIRTUAL,2025-10-18 18:00:00,0.75016
VIRTUAL,2025-10-19 18:00:00,0.7989
VIRTUAL,2025-10-20 18:00:00,0.79369
VIRTUAL,2025-10-21 18:00:00,0.81775
VIRTUAL,2025-10-22 18:00:00,0.74213
VIRTUAL,2025-10-23 18:00:00,0.78053
VIRTUAL,2025-10-24 18:00:00,0.91708
VIRTUAL,2025-10-25 18:00:00,1.3081
VIRTUAL,2025-10-26 18:00:00,1.3184
VIRTUAL,2025-10-27 18:00:00,1.4574
VIRTUAL,2025-10-28 18:00:00,1.5256
VIRTUAL,2025-10-29 18:00:00,1.5116
VIRTUAL,2025-10-30 18:00:00,1.2215
VIRTUAL,2025-10-31 18:00:00,1.3619
VIRTUAL,2025-11-01 18:00:00,1.798
VIRTUAL,2025-11-02 18:00:00,1.642
VIRTUAL,2025-11-03 18:00:00,1.4623
VIRTUAL,2025-11-04 18:00:00,1.3663
VIRTUAL,2025-11-05 18:00:00,1.3951
VIRTUAL,2025-11-06 18:00:00,1.218
VIRTUAL,2025-11-07 18:00:00,1.4446
VIRTUAL,2025-11-08 18:00:00,1.3751
VIRTUAL,2025-11-09 18:00:00,1.4023
VIRTUAL,2025-11-10 18:00:00,1.4494
VIRTUAL,2025-11-11 18:00:00,1.3473
VIRTUAL,2025-11-12 18:00:00,1.2706
VIRTUAL,2025-11-13 18:00:00,1.2037
VVV,2025-06-05 18:00:00,2.7811
VVV,2025-06-06 18:00:00,2.6748
VVV,2025-06-07 18:00:00,2.7648
VVV,2025-06-08 18:00:00,2.9616
VVV,2025-06-09 18:00:00,3.5302
VVV,2025-06-10 18:00:00,3.6207
VVV,2025-06-11 18:00:00,3.83
VVV,2025-06-12 18:00:00,3.8331
VVV,2025-06-13 18:00:00,3.4542
VVV,2025-06-14 18:00:00,3.0243
VVV,2025-06-15 18:00:00,3.0034
VVV,2025-06-16 18:00:00,3.1206
VVV,2025-06-17 18:00:00,2.8212
VVV,2025-06-18 18:00:00,2.785
VVV,2025-06-19 18:00:00,2.844
VVV,2025-06-20 18:00:00,2.889
VVV,2025-06-21 18:00:00,2.697
VVV,2025-06-22 18:00:00,2.3148
VVV,2025-06-23 18:00:00,2.6675
VVV,2025-06-24 18:00:00,2.974
VVV,2025-06-25 18:00:00,2.8882
VVV,2025-06-26 18:00:00,2.7257
VVV,2025-06-27 18:00:00,2.7292
VVV,2025-06-28 18:00:00,2.818
VVV,2025-06-29 18:00:00,2.873
VVV,2025-06-30 18:00:00,3.0012
VVV,2025-07-01 18:00:00,2.8586
VVV,2025-07-02 18:00:00,2.9651
VVV,2025-07-03 18:00:00,2.7891
VVV,2025-07-04 18:00:00,2.6583
VVV,2025-07-05 18:00:00,2.6255
VVV,2025-07-06 18:00:00,2.706
VVV,2025-07-07 18:00:00,2.7025
VVV,2025-07-08 18:00:00,2.7609
VVV,2025-07-09 18:00:00,2.777
VVV,2025-07-10 18:00:00,2.9427
VVV,2025-07-11 18:00:00,3.0608
VVV,2025-07-12 18:00:00,2.819
VVV,2025-07-13 18:00:00,2.9754
VVV,2025-07-14 18:00:00,2.9075
VVV,2025-07-15 18:00:00,2.9091
VVV,2025-07-16 18:00:00,3.5009
VVV,2025-07-17 18:00:00,3.3551
VVV,2025-07-18 18:00:00,3.2299
VVV,2025-07-19 18:00:00,3.2104
VVV,2025-07-20 18:00:00,3.3287
VVV,2025-07-21 18:00:00,3.3687
VVV,2025-07-22 18:00:00,3.2548
VVV,2025-07-23 18:00:00,2.9437
VVV,2025-07-24 18:00:00,2.91
VVV,2025-07-25 18:00:00,2.8382
VVV,2025-07-26 18:00:00,2.8666
VVV,2025-07-27 18:00:00,3.3877
VVV,2025-07-28 18:00:00,3.15
VVV,2025-07-29 18:00:00,2.9854
VVV,2025-07-30 18:00:00,2.9512
VVV,2025-07-31 18:00:00,2.9113
VVV,2025-08-01 18:00:00,2.5913
VVV,2025-08-02 18:00:00,2.5042
VVV,2025-08-03 18:00:00,2.6061
VVV,2025-08-04 18:00:00,2.6332
VVV,2025-08-05 18:00:00,2.4644
VVV,2025-08-06 18:00:00,2.4994
VVV,2025-08-07 18:00:00,2.4799
VVV,2025-08-08 18:00:00,2.7191
VVV,2025-08-09 18:00:00,2.8401
VVV,2025-08-10 18:00:00,2.9524
VVV,2025-08-11 18:00:00,2.9022
VVV,2025-08-12 18:00:00,2.9219
VVV,2025-08-13 18:00:00,2.8764
VVV,2025-08-14 18:00:00,2.7137
VVV,2025-08-15 18:00:00,3.1244
VVV,2025-08-16 18:00:00,3.3789
VVV,2025-08-17 18:00:00,3.7893
VVV,2025-08-18 18:00:00,4.0281
VVV,2025-08-19 18:00:00,3.8994
VVV,2025-08-20 18:00:00,4.3335
VVV,2025-08-21 18:00:00,3.4669
VVV,2025-08-22 18:00:00,3.6698
VVV,2025-08-23 18:00:00,3.3753
VVV,2025-08-24 18:00:00,3.2184
VVV,2025-08-25 18:00:00,2.9241
VVV,2025-08-26 18:00:00,2.8816
VVV,2025-08-27 18:00:00,2.9088
VVV,2025-08-28 18:00:00,2.979
VVV,2025-08-29 18:00:00,2.8099
VVV,2025-08-30 18:00:00,2.7995
VVV,2025-08-31 18:00:00,2.8471
VVV,2025-09-01 18:00:00,2.6667
VVV,2025-09-02 18:00:00,2.7735
VVV,2025-09-03 18:00:00,2.7464
VVV,2025-09-04 18:00:00,2.6135
VVV,2025-09-05 18:00:00,2.6535
VVV,2025-09-06 18:00:00,2.6042
VVV,2025-09-07 18:00:00,2.5982
VVV,2025-09-08 18:00:00,2.6883
VVV,2025-09-09 18:00:00,2.5978
VVV,2025-09-10 18:00:00,2.6552
VVV,2025-09-11 18:00:00,2.6333
VVV,2025-09-12 18:00:00,2.7307
VVV,2025-09-13 18:00:00,2.6749
VVV,2025-09-14 18:00:00,2.6748
VVV,2025-09-15 18:00:00,2.5142
VVV,2025-09-16 18:00:00,2.5712
VVV,2025-09-17 18:00:00,2.5535
VVV,2025-09-18 18:00:00,2.6066
VVV,2025-09-19 18:00:00,2.4328
VVV,2025-09-20 18:00:00,2.5045
VVV,2025-09-21 18:00:00,2.4511
VVV,2025-09-22 18:00:00,2.1531
VVV,2025-09-23 18:00:00,2.0649
VVV,2025-09-24 18:00:00,2.086
VVV,2025-09-25 18:00:00,1.9711
VVV,2025-09-26 18:00:00,2.0339
VVV,2025-09-27 18:00:00,2.0589
VVV,2025-09-28 18:00:00,1.9979
VVV,2025-09-29 18:00:00,1.9218
VVV,2025-09-30 18:00:00,1.9677
VVV,2025-10-01 18:00:00,1.9718
VVV,2025-10-02 18:00:00,2.0833
VVV,2025-10-03 18:00:00,2.012
VVV,2025-10-04 18:00:00,1.9069
VVV,2025-10-05 18:00:00,1.9761
VVV,2025-10-06 18:00:00,2.0406
VVV,2025-10-07 18:00:00,2.3064
VVV,2025-10-08 18:00:00,2.5848
VVV,2025-10-09 18:00:00,2.3154
VVV,2025-10-10 18:00:00,2.1138
VVV,2025-10-11 18:00:00,1.6544
VVV,2025-10-12 18:00:00,1.6533
VVV,2025-10-13 18:00:00,1.694
VVV,2025-10-14 18:00:00,1.6635
VVV,2025-10-15 18:00:00,1.6159
VVV,2025-10-16 18:00:00,1.5276
VVV,2025-10-17 18:00:00,1.5295
VVV,2025-10-18 18:00:00,1.5008
VVV,2025-10-19 18:00:00,1.5328
VVV,2025-10-20 18:00:00,1.501
VVV,2025-10-21 18:00:00,1.5678
VVV,2025-10-22 18:00:00,1.4264
VVV,2025-10-23 18:00:00,1.4397
VVV,2025-10-24 18:00:00,1.4546
VVV,2025-10-25 18:00:00,1.5102
VVV,2025-10-26 18:00:00,1.8004
VVV,2025-10-27 18:00:00,1.6951
VVV,2025-10-28 18:00:00,1.5993
VVV,2025-10-29 18:00:00,1.5805
VVV,2025-10-30 18:00:00,1.4508
VVV,2025-10-31 18:00:00,1.5137
VVV,2025-11-01 18:00:00,1.6037
VVV,2025-11-02 18:00:00,1.5557
VVV,2025-11-03 18:00:00,1.4296
VVV,2025-11-04 18:00:00,1.3216
VVV,2025-11-05 18:00:00,1.3471
VVV,2025-11-06 18:00:00,1.2881
VVV,2025-11-07 18:00:00,1.3569
VVV,2025-11-08 18:00:00,1.29
VVV,2025-11-09 18:00:00,1.3128
VVV,2025-11-10 18:00:00,1.3458
VVV,2025-11-11 18:00:00,1.2506
VVV,2025-11-12 18:00:00,1.1868
VVV,2025-11-13 18:00:00,1.1127
W,2025-06-05 18:00:00,0.07371
W,2025-06-06 18:00:00,0.07151
W,2025-06-07 18:00:00,0.07431
W,2025-06-08 18:00:00,0.07434
W,2025-06-09 18:00:00,0.07466
W,2025-06-10 18:00:00,0.07782
W,2025-06-11 18:00:00,0.07711
W,2025-06-12 18:00:00,0.07206
W,2025-06-13 18:00:00,0.06654
W,2025-06-14 18:00:00,0.06622
W,2025-06-15 18:00:00,0.06794
W,2025-06-16 18:00:00,0.07038
W,2025-06-17 18:00:00,0.064
W,2025-06-18 18:00:00,0.06289
W,2025-06-19 18:00:00,0.06297
W,2025-06-20 18:00:00,0.06171
W,2025-06-21 18:00:00,0.05802
W,2025-06-22 18:00:00,0.05298
W,2025-06-23 18:00:00,0.05767
W,2025-06-24 18:00:00,0.06156
W,2025-06-25 18:00:00,0.05979
W,2025-06-26 18:00:00,0.07127
W,2025-06-27 18:00:00,0.06259
W,2025-06-28 18:00:00,0.07834
W,2025-06-29 18:00:00,0.07508
W,2025-06-30 18:00:00,0.072
W,2025-07-01 18:00:00,0.07026
W,2025-07-02 18:00:00,0.07354
W,2025-07-03 18:00:00,0.07121
W,2025-07-04 18:00:00,0.06554
W,2025-07-05 18:00:00,0.065
W,2025-07-06 18:00:00,0.06655
W,2025-07-07 18:00:00,0.06453
W,2025-07-08 18:00:00,0.06581
W,2025-07-09 18:00:00,0.06645
W,2025-07-10 18:00:00,0.07116
W,2025-07-11 18:00:00,0.08219
W,2025-07-12 18:00:00,0.07508
W,2025-07-13 18:00:00,0.08116
W,2025-07-14 18:00:00,0.07981
W,2025-07-15 18:00:00,0.08282
W,2025-07-16 18:00:00,0.08763
W,2025-07-17 18:00:00,0.09353
W,2025-07-18 18:00:00,0.08862
W,2025-07-19 18:00:00,0.08884
W,2025-07-20 18:00:00,0.09452
W,2025-07-21 18:00:00,0.09729
W,2025-07-22 18:00:00,0.09455
W,2025-07-23 18:00:00,0.08502
W,2025-07-24 18:00:00,0.08263
W,2025-07-25 18:00:00,0.08115
W,2025-07-26 18:00:00,0.08518
W,2025-07-27 18:00:00,0.0879
W,2025-07-28 18:00:00,0.08379
W,2025-07-29 18:00:00,0.08276
W,2025-07-30 18:00:00,0.08016
W,2025-07-31 18:00:00,0.08174
W,2025-08-01 18:00:00,0.07466
W,2025-08-02 18:00:00,0.07094
W,2025-08-03 18:00:00,0.07508
W,2025-08-04 18:00:00,0.07858
W,2025-08-05 18:00:00,0.07662
W,2025-08-06 18:00:00,0.07971
W,2025-08-07 18:00:00,0.08043
W,2025-08-08 18:00:00,0.09379
W,2025-08-09 18:00:00,0.09178
W,2025-08-10 18:00:00,0.09034
W,2025-08-11 18:00:00,0.08692
W,2025-08-12 18:00:00,0.08761
W,2025-08-13 18:00:00,0.09003
W,2025-08-14 18:00:00,0.08087
W,2025-08-15 18:00:00,0.07878
W,2025-08-16 18:00:00,0.08152
W,2025-08-17 18:00:00,0.08394
W,2025-08-18 18:00:00,0.08017
W,2025-08-19 18:00:00,0.07611
W,2025-08-20 18:00:00,0.08065
W,2025-08-21 18:00:00,0.07955
W,2025-08-22 18:00:00,0.08444
W,2025-08-23 18:00:00,0.08465
W,2025-08-24 18:00:00,0.08484
W,2025-08-25 18:00:00,0.07368
W,2025-08-26 18:00:00,0.07211
W,2025-08-27 18:00:00,0.07336
W,2025-08-28 18:00:00,0.07908
W,2025-08-29 18:00:00,0.08064
W,2025-08-30 18:00:00,0.08887
W,2025-08-31 18:00:00,0.08502
W,2025-09-01 18:00:00,0.07933
W,2025-09-02 18:00:00,0.07707
W,2025-09-03 18:00:00,0.07973
W,2025-09-04 18:00:00,0.07542
W,2025-09-05 18:00:00,0.07722
W,2025-09-06 18:00:00,0.07779
W,2025-09-07 18:00:00,0.07732
W,2025-09-08 18:00:00,0.08208
W,2025-09-09 18:00:00,0.08471
W,2025-09-10 18:00:00,0.09248
W,2025-09-11 18:00:00,0.09245
W,2025-09-12 18:00:00,0.0954
W,2025-09-13 18:00:00,0.09326
W,2025-09-14 18:00:00,0.0902
W,2025-09-15 18:00:00,0.08696
W,2025-09-16 18:00:00,0.0878
W,2025-09-17 18:00:00,0.09312
W,2025-09-18 18:00:00,0.11787
W,2025-09-19 18:00:00,0.10837
W,2025-09-20 18:00:00,0.11765
W,2025-09-21 18:00:00,0.11614
W,2025-09-22 18:00:00,0.09977
W,2025-09-23 18:00:00,0.10179
W,2025-09-24 18:00:00,0.10571
W,2025-09-25 18:00:00,0.1057
W,2025-09-26 18:00:00,0.10636
W,2025-09-27 18:00:00,0.10603
W,2025-09-28 18:00:00,0.10621
W,2025-09-29 18:00:00,0.1039
W,2025-09-30 18:00:00,0.09966
W,2025-10-01 18:00:00,0.11139
W,2025-10-02 18:00:00,0.11501
W,2025-10-03 18:00:00,0.12215
W,2025-10-04 18:00:00,0.11394
W,2025-10-05 18:00:00,0.1191
W,2025-10-06 18:00:00,0.12705
W,2025-10-07 18:00:00,0.12568
W,2025-10-08 18:00:00,0.12015
W,2025-10-09 18:00:00,0.11066
W,2025-10-10 18:00:00,0.09928
W,2025-10-11 18:00:00,0.07598
W,2025-10-12 18:00:00,0.08023
W,2025-10-13 18:00:00,0.088
W,2025-10-14 18:00:00,0.08392
W,2025-10-15 18:00:00,0.08267
W,2025-10-16 18:00:00,0.07608
W,2025-10-17 18:00:00,0.07298
W,2025-10-18 18:00:00,0.07329
W,2025-10-19 18:00:00,0.07609
W,2025-10-20 18:00:00,0.07557
W,2025-10-21 18:00:00,0.07797
W,2025-10-22 18:00:00,0.07063
W,2025-10-23 18:00:00,0.0731
W,2025-10-24 18:00:00,0.07223
W,2025-10-25 18:00:00,0.0738
W,2025-10-26 18:00:00,0.0747
W,2025-10-27 18:00:00,0.07499
W,2025-10-28 18:00:00,0.07187
W,2025-10-29 18:00:00,0.07014
W,2025-10-30 18:00:00,0.0609
W,2025-10-31 18:00:00,0.06407
W,2025-11-01 18:00:00,0.06734
W,2025-11-02 18:00:00,0.06518
W,2025-11-03 18:00:00,0.05768
W,2025-11-04 18:00:00,0.05576
W,2025-11-05 18:00:00,0.05979
W,2025-11-06 18:00:00,0.05655
W,2025-11-07 18:00:00,0.06653
W,2025-11-08 18:00:00,0.06268
W,2025-11-09 18:00:00,0.06449
W,2025-11-10 18:00:00,0.066
W,2025-11-11 18:00:00,0.06381
W,2025-11-12 18:00:00,0.06034
W,2025-11-13 18:00:00,0.05778
WLFI,2025-08-23 18:00:00,0.33019
WLFI,2025-08-24 18:00:00,0.23659
WLFI,2025-08-25 18:00:00,0.22694
WLFI,2025-08-26 18:00:00,0.25046
WLFI,2025-08-27 18:00:00,0.28701
WLFI,2025-08-28 18:00:00,0.339
WLFI,2025-08-29 18:00:00,0.2863
WLFI,2025-08-30 18:00:00,0.29099
WLFI,2025-08-31 18:00:00,0.33082
WLFI,2025-09-01 18:00:00,0.22912
WLFI,2025-09-02 18:00:00,0.22888
WLFI,2025-09-03 18:00:00,0.21934
WLFI,2025-09-04 18:00:00,0.18369
WLFI,2025-09-05 18:00:00,0.18428
WLFI,2025-09-06 18:00:00,0.20438
WLFI,2025-09-07 18:00:00,0.22722
WLFI,2025-09-08 18:00:00,0.20939
WLFI,2025-09-09 18:00:00,0.1973
WLFI,2025-09-10 18:00:00,0.20051
WLFI,2025-09-11 18:00:00,0.19
WLFI,2025-09-12 18:00:00,0.21037
WLFI,2025-09-13 18:00:00,0.21244
WLFI,2025-09-14 18:00:00,0.21541
WLFI,2025-09-15 18:00:00,0.21263
WLFI,2025-09-16 18:00:00,0.22203
WLFI,2025-09-17 18:00:00,0.21312
WLFI,2025-09-18 18:00:00,0.2226
WLFI,2025-09-19 18:00:00,0.22242
WLFI,2025-09-20 18:00:00,0.22443
WLFI,2025-09-21 18:00:00,0.25441
WLFI,2025-09-22 18:00:00,0.20937
WLFI,2025-09-23 18:00:00,0.19483
WLFI,2025-09-24 18:00:00,0.20039
WLFI,2025-09-25 18:00:00,0.19468
WLFI,2025-09-26 18:00:00,0.21185
WLFI,2025-09-27 18:00:00,0.20727
WLFI,2025-09-28 18:00:00,0.21256
WLFI,2025-09-29 18:00:00,0.20269
WLFI,2025-09-30 18:00:00,0.19415
WLFI,2025-10-01 18:00:00,0.20453
WLFI,2025-10-02 18:00:00,0.20685
WLFI,2025-10-03 18:00:00,0.20163
WLFI,2025-10-04 18:00:00,0.19989
WLFI,2025-10-05 18:00:00,0.19945
WLFI,2025-10-06 18:00:00,0.20127
WLFI,2025-10-07 18:00:00,0.1851
WLFI,2025-10-08 18:00:00,0.18704
WLFI,2025-10-09 18:00:00,0.17682
WLFI,2025-10-10 18:00:00,0.15167
WLFI,2025-10-11 18:00:00,0.12834
WLFI,2025-10-12 18:00:00,0.1389
WLFI,2025-10-13 18:00:00,0.1482
WLFI,2025-10-14 18:00:00,0.14537
WLFI,2025-10-15 18:00:00,0.13911
WLFI,2025-10-16 18:00:00,0.13776
WLFI,2025-10-17 18:00:00,0.12963
WLFI,2025-10-18 18:00:00,0.1296
WLFI,2025-10-19 18:00:00,0.13335
WLFI,2025-10-20 18:00:00,0.13139
WLFI,2025-10-21 18:00:00,0.13269
WLFI,2025-10-22 18:00:00,0.12519
WLFI,2025-10-23 18:00:00,0.14268
WLFI,2025-10-24 18:00:00,0.13579
WLFI,2025-10-25 18:00:00,0.13616
WLFI,2025-10-26 18:00:00,0.14844
WLFI,2025-10-27 18:00:00,0.15338
WLFI,2025-10-28 18:00:00,0.14188
WLFI,2025-10-29 18:00:00,0.14663
WLFI,2025-10-30 18:00:00,0.133
WLFI,2025-10-31 18:00:00,0.13548
WLFI,2025-11-01 18:00:00,0.13696
WLFI,2025-11-02 18:00:00,0.13336
WLFI,2025-11-03 18:00:00,0.1188
WLFI,2025-11-04 18:00:00,0.11278
WLFI,2025-11-05 18:00:00,0.12278
WLFI,2025-11-06 18:00:00,0.11584
WLFI,2025-11-07 18:00:00,0.12647
WLFI,2025-11-08 18:00:00,0.12396
WLFI,2025-11-09 18:00:00,0.12536
WLFI,2025-11-10 18:00:00,0.15664
WLFI,2025-11-11 18:00:00,0.15613
WLFI,2025-11-12 18:00:00,0.14065
WLFI,2025-11-13 18:00:00,0.14194
XAI,2025-06-05 18:00:00,0.06457
XAI,2025-06-06 18:00:00,0.06135
XAI,2025-06-07 18:00:00,0.06348
XAI,2025-06-08 18:00:00,0.06416
XAI,2025-06-09 18:00:00,0.06565
XAI,2025-06-10 18:00:00,0.07206
XAI,2025-06-11 18:00:00,0.07017
XAI,2025-06-12 18:00:00,0.0641
XAI,2025-06-13 18:00:00,0.05719
XAI,2025-06-14 18:00:00,0.05642
XAI,2025-06-15 18:00:00,0.05793
XAI,2025-06-16 18:00:00,0.06108
XAI,2025-06-17 18:00:00,0.05432
XAI,2025-06-18 18:00:00,0.05278
XAI,2025-06-19 18:00:00,0.05328
XAI,2025-06-20 18:00:00,0.05029
XAI,2025-06-21 18:00:00,0.04756
XAI,2025-06-22 18:00:00,0.04441
XAI,2025-06-23 18:00:00,0.04833
XAI,2025-06-24 18:00:00,0.05105
XAI,2025-06-25 18:00:00,0.04947
XAI,2025-06-26 18:00:00,0.04808
XAI,2025-06-27 18:00:00,0.04763
XAI,2025-06-28 18:00:00,0.0509
XAI,2025-06-29 18:00:00,0.05113
XAI,2025-06-30 18:00:00,0.05129
XAI,2025-07-01 18:00:00,0.04802
XAI,2025-07-02 18:00:00,0.05296
XAI,2025-07-03 18:00:00,0.0528
XAI,2025-07-04 18:00:00,0.04835
XAI,2025-07-05 18:00:00,0.0478
XAI,2025-07-06 18:00:00,0.04945
XAI,2025-07-07 18:00:00,0.04879
XAI,2025-07-08 18:00:00,0.05043
XAI,2025-07-09 18:00:00,0.05172
XAI,2025-07-10 18:00:00,0.05516
XAI,2025-07-11 18:00:00,0.06471
XAI,2025-07-12 18:00:00,0.058
XAI,2025-07-13 18:00:00,0.06152
XAI,2025-07-14 18:00:00,0.05848
XAI,2025-07-15 18:00:00,0.06193
XAI,2025-07-16 18:00:00,0.06578
XAI,2025-07-17 18:00:00,0.0637
XAI,2025-07-18 18:00:00,0.06277
XAI,2025-07-19 18:00:00,0.06215
XAI,2025-07-20 18:00:00,0.06785
XAI,2025-07-21 18:00:00,0.06621
XAI,2025-07-22 18:00:00,0.0648
XAI,2025-07-23 18:00:00,0.05972
XAI,2025-07-24 18:00:00,0.05671
XAI,2025-07-25 18:00:00,0.05503
XAI,2025-07-26 18:00:00,0.05708
XAI,2025-07-27 18:00:00,0.05805
XAI,2025-07-28 18:00:00,0.0552
XAI,2025-07-29 18:00:00,0.05379
XAI,2025-07-30 18:00:00,0.05275
XAI,2025-07-31 18:00:00,0.05205
XAI,2025-08-01 18:00:00,0.04829
XAI,2025-08-02 18:00:00,0.04569
XAI,2025-08-03 18:00:00,0.0481
XAI,2025-08-04 18:00:00,0.04987
XAI,2025-08-05 18:00:00,0.04719
XAI,2025-08-06 18:00:00,0.04879
XAI,2025-08-07 18:00:00,0.04967
XAI,2025-08-08 18:00:00,0.05315
XAI,2025-08-09 18:00:00,0.0554
XAI,2025-08-10 18:00:00,0.05469
XAI,2025-08-11 18:00:00,0.05257
XAI,2025-08-12 18:00:00,0.05407
XAI,2025-08-13 18:00:00,0.0551
XAI,2025-08-14 18:00:00,0.04986
XAI,2025-08-15 18:00:00,0.04798
XAI,2025-08-16 18:00:00,0.05084
XAI,2025-08-17 18:00:00,0.05135
XAI,2025-08-18 18:00:00,0.04932
XAI,2025-08-19 18:00:00,0.04668
XAI,2025-08-20 18:00:00,0.04883
XAI,2025-08-21 18:00:00,0.04837
XAI,2025-08-22 18:00:00,0.05258
XAI,2025-08-23 18:00:00,0.05336
XAI,2025-08-24 18:00:00,0.05377
XAI,2025-08-25 18:00:00,0.04886
XAI,2025-08-26 18:00:00,0.04886
XAI,2025-08-27 18:00:00,0.04951
XAI,2025-08-28 18:00:00,0.05002
XAI,2025-08-29 18:00:00,0.0464
XAI,2025-08-30 18:00:00,0.04803
XAI,2025-08-31 18:00:00,0.04895
XAI,2025-09-01 18:00:00,0.04624
XAI,2025-09-02 18:00:00,0.04571
XAI,2025-09-03 18:00:00,0.04733
XAI,2025-09-04 18:00:00,0.04473
XAI,2025-09-05 18:00:00,0.04646
XAI,2025-09-06 18:00:00,0.04594
XAI,2025-09-07 18:00:00,0.04617
XAI,2025-09-08 18:00:00,0.0489
XAI,2025-09-09 18:00:00,0.04924
XAI,2025-09-10 18:00:00,0.05023
XAI,2025-09-11 18:00:00,0.05588
XAI,2025-09-12 18:00:00,0.05761
XAI,2025-09-13 18:00:00,0.057
XAI,2025-09-14 18:00:00,0.05408
XAI,2025-09-15 18:00:00,0.04977
XAI,2025-09-16 18:00:00,0.05039
XAI,2025-09-17 18:00:00,0.05002
XAI,2025-09-18 18:00:00,0.05277
XAI,2025-09-19 18:00:00,0.04946
XAI,2025-09-20 18:00:00,0.05039
XAI,2025-09-21 18:00:00,0.05146
XAI,2025-09-22 18:00:00,0.04289
XAI,2025-09-23 18:00:00,0.04321
XAI,2025-09-24 18:00:00,0.04393
XAI,2025-09-25 18:00:00,0.04106
XAI,2025-09-26 18:00:00,0.04175
XAI,2025-09-27 18:00:00,0.04091
XAI,2025-09-28 18:00:00,0.04113
XAI,2025-09-29 18:00:00,0.04049
XAI,2025-09-30 18:00:00,0.03928
XAI,2025-10-01 18:00:00,0.04183
XAI,2025-10-02 18:00:00,0.04361
XAI,2025-10-03 18:00:00,0.04345
XAI,2025-10-04 18:00:00,0.04097
XAI,2025-10-05 18:00:00,0.04174
XAI,2025-10-06 18:00:00,0.04387
XAI,2025-10-07 18:00:00,0.03957
XAI,2025-10-08 18:00:00,0.04249
XAI,2025-10-09 18:00:00,0.04037
XAI,2025-10-10 18:00:00,0.03786
XAI,2025-10-11 18:00:00,0.02723
XAI,2025-10-12 18:00:00,0.02876
XAI,2025-10-13 18:00:00,0.02953
XAI,2025-10-14 18:00:00,0.02986
XAI,2025-10-15 18:00:00,0.0296
XAI,2025-10-16 18:00:00,0.02781
XAI,2025-10-17 18:00:00,0.02699
XAI,2025-10-18 18:00:00,0.02707
XAI,2025-10-19 18:00:00,0.02792
XAI,2025-10-20 18:00:00,0.02773
XAI,2025-10-21 18:00:00,0.02805
XAI,2025-10-22 18:00:00,0.02566
XAI,2025-10-23 18:00:00,0.02626
XAI,2025-10-24 18:00:00,0.0262
XAI,2025-10-25 18:00:00,0.0267
XAI,2025-10-26 18:00:00,0.02721
XAI,2025-10-27 18:00:00,0.02687
XAI,2025-10-28 18:00:00,0.02625
XAI,2025-10-29 18:00:00,0.02583
XAI,2025-10-30 18:00:00,0.02238
XAI,2025-10-31 18:00:00,0.02336
XAI,2025-11-01 18:00:00,0.02513
XAI,2025-11-02 18:00:00,0.02441
XAI,2025-11-03 18:00:00,0.02171
XAI,2025-11-04 18:00:00,0.02056
XAI,2025-11-05 18:00:00,0.0214
XAI,2025-11-06 18:00:00,0.02074
XAI,2025-11-07 18:00:00,0.02413
XAI,2025-11-08 18:00:00,0.02293
XAI,2025-11-09 18:00:00,0.02319
XAI,2025-11-10 18:00:00,0.02308
XAI,2025-11-11 18:00:00,0.02235
XAI,2025-11-12 18:00:00,0.02118
XAI,2025-11-13 18:00:00,0.02018
XPL,2025-08-22 18:00:00,0.49829
XPL,2025-08-23 18:00:00,0.513
XPL,2025-08-24 18:00:00,0.57019
XPL,2025-08-25 18:00:00,0.56477
XPL,2025-08-26 18:00:00,0.5787
XPL,2025-08-27 18:00:00,0.68015
XPL,2025-08-28 18:00:00,0.89231
XPL,2025-08-29 18:00:00,0.9317
XPL,2025-08-30 18:00:00,0.914
XPL,2025-08-31 18:00:00,1.0182
XPL,2025-09-01 18:00:00,0.66596
XPL,2025-09-02 18:00:00,0.67204
XPL,2025-09-03 18:00:00,0.65411
XPL,2025-09-04 18:00:00,0.69692
XPL,2025-09-05 18:00:00,0.76859
XPL,2025-09-06 18:00:00,0.81079
XPL,2025-09-07 18:00:00,0.83904
XPL,2025-09-08 18:00:00,0.80234
XPL,2025-09-09 18:00:00,0.76464
XPL,2025-09-10 18:00:00,0.76428
XPL,2025-09-11 18:00:00,0.70658
XPL,2025-09-12 18:00:00,0.81811
XPL,2025-09-13 18:00:00,0.80025
XPL,2025-09-14 18:00:00,0.75553
XPL,2025-09-15 18:00:00,0.81253
XPL,2025-09-16 18:00:00,0.77015
XPL,2025-09-17 18:00:00,0.70515
XPL,2025-09-18 18:00:00,0.69197
XPL,2025-09-19 18:00:00,0.64925
XPL,2025-09-20 18:00:00,0.76047
XPL,2025-09-21 18:00:00,0.76367
XPL,2025-09-22 18:00:00,0.86465
XPL,2025-09-23 18:00:00,0.74257
XPL,2025-09-24 18:00:00,0.73588
XPL,2025-09-25 18:00:00,1.0866
XPL,2025-09-26 18:00:00,1.3217
XPL,2025-09-27 18:00:00,1.5526
XPL,2025-09-28 18:00:00,1.41
XPL,2025-09-29 18:00:00,1.2142
XPL,2025-09-30 18:00:00,1.0343
XPL,2025-10-01 18:00:00,0.95781
XPL,2025-10-02 18:00:00,0.96196
XPL,2025-10-03 18:00:00,0.84155
XPL,2025-10-04 18:00:00,0.85768
XPL,2025-10-05 18:00:00,0.90017
XPL,2025-10-06 18:00:00,0.93878
XPL,2025-10-07 18:00:00,0.8997
XPL,2025-10-08 18:00:00,0.87888
XPL,2025-10-09 18:00:00,0.74304
XPL,2025-10-10 18:00:00,0.64942
XPL,2025-10-11 18:00:00,0.4072
XPL,2025-10-12 18:00:00,0.46249
XPL,2025-10-13 18:00:00,0.43857
XPL,2025-10-14 18:00:00,0.44949
XPL,2025-10-15 18:00:00,0.49084
XPL,2025-10-16 18:00:00,0.4343
XPL,2025-10-17 18:00:00,0.40453
XPL,2025-10-18 18:00:00,0.41216
XPL,2025-10-19 18:00:00,0.4266
XPL,2025-10-20 18:00:00,0.38428
XPL,2025-10-21 18:00:00,0.42148
XPL,2025-10-22 18:00:00,0.37468
XPL,2025-10-23 18:00:00,0.3654
XPL,2025-10-24 18:00:00,0.38373
XPL,2025-10-25 18:00:00,0.37593
XPL,2025-10-26 18:00:00,0.39156
XPL,2025-10-27 18:00:00,0.35636
XPL,2025-10-28 18:00:00,0.37925
XPL,2025-10-29 18:00:00,0.3511
XPL,2025-10-30 18:00:00,0.28713
XPL,2025-10-31 18:00:00,0.2956
XPL,2025-11-01 18:00:00,0.2983
XPL,2025-11-02 18:00:00,0.2609
XPL,2025-11-03 18:00:00,0.28007
XPL,2025-11-04 18:00:00,0.24066
XPL,2025-11-05 18:00:00,0.3213
XPL,2025-11-06 18:00:00,0.2633
XPL,2025-11-07 18:00:00,0.32211
XPL,2025-11-08 18:00:00,0.30228
XPL,2025-11-09 18:00:00,0.29666
XPL,2025-11-10 18:00:00,0.31836
XPL,2025-11-11 18:00:00,0.27957
XPL,2025-11-12 18:00:00,0.25726
XPL,2025-11-13 18:00:00,0.24027
XRP,2025-06-05 18:00:00,2.161
XRP,2025-06-06 18:00:00,2.1666
XRP,2025-06-07 18:00:00,2.1764
XRP,2025-06-08 18:00:00,2.2851
XRP,2025-06-09 18:00:00,2.299
XRP,2025-06-10 18:00:00,2.2946
XRP,2025-06-11 18:00:00,2.2979
XRP,2025-06-12 18:00:00,2.2381
XRP,2025-06-13 18:00:00,2.1327
XRP,2025-06-14 18:00:00,2.1267
XRP,2025-06-15 18:00:00,2.1654
XRP,2025-06-16 18:00:00,2.325
XRP,2025-06-17 18:00:00,2.1747
XRP,2025-06-18 18:00:00,2.1299
XRP,2025-06-19 18:00:00,2.1717
XRP,2025-06-20 18:00:00,2.1236
XRP,2025-06-21 18:00:00,2.082
XRP,2025-06-22 18:00:00,1.9633
XRP,2025-06-23 18:00:00,2.0455
XRP,2025-06-24 18:00:00,2.195
XRP,2025-06-25 18:00:00,2.1871
XRP,2025-06-26 18:00:00,2.1211
XRP,2025-06-27 18:00:00,2.0777
XRP,2025-06-28 18:00:00,2.1909
XRP,2025-06-29 18:00:00,2.1913
XRP,2025-06-30 18:00:00,2.2365
XRP,2025-07-01 18:00:00,2.1658
XRP,2025-07-02 18:00:00,2.2515
XRP,2025-07-03 18:00:00,2.279
XRP,2025-07-04 18:00:00,2.2072
XRP,2025-07-05 18:00:00,2.203
XRP,2025-07-06 18:00:00,2.2522
XRP,2025-07-07 18:00:00,2.2963
XRP,2025-07-08 18:00:00,2.3186
XRP,2025-07-09 18:00:00,2.3913
XRP,2025-07-10 18:00:00,2.4908
XRP,2025-07-11 18:00:00,2.8363
XRP,2025-07-12 18:00:00,2.7439
XRP,2025-07-13 18:00:00,2.8627
XRP,2025-07-14 18:00:00,2.9179
XRP,2025-07-15 18:00:00,2.9059
XRP,2025-07-16 18:00:00,3.0558
XRP,2025-07-17 18:00:00,3.3562
XRP,2025-07-18 18:00:00,3.4411
XRP,2025-07-19 18:00:00,3.423
XRP,2025-07-20 18:00:00,3.5383
XRP,2025-07-21 18:00:00,3.5548
XRP,2025-07-22 18:00:00,3.5631
XRP,2025-07-23 18:00:00,3.2518
XRP,2025-07-24 18:00:00,3.2389
XRP,2025-07-25 18:00:00,3.0713
XRP,2025-07-26 18:00:00,3.1777
XRP,2025-07-27 18:00:00,3.2168
XRP,2025-07-28 18:00:00,3.1428
XRP,2025-07-29 18:00:00,3.1392
XRP,2025-07-30 18:00:00,3.0522
XRP,2025-07-31 18:00:00,3.0833
XRP,2025-08-01 18:00:00,3.0086
XRP,2025-08-02 18:00:00,2.7592
XRP,2025-08-03 18:00:00,2.9146
XRP,2025-08-04 18:00:00,3.0431
XRP,2025-08-05 18:00:00,2.9764
XRP,2025-08-06 18:00:00,3.0007
XRP,2025-08-07 18:00:00,3.0537
XRP,2025-08-08 18:00:00,3.2755
XRP,2025-08-09 18:00:00,3.2854
XRP,2025-08-10 18:00:00,3.2085
XRP,2025-08-11 18:00:00,3.2078
XRP,2025-08-12 18:00:00,3.2465
XRP,2025-08-13 18:00:00,3.2717
XRP,2025-08-14 18:00:00,3.0829
XRP,2025-08-15 18:00:00,3.0629
XRP,2025-08-16 18:00:00,3.0978
XRP,2025-08-17 18:00:00,3.0958
XRP,2025-08-18 18:00:00,3.0639
XRP,2025-08-19 18:00:00,2.9009
XRP,2025-08-20 18:00:00,2.9174
XRP,2025-08-21 18:00:00,2.9127
XRP,2025-08-22 18:00:00,3.0789
XRP,2025-08-23 18:00:00,3.0234
XRP,2025-08-24 18:00:00,3.1123
XRP,2025-08-25 18:00:00,2.9602
XRP,2025-08-26 18:00:00,2.9799
XRP,2025-08-27 18:00:00,3.0085
XRP,2025-08-28 18:00:00,2.9777
XRP,2025-08-29 18:00:00,2.8078
XRP,2025-08-30 18:00:00,2.8044
XRP,2025-08-31 18:00:00,2.8197
XRP,2025-09-01 18:00:00,2.7561
XRP,2025-09-02 18:00:00,2.813
XRP,2025-09-03 18:00:00,2.851
XRP,2025-09-04 18:00:00,2.7985
XRP,2025-09-05 18:00:00,2.8351
XRP,2025-09-06 18:00:00,2.8003
XRP,2025-09-07 18:00:00,2.8576
XRP,2025-09-08 18:00:00,2.9842
XRP,2025-09-09 18:00:00,2.9633
XRP,2025-09-10 18:00:00,2.9996
XRP,2025-09-11 18:00:00,3.0255
XRP,2025-09-12 18:00:00,3.082
XRP,2025-09-13 18:00:00,3.1168
XRP,2025-09-14 18:00:00,3.0377
XRP,2025-09-15 18:00:00,3.009
XRP,2025-09-16 18:00:00,3.0413
XRP,2025-09-17 18:00:00,2.9985
XRP,2025-09-18 18:00:00,3.1189
XRP,2025-09-19 18:00:00,2.9999
XRP,2025-09-20 18:00:00,2.9764
XRP,2025-09-21 18:00:00,2.9856
XRP,2025-09-22 18:00:00,2.8327
XRP,2025-09-23 18:00:00,2.845
XRP,2025-09-24 18:00:00,2.9501
XRP,2025-09-25 18:00:00,2.7993
XRP,2025-09-26 18:00:00,2.8012
XRP,2025-09-27 18:00:00,2.7891
XRP,2025-09-28 18:00:00,2.8303
XRP,2025-09-29 18:00:00,2.8731
XRP,2025-09-30 18:00:00,2.8394
XRP,2025-10-01 18:00:00,2.9361
XRP,2025-10-02 18:00:00,3.0644
XRP,2025-10-03 18:00:00,3.0482
XRP,2025-10-04 18:00:00,2.9454
XRP,2025-10-05 18:00:00,2.9766
XRP,2025-10-06 18:00:00,3.048
XRP,2025-10-07 18:00:00,2.862
XRP,2025-10-08 18:00:00,2.91
XRP,2025-10-09 18:00:00,2.7858
XRP,2025-10-10 18:00:00,2.708
XRP,2025-10-11 18:00:00,2.4684
XRP,2025-10-12 18:00:00,2.5118
XRP,2025-10-13 18:00:00,2.6101
XRP,2025-10-14 18:00:00,2.5014
XRP,2025-10-15 18:00:00,2.4402
XRP,2025-10-16 18:00:00,2.3504
XRP,2025-10-17 18:00:00,2.3034
XRP,2025-10-18 18:00:00,2.3606
XRP,2025-10-19 18:00:00,2.4074
XRP,2025-10-20 18:00:00,2.474
XRP,2025-10-21 18:00:00,2.4829
XRP,2025-10-22 18:00:00,2.3759
XRP,2025-10-23 18:00:00,2.403
XRP,2025-10-24 18:00:00,2.4899
XRP,2025-10-25 18:00:00,2.6413
XRP,2025-10-26 18:00:00,2.6186
XRP,2025-10-27 18:00:00,2.689
XRP,2025-10-28 18:00:00,2.6708
XRP,2025-10-29 18:00:00,2.6065
XRP,2025-10-30 18:00:00,2.4222
XRP,2025-10-31 18:00:00,2.5203
XRP,2025-11-01 18:00:00,2.5052
XRP,2025-11-02 18:00:00,2.4929
XRP,2025-11-03 18:00:00,2.3463
XRP,2025-11-04 18:00:00,2.2117
XRP,2025-11-05 18:00:00,2.3036
XRP,2025-11-06 18:00:00,2.2305
XRP,2025-11-07 18:00:00,2.3358
XRP,2025-11-08 18:00:00,2.2767
XRP,2025-11-09 18:00:00,2.3273
XRP,2025-11-10 18:00:00,2.5384
XRP,2025-11-11 18:00:00,2.4243
XRP,2025-11-12 18:00:00,2.3427
XRP,2025-11-13 18:00:00,2.3412
YZY,2025-08-21 18:00:00,0.84104
YZY,2025-08-22 18:00:00,0.67876
YZY,2025-08-23 18:00:00,0.68608
YZY,2025-08-24 18:00:00,0.70884
YZY,2025-08-25 18:00:00,0.55869
YZY,2025-08-26 18:00:00,0.56001
YZY,2025-08-27 18:00:00,0.54915
YZY,2025-08-28 18:00:00,0.52681
YZY,2025-08-29 18:00:00,0.52831
YZY,2025-08-30 18:00:00,0.532
YZY,2025-08-31 18:00:00,0.534
YZY,2025-09-01 18:00:00,0.48736
YZY,2025-09-02 18:00:00,0.48051
YZY,2025-09-03 18:00:00,0.4681
YZY,2025-09-04 18:00:00,0.46385
YZY,2025-09-05 18:00:00,0.48894
YZY,2025-09-06 18:00:00,0.48263
YZY,2025-09-07 18:00:00,0.49315
YZY,2025-09-08 18:00:00,0.47414
YZY,2025-09-09 18:00:00,0.45331
YZY,2025-09-10 18:00:00,0.4472
YZY,2025-09-11 18:00:00,0.44157
YZY,2025-09-12 18:00:00,0.43993
YZY,2025-09-13 18:00:00,0.43746
YZY,2025-09-14 18:00:00,0.46923
YZY,2025-09-15 18:00:00,0.45009
YZY,2025-09-16 18:00:00,0.44956
YZY,2025-09-17 18:00:00,0.44944
YZY,2025-09-18 18:00:00,0.47018
YZY,2025-09-19 18:00:00,0.45785
YZY,2025-09-20 18:00:00,0.43427
YZY,2025-09-21 18:00:00,0.4343
YZY,2025-09-22 18:00:00,0.42019
YZY,2025-09-23 18:00:00,0.42537
YZY,2025-09-24 18:00:00,0.41624
YZY,2025-09-25 18:00:00,0.4243
YZY,2025-09-26 18:00:00,0.41544
YZY,2025-09-27 18:00:00,0.41658
YZY,2025-09-28 18:00:00,0.4226
YZY,2025-09-29 18:00:00,0.42035
YZY,2025-09-30 18:00:00,0.41875
YZY,2025-10-01 18:00:00,0.41796
YZY,2025-10-02 18:00:00,0.419
YZY,2025-10-03 18:00:00,0.41642
YZY,2025-10-04 18:00:00,0.41181
YZY,2025-10-05 18:00:00,0.41807
YZY,2025-10-06 18:00:00,0.42164
YZY,2025-10-07 18:00:00,0.42481
YZY,2025-10-08 18:00:00,0.43056
YZY,2025-10-09 18:00:00,0.42644
YZY,2025-10-10 18:00:00,0.42394
YZY,2025-10-11 18:00:00,0.39959
YZY,2025-10-12 18:00:00,0.40019
YZY,2025-10-13 18:00:00,0.40476
YZY,2025-10-14 18:00:00,0.41572
YZY,2025-10-15 18:00:00,0.40262
YZY,2025-10-16 18:00:00,0.40385
YZY,2025-10-17 18:00:00,0.40283
YZY,2025-10-18 18:00:00,0.39938
YZY,2025-10-19 18:00:00,0.40401
YZY,2025-10-20 18:00:00,0.39656
YZY,2025-10-21 18:00:00,0.39955
YZY,2025-10-22 18:00:00,0.40257
YZY,2025-10-23 18:00:00,0.39669
YZY,2025-10-24 18:00:00,0.3969
YZY,2025-10-25 18:00:00,0.39261
YZY,2025-10-26 18:00:00,0.39882
YZY,2025-10-27 18:00:00,0.3941
YZY,2025-10-28 18:00:00,0.39747
YZY,2025-10-29 18:00:00,0.38954
YZY,2025-10-30 18:00:00,0.37337
YZY,2025-10-31 18:00:00,0.36958
YZY,2025-11-01 18:00:00,0.37975
YZY,2025-11-02 18:00:00,0.38723
YZY,2025-11-03 18:00:00,0.38016
YZY,2025-11-04 18:00:00,0.38182
YZY,2025-11-05 18:00:00,0.3771
YZY,2025-11-06 18:00:00,0.38182
YZY,2025-11-07 18:00:00,0.37853
YZY,2025-11-08 18:00:00,0.38533
YZY,2025-11-09 18:00:00,0.38391
YZY,2025-11-10 18:00:00,0.38572
YZY,2025-11-11 18:00:00,0.3807
YZY,2025-11-12 18:00:00,0.38219
YZY,2025-11-13 18:00:00,0.36982
ZEC,2025-08-22 18:00:00,43.69
ZEC,2025-08-23 18:00:00,43.08
ZEC,2025-08-24 18:00:00,43.15
ZEC,2025-08-25 18:00:00,40.22
ZEC,2025-08-26 18:00:00,41.6
ZEC,2025-08-27 18:00:00,41.83
ZEC,2025-08-28 18:00:00,41.56
ZEC,2025-08-29 18:00:00,40.74
ZEC,2025-08-30 18:00:00,39.86
ZEC,2025-08-31 18:00:00,40.53
ZEC,2025-09-01 18:00:00,39.95
ZEC,2025-09-02 18:00:00,41.41
ZEC,2025-09-03 18:00:00,42.62
ZEC,2025-09-04 18:00:00,40.36
ZEC,2025-09-05 18:00:00,40.86
ZEC,2025-09-06 18:00:00,43.19
ZEC,2025-09-07 18:00:00,47.71
ZEC,2025-09-08 18:00:00,51.58
ZEC,2025-09-09 18:00:00,48.45
ZEC,2025-09-10 18:00:00,48.02
ZEC,2025-09-11 18:00:00,47.83
ZEC,2025-09-12 18:00:00,49.78
ZEC,2025-09-13 18:00:00,50.01
ZEC,2025-09-14 18:00:00,52.69
ZEC,2025-09-15 18:00:00,50.22
ZEC,2025-09-16 18:00:00,51.75
ZEC,2025-09-17 18:00:00,50.44
ZEC,2025-09-18 18:00:00,50.68
ZEC,2025-09-19 18:00:00,49.34
ZEC,2025-09-20 18:00:00,50.01
ZEC,2025-09-21 18:00:00,51.72
ZEC,2025-09-22 18:00:00,47.82
ZEC,2025-09-23 18:00:00,53.27
ZEC,2025-09-24 18:00:00,59.0
ZEC,2025-09-25 18:00:00,56.17
ZEC,2025-09-26 18:00:00,55.57
ZEC,2025-09-27 18:00:00,54.99
ZEC,2025-09-28 18:00:00,59.34
ZEC,2025-09-29 18:00:00,68.36
ZEC,2025-09-30 18:00:00,74.55
ZEC,2025-10-01 18:00:00,118.89
ZEC,2025-10-02 18:00:00,135.99
ZEC,2025-10-03 18:00:00,138.11
ZEC,2025-10-04 18:00:00,164.32
ZEC,2025-10-05 18:00:00,165.59
ZEC,2025-10-06 18:00:00,159.26
ZEC,2025-10-07 18:00:00,140.01
ZEC,2025-10-08 18:00:00,176.92
ZEC,2025-10-09 18:00:00,215.46
ZEC,2025-10-10 18:00:00,244.75
ZEC,2025-10-11 18:00:00,287.81
ZEC,2025-10-12 18:00:00,253.03
ZEC,2025-10-13 18:00:00,253.71
ZEC,2025-10-14 18:00:00,238.91
ZEC,2025-10-15 18:00:00,248.66
ZEC,2025-10-16 18:00:00,219.88
ZEC,2025-10-17 18:00:00,217.75
ZEC,2025-10-18 18:00:00,219.32
ZEC,2025-10-19 18:00:00,236.11
ZEC,2025-10-20 18:00:00,281.04
ZEC,2025-10-21 18:00:00,279.59
ZEC,2025-10-22 18:00:00,244.36
ZEC,2025-10-23 18:00:00,240.06
ZEC,2025-10-24 18:00:00,255.65
ZEC,2025-10-25 18:00:00,274.78
ZEC,2025-10-26 18:00:00,346.46
ZEC,2025-10-27 18:00:00,348.18
ZEC,2025-10-28 18:00:00,315.47
ZEC,2025-10-29 18:00:00,347.94
ZEC,2025-10-30 18:00:00,302.75
ZEC,2025-10-31 18:00:00,380.87
ZEC,2025-11-01 18:00:00,422.56
ZEC,2025-11-02 18:00:00,393.64
ZEC,2025-11-03 18:00:00,411.33
ZEC,2025-11-04 18:00:00,406.66
ZEC,2025-11-05 18:00:00,488.54
ZEC,2025-11-06 18:00:00,532.85
ZEC,2025-11-07 18:00:00,709.66
ZEC,2025-11-08 18:00:00,617.43
ZEC,2025-11-09 18:00:00,661.74
ZEC,2025-11-10 18:00:00,585.41
ZEC,2025-11-11 18:00:00,499.94
ZEC,2025-11-12 18:00:00,475.27
ZEC,2025-11-13 18:00:00,501.95
ZEN,2025-06-05 18:00:00,10.685
ZEN,2025-06-06 18:00:00,9.8005
ZEN,2025-06-07 18:00:00,10.083
ZEN,2025-06-08 18:00:00,10.25
ZEN,2025-06-09 18:00:00,10.61
ZEN,2025-06-10 18:00:00,10.799
ZEN,2025-06-11 18:00:00,10.073
ZEN,2025-06-12 18:00:00,9.3569
ZEN,2025-06-13 18:00:00,8.7768
ZEN,2025-06-14 18:00:00,8.3865
ZEN,2025-06-15 18:00:00,8.568
ZEN,2025-06-16 18:00:00,8.8898
ZEN,2025-06-17 18:00:00,8.2023
ZEN,2025-06-18 18:00:00,7.9874
ZEN,2025-06-19 18:00:00,8.0275
ZEN,2025-06-20 18:00:00,7.6766
ZEN,2025-06-21 18:00:00,7.3426
ZEN,2025-06-22 18:00:00,6.8223
ZEN,2025-06-23 18:00:00,7.0821
ZEN,2025-06-24 18:00:00,7.5267
ZEN,2025-06-25 18:00:00,7.294
ZEN,2025-06-26 18:00:00,7.1498
ZEN,2025-06-27 18:00:00,7.1813
ZEN,2025-06-28 18:00:00,7.4019
ZEN,2025-06-29 18:00:00,7.5269
ZEN,2025-06-30 18:00:00,7.3123
ZEN,2025-07-01 18:00:00,6.8906
ZEN,2025-07-02 18:00:00,7.3136
ZEN,2025-07-03 18:00:00,7.0918
ZEN,2025-07-04 18:00:00,7.1144
ZEN,2025-07-05 18:00:00,7.0271
ZEN,2025-07-06 18:00:00,7.5714
ZEN,2025-07-07 18:00:00,7.3364
ZEN,2025-07-08 18:00:00,7.5605
ZEN,2025-07-09 18:00:00,7.6387
ZEN,2025-07-10 18:00:00,7.9028
ZEN,2025-07-11 18:00:00,8.4653
ZEN,2025-07-12 18:00:00,7.9194
ZEN,2025-07-13 18:00:00,8.343
ZEN,2025-07-14 18:00:00,8.2674
ZEN,2025-07-15 18:00:00,8.4223
ZEN,2025-07-16 18:00:00,8.7189
ZEN,2025-07-17 18:00:00,8.9651
ZEN,2025-07-18 18:00:00,9.1874
ZEN,2025-07-19 18:00:00,9.1359
ZEN,2025-07-20 18:00:00,9.8546
ZEN,2025-07-21 18:00:00,10.047
ZEN,2025-07-22 18:00:00,9.5536
ZEN,2025-07-23 18:00:00,8.9851
ZEN,2025-07-24 18:00:00,8.8026
ZEN,2025-07-25 18:00:00,8.4983
ZEN,2025-07-26 18:00:00,8.8283
ZEN,2025-07-27 18:00:00,8.9386
ZEN,2025-07-28 18:00:00,8.5498
ZEN,2025-07-29 18:00:00,8.3557
ZEN,2025-07-30 18:00:00,8.0973
ZEN,2025-07-31 18:00:00,8.1285
ZEN,2025-08-01 18:00:00,7.7219
ZEN,2025-08-02 18:00:00,7.2566
ZEN,2025-08-03 18:00:00,7.649
ZEN,2025-08-04 18:00:00,7.8482
ZEN,2025-08-05 18:00:00,7.6149
ZEN,2025-08-06 18:00:00,7.8554
ZEN,2025-08-07 18:00:00,8.0442
ZEN,2025-08-08 18:00:00,8.3427
ZEN,2025-08-09 18:00:00,8.545
ZEN,2025-08-10 18:00:00,8.6024
ZEN,2025-08-11 18:00:00,8.2877
ZEN,2025-08-12 18:00:00,8.3981
ZEN,2025-08-13 18:00:00,8.61
ZEN,2025-08-14 18:00:00,7.9196
ZEN,2025-08-15 18:00:00,7.6924
ZEN,2025-08-16 18:00:00,7.961
ZEN,2025-08-17 18:00:00,7.9586
ZEN,2025-08-18 18:00:00,7.6095
ZEN,2025-08-19 18:00:00,7.5631
ZEN,2025-08-20 18:00:00,7.6861
ZEN,2025-08-21 18:00:00,7.6267
ZEN,2025-08-22 18:00:00,8.3519
ZEN,2025-08-23 18:00:00,8.3554
ZEN,2025-08-24 18:00:00,8.5765
ZEN,2025-08-25 18:00:00,7.7999
ZEN,2025-08-26 18:00:00,7.8101
ZEN,2025-08-27 18:00:00,7.9403
ZEN,2025-08-28 18:00:00,7.5515
ZEN,2025-08-29 18:00:00,7.2197
ZEN,2025-08-30 18:00:00,7.2549
ZEN,2025-08-31 18:00:00,7.334
ZEN,2025-09-01 18:00:00,6.9965
ZEN,2025-09-02 18:00:00,6.9954
ZEN,2025-09-03 18:00:00,7.1915
ZEN,2025-09-04 18:00:00,6.8884
ZEN,2025-09-05 18:00:00,7.1503
ZEN,2025-09-06 18:00:00,7.1117
ZEN,2025-09-07 18:00:00,7.215
ZEN,2025-09-08 18:00:00,7.4163
ZEN,2025-09-09 18:00:00,7.3838
ZEN,2025-09-10 18:00:00,7.4849
ZEN,2025-09-11 18:00:00,7.398
ZEN,2025-09-12 18:00:00,7.6986
ZEN,2025-09-13 18:00:00,7.8401
ZEN,2025-09-14 18:00:00,7.5659
ZEN,2025-09-15 18:00:00,7.2422
ZEN,2025-09-16 18:00:00,7.3309
ZEN,2025-09-17 18:00:00,7.2233
ZEN,2025-09-18 18:00:00,7.7311
ZEN,2025-09-19 18:00:00,7.3577
ZEN,2025-09-20 18:00:00,7.4419
ZEN,2025-09-21 18:00:00,7.4143
ZEN,2025-09-22 18:00:00,6.7188
ZEN,2025-09-23 18:00:00,6.8152
ZEN,2025-09-24 18:00:00,6.6533
ZEN,2025-09-25 18:00:00,6.4004
ZEN,2025-09-26 18:00:00,6.4696
ZEN,2025-09-27 18:00:00,6.352
ZEN,2025-09-28 18:00:00,6.351
ZEN,2025-09-29 18:00:00,7.1734
ZEN,2025-09-30 18:00:00,7.7774
ZEN,2025-10-01 18:00:00,9.223
ZEN,2025-10-02 18:00:00,10.232
ZEN,2025-10-03 18:00:00,9.3632
ZEN,2025-10-04 18:00:00,9.6325
ZEN,2025-10-05 18:00:00,9.8995
ZEN,2025-10-06 18:00:00,9.9601
ZEN,2025-10-07 18:00:00,9.3462
ZEN,2025-10-08 18:00:00,10.809
ZEN,2025-10-09 18:00:00,12.3
ZEN,2025-10-10 18:00:00,14.894
ZEN,2025-10-11 18:00:00,13.31
ZEN,2025-10-12 18:00:00,14.514
ZEN,2025-10-13 18:00:00,12.721
ZEN,2025-10-14 18:00:00,12.588
ZEN,2025-10-15 18:00:00,12.606
ZEN,2025-10-16 18:00:00,11.586
ZEN,2025-10-17 18:00:00,11.363
ZEN,2025-10-18 18:00:00,11.33
ZEN,2025-10-19 18:00:00,11.463
ZEN,2025-10-20 18:00:00,12.893
ZEN,2025-10-21 18:00:00,12.983
ZEN,2025-10-22 18:00:00,11.423
ZEN,2025-10-23 18:00:00,10.708
ZEN,2025-10-24 18:00:00,10.893
ZEN,2025-10-25 18:00:00,11.205
ZEN,2025-10-26 18:00:00,13.578
ZEN,2025-10-27 18:00:00,13.537
ZEN,2025-10-28 18:00:00,12.529
ZEN,2025-10-29 18:00:00,12.401
ZEN,2025-10-30 18:00:00,11.249
ZEN,2025-10-31 18:00:00,12.364
ZEN,2025-11-01 18:00:00,19.977
ZEN,2025-11-02 18:00:00,17.259
ZEN,2025-11-03 18:00:00,18.631
ZEN,2025-11-04 18:00:00,19.753
ZEN,2025-11-05 18:00:00,20.733
ZEN,2025-11-06 18:00:00,20.104
ZEN,2025-11-07 18:00:00,19.806
ZEN,2025-11-08 18:00:00,15.288
ZEN,2025-11-09 18:00:00,16.066
ZEN,2025-11-10 18:00:00,13.548
ZEN,2025-11-11 18:00:00,13.18
ZEN,2025-11-12 18:00:00,12.3
ZEN,2025-11-13 18:00:00,12.226
ZETA,2025-06-05 18:00:00,0.21211
ZETA,2025-06-06 18:00:00,0.20059
ZETA,2025-06-07 18:00:00,0.20898
ZETA,2025-06-08 18:00:00,0.21218
ZETA,2025-06-09 18:00:00,0.21686
ZETA,2025-06-10 18:00:00,0.22689
ZETA,2025-06-11 18:00:00,0.22154
ZETA,2025-06-12 18:00:00,0.20672
ZETA,2025-06-13 18:00:00,0.19236
ZETA,2025-06-14 18:00:00,0.19254
ZETA,2025-06-15 18:00:00,0.19675
ZETA,2025-06-16 18:00:00,0.20343
ZETA,2025-06-17 18:00:00,0.18609
ZETA,2025-06-18 18:00:00,0.17801
ZETA,2025-06-19 18:00:00,0.1763
ZETA,2025-06-20 18:00:00,0.17464
ZETA,2025-06-21 18:00:00,0.16873
ZETA,2025-06-22 18:00:00,0.15697
ZETA,2025-06-23 18:00:00,0.17038
ZETA,2025-06-24 18:00:00,0.17989
ZETA,2025-06-25 18:00:00,0.17439
ZETA,2025-06-26 18:00:00,0.16934
ZETA,2025-06-27 18:00:00,0.16842
ZETA,2025-06-28 18:00:00,0.17608
ZETA,2025-06-29 18:00:00,0.17792
ZETA,2025-06-30 18:00:00,0.17651
ZETA,2025-07-01 18:00:00,0.16789
ZETA,2025-07-02 18:00:00,0.18338
ZETA,2025-07-03 18:00:00,0.18179
ZETA,2025-07-04 18:00:00,0.17268
ZETA,2025-07-05 18:00:00,0.17271
ZETA,2025-07-06 18:00:00,0.17657
ZETA,2025-07-07 18:00:00,0.17512
ZETA,2025-07-08 18:00:00,0.17849
ZETA,2025-07-09 18:00:00,0.18367
ZETA,2025-07-10 18:00:00,0.19175
ZETA,2025-07-11 18:00:00,0.21287
ZETA,2025-07-12 18:00:00,0.20477
ZETA,2025-07-13 18:00:00,0.22248
ZETA,2025-07-14 18:00:00,0.21557
ZETA,2025-07-15 18:00:00,0.21807
ZETA,2025-07-16 18:00:00,0.22332
ZETA,2025-07-17 18:00:00,0.22486
ZETA,2025-07-18 18:00:00,0.22367
ZETA,2025-07-19 18:00:00,0.22107
ZETA,2025-07-20 18:00:00,0.2373
ZETA,2025-07-21 18:00:00,0.24396
ZETA,2025-07-22 18:00:00,0.24036
ZETA,2025-07-23 18:00:00,0.22118
ZETA,2025-07-24 18:00:00,0.21958
ZETA,2025-07-25 18:00:00,0.21106
ZETA,2025-07-26 18:00:00,0.21963
ZETA,2025-07-27 18:00:00,0.22917
ZETA,2025-07-28 18:00:00,0.21306
ZETA,2025-07-29 18:00:00,0.20501
ZETA,2025-07-30 18:00:00,0.1973
ZETA,2025-07-31 18:00:00,0.19658
ZETA,2025-08-01 18:00:00,0.18184
ZETA,2025-08-02 18:00:00,0.17384
ZETA,2025-08-03 18:00:00,0.18449
ZETA,2025-08-04 18:00:00,0.19046
ZETA,2025-08-05 18:00:00,0.18152
ZETA,2025-08-06 18:00:00,0.18664
ZETA,2025-08-07 18:00:00,0.18949
ZETA,2025-08-08 18:00:00,0.19896
ZETA,2025-08-09 18:00:00,0.2079
ZETA,2025-08-10 18:00:00,0.20833
ZETA,2025-08-11 18:00:00,0.20163
ZETA,2025-08-12 18:00:00,0.20633
ZETA,2025-08-13 18:00:00,0.21029
ZETA,2025-08-14 18:00:00,0.1926
ZETA,2025-08-15 18:00:00,0.18932
ZETA,2025-08-16 18:00:00,0.19756
ZETA,2025-08-17 18:00:00,0.19856
ZETA,2025-08-18 18:00:00,0.19262
ZETA,2025-08-19 18:00:00,0.18445
ZETA,2025-08-20 18:00:00,0.19093
ZETA,2025-08-21 18:00:00,0.18644
ZETA,2025-08-22 18:00:00,0.20044
ZETA,2025-08-23 18:00:00,0.19929
ZETA,2025-08-24 18:00:00,0.20102
ZETA,2025-08-25 18:00:00,0.18331
ZETA,2025-08-26 18:00:00,0.18938
ZETA,2025-08-27 18:00:00,0.19181
ZETA,2025-08-28 18:00:00,0.19872
ZETA,2025-08-29 18:00:00,0.1897
ZETA,2025-08-30 18:00:00,0.1909
ZETA,2025-08-31 18:00:00,0.18887
ZETA,2025-09-01 18:00:00,0.17997
ZETA,2025-09-02 18:00:00,0.18021
ZETA,2025-09-03 18:00:00,0.18466
ZETA,2025-09-04 18:00:00,0.17466
ZETA,2025-09-05 18:00:00,0.17793
ZETA,2025-09-06 18:00:00,0.17867
ZETA,2025-09-07 18:00:00,0.17794
ZETA,2025-09-08 18:00:00,0.18473
ZETA,2025-09-09 18:00:00,0.18412
ZETA,2025-09-10 18:00:00,0.1889
ZETA,2025-09-11 18:00:00,0.18692
ZETA,2025-09-12 18:00:00,0.19499
ZETA,2025-09-13 18:00:00,0.19555
ZETA,2025-09-14 18:00:00,0.1908
ZETA,2025-09-15 18:00:00,0.18403
ZETA,2025-09-16 18:00:00,0.18841
ZETA,2025-09-17 18:00:00,0.18636
ZETA,2025-09-18 18:00:00,0.1994
ZETA,2025-09-19 18:00:00,0.18851
ZETA,2025-09-20 18:00:00,0.19116
ZETA,2025-09-21 18:00:00,0.19008
ZETA,2025-09-22 18:00:00,0.17027
ZETA,2025-09-23 18:00:00,0.17086
ZETA,2025-09-24 18:00:00,0.17627
ZETA,2025-09-25 18:00:00,0.167
ZETA,2025-09-26 18:00:00,0.16849
ZETA,2025-09-27 18:00:00,0.16549
ZETA,2025-09-28 18:00:00,0.16529
ZETA,2025-09-29 18:00:00,0.16507
ZETA,2025-09-30 18:00:00,0.15951
ZETA,2025-10-01 18:00:00,0.16449
ZETA,2025-10-02 18:00:00,0.17266
ZETA,2025-10-03 18:00:00,0.17447
ZETA,2025-10-04 18:00:00,0.1657
ZETA,2025-10-05 18:00:00,0.17093
ZETA,2025-10-06 18:00:00,0.18066
ZETA,2025-10-07 18:00:00,0.18091
ZETA,2025-10-08 18:00:00,0.18008
ZETA,2025-10-09 18:00:00,0.16825
ZETA,2025-10-10 18:00:00,0.15987
ZETA,2025-10-11 18:00:00,0.11657
ZETA,2025-10-12 18:00:00,0.12181
ZETA,2025-10-13 18:00:00,0.12967
ZETA,2025-10-14 18:00:00,0.12379
ZETA,2025-10-15 18:00:00,0.11931
ZETA,2025-10-16 18:00:00,0.116
ZETA,2025-10-17 18:00:00,0.11223
ZETA,2025-10-18 18:00:00,0.11293
ZETA,2025-10-19 18:00:00,0.11804
ZETA,2025-10-20 18:00:00,0.11949
ZETA,2025-10-21 18:00:00,0.12164
ZETA,2025-10-22 18:00:00,0.11383
ZETA,2025-10-23 18:00:00,0.1191
ZETA,2025-10-24 18:00:00,0.11926
ZETA,2025-10-25 18:00:00,0.12127
ZETA,2025-10-26 18:00:00,0.12504
ZETA,2025-10-27 18:00:00,0.12639
ZETA,2025-10-28 18:00:00,0.12377
ZETA,2025-10-29 18:00:00,0.12076
ZETA,2025-10-30 18:00:00,0.10809
ZETA,2025-10-31 18:00:00,0.11199
ZETA,2025-11-01 18:00:00,0.11676
ZETA,2025-11-02 18:00:00,0.11587
ZETA,2025-11-03 18:00:00,0.10505
ZETA,2025-11-04 18:00:00,0.09867
ZETA,2025-11-05 18:00:00,0.10095
ZETA,2025-11-06 18:00:00,0.09866
ZETA,2025-11-07 18:00:00,0.1145
ZETA,2025-11-08 18:00:00,0.10808
ZETA,2025-11-09 18:00:00,0.11039
ZETA,2025-11-10 18:00:00,0.11012
ZETA,2025-11-11 18:00:00,0.10823
ZETA,2025-11-12 18:00:00,0.10324
ZETA,2025-11-13 18:00:00,0.10036
ZK,2025-06-05 18:00:00,0.053714
ZK,2025-06-06 18:00:00,0.052316
ZK,2025-06-07 18:00:00,0.054277
ZK,2025-06-08 18:00:00,0.053375
ZK,2025-06-09 18:00:00,0.054759
ZK,2025-06-10 18:00:00,0.058342
ZK,2025-06-11 18:00:00,0.057
ZK,2025-06-12 18:00:00,0.053825
ZK,2025-06-13 18:00:00,0.049007
ZK,2025-06-14 18:00:00,0.051506
ZK,2025-06-15 18:00:00,0.049802
ZK,2025-06-16 18:00:00,0.050951
ZK,2025-06-17 18:00:00,0.04794
ZK,2025-06-18 18:00:00,0.044136
ZK,2025-06-19 18:00:00,0.045761
ZK,2025-06-20 18:00:00,0.044084
ZK,2025-06-21 18:00:00,0.041616
ZK,2025-06-22 18:00:00,0.037731
ZK,2025-06-23 18:00:00,0.041643
ZK,2025-06-24 18:00:00,0.045303
ZK,2025-06-25 18:00:00,0.043998
ZK,2025-06-26 18:00:00,0.043445
ZK,2025-06-27 18:00:00,0.043836
ZK,2025-06-28 18:00:00,0.046104
ZK,2025-06-29 18:00:00,0.047265
ZK,2025-06-30 18:00:00,0.047398
ZK,2025-07-01 18:00:00,0.044481
ZK,2025-07-02 18:00:00,0.048853
ZK,2025-07-03 18:00:00,0.048359
ZK,2025-07-04 18:00:00,0.045653
ZK,2025-07-05 18:00:00,0.044479
ZK,2025-07-06 18:00:00,0.045737
ZK,2025-07-07 18:00:00,0.045022
ZK,2025-07-08 18:00:00,0.046384
ZK,2025-07-09 18:00:00,0.046817
ZK,2025-07-10 18:00:00,0.05242
ZK,2025-07-11 18:00:00,0.05916
ZK,2025-07-12 18:00:00,0.054144
ZK,2025-07-13 18:00:00,0.056756
ZK,2025-07-14 18:00:00,0.054373
ZK,2025-07-15 18:00:00,0.057816
ZK,2025-07-16 18:00:00,0.061984
ZK,2025-07-17 18:00:00,0.059865
ZK,2025-07-18 18:00:00,0.059575
ZK,2025-07-19 18:00:00,0.058476
ZK,2025-07-20 18:00:00,0.063212
ZK,2025-07-21 18:00:00,0.062377
ZK,2025-07-22 18:00:00,0.061397
ZK,2025-07-23 18:00:00,0.057241
ZK,2025-07-24 18:00:00,0.05625
ZK,2025-07-25 18:00:00,0.054722
ZK,2025-07-26 18:00:00,0.05759
ZK,2025-07-27 18:00:00,0.060775
ZK,2025-07-28 18:00:00,0.057709
ZK,2025-07-29 18:00:00,0.05739
ZK,2025-07-30 18:00:00,0.054339
ZK,2025-07-31 18:00:00,0.054398
ZK,2025-08-01 18:00:00,0.050558
ZK,2025-08-02 18:00:00,0.047609
ZK,2025-08-03 18:00:00,0.050778
ZK,2025-08-04 18:00:00,0.054417
ZK,2025-08-05 18:00:00,0.051505
ZK,2025-08-06 18:00:00,0.052527
ZK,2025-08-07 18:00:00,0.053559
ZK,2025-08-08 18:00:00,0.056662
ZK,2025-08-09 18:00:00,0.059239
ZK,2025-08-10 18:00:00,0.058829
ZK,2025-08-11 18:00:00,0.057588
ZK,2025-08-12 18:00:00,0.059563
ZK,2025-08-13 18:00:00,0.069788
ZK,2025-08-14 18:00:00,0.064488
ZK,2025-08-15 18:00:00,0.060967
ZK,2025-08-16 18:00:00,0.063387
ZK,2025-08-17 18:00:00,0.067416
ZK,2025-08-18 18:00:00,0.065321
ZK,2025-08-19 18:00:00,0.061617
ZK,2025-08-20 18:00:00,0.063348
ZK,2025-08-21 18:00:00,0.060959
ZK,2025-08-22 18:00:00,0.067056
ZK,2025-08-23 18:00:00,0.068315
ZK,2025-08-24 18:00:00,0.071904
ZK,2025-08-25 18:00:00,0.062756
ZK,2025-08-26 18:00:00,0.062148
ZK,2025-08-27 18:00:00,0.062228
ZK,2025-08-28 18:00:00,0.062393
ZK,2025-08-29 18:00:00,0.059104
ZK,2025-08-30 18:00:00,0.060218
ZK,2025-08-31 18:00:00,0.060136
ZK,2025-09-01 18:00:00,0.056562
ZK,2025-09-02 18:00:00,0.055536
ZK,2025-09-03 18:00:00,0.057862
ZK,2025-09-04 18:00:00,0.05457
ZK,2025-09-05 18:00:00,0.056085
ZK,2025-09-06 18:00:00,0.055718
ZK,2025-09-07 18:00:00,0.056509
ZK,2025-09-08 18:00:00,0.059054
ZK,2025-09-09 18:00:00,0.059386
ZK,2025-09-10 18:00:00,0.06107
ZK,2025-09-11 18:00:00,0.060321
ZK,2025-09-12 18:00:00,0.061966
ZK,2025-09-13 18:00:00,0.062364
ZK,2025-09-14 18:00:00,0.060066
ZK,2025-09-15 18:00:00,0.057752
ZK,2025-09-16 18:00:00,0.057782
ZK,2025-09-17 18:00:00,0.057239
ZK,2025-09-18 18:00:00,0.059596
ZK,2025-09-19 18:00:00,0.05534
ZK,2025-09-20 18:00:00,0.056542
ZK,2025-09-21 18:00:00,0.056636
ZK,2025-09-22 18:00:00,0.050509
ZK,2025-09-23 18:00:00,0.049869
ZK,2025-09-24 18:00:00,0.051015
ZK,2025-09-25 18:00:00,0.048213
ZK,2025-09-26 18:00:00,0.049742
ZK,2025-09-27 18:00:00,0.049862
ZK,2025-09-28 18:00:00,0.049897
ZK,2025-09-29 18:00:00,0.049605
ZK,2025-09-30 18:00:00,0.048989
ZK,2025-10-01 18:00:00,0.053814
ZK,2025-10-02 18:00:00,0.057124
ZK,2025-10-03 18:00:00,0.056483
ZK,2025-10-04 18:00:00,0.053875
ZK,2025-10-05 18:00:00,0.054658
ZK,2025-10-06 18:00:00,0.06179
ZK,2025-10-07 18:00:00,0.055566
ZK,2025-10-08 18:00:00,0.057589
ZK,2025-10-09 18:00:00,0.054013
ZK,2025-10-10 18:00:00,0.053512
ZK,2025-10-11 18:00:00,0.041778
ZK,2025-10-12 18:00:00,0.041475
ZK,2025-10-13 18:00:00,0.042068
ZK,2025-10-14 18:00:00,0.040303
ZK,2025-10-15 18:00:00,0.038025
ZK,2025-10-16 18:00:00,0.03679
ZK,2025-10-17 18:00:00,0.036104
ZK,2025-10-18 18:00:00,0.036165
ZK,2025-10-19 18:00:00,0.038114
ZK,2025-10-20 18:00:00,0.037263
ZK,2025-10-21 18:00:00,0.037341
ZK,2025-10-22 18:00:00,0.033357
ZK,2025-10-23 18:00:00,0.033639
ZK,2025-10-24 18:00:00,0.033177
ZK,2025-10-25 18:00:00,0.032811
ZK,2025-10-26 18:00:00,0.033215
ZK,2025-10-27 18:00:00,0.03431
ZK,2025-10-28 18:00:00,0.032167
ZK,2025-10-29 18:00:00,0.032307
ZK,2025-10-30 18:00:00,0.028371
ZK,2025-10-31 18:00:00,0.02851
ZK,2025-11-01 18:00:00,0.042993
ZK,2025-11-02 18:00:00,0.060067
ZK,2025-11-03 18:00:00,0.051744
ZK,2025-11-04 18:00:00,0.052499
ZK,2025-11-05 18:00:00,0.082699
ZK,2025-11-06 18:00:00,0.07356
ZK,2025-11-07 18:00:00,0.066938
ZK,2025-11-08 18:00:00,0.058779
ZK,2025-11-09 18:00:00,0.059276
ZK,2025-11-10 18:00:00,0.058837
ZK,2025-11-11 18:00:00,0.052116
ZK,2025-11-12 18:00:00,0.048615
ZK,2025-11-13 18:00:00,0.046511
ZORA,2025-06-05 18:00:00,0.010959
ZORA,2025-06-06 18:00:00,0.009932
ZORA,2025-06-07 18:00:00,0.010503
ZORA,2025-06-08 18:00:00,0.01052
ZORA,2025-06-09 18:00:00,0.011042
ZORA,2025-06-10 18:00:00,0.010882
ZORA,2025-06-11 18:00:00,0.010288
ZORA,2025-06-12 18:00:00,0.009137
ZORA,2025-06-13 18:00:00,0.008404
ZORA,2025-06-14 18:00:00,0.008732
ZORA,2025-06-15 18:00:00,0.008754
ZORA,2025-06-16 18:00:00,0.009083
ZORA,2025-06-17 18:00:00,0.00801
ZORA,2025-06-18 18:00:00,0.007834
ZORA,2025-06-19 18:00:00,0.007978
ZORA,2025-06-20 18:00:00,0.008399
ZORA,2025-06-21 18:00:00,0.008159
ZORA,2025-06-22 18:00:00,0.008019
ZORA,2025-06-23 18:00:00,0.008257
ZORA,2025-06-24 18:00:00,0.008748
ZORA,2025-06-25 18:00:00,0.008245
ZORA,2025-06-26 18:00:00,0.008151
ZORA,2025-06-27 18:00:00,0.008338
ZORA,2025-06-28 18:00:00,0.00871
ZORA,2025-06-29 18:00:00,0.008647
ZORA,2025-06-30 18:00:00,0.008368
ZORA,2025-07-01 18:00:00,0.008141
ZORA,2025-07-02 18:00:00,0.008607
ZORA,2025-07-03 18:00:00,0.008519
ZORA,2025-07-04 18:00:00,0.007999
ZORA,2025-07-05 18:00:00,0.008004
ZORA,2025-07-06 18:00:00,0.008208
ZORA,2025-07-07 18:00:00,0.007982
ZORA,2025-07-08 18:00:00,0.008201
ZORA,2025-07-09 18:00:00,0.007994
ZORA,2025-07-10 18:00:00,0.008518
ZORA,2025-07-11 18:00:00,0.009367
ZORA,2025-07-12 18:00:00,0.008363
ZORA,2025-07-13 18:00:00,0.00925
ZORA,2025-07-14 18:00:00,0.011608
ZORA,2025-07-15 18:00:00,0.011295
ZORA,2025-07-16 18:00:00,0.012896
ZORA,2025-07-17 18:00:00,0.012193
ZORA,2025-07-18 18:00:00,0.01123
ZORA,2025-07-19 18:00:00,0.011385
ZORA,2025-07-20 18:00:00,0.02099
ZORA,2025-07-21 18:00:00,0.027986
ZORA,2025-07-22 18:00:00,0.026003
ZORA,2025-07-23 18:00:00,0.052187
ZORA,2025-07-24 18:00:00,0.050916
ZORA,2025-07-25 18:00:00,0.044971
ZORA,2025-07-26 18:00:00,0.062627
ZORA,2025-07-27 18:00:00,0.093932
ZORA,2025-07-28 18:00:00,0.078426
ZORA,2025-07-29 18:00:00,0.086832
ZORA,2025-07-30 18:00:00,0.0815
ZORA,2025-07-31 18:00:00,0.062708
ZORA,2025-08-01 18:00:00,0.065593
ZORA,2025-08-02 18:00:00,0.054969
ZORA,2025-08-03 18:00:00,0.054037
ZORA,2025-08-04 18:00:00,0.061885
ZORA,2025-08-05 18:00:00,0.064879
ZORA,2025-08-06 18:00:00,0.059214
ZORA,2025-08-07 18:00:00,0.077278
ZORA,2025-08-08 18:00:00,0.079772
ZORA,2025-08-09 18:00:00,0.09124
ZORA,2025-08-10 18:00:00,0.09755
ZORA,2025-08-11 18:00:00,0.13488
ZORA,2025-08-12 18:00:00,0.11542
ZORA,2025-08-13 18:00:00,0.11695
ZORA,2025-08-14 18:00:00,0.10599
ZORA,2025-08-15 18:00:00,0.097627
ZORA,2025-08-16 18:00:00,0.096574
ZORA,2025-08-17 18:00:00,0.11241
ZORA,2025-08-18 18:00:00,0.10539
ZORA,2025-08-19 18:00:00,0.097243
ZORA,2025-08-20 18:00:00,0.092809
ZORA,2025-08-21 18:00:00,0.088063
ZORA,2025-08-22 18:00:00,0.097765
ZORA,2025-08-23 18:00:00,0.10408
ZORA,2025-08-24 18:00:00,0.12172
ZORA,2025-08-25 18:00:00,0.1092
ZORA,2025-08-26 18:00:00,0.097315
ZORA,2025-08-27 18:00:00,0.09156
ZORA,2025-08-28 18:00:00,0.08333
ZORA,2025-08-29 18:00:00,0.072819
ZORA,2025-08-30 18:00:00,0.076361
ZORA,2025-08-31 18:00:00,0.07975
ZORA,2025-09-01 18:00:00,0.071019
ZORA,2025-09-02 18:00:00,0.075898
ZORA,2025-09-03 18:00:00,0.076613
ZORA,2025-09-04 18:00:00,0.066773
ZORA,2025-09-05 18:00:00,0.070242
ZORA,2025-09-06 18:00:00,0.071364
ZORA,2025-09-07 18:00:00,0.071371
ZORA,2025-09-08 18:00:00,0.075278
ZORA,2025-09-09 18:00:00,0.068337
ZORA,2025-09-10 18:00:00,0.064521
ZORA,2025-09-11 18:00:00,0.061169
ZORA,2025-09-12 18:00:00,0.062396
ZORA,2025-09-13 18:00:00,0.061912
ZORA,2025-09-14 18:00:00,0.069825
ZORA,2025-09-15 18:00:00,0.073768
ZORA,2025-09-16 18:00:00,0.077075
ZORA,2025-09-17 18:00:00,0.073285
ZORA,2025-09-18 18:00:00,0.072562
ZORA,2025-09-19 18:00:00,0.064224
ZORA,2025-09-20 18:00:00,0.063085
ZORA,2025-09-21 18:00:00,0.06378
ZORA,2025-09-22 18:00:00,0.059686
ZORA,2025-09-23 18:00:00,0.06021
ZORA,2025-09-24 18:00:00,0.062775
ZORA,2025-09-25 18:00:00,0.059307
ZORA,2025-09-26 18:00:00,0.058569
ZORA,2025-09-27 18:00:00,0.057092
ZORA,2025-09-28 18:00:00,0.059725
ZORA,2025-09-29 18:00:00,0.056793
ZORA,2025-09-30 18:00:00,0.043461
ZORA,2025-10-01 18:00:00,0.054276
ZORA,2025-10-02 18:00:00,0.05891
ZORA,2025-10-03 18:00:00,0.055362
ZORA,2025-10-04 18:00:00,0.053349
ZORA,2025-10-05 18:00:00,0.051059
ZORA,2025-10-06 18:00:00,0.051573
ZORA,2025-10-07 18:00:00,0.056674
ZORA,2025-10-08 18:00:00,0.05603
ZORA,2025-10-09 18:00:00,0.08183
ZORA,2025-10-10 18:00:00,0.11061
ZORA,2025-10-11 18:00:00,0.07277
ZORA,2025-10-12 18:00:00,0.090464
ZORA,2025-10-13 18:00:00,0.091593
ZORA,2025-10-14 18:00:00,0.088802
ZORA,2025-10-15 18:00:00,0.096481
ZORA,2025-10-16 18:00:00,0.087736
ZORA,2025-10-17 18:00:00,0.098594
ZORA,2025-10-18 18:00:00,0.096872
ZORA,2025-10-19 18:00:00,0.091034
ZORA,2025-10-20 18:00:00,0.090521
ZORA,2025-10-21 18:00:00,0.10483
ZORA,2025-10-22 18:00:00,0.092237
ZORA,2025-10-23 18:00:00,0.091464
ZORA,2025-10-24 18:00:00,0.093263
ZORA,2025-10-25 18:00:00,0.094072
ZORA,2025-10-26 18:00:00,0.092982
ZORA,2025-10-27 18:00:00,0.092363
ZORA,2025-10-28 18:00:00,0.088076
ZORA,2025-10-29 18:00:00,0.08577
ZORA,2025-10-30 18:00:00,0.07628
ZORA,2025-10-31 18:00:00,0.069016
ZORA,2025-11-01 18:00:00,0.072833
ZORA,2025-11-02 18:00:00,0.066665
ZORA,2025-11-03 18:00:00,0.060007
ZORA,2025-11-04 18:00:00,0.060723
ZORA,2025-11-05 18:00:00,0.067333
ZORA,2025-11-06 18:00:00,0.061152
ZORA,2025-11-07 18:00:00,0.063378
ZORA,2025-11-08 18:00:00,0.060118
ZORA,2025-11-09 18:00:00,0.06274
ZORA,2025-11-10 18:00:00,0.061175
ZORA,2025-11-11 18:00:00,0.060548
ZORA,2025-11-12 18:00:00,0.055034
ZORA,2025-11-13 18:00:00,0.05782
ZRO,2025-06-05 18:00:00,2.2011
ZRO,2025-06-06 18:00:00,2.1057
ZRO,2025-06-07 18:00:00,2.1332
ZRO,2025-06-08 18:00:00,2.1344
ZRO,2025-06-09 18:00:00,2.0758
ZRO,2025-06-10 18:00:00,2.275
ZRO,2025-06-11 18:00:00,2.3346
ZRO,2025-06-12 18:00:00,2.1517
ZRO,2025-06-13 18:00:00,1.9527
ZRO,2025-06-14 18:00:00,1.9108
ZRO,2025-06-15 18:00:00,1.9434
ZRO,2025-06-16 18:00:00,2.0006
ZRO,2025-06-17 18:00:00,1.8339
ZRO,2025-06-18 18:00:00,1.8061
ZRO,2025-06-19 18:00:00,1.8071
ZRO,2025-06-20 18:00:00,1.7172
ZRO,2025-06-21 18:00:00,1.6539
ZRO,2025-06-22 18:00:00,1.5254
ZRO,2025-06-23 18:00:00,1.65
ZRO,2025-06-24 18:00:00,1.8123
ZRO,2025-06-25 18:00:00,1.7756
ZRO,2025-06-26 18:00:00,1.6862
ZRO,2025-06-27 18:00:00,1.6599
ZRO,2025-06-28 18:00:00,1.7763
ZRO,2025-06-29 18:00:00,1.8991
ZRO,2025-06-30 18:00:00,1.944
ZRO,2025-07-01 18:00:00,1.8328
ZRO,2025-07-02 18:00:00,1.9376
ZRO,2025-07-03 18:00:00,1.8925
ZRO,2025-07-04 18:00:00,1.7747
ZRO,2025-07-05 18:00:00,1.7389
ZRO,2025-07-06 18:00:00,1.8196
ZRO,2025-07-07 18:00:00,1.7892
ZRO,2025-07-08 18:00:00,1.8183
ZRO,2025-07-09 18:00:00,1.8493
ZRO,2025-07-10 18:00:00,1.9531
ZRO,2025-07-11 18:00:00,2.2049
ZRO,2025-07-12 18:00:00,2.0851
ZRO,2025-07-13 18:00:00,2.195
ZRO,2025-07-14 18:00:00,2.139
ZRO,2025-07-15 18:00:00,2.1782
ZRO,2025-07-16 18:00:00,2.264
ZRO,2025-07-17 18:00:00,2.2493
ZRO,2025-07-18 18:00:00,2.2709
ZRO,2025-07-19 18:00:00,2.2122
ZRO,2025-07-20 18:00:00,2.326
ZRO,2025-07-21 18:00:00,2.3114
ZRO,2025-07-22 18:00:00,2.2264
ZRO,2025-07-23 18:00:00,2.0444
ZRO,2025-07-24 18:00:00,1.9484
ZRO,2025-07-25 18:00:00,1.8954
ZRO,2025-07-26 18:00:00,1.9823
ZRO,2025-07-27 18:00:00,2.0105
ZRO,2025-07-28 18:00:00,1.8917
ZRO,2025-07-29 18:00:00,1.8342
ZRO,2025-07-30 18:00:00,1.7885
ZRO,2025-07-31 18:00:00,1.7866
ZRO,2025-08-01 18:00:00,1.7101
ZRO,2025-08-02 18:00:00,1.6557
ZRO,2025-08-03 18:00:00,1.7363
ZRO,2025-08-04 18:00:00,1.7916
ZRO,2025-08-05 18:00:00,1.7339
ZRO,2025-08-06 18:00:00,1.7989
ZRO,2025-08-07 18:00:00,1.7843
ZRO,2025-08-08 18:00:00,1.8654
ZRO,2025-08-09 18:00:00,1.9485
ZRO,2025-08-10 18:00:00,2.2853
ZRO,2025-08-11 18:00:00,2.3442
ZRO,2025-08-12 18:00:00,2.2962
ZRO,2025-08-13 18:00:00,2.3192
ZRO,2025-08-14 18:00:00,2.1041
ZRO,2025-08-15 18:00:00,2.0664
ZRO,2025-08-16 18:00:00,2.1017
ZRO,2025-08-17 18:00:00,2.1316
ZRO,2025-08-18 18:00:00,2.0655
ZRO,2025-08-19 18:00:00,1.9303
ZRO,2025-08-20 18:00:00,2.0017
ZRO,2025-08-21 18:00:00,1.943
ZRO,2025-08-22 18:00:00,2.0449
ZRO,2025-08-23 18:00:00,2.0743
ZRO,2025-08-24 18:00:00,2.1271
ZRO,2025-08-25 18:00:00,1.9564
ZRO,2025-08-26 18:00:00,1.945
ZRO,2025-08-27 18:00:00,1.9689
ZRO,2025-08-28 18:00:00,1.9785
ZRO,2025-08-29 18:00:00,1.9061
ZRO,2025-08-30 18:00:00,1.9317
ZRO,2025-08-31 18:00:00,1.931
ZRO,2025-09-01 18:00:00,1.835
ZRO,2025-09-02 18:00:00,1.8518
ZRO,2025-09-03 18:00:00,1.896
ZRO,2025-09-04 18:00:00,1.802
ZRO,2025-09-05 18:00:00,1.8318
ZRO,2025-09-06 18:00:00,1.8355
ZRO,2025-09-07 18:00:00,1.8575
ZRO,2025-09-08 18:00:00,1.9844
ZRO,2025-09-09 18:00:00,1.9703
ZRO,2025-09-10 18:00:00,2.017
ZRO,2025-09-11 18:00:00,2.0125
ZRO,2025-09-12 18:00:00,2.0109
ZRO,2025-09-13 18:00:00,2.0514
ZRO,2025-09-14 18:00:00,1.9957
ZRO,2025-09-15 18:00:00,1.8806
ZRO,2025-09-16 18:00:00,1.9218
ZRO,2025-09-17 18:00:00,1.9094
ZRO,2025-09-18 18:00:00,2.0772
ZRO,2025-09-19 18:00:00,1.9818
ZRO,2025-09-20 18:00:00,2.0012
ZRO,2025-09-21 18:00:00,2.0123
ZRO,2025-09-22 18:00:00,1.8813
ZRO,2025-09-23 18:00:00,1.9863
ZRO,2025-09-24 18:00:00,2.2063
ZRO,2025-09-25 18:00:00,2.1042
ZRO,2025-09-26 18:00:00,2.2663
ZRO,2025-09-27 18:00:00,2.3261
ZRO,2025-09-28 18:00:00,2.2974
ZRO,2025-09-29 18:00:00,2.2987
ZRO,2025-09-30 18:00:00,2.003
ZRO,2025-10-01 18:00:00,2.1949
ZRO,2025-10-02 18:00:00,2.3135
ZRO,2025-10-03 18:00:00,2.4104
ZRO,2025-10-04 18:00:00,2.2923
ZRO,2025-10-05 18:00:00,2.2702
ZRO,2025-10-06 18:00:00,2.4463
ZRO,2025-10-07 18:00:00,2.4166
ZRO,2025-10-08 18:00:00,2.4312
ZRO,2025-10-09 18:00:00,2.2739
ZRO,2025-10-10 18:00:00,2.1499
ZRO,2025-10-11 18:00:00,1.7984
ZRO,2025-10-12 18:00:00,1.9591
ZRO,2025-10-13 18:00:00,2.026
ZRO,2025-10-14 18:00:00,1.9509
ZRO,2025-10-15 18:00:00,1.8641
ZRO,2025-10-16 18:00:00,1.759
ZRO,2025-10-17 18:00:00,1.7089
ZRO,2025-10-18 18:00:00,1.705
ZRO,2025-10-19 18:00:00,1.7463
ZRO,2025-10-20 18:00:00,1.7238
ZRO,2025-10-21 18:00:00,1.7782
ZRO,2025-10-22 18:00:00,1.6646
ZRO,2025-10-23 18:00:00,1.7294
ZRO,2025-10-24 18:00:00,1.6858
ZRO,2025-10-25 18:00:00,1.7222
ZRO,2025-10-26 18:00:00,1.7522
ZRO,2025-10-27 18:00:00,1.7423
ZRO,2025-10-28 18:00:00,1.7071
ZRO,2025-10-29 18:00:00,1.6818
ZRO,2025-10-30 18:00:00,1.4996
ZRO,2025-10-31 18:00:00,1.526
ZRO,2025-11-01 18:00:00,1.6219
ZRO,2025-11-02 18:00:00,1.6038
ZRO,2025-11-03 18:00:00,1.4685
ZRO,2025-11-04 18:00:00,1.3678
ZRO,2025-11-05 18:00:00,1.4897
ZRO,2025-11-06 18:00:00,1.5677
ZRO,2025-11-07 18:00:00,1.7104
ZRO,2025-11-08 18:00:00,1.6357
ZRO,2025-11-09 18:00:00,1.6865
ZRO,2025-11-10 18:00:00,1.6181
ZRO,2025-11-11 18:00:00,1.5688
ZRO,2025-11-12 18:00:00,1.5815
ZRO,2025-11-13 18:00:00,1.5562
kBONK,2025-06-05 18:00:00,0.01502
kBONK,2025-06-06 18:00:00,0.014922
kBONK,2025-06-07 18:00:00,0.015413
kBONK,2025-06-08 18:00:00,0.01608
kBONK,2025-06-09 18:00:00,0.01666
kBONK,2025-06-10 18:00:00,0.017602
kBONK,2025-06-11 18:00:00,0.017392
kBONK,2025-06-12 18:00:00,0.015933
kBONK,2025-06-13 18:00:00,0.014539
kBONK,2025-06-14 18:00:00,0.014588
kBONK,2025-06-15 18:00:00,0.015082
kBONK,2025-06-16 18:00:00,0.015743
kBONK,2025-06-17 18:00:00,0.014225
kBONK,2025-06-18 18:00:00,0.013771
kBONK,2025-06-19 18:00:00,0.014124
kBONK,2025-06-20 18:00:00,0.013562
kBONK,2025-06-21 18:00:00,0.01286
kBONK,2025-06-22 18:00:00,0.011847
kBONK,2025-06-23 18:00:00,0.012866
kBONK,2025-06-24 18:00:00,0.013959
kBONK,2025-06-25 18:00:00,0.01373
kBONK,2025-06-26 18:00:00,0.013001
kBONK,2025-06-27 18:00:00,0.013066
kBONK,2025-06-28 18:00:00,0.014502
kBONK,2025-06-29 18:00:00,0.014627
kBONK,2025-06-30 18:00:00,0.014516
kBONK,2025-07-01 18:00:00,0.013589
kBONK,2025-07-02 18:00:00,0.015057
kBONK,2025-07-03 18:00:00,0.016551
kBONK,2025-07-04 18:00:00,0.016524
kBONK,2025-07-05 18:00:00,0.017936
kBONK,2025-07-06 18:00:00,0.022214
kBONK,2025-07-07 18:00:00,0.022533
kBONK,2025-07-08 18:00:00,0.022294
kBONK,2025-07-09 18:00:00,0.020497
kBONK,2025-07-10 18:00:00,0.022784
kBONK,2025-07-11 18:00:00,0.023174
kBONK,2025-07-12 18:00:00,0.025657
kBONK,2025-07-13 18:00:00,0.027338
kBONK,2025-07-14 18:00:00,0.027588
kBONK,2025-07-15 18:00:00,0.028642
kBONK,2025-07-16 18:00:00,0.03753
kBONK,2025-07-17 18:00:00,0.036143
kBONK,2025-07-18 18:00:00,0.033489
kBONK,2025-07-19 18:00:00,0.032698
kBONK,2025-07-20 18:00:00,0.033786
kBONK,2025-07-21 18:00:00,0.034095
kBONK,2025-07-22 18:00:00,0.036533
kBONK,2025-07-23 18:00:00,0.032732
kBONK,2025-07-24 18:00:00,0.034169
kBONK,2025-07-25 18:00:00,0.033196
kBONK,2025-07-26 18:00:00,0.034308
kBONK,2025-07-27 18:00:00,0.034575
kBONK,2025-07-28 18:00:00,0.034202
kBONK,2025-07-29 18:00:00,0.030152
kBONK,2025-07-30 18:00:00,0.02737
kBONK,2025-07-31 18:00:00,0.027589
kBONK,2025-08-01 18:00:00,0.02658
kBONK,2025-08-02 18:00:00,0.024293
kBONK,2025-08-03 18:00:00,0.026083
kBONK,2025-08-04 18:00:00,0.02643
kBONK,2025-08-05 18:00:00,0.024605
kBONK,2025-08-06 18:00:00,0.024575
kBONK,2025-08-07 18:00:00,0.025076
kBONK,2025-08-08 18:00:00,0.026615
kBONK,2025-08-09 18:00:00,0.027308
kBONK,2025-08-10 18:00:00,0.027501
kBONK,2025-08-11 18:00:00,0.025983
kBONK,2025-08-12 18:00:00,0.02552
kBONK,2025-08-13 18:00:00,0.026709
kBONK,2025-08-14 18:00:00,0.024011
kBONK,2025-08-15 18:00:00,0.022974
kBONK,2025-08-16 18:00:00,0.024179
kBONK,2025-08-17 18:00:00,0.023933
kBONK,2025-08-18 18:00:00,0.02284
kBONK,2025-08-19 18:00:00,0.021467
kBONK,2025-08-20 18:00:00,0.021893
kBONK,2025-08-21 18:00:00,0.021504
kBONK,2025-08-22 18:00:00,0.023387
kBONK,2025-08-23 18:00:00,0.023116
kBONK,2025-08-24 18:00:00,0.023215
kBONK,2025-08-25 18:00:00,0.020768
kBONK,2025-08-26 18:00:00,0.021037
kBONK,2025-08-27 18:00:00,0.021267
kBONK,2025-08-28 18:00:00,0.021334
kBONK,2025-08-29 18:00:00,0.020867
kBONK,2025-08-30 18:00:00,0.022327
kBONK,2025-08-31 18:00:00,0.023037
kBONK,2025-09-01 18:00:00,0.020672
kBONK,2025-09-02 18:00:00,0.020286
kBONK,2025-09-03 18:00:00,0.020567
kBONK,2025-09-04 18:00:00,0.019176
kBONK,2025-09-05 18:00:00,0.020028
kBONK,2025-09-06 18:00:00,0.01991
kBONK,2025-09-07 18:00:00,0.020289
kBONK,2025-09-08 18:00:00,0.023153
kBONK,2025-09-09 18:00:00,0.022866
kBONK,2025-09-10 18:00:00,0.023244
kBONK,2025-09-11 18:00:00,0.023941
kBONK,2025-09-12 18:00:00,0.025517
kBONK,2025-09-13 18:00:00,0.025934
kBONK,2025-09-14 18:00:00,0.024764
kBONK,2025-09-15 18:00:00,0.023129
kBONK,2025-09-16 18:00:00,0.024093
kBONK,2025-09-17 18:00:00,0.023784
kBONK,2025-09-18 18:00:00,0.025868
kBONK,2025-09-19 18:00:00,0.023889
kBONK,2025-09-20 18:00:00,0.022982
kBONK,2025-09-21 18:00:00,0.022799
kBONK,2025-09-22 18:00:00,0.020268
kBONK,2025-09-23 18:00:00,0.020443
kBONK,2025-09-24 18:00:00,0.020442
kBONK,2025-09-25 18:00:00,0.019313
kBONK,2025-09-26 18:00:00,0.019621
kBONK,2025-09-27 18:00:00,0.019101
kBONK,2025-09-28 18:00:00,0.019191
kBONK,2025-09-29 18:00:00,0.01907
kBONK,2025-09-30 18:00:00,0.01875
kBONK,2025-10-01 18:00:00,0.02053
kBONK,2025-10-02 18:00:00,0.020807
kBONK,2025-10-03 18:00:00,0.020556
kBONK,2025-10-04 18:00:00,0.019878
kBONK,2025-10-05 18:00:00,0.019914
kBONK,2025-10-06 18:00:00,0.0221
kBONK,2025-10-07 18:00:00,0.019801
kBONK,2025-10-08 18:00:00,0.020255
kBONK,2025-10-09 18:00:00,0.0188
kBONK,2025-10-10 18:00:00,0.017555
kBONK,2025-10-11 18:00:00,0.014036
kBONK,2025-10-12 18:00:00,0.015295
kBONK,2025-10-13 18:00:00,0.016651
kBONK,2025-10-14 18:00:00,0.016267
kBONK,2025-10-15 18:00:00,0.015465
kBONK,2025-10-16 18:00:00,0.014665
kBONK,2025-10-17 18:00:00,0.013853
kBONK,2025-10-18 18:00:00,0.014216
kBONK,2025-10-19 18:00:00,0.014893
kBONK,2025-10-20 18:00:00,0.014957
kBONK,2025-10-21 18:00:00,0.015232
kBONK,2025-10-22 18:00:00,0.014046
kBONK,2025-10-23 18:00:00,0.014567
kBONK,2025-10-24 18:00:00,0.01456
kBONK,2025-10-25 18:00:00,0.014959
kBONK,2025-10-26 18:00:00,0.015208
kBONK,2025-10-27 18:00:00,0.015293
kBONK,2025-10-28 18:00:00,0.014851
kBONK,2025-10-29 18:00:00,0.014742
kBONK,2025-10-30 18:00:00,0.012943
kBONK,2025-10-31 18:00:00,0.013915
kBONK,2025-11-01 18:00:00,0.014252
kBONK,2025-11-02 18:00:00,0.013766
kBONK,2025-11-03 18:00:00,0.012172
kBONK,2025-11-04 18:00:00,0.011673
kBONK,2025-11-05 18:00:00,0.01223
kBONK,2025-11-06 18:00:00,0.011954
kBONK,2025-11-07 18:00:00,0.013751
kBONK,2025-11-08 18:00:00,0.012877
kBONK,2025-11-09 18:00:00,0.013074
kBONK,2025-11-10 18:00:00,0.013193
kBONK,2025-11-11 18:00:00,0.012751
kBONK,2025-11-12 18:00:00,0.012091
kBONK,2025-11-13 18:00:00,0.011537
kFLOKI,2025-06-05 18:00:00,0.079762
kFLOKI,2025-06-06 18:00:00,0.082105
kFLOKI,2025-06-07 18:00:00,0.083319
kFLOKI,2025-06-08 18:00:00,0.084423
kFLOKI,2025-06-09 18:00:00,0.085884
kFLOKI,2025-06-10 18:00:00,0.093388
kFLOKI,2025-06-11 18:00:00,0.09365
kFLOKI,2025-06-12 18:00:00,0.086467
kFLOKI,2025-06-13 18:00:00,0.077222
kFLOKI,2025-06-14 18:00:00,0.077115
kFLOKI,2025-06-15 18:00:00,0.078015
kFLOKI,2025-06-16 18:00:00,0.081345
kFLOKI,2025-06-17 18:00:00,0.073713
kFLOKI,2025-06-18 18:00:00,0.07248
kFLOKI,2025-06-19 18:00:00,0.073897
kFLOKI,2025-06-20 18:00:00,0.071368
kFLOKI,2025-06-21 18:00:00,0.067396
kFLOKI,2025-06-22 18:00:00,0.06138
kFLOKI,2025-06-23 18:00:00,0.067163
kFLOKI,2025-06-24 18:00:00,0.072931
kFLOKI,2025-06-25 18:00:00,0.071639
kFLOKI,2025-06-26 18:00:00,0.068944
kFLOKI,2025-06-27 18:00:00,0.06911
kFLOKI,2025-06-28 18:00:00,0.072995
kFLOKI,2025-06-29 18:00:00,0.074549
kFLOKI,2025-06-30 18:00:00,0.074814
kFLOKI,2025-07-01 18:00:00,0.070063
kFLOKI,2025-07-02 18:00:00,0.078664
kFLOKI,2025-07-03 18:00:00,0.077333
kFLOKI,2025-07-04 18:00:00,0.073409
kFLOKI,2025-07-05 18:00:00,0.0732
kFLOKI,2025-07-06 18:00:00,0.084034
kFLOKI,2025-07-07 18:00:00,0.081635
kFLOKI,2025-07-08 18:00:00,0.090926
kFLOKI,2025-07-09 18:00:00,0.089779
kFLOKI,2025-07-10 18:00:00,0.095282
kFLOKI,2025-07-11 18:00:00,0.10071
kFLOKI,2025-07-12 18:00:00,0.095998
kFLOKI,2025-07-13 18:00:00,0.099854
kFLOKI,2025-07-14 18:00:00,0.096485
kFLOKI,2025-07-15 18:00:00,0.096524
kFLOKI,2025-07-16 18:00:00,0.11769
kFLOKI,2025-07-17 18:00:00,0.12944
kFLOKI,2025-07-18 18:00:00,0.14298
kFLOKI,2025-07-19 18:00:00,0.13519
kFLOKI,2025-07-20 18:00:00,0.14143
kFLOKI,2025-07-21 18:00:00,0.13831
kFLOKI,2025-07-22 18:00:00,0.14656
kFLOKI,2025-07-23 18:00:00,0.1337
kFLOKI,2025-07-24 18:00:00,0.12967
kFLOKI,2025-07-25 18:00:00,0.12359
kFLOKI,2025-07-26 18:00:00,0.1302
kFLOKI,2025-07-27 18:00:00,0.13112
kFLOKI,2025-07-28 18:00:00,0.12206
kFLOKI,2025-07-29 18:00:00,0.11693
kFLOKI,2025-07-30 18:00:00,0.1109
kFLOKI,2025-07-31 18:00:00,0.11551
kFLOKI,2025-08-01 18:00:00,0.10762
kFLOKI,2025-08-02 18:00:00,0.099003
kFLOKI,2025-08-03 18:00:00,0.10733
kFLOKI,2025-08-04 18:00:00,0.11058
kFLOKI,2025-08-05 18:00:00,0.10307
kFLOKI,2025-08-06 18:00:00,0.1071
kFLOKI,2025-08-07 18:00:00,0.11299
kFLOKI,2025-08-08 18:00:00,0.11917
kFLOKI,2025-08-09 18:00:00,0.12095
kFLOKI,2025-08-10 18:00:00,0.11865
kFLOKI,2025-08-11 18:00:00,0.11253
kFLOKI,2025-08-12 18:00:00,0.11383
kFLOKI,2025-08-13 18:00:00,0.11733
kFLOKI,2025-08-14 18:00:00,0.1061
kFLOKI,2025-08-15 18:00:00,0.10179
kFLOKI,2025-08-16 18:00:00,0.10613
kFLOKI,2025-08-17 18:00:00,0.10664
kFLOKI,2025-08-18 18:00:00,0.10354
kFLOKI,2025-08-19 18:00:00,0.097827
kFLOKI,2025-08-20 18:00:00,0.1022
kFLOKI,2025-08-21 18:00:00,0.099938
kFLOKI,2025-08-22 18:00:00,0.10862
kFLOKI,2025-08-23 18:00:00,0.10666
kFLOKI,2025-08-24 18:00:00,0.1077
kFLOKI,2025-08-25 18:00:00,0.096953
kFLOKI,2025-08-26 18:00:00,0.096919
kFLOKI,2025-08-27 18:00:00,0.096734
kFLOKI,2025-08-28 18:00:00,0.097698
kFLOKI,2025-08-29 18:00:00,0.090883
kFLOKI,2025-08-30 18:00:00,0.093719
kFLOKI,2025-08-31 18:00:00,0.094642
kFLOKI,2025-09-01 18:00:00,0.089725
kFLOKI,2025-09-02 18:00:00,0.090749
kFLOKI,2025-09-03 18:00:00,0.092837
kFLOKI,2025-09-04 18:00:00,0.087867
kFLOKI,2025-09-05 18:00:00,0.090517
kFLOKI,2025-09-06 18:00:00,0.089796
kFLOKI,2025-09-07 18:00:00,0.090363
kFLOKI,2025-09-08 18:00:00,0.098134
kFLOKI,2025-09-09 18:00:00,0.095231
kFLOKI,2025-09-10 18:00:00,0.097351
kFLOKI,2025-09-11 18:00:00,0.09761
kFLOKI,2025-09-12 18:00:00,0.10511
kFLOKI,2025-09-13 18:00:00,0.10639
kFLOKI,2025-09-14 18:00:00,0.10146
kFLOKI,2025-09-15 18:00:00,0.094731
kFLOKI,2025-09-16 18:00:00,0.096765
kFLOKI,2025-09-17 18:00:00,0.096296
kFLOKI,2025-09-18 18:00:00,0.10271
kFLOKI,2025-09-19 18:00:00,0.095952
kFLOKI,2025-09-20 18:00:00,0.096633
kFLOKI,2025-09-21 18:00:00,0.096071
kFLOKI,2025-09-22 18:00:00,0.084733
kFLOKI,2025-09-23 18:00:00,0.084831
kFLOKI,2025-09-24 18:00:00,0.086126
kFLOKI,2025-09-25 18:00:00,0.081142
kFLOKI,2025-09-26 18:00:00,0.08357
kFLOKI,2025-09-27 18:00:00,0.081488
kFLOKI,2025-09-28 18:00:00,0.081534
kFLOKI,2025-09-29 18:00:00,0.081658
kFLOKI,2025-09-30 18:00:00,0.078851
kFLOKI,2025-10-01 18:00:00,0.085336
kFLOKI,2025-10-02 18:00:00,0.087702
kFLOKI,2025-10-03 18:00:00,0.089478
kFLOKI,2025-10-04 18:00:00,0.10246
kFLOKI,2025-10-05 18:00:00,0.10166
kFLOKI,2025-10-06 18:00:00,0.1032
kFLOKI,2025-10-07 18:00:00,0.099301
kFLOKI,2025-10-08 18:00:00,0.10068
kFLOKI,2025-10-09 18:00:00,0.092095
kFLOKI,2025-10-10 18:00:00,0.087152
kFLOKI,2025-10-11 18:00:00,0.069051
kFLOKI,2025-10-12 18:00:00,0.073687
kFLOKI,2025-10-13 18:00:00,0.076172
kFLOKI,2025-10-14 18:00:00,0.075102
kFLOKI,2025-10-15 18:00:00,0.071658
kFLOKI,2025-10-16 18:00:00,0.068819
kFLOKI,2025-10-17 18:00:00,0.065315
kFLOKI,2025-10-18 18:00:00,0.064882
kFLOKI,2025-10-19 18:00:00,0.068033
kFLOKI,2025-10-20 18:00:00,0.083307
kFLOKI,2025-10-21 18:00:00,0.07792
kFLOKI,2025-10-22 18:00:00,0.07111
kFLOKI,2025-10-23 18:00:00,0.074043
kFLOKI,2025-10-24 18:00:00,0.073221
kFLOKI,2025-10-25 18:00:00,0.074031
kFLOKI,2025-10-26 18:00:00,0.074141
kFLOKI,2025-10-27 18:00:00,0.075141
kFLOKI,2025-10-28 18:00:00,0.072621
kFLOKI,2025-10-29 18:00:00,0.073176
kFLOKI,2025-10-30 18:00:00,0.064729
kFLOKI,2025-10-31 18:00:00,0.068809
kFLOKI,2025-11-01 18:00:00,0.070486
kFLOKI,2025-11-02 18:00:00,0.068321
kFLOKI,2025-11-03 18:00:00,0.060915
kFLOKI,2025-11-04 18:00:00,0.057783
kFLOKI,2025-11-05 18:00:00,0.060751
kFLOKI,2025-11-06 18:00:00,0.058332
kFLOKI,2025-11-07 18:00:00,0.065538
kFLOKI,2025-11-08 18:00:00,0.062597
kFLOKI,2025-11-09 18:00:00,0.063261
kFLOKI,2025-11-10 18:00:00,0.063278
kFLOKI,2025-11-11 18:00:00,0.061045
kFLOKI,2025-11-12 18:00:00,0.058938
kFLOKI,2025-11-13 18:00:00,0.056221
kLUNC,2025-06-05 18:00:00,0.058088
kLUNC,2025-06-06 18:00:00,0.057944
kLUNC,2025-06-07 18:00:00,0.059225
kLUNC,2025-06-08 18:00:00,0.05937
kLUNC,2025-06-09 18:00:00,0.060065
kLUNC,2025-06-10 18:00:00,0.062047
kLUNC,2025-06-11 18:00:00,0.061779
kLUNC,2025-06-12 18:00:00,0.058855
kLUNC,2025-06-13 18:00:00,0.056439
kLUNC,2025-06-14 18:00:00,0.059083
kLUNC,2025-06-15 18:00:00,0.060188
kLUNC,2025-06-16 18:00:00,0.06153
kLUNC,2025-06-17 18:00:00,0.058152
kLUNC,2025-06-18 18:00:00,0.056781
kLUNC,2025-06-19 18:00:00,0.057053
kLUNC,2025-06-20 18:00:00,0.056312
kLUNC,2025-06-21 18:00:00,0.05598
kLUNC,2025-06-22 18:00:00,0.051186
kLUNC,2025-06-23 18:00:00,0.053857
kLUNC,2025-06-24 18:00:00,0.055429
kLUNC,2025-06-25 18:00:00,0.055395
kLUNC,2025-06-26 18:00:00,0.054664
kLUNC,2025-06-27 18:00:00,0.054524
kLUNC,2025-06-28 18:00:00,0.055735
kLUNC,2025-06-29 18:00:00,0.056015
kLUNC,2025-06-30 18:00:00,0.056035
kLUNC,2025-07-01 18:00:00,0.054434
kLUNC,2025-07-02 18:00:00,0.0578
kLUNC,2025-07-03 18:00:00,0.057691
kLUNC,2025-07-04 18:00:00,0.055347
kLUNC,2025-07-05 18:00:00,0.055276
kLUNC,2025-07-06 18:00:00,0.056642
kLUNC,2025-07-07 18:00:00,0.056034
kLUNC,2025-07-08 18:00:00,0.057084
kLUNC,2025-07-09 18:00:00,0.058522
kLUNC,2025-07-10 18:00:00,0.061499
kLUNC,2025-07-11 18:00:00,0.064698
kLUNC,2025-07-12 18:00:00,0.06213
kLUNC,2025-07-13 18:00:00,0.063748
kLUNC,2025-07-14 18:00:00,0.062005
kLUNC,2025-07-15 18:00:00,0.062866
kLUNC,2025-07-16 18:00:00,0.064089
kLUNC,2025-07-17 18:00:00,0.063757
kLUNC,2025-07-18 18:00:00,0.068664
kLUNC,2025-07-19 18:00:00,0.065886
kLUNC,2025-07-20 18:00:00,0.069771
kLUNC,2025-07-21 18:00:00,0.070618
kLUNC,2025-07-22 18:00:00,0.068464
kLUNC,2025-07-23 18:00:00,0.063868
kLUNC,2025-07-24 18:00:00,0.062879
kLUNC,2025-07-25 18:00:00,0.061833
kLUNC,2025-07-26 18:00:00,0.063596
kLUNC,2025-07-27 18:00:00,0.063866
kLUNC,2025-07-28 18:00:00,0.06123
kLUNC,2025-07-29 18:00:00,0.060209
kLUNC,2025-07-30 18:00:00,0.059271
kLUNC,2025-07-31 18:00:00,0.060456
kLUNC,2025-08-01 18:00:00,0.057781
kLUNC,2025-08-02 18:00:00,0.055817
kLUNC,2025-08-03 18:00:00,0.058081
kLUNC,2025-08-04 18:00:00,0.059995
kLUNC,2025-08-05 18:00:00,0.057517
kLUNC,2025-08-06 18:00:00,0.059001
kLUNC,2025-08-07 18:00:00,0.059903
kLUNC,2025-08-08 18:00:00,0.062113
kLUNC,2025-08-09 18:00:00,0.063697
kLUNC,2025-08-10 18:00:00,0.062738
kLUNC,2025-08-11 18:00:00,0.061399
kLUNC,2025-08-12 18:00:00,0.062435
kLUNC,2025-08-13 18:00:00,0.062147
kLUNC,2025-08-14 18:00:00,0.058035
kLUNC,2025-08-15 18:00:00,0.057925
kLUNC,2025-08-16 18:00:00,0.062211
kLUNC,2025-08-17 18:00:00,0.061274
kLUNC,2025-08-18 18:00:00,0.059386
kLUNC,2025-08-19 18:00:00,0.057854
kLUNC,2025-08-20 18:00:00,0.059413
kLUNC,2025-08-21 18:00:00,0.059567
kLUNC,2025-08-22 18:00:00,0.062508
kLUNC,2025-08-23 18:00:00,0.062296
kLUNC,2025-08-24 18:00:00,0.062129
kLUNC,2025-08-25 18:00:00,0.058439
kLUNC,2025-08-26 18:00:00,0.059057
kLUNC,2025-08-27 18:00:00,0.059608
kLUNC,2025-08-28 18:00:00,0.060279
kLUNC,2025-08-29 18:00:00,0.057446
kLUNC,2025-08-30 18:00:00,0.058426
kLUNC,2025-08-31 18:00:00,0.059494
kLUNC,2025-09-01 18:00:00,0.058132
kLUNC,2025-09-02 18:00:00,0.058633
kLUNC,2025-09-03 18:00:00,0.059351
kLUNC,2025-09-04 18:00:00,0.057886
kLUNC,2025-09-05 18:00:00,0.05914
kLUNC,2025-09-06 18:00:00,0.058949
kLUNC,2025-09-07 18:00:00,0.059182
kLUNC,2025-09-08 18:00:00,0.060162
kLUNC,2025-09-09 18:00:00,0.059736
kLUNC,2025-09-10 18:00:00,0.060737
kLUNC,2025-09-11 18:00:00,0.060289
kLUNC,2025-09-12 18:00:00,0.061082
kLUNC,2025-09-13 18:00:00,0.061414
kLUNC,2025-09-14 18:00:00,0.060258
kLUNC,2025-09-15 18:00:00,0.05832
kLUNC,2025-09-16 18:00:00,0.059988
kLUNC,2025-09-17 18:00:00,0.059492
kLUNC,2025-09-18 18:00:00,0.062168
kLUNC,2025-09-19 18:00:00,0.059536
kLUNC,2025-09-20 18:00:00,0.059551
kLUNC,2025-09-21 18:00:00,0.059483
kLUNC,2025-09-22 18:00:00,0.055075
kLUNC,2025-09-23 18:00:00,0.055123
kLUNC,2025-09-24 18:00:00,0.055555
kLUNC,2025-09-25 18:00:00,0.053378
kLUNC,2025-09-26 18:00:00,0.05414
kLUNC,2025-09-27 18:00:00,0.054045
kLUNC,2025-09-28 18:00:00,0.054121
kLUNC,2025-09-29 18:00:00,0.054129
kLUNC,2025-09-30 18:00:00,0.053195
kLUNC,2025-10-01 18:00:00,0.055974
kLUNC,2025-10-02 18:00:00,0.057361
kLUNC,2025-10-03 18:00:00,0.057245
kLUNC,2025-10-04 18:00:00,0.055403
kLUNC,2025-10-05 18:00:00,0.055757
kLUNC,2025-10-06 18:00:00,0.056845
kLUNC,2025-10-07 18:00:00,0.053621
kLUNC,2025-10-08 18:00:00,0.055088
kLUNC,2025-10-09 18:00:00,0.053327
kLUNC,2025-10-10 18:00:00,0.050816
kLUNC,2025-10-11 18:00:00,0.037464
kLUNC,2025-10-12 18:00:00,0.041775
kLUNC,2025-10-13 18:00:00,0.043139
kLUNC,2025-10-14 18:00:00,0.042019
kLUNC,2025-10-15 18:00:00,0.041553
kLUNC,2025-10-16 18:00:00,0.040825
kLUNC,2025-10-17 18:00:00,0.039663
kLUNC,2025-10-18 18:00:00,0.041348
kLUNC,2025-10-19 18:00:00,0.042176
kLUNC,2025-10-20 18:00:00,0.042819
kLUNC,2025-10-21 18:00:00,0.047438
kLUNC,2025-10-22 18:00:00,0.043835
kLUNC,2025-10-23 18:00:00,0.044378
kLUNC,2025-10-24 18:00:00,0.046105
kLUNC,2025-10-25 18:00:00,0.046288
kLUNC,2025-10-26 18:00:00,0.047097
kLUNC,2025-10-27 18:00:00,0.046138
kLUNC,2025-10-28 18:00:00,0.0456
kLUNC,2025-10-29 18:00:00,0.045114
kLUNC,2025-10-30 18:00:00,0.040958
kLUNC,2025-10-31 18:00:00,0.042516
kLUNC,2025-11-01 18:00:00,0.043743
kLUNC,2025-11-02 18:00:00,0.042458
kLUNC,2025-11-03 18:00:00,0.039034
kLUNC,2025-11-04 18:00:00,0.037639
kLUNC,2025-11-05 18:00:00,0.037333
kLUNC,2025-11-06 18:00:00,0.03516
kLUNC,2025-11-07 18:00:00,0.039051
kLUNC,2025-11-08 18:00:00,0.037439
kLUNC,2025-11-09 18:00:00,0.037641
kLUNC,2025-11-10 18:00:00,0.037189
kLUNC,2025-11-11 18:00:00,0.036173
kLUNC,2025-11-12 18:00:00,0.033877
kLUNC,2025-11-13 18:00:00,0.032632
kNEIRO,2025-06-05 18:00:00,0.42722
kNEIRO,2025-06-06 18:00:00,0.38779
kNEIRO,2025-06-07 18:00:00,0.41641
kNEIRO,2025-06-08 18:00:00,0.4219
kNEIRO,2025-06-09 18:00:00,0.43884
kNEIRO,2025-06-10 18:00:00,0.52509
kNEIRO,2025-06-11 18:00:00,0.50914
kNEIRO,2025-06-12 18:00:00,0.45182
kNEIRO,2025-06-13 18:00:00,0.40066
kNEIRO,2025-06-14 18:00:00,0.39554
kNEIRO,2025-06-15 18:00:00,0.3964
kNEIRO,2025-06-16 18:00:00,0.42434
kNEIRO,2025-06-17 18:00:00,0.3721
kNEIRO,2025-06-18 18:00:00,0.36823
kNEIRO,2025-06-19 18:00:00,0.3817
kNEIRO,2025-06-20 18:00:00,0.37721
kNEIRO,2025-06-21 18:00:00,0.33876
kNEIRO,2025-06-22 18:00:00,0.31752
kNEIRO,2025-06-23 18:00:00,0.35419
kNEIRO,2025-06-24 18:00:00,0.39903
kNEIRO,2025-06-25 18:00:00,0.3807
kNEIRO,2025-06-26 18:00:00,0.34392
kNEIRO,2025-06-27 18:00:00,0.3426
kNEIRO,2025-06-28 18:00:00,0.36492
kNEIRO,2025-06-29 18:00:00,0.36726
kNEIRO,2025-06-30 18:00:00,0.38727
kNEIRO,2025-07-01 18:00:00,0.35749
kNEIRO,2025-07-02 18:00:00,0.46292
kNEIRO,2025-07-03 18:00:00,0.4521
kNEIRO,2025-07-04 18:00:00,0.43585
kNEIRO,2025-07-05 18:00:00,0.40883
kNEIRO,2025-07-06 18:00:00,0.43062
kNEIRO,2025-07-07 18:00:00,0.41624
kNEIRO,2025-07-08 18:00:00,0.42516
kNEIRO,2025-07-09 18:00:00,0.43332
kNEIRO,2025-07-10 18:00:00,0.48412
kNEIRO,2025-07-11 18:00:00,0.52652
kNEIRO,2025-07-12 18:00:00,0.47823
kNEIRO,2025-07-13 18:00:00,0.5061
kNEIRO,2025-07-14 18:00:00,0.47542
kNEIRO,2025-07-15 18:00:00,0.49441
kNEIRO,2025-07-16 18:00:00,0.5373
kNEIRO,2025-07-17 18:00:00,0.52118
kNEIRO,2025-07-18 18:00:00,0.55453
kNEIRO,2025-07-19 18:00:00,0.53993
kNEIRO,2025-07-20 18:00:00,0.5969
kNEIRO,2025-07-21 18:00:00,0.53879
kNEIRO,2025-07-22 18:00:00,0.53703
kNEIRO,2025-07-23 18:00:00,0.48241
kNEIRO,2025-07-24 18:00:00,0.46031
kNEIRO,2025-07-25 18:00:00,0.4488
kNEIRO,2025-07-26 18:00:00,0.46276
kNEIRO,2025-07-27 18:00:00,0.47326
kNEIRO,2025-07-28 18:00:00,0.44148
kNEIRO,2025-07-29 18:00:00,0.42314
kNEIRO,2025-07-30 18:00:00,0.41959
kNEIRO,2025-07-31 18:00:00,0.41968
kNEIRO,2025-08-01 18:00:00,0.38713
kNEIRO,2025-08-02 18:00:00,0.36099
kNEIRO,2025-08-03 18:00:00,0.38996
kNEIRO,2025-08-04 18:00:00,0.39781
kNEIRO,2025-08-05 18:00:00,0.37164
kNEIRO,2025-08-06 18:00:00,0.38517
kNEIRO,2025-08-07 18:00:00,0.39904
kNEIRO,2025-08-08 18:00:00,0.41165
kNEIRO,2025-08-09 18:00:00,0.42956
kNEIRO,2025-08-10 18:00:00,0.43444
kNEIRO,2025-08-11 18:00:00,0.41229
kNEIRO,2025-08-12 18:00:00,0.42699
kNEIRO,2025-08-13 18:00:00,0.4393
kNEIRO,2025-08-14 18:00:00,0.38671
kNEIRO,2025-08-15 18:00:00,0.36732
kNEIRO,2025-08-16 18:00:00,0.38399
kNEIRO,2025-08-17 18:00:00,0.3941
kNEIRO,2025-08-18 18:00:00,0.37527
kNEIRO,2025-08-19 18:00:00,0.34934
kNEIRO,2025-08-20 18:00:00,0.36825
kNEIRO,2025-08-21 18:00:00,0.36499
kNEIRO,2025-08-22 18:00:00,0.39619
kNEIRO,2025-08-23 18:00:00,0.40205
kNEIRO,2025-08-24 18:00:00,0.40623
kNEIRO,2025-08-25 18:00:00,0.35242
kNEIRO,2025-08-26 18:00:00,0.35783
kNEIRO,2025-08-27 18:00:00,0.3594
kNEIRO,2025-08-28 18:00:00,0.36124
kNEIRO,2025-08-29 18:00:00,0.33725
kNEIRO,2025-08-30 18:00:00,0.35402
kNEIRO,2025-08-31 18:00:00,0.35435
kNEIRO,2025-09-01 18:00:00,0.33168
kNEIRO,2025-09-02 18:00:00,0.32796
kNEIRO,2025-09-03 18:00:00,0.34281
kNEIRO,2025-09-04 18:00:00,0.32252
kNEIRO,2025-09-05 18:00:00,0.34328
kNEIRO,2025-09-06 18:00:00,0.34019
kNEIRO,2025-09-07 18:00:00,0.34723
kNEIRO,2025-09-08 18:00:00,0.37367
kNEIRO,2025-09-09 18:00:00,0.36096
kNEIRO,2025-09-10 18:00:00,0.36567
kNEIRO,2025-09-11 18:00:00,0.3672
kNEIRO,2025-09-12 18:00:00,0.39815
kNEIRO,2025-09-13 18:00:00,0.39345
kNEIRO,2025-09-14 18:00:00,0.37661
kNEIRO,2025-09-15 18:00:00,0.34698
kNEIRO,2025-09-16 18:00:00,0.36101
kNEIRO,2025-09-17 18:00:00,0.35276
kNEIRO,2025-09-18 18:00:00,0.37848
kNEIRO,2025-09-19 18:00:00,0.34993
kNEIRO,2025-09-20 18:00:00,0.35021
kNEIRO,2025-09-21 18:00:00,0.34776
kNEIRO,2025-09-22 18:00:00,0.28851
kNEIRO,2025-09-23 18:00:00,0.2814
kNEIRO,2025-09-24 18:00:00,0.28953
kNEIRO,2025-09-25 18:00:00,0.26979
kNEIRO,2025-09-26 18:00:00,0.2762
kNEIRO,2025-09-27 18:00:00,0.2686
kNEIRO,2025-09-28 18:00:00,0.26888
kNEIRO,2025-09-29 18:00:00,0.26315
kNEIRO,2025-09-30 18:00:00,0.25993
kNEIRO,2025-10-01 18:00:00,0.28221
kNEIRO,2025-10-02 18:00:00,0.29079
kNEIRO,2025-10-03 18:00:00,0.29146
kNEIRO,2025-10-04 18:00:00,0.27907
kNEIRO,2025-10-05 18:00:00,0.28532
kNEIRO,2025-10-06 18:00:00,0.29569
kNEIRO,2025-10-07 18:00:00,0.26884
kNEIRO,2025-10-08 18:00:00,0.28236
kNEIRO,2025-10-09 18:00:00,0.26423
kNEIRO,2025-10-10 18:00:00,0.24176
kNEIRO,2025-10-11 18:00:00,0.18136
kNEIRO,2025-10-12 18:00:00,0.19824
kNEIRO,2025-10-13 18:00:00,0.21119
kNEIRO,2025-10-14 18:00:00,0.20462
kNEIRO,2025-10-15 18:00:00,0.19569
kNEIRO,2025-10-16 18:00:00,0.18583
kNEIRO,2025-10-17 18:00:00,0.17693
kNEIRO,2025-10-18 18:00:00,0.1798
kNEIRO,2025-10-19 18:00:00,0.19261
kNEIRO,2025-10-20 18:00:00,0.19349
kNEIRO,2025-10-21 18:00:00,0.19972
kNEIRO,2025-10-22 18:00:00,0.17986
kNEIRO,2025-10-23 18:00:00,0.1873
kNEIRO,2025-10-24 18:00:00,0.19278
kNEIRO,2025-10-25 18:00:00,0.19848
kNEIRO,2025-10-26 18:00:00,0.19936
kNEIRO,2025-10-27 18:00:00,0.20288
kNEIRO,2025-10-28 18:00:00,0.19874
kNEIRO,2025-10-29 18:00:00,0.18916
kNEIRO,2025-10-30 18:00:00,0.16623
kNEIRO,2025-10-31 18:00:00,0.17596
kNEIRO,2025-11-01 18:00:00,0.18826
kNEIRO,2025-11-02 18:00:00,0.18103
kNEIRO,2025-11-03 18:00:00,0.15562
kNEIRO,2025-11-04 18:00:00,0.14456
kNEIRO,2025-11-05 18:00:00,0.15926
kNEIRO,2025-11-06 18:00:00,0.15006
kNEIRO,2025-11-07 18:00:00,0.17851
kNEIRO,2025-11-08 18:00:00,0.16902
kNEIRO,2025-11-09 18:00:00,0.17468
kNEIRO,2025-11-10 18:00:00,0.17337
kNEIRO,2025-11-11 18:00:00,0.16656
kNEIRO,2025-11-12 18:00:00,0.15784
kNEIRO,2025-11-13 18:00:00,0.14866
kPEPE,2025-06-05 18:00:00,0.011375
kPEPE,2025-06-06 18:00:00,0.011038
kPEPE,2025-06-07 18:00:00,0.011469
kPEPE,2025-06-08 18:00:00,0.011749
kPEPE,2025-06-09 18:00:00,0.012104
kPEPE,2025-06-10 18:00:00,0.012805
kPEPE,2025-06-11 18:00:00,0.0128
kPEPE,2025-06-12 18:00:00,0.012087
kPEPE,2025-06-13 18:00:00,0.010788
kPEPE,2025-06-14 18:00:00,0.01089
kPEPE,2025-06-15 18:00:00,0.011075
kPEPE,2025-06-16 18:00:00,0.011338
kPEPE,2025-06-17 18:00:00,0.010073
kPEPE,2025-06-18 18:00:00,0.010031
kPEPE,2025-06-19 18:00:00,0.010322
kPEPE,2025-06-20 18:00:00,0.009707
kPEPE,2025-06-21 18:00:00,0.009486
kPEPE,2025-06-22 18:00:00,0.008661
kPEPE,2025-06-23 18:00:00,0.009271
kPEPE,2025-06-24 18:00:00,0.009909
kPEPE,2025-06-25 18:00:00,0.0096
kPEPE,2025-06-26 18:00:00,0.00926
kPEPE,2025-06-27 18:00:00,0.008972
kPEPE,2025-06-28 18:00:00,0.009548
kPEPE,2025-06-29 18:00:00,0.009641
kPEPE,2025-06-30 18:00:00,0.009744
kPEPE,2025-07-01 18:00:00,0.0092
kPEPE,2025-07-02 18:00:00,0.010171
kPEPE,2025-07-03 18:00:00,0.010024
kPEPE,2025-07-04 18:00:00,0.009568
kPEPE,2025-07-05 18:00:00,0.009543
kPEPE,2025-07-06 18:00:00,0.009913
kPEPE,2025-07-07 18:00:00,0.01
kPEPE,2025-07-08 18:00:00,0.010258
kPEPE,2025-07-09 18:00:00,0.010414
kPEPE,2025-07-10 18:00:00,0.011586
kPEPE,2025-07-11 18:00:00,0.012975
kPEPE,2025-07-12 18:00:00,0.012255
kPEPE,2025-07-13 18:00:00,0.012562
kPEPE,2025-07-14 18:00:00,0.012214
kPEPE,2025-07-15 18:00:00,0.012467
kPEPE,2025-07-16 18:00:00,0.013685
kPEPE,2025-07-17 18:00:00,0.013376
kPEPE,2025-07-18 18:00:00,0.01324
kPEPE,2025-07-19 18:00:00,0.01309
kPEPE,2025-07-20 18:00:00,0.014342
kPEPE,2025-07-21 18:00:00,0.013806
kPEPE,2025-07-22 18:00:00,0.013899
kPEPE,2025-07-23 18:00:00,0.01289
kPEPE,2025-07-24 18:00:00,0.012818
kPEPE,2025-07-25 18:00:00,0.012138
kPEPE,2025-07-26 18:00:00,0.012626
kPEPE,2025-07-27 18:00:00,0.012765
kPEPE,2025-07-28 18:00:00,0.012099
kPEPE,2025-07-29 18:00:00,0.011481
kPEPE,2025-07-30 18:00:00,0.011199
kPEPE,2025-07-31 18:00:00,0.01114
kPEPE,2025-08-01 18:00:00,0.010525
kPEPE,2025-08-02 18:00:00,0.009933
kPEPE,2025-08-03 18:00:00,0.010485
kPEPE,2025-08-04 18:00:00,0.010581
kPEPE,2025-08-05 18:00:00,0.01013
kPEPE,2025-08-06 18:00:00,0.010509
kPEPE,2025-08-07 18:00:00,0.010772
kPEPE,2025-08-08 18:00:00,0.011891
kPEPE,2025-08-09 18:00:00,0.01239
kPEPE,2025-08-10 18:00:00,0.012103
kPEPE,2025-08-11 18:00:00,0.01161
kPEPE,2025-08-12 18:00:00,0.012056
kPEPE,2025-08-13 18:00:00,0.012115
kPEPE,2025-08-14 18:00:00,0.011078
kPEPE,2025-08-15 18:00:00,0.010654
kPEPE,2025-08-16 18:00:00,0.010971
kPEPE,2025-08-17 18:00:00,0.011166
kPEPE,2025-08-18 18:00:00,0.010804
kPEPE,2025-08-19 18:00:00,0.010226
kPEPE,2025-08-20 18:00:00,0.010512
kPEPE,2025-08-21 18:00:00,0.010429
kPEPE,2025-08-22 18:00:00,0.01138
kPEPE,2025-08-23 18:00:00,0.011276
kPEPE,2025-08-24 18:00:00,0.011331
kPEPE,2025-08-25 18:00:00,0.010104
kPEPE,2025-08-26 18:00:00,0.010084
kPEPE,2025-08-27 18:00:00,0.010089
kPEPE,2025-08-28 18:00:00,0.010108
kPEPE,2025-08-29 18:00:00,0.009519
kPEPE,2025-08-30 18:00:00,0.00981
kPEPE,2025-08-31 18:00:00,0.009873
kPEPE,2025-09-01 18:00:00,0.009545
kPEPE,2025-09-02 18:00:00,0.009679
kPEPE,2025-09-03 18:00:00,0.009871
kPEPE,2025-09-04 18:00:00,0.009411
kPEPE,2025-09-05 18:00:00,0.009686
kPEPE,2025-09-06 18:00:00,0.009631
kPEPE,2025-09-07 18:00:00,0.009812
kPEPE,2025-09-08 18:00:00,0.010303
kPEPE,2025-09-09 18:00:00,0.010226
kPEPE,2025-09-10 18:00:00,0.010527
kPEPE,2025-09-11 18:00:00,0.010491
kPEPE,2025-09-12 18:00:00,0.011471
kPEPE,2025-09-13 18:00:00,0.011896
kPEPE,2025-09-14 18:00:00,0.011541
kPEPE,2025-09-15 18:00:00,0.01069
kPEPE,2025-09-16 18:00:00,0.010973
kPEPE,2025-09-17 18:00:00,0.010856
kPEPE,2025-09-18 18:00:00,0.011575
kPEPE,2025-09-19 18:00:00,0.010788
kPEPE,2025-09-20 18:00:00,0.010641
kPEPE,2025-09-21 18:00:00,0.01058
kPEPE,2025-09-22 18:00:00,0.009564
kPEPE,2025-09-23 18:00:00,0.009575
kPEPE,2025-09-24 18:00:00,0.009661
kPEPE,2025-09-25 18:00:00,0.009155
kPEPE,2025-09-26 18:00:00,0.009413
kPEPE,2025-09-27 18:00:00,0.009243
kPEPE,2025-09-28 18:00:00,0.009273
kPEPE,2025-09-29 18:00:00,0.009263
kPEPE,2025-09-30 18:00:00,0.009102
kPEPE,2025-10-01 18:00:00,0.009737
kPEPE,2025-10-02 18:00:00,0.010195
kPEPE,2025-10-03 18:00:00,0.010223
kPEPE,2025-10-04 18:00:00,0.009655
kPEPE,2025-10-05 18:00:00,0.009898
kPEPE,2025-10-06 18:00:00,0.010316
kPEPE,2025-10-07 18:00:00,0.00953
kPEPE,2025-10-08 18:00:00,0.009597
kPEPE,2025-10-09 18:00:00,0.009095
kPEPE,2025-10-10 18:00:00,0.00866
kPEPE,2025-10-11 18:00:00,0.006998
kPEPE,2025-10-12 18:00:00,0.007435
kPEPE,2025-10-13 18:00:00,0.007848
kPEPE,2025-10-14 18:00:00,0.007466
kPEPE,2025-10-15 18:00:00,0.007248
kPEPE,2025-10-16 18:00:00,0.006964
kPEPE,2025-10-17 18:00:00,0.006682
kPEPE,2025-10-18 18:00:00,0.006751
kPEPE,2025-10-19 18:00:00,0.007104
kPEPE,2025-10-20 18:00:00,0.007131
kPEPE,2025-10-21 18:00:00,0.007241
kPEPE,2025-10-22 18:00:00,0.006762
kPEPE,2025-10-23 18:00:00,0.006944
kPEPE,2025-10-24 18:00:00,0.007096
kPEPE,2025-10-25 18:00:00,0.0072
kPEPE,2025-10-26 18:00:00,0.007293
kPEPE,2025-10-27 18:00:00,0.007305
kPEPE,2025-10-28 18:00:00,0.007217
kPEPE,2025-10-29 18:00:00,0.007019
kPEPE,2025-10-30 18:00:00,0.006334
kPEPE,2025-10-31 18:00:00,0.006513
kPEPE,2025-11-01 18:00:00,0.006688
kPEPE,2025-11-02 18:00:00,0.006572
kPEPE,2025-11-03 18:00:00,0.005818
kPEPE,2025-11-04 18:00:00,0.005481
kPEPE,2025-11-05 18:00:00,0.005777
kPEPE,2025-11-06 18:00:00,0.005528
kPEPE,2025-11-07 18:00:00,0.006192
kPEPE,2025-11-08 18:00:00,0.006055
kPEPE,2025-11-09 18:00:00,0.006122
kPEPE,2025-11-10 18:00:00,0.006135
kPEPE,2025-11-11 18:00:00,0.005936
kPEPE,2025-11-12 18:00:00,0.005721
kPEPE,2025-11-13 18:00:00,0.005418
kSHIB,2025-06-05 18:00:00,0.012566
kSHIB,2025-06-06 18:00:00,0.012442
kSHIB,2025-06-07 18:00:00,0.012701
kSHIB,2025-06-08 18:00:00,0.012652
kSHIB,2025-06-09 18:00:00,0.01269
kSHIB,2025-06-10 18:00:00,0.013131
kSHIB,2025-06-11 18:00:00,0.013193
kSHIB,2025-06-12 18:00:00,0.012524
kSHIB,2025-06-13 18:00:00,0.011843
kSHIB,2025-06-14 18:00:00,0.011975
kSHIB,2025-06-15 18:00:00,0.01195
kSHIB,2025-06-16 18:00:00,0.012244
kSHIB,2025-06-17 18:00:00,0.011594
kSHIB,2025-06-18 18:00:00,0.011438
kSHIB,2025-06-19 18:00:00,0.011541
kSHIB,2025-06-20 18:00:00,0.011311
kSHIB,2025-06-21 18:00:00,0.011002
kSHIB,2025-06-22 18:00:00,0.010338
kSHIB,2025-06-23 18:00:00,0.011099
kSHIB,2025-06-24 18:00:00,0.011581
kSHIB,2025-06-25 18:00:00,0.011604
kSHIB,2025-06-26 18:00:00,0.011217
kSHIB,2025-06-27 18:00:00,0.011068
kSHIB,2025-06-28 18:00:00,0.011509
kSHIB,2025-06-29 18:00:00,0.011551
kSHIB,2025-06-30 18:00:00,0.01139
kSHIB,2025-07-01 18:00:00,0.011119
kSHIB,2025-07-02 18:00:00,0.011848
kSHIB,2025-07-03 18:00:00,0.011851
kSHIB,2025-07-04 18:00:00,0.011315
kSHIB,2025-07-05 18:00:00,0.01134
kSHIB,2025-07-06 18:00:00,0.011714
kSHIB,2025-07-07 18:00:00,0.011527
kSHIB,2025-07-08 18:00:00,0.011906
kSHIB,2025-07-09 18:00:00,0.012163
kSHIB,2025-07-10 18:00:00,0.012827
kSHIB,2025-07-11 18:00:00,0.01378
kSHIB,2025-07-12 18:00:00,0.013198
kSHIB,2025-07-13 18:00:00,0.013415
kSHIB,2025-07-14 18:00:00,0.013246
kSHIB,2025-07-15 18:00:00,0.013506
kSHIB,2025-07-16 18:00:00,0.014345
kSHIB,2025-07-17 18:00:00,0.014252
kSHIB,2025-07-18 18:00:00,0.014708
kSHIB,2025-07-19 18:00:00,0.014714
kSHIB,2025-07-20 18:00:00,0.015639
kSHIB,2025-07-21 18:00:00,0.015316
kSHIB,2025-07-22 18:00:00,0.015272
kSHIB,2025-07-23 18:00:00,0.014041
kSHIB,2025-07-24 18:00:00,0.013924
kSHIB,2025-07-25 18:00:00,0.013622
kSHIB,2025-07-26 18:00:00,0.014102
kSHIB,2025-07-27 18:00:00,0.014102
kSHIB,2025-07-28 18:00:00,0.013454
kSHIB,2025-07-29 18:00:00,0.013117
kSHIB,2025-07-30 18:00:00,0.012703
kSHIB,2025-07-31 18:00:00,0.012789
kSHIB,2025-08-01 18:00:00,0.012177
kSHIB,2025-08-02 18:00:00,0.011661
kSHIB,2025-08-03 18:00:00,0.012186
kSHIB,2025-08-04 18:00:00,0.012376
kSHIB,2025-08-05 18:00:00,0.011995
kSHIB,2025-08-06 18:00:00,0.012352
kSHIB,2025-08-07 18:00:00,0.012522
kSHIB,2025-08-08 18:00:00,0.013224
kSHIB,2025-08-09 18:00:00,0.01385
kSHIB,2025-08-10 18:00:00,0.013646
kSHIB,2025-08-11 18:00:00,0.01322
kSHIB,2025-08-12 18:00:00,0.013536
kSHIB,2025-08-13 18:00:00,0.013791
kSHIB,2025-08-14 18:00:00,0.012848
kSHIB,2025-08-15 18:00:00,0.012674
kSHIB,2025-08-16 18:00:00,0.012954
kSHIB,2025-08-17 18:00:00,0.013085
kSHIB,2025-08-18 18:00:00,0.01274
kSHIB,2025-08-19 18:00:00,0.012138
kSHIB,2025-08-20 18:00:00,0.012448
kSHIB,2025-08-21 18:00:00,0.012429
kSHIB,2025-08-22 18:00:00,0.013284
kSHIB,2025-08-23 18:00:00,0.013238
kSHIB,2025-08-24 18:00:00,0.013411
kSHIB,2025-08-25 18:00:00,0.012309
kSHIB,2025-08-26 18:00:00,0.012394
kSHIB,2025-08-27 18:00:00,0.012526
kSHIB,2025-08-28 18:00:00,0.012539
kSHIB,2025-08-29 18:00:00,0.011997
kSHIB,2025-08-30 18:00:00,0.012322
kSHIB,2025-08-31 18:00:00,0.01237
kSHIB,2025-09-01 18:00:00,0.012145
kSHIB,2025-09-02 18:00:00,0.012347
kSHIB,2025-09-03 18:00:00,0.012515
kSHIB,2025-09-04 18:00:00,0.01205
kSHIB,2025-09-05 18:00:00,0.012372
kSHIB,2025-09-06 18:00:00,0.012241
kSHIB,2025-09-07 18:00:00,0.012353
kSHIB,2025-09-08 18:00:00,0.012937
kSHIB,2025-09-09 18:00:00,0.012832
kSHIB,2025-09-10 18:00:00,0.013037
kSHIB,2025-09-11 18:00:00,0.013018
kSHIB,2025-09-12 18:00:00,0.013618
kSHIB,2025-09-13 18:00:00,0.014122
kSHIB,2025-09-14 18:00:00,0.01368
kSHIB,2025-09-15 18:00:00,0.012976
kSHIB,2025-09-16 18:00:00,0.013185
kSHIB,2025-09-17 18:00:00,0.012903
kSHIB,2025-09-18 18:00:00,0.01355
kSHIB,2025-09-19 18:00:00,0.012863
kSHIB,2025-09-20 18:00:00,0.012891
kSHIB,2025-09-21 18:00:00,0.012876
kSHIB,2025-09-22 18:00:00,0.012041
kSHIB,2025-09-23 18:00:00,0.012075
kSHIB,2025-09-24 18:00:00,0.012244
kSHIB,2025-09-25 18:00:00,0.011826
kSHIB,2025-09-26 18:00:00,0.011955
kSHIB,2025-09-27 18:00:00,0.011761
kSHIB,2025-09-28 18:00:00,0.011824
kSHIB,2025-09-29 18:00:00,0.01188
kSHIB,2025-09-30 18:00:00,0.011668
kSHIB,2025-10-01 18:00:00,0.012323
kSHIB,2025-10-02 18:00:00,0.012662
kSHIB,2025-10-03 18:00:00,0.012704
kSHIB,2025-10-04 18:00:00,0.0123
kSHIB,2025-10-05 18:00:00,0.012539
kSHIB,2025-10-06 18:00:00,0.012996
kSHIB,2025-10-07 18:00:00,0.012208
kSHIB,2025-10-08 18:00:00,0.012411
kSHIB,2025-10-09 18:00:00,0.011837
kSHIB,2025-10-10 18:00:00,0.011413
kSHIB,2025-10-11 18:00:00,0.010302
kSHIB,2025-10-12 18:00:00,0.010595
kSHIB,2025-10-13 18:00:00,0.011109
kSHIB,2025-10-14 18:00:00,0.010687
kSHIB,2025-10-15 18:00:00,0.010456
kSHIB,2025-10-16 18:00:00,0.0101
kSHIB,2025-10-17 18:00:00,0.009725
kSHIB,2025-10-18 18:00:00,0.00987
kSHIB,2025-10-19 18:00:00,0.010118
kSHIB,2025-10-20 18:00:00,0.010121
kSHIB,2025-10-21 18:00:00,0.010367
kSHIB,2025-10-22 18:00:00,0.009838
kSHIB,2025-10-23 18:00:00,0.010123
kSHIB,2025-10-24 18:00:00,0.010137
kSHIB,2025-10-25 18:00:00,0.010191
kSHIB,2025-10-26 18:00:00,0.010473
kSHIB,2025-10-27 18:00:00,0.010583
kSHIB,2025-10-28 18:00:00,0.010282
kSHIB,2025-10-29 18:00:00,0.010222
kSHIB,2025-10-30 18:00:00,0.009489
kSHIB,2025-10-31 18:00:00,0.00995
kSHIB,2025-11-01 18:00:00,0.010174
kSHIB,2025-11-02 18:00:00,0.010016
kSHIB,2025-11-03 18:00:00,0.009337
kSHIB,2025-11-04 18:00:00,0.008842
kSHIB,2025-11-05 18:00:00,0.009203
kSHIB,2025-11-06 18:00:00,0.009043
kSHIB,2025-11-07 18:00:00,0.010102
kSHIB,2025-11-08 18:00:00,0.0099
kSHIB,2025-11-09 18:00:00,0.009971
kSHIB,2025-11-10 18:00:00,0.01001
kSHIB,2025-11-11 18:00:00,0.009763
kSHIB,2025-11-12 18:00:00,0.009533
kSHIB,2025-11-13 18:00:00,0.009217
