token,side,open_date,close_date,open_price,close_price,effective_open,effective_close,position_size,return,fees,pnl_eur
APT,LONG,2025-06-05,2025-07-05,4.7207,4.3562,4.72400449,4.35315066,4.285714285714286,-0.07850412309832494,0.0038571428571428567,-0.34030338470710686
CHILLGUY,LONG,2025-06-05,2025-07-05,0.058855,0.051417,0.05889619849999999,0.05138100809999999,4.285714285714286,-0.12760060226977124,0.0038571428571428567,-0.5507168668704482
MERL,LONG,2025-06-05,2025-07-05,0.10214,0.098491,0.10221149799999998,0.09842205629999999,4.285714285714286,-0.037074514845678065,0.0038571428571428567,-0.16274792076719172
CAKE,LONG,2025-06-05,2025-07-05,2.3606,2.2092,2.3622524199999995,2.20765356,4.285714285714286,-0.06544552931392476,0.0038571428571428567,-0.2843379827739632
OM,SHORT,2025-06-05,2025-07-05,0.30332,0.20284,0.303107676,0.20298198799999997,4.285714285714286,0.3303304268678436,0.0038571428571428567,1.4118446865764724
S,SHORT,2025-06-05,2025-07-05,0.38173,0.30309,0.381462789,0.303302163,4.285714285714286,0.2048971177631693,0.0038571428571428567,0.8742733618421541
LAYER,SHORT,2025-06-05,2025-07-05,0.76296,0.62096,0.762425928,0.6213946719999999,4.285714285714286,0.18497699359458314,0.0038571428571428567,0.788901401119642
APT,LONG,2025-06-06,2025-07-06,4.5977,4.4512,4.6009183899999995,4.44808416,6.0,-0.033218200594946845,0.0054,-0.20470920356968106
GMX,LONG,2025-06-06,2025-07-06,15.08,13.994,15.090556,13.984204199999999,6.0,-0.07331418404994491,0.0054,-0.4452851042996695
TRX,LONG,2025-06-06,2025-07-06,0.27715,0.28586,0.277344005,0.28565989799999997,6.0,0.029984037332986387,0.0054,0.17450422399791835
SOPH,LONG,2025-06-06,2025-07-06,0.048903,0.031212,0.0489372321,0.0311901516,6.0,-0.362649862659478,0.0054,-2.181299175956868
OM,SHORT,2025-06-06,2025-07-06,0.29606,0.20723,0.295852758,0.20737506099999997,6.0,0.29905990262899634,0.0054,1.7889594157739779
BTC,LONG,2025-06-07,2025-07-07,105557.0,108054.0,105630.8899,107978.3622,3.75,0.02222335059585642,0.003375,0.07996256473446157
ADA,LONG,2025-06-07,2025-07-07,0.66259,0.57963,0.663053813,0.579224259,3.75,-0.12642948785817484,0.003375,-0.4774855794681557
BNB,LONG,2025-06-07,2025-07-07,650.61,660.33,651.065427,659.8677690000001,3.75,0.013519903891318233,0.003375,0.04732463959244337
RENDER,LONG,2025-06-07,2025-07-07,3.8456,3.1546,3.84829192,3.15239178,3.75,-0.18083351119579308,0.003375,-0.6815006669842241
LINK,LONG,2025-06-07,2025-07-07,13.789,13.419,13.798652299999999,13.4096067,3.75,-0.02819446359989804,0.003375,-0.10910423849961766
OM,SHORT,2025-06-07,2025-07-07,0.3029,0.20625,0.30268797,0.20639437499999996,3.75,0.31812825266891187,0.003375,1.1896059475084195
MAVIA,SHORT,2025-06-07,2025-07-07,0.16055,0.13111,0.160437615,0.131201777,3.75,0.18222558344562784,0.003375,0.6799709379211044
VIRTUAL,SHORT,2025-06-07,2025-07-07,1.8252,1.4903,1.8239223599999999,1.49134321,3.75,0.1823428218731854,0.003375,0.6804105820244453
VVV,LONG,2025-06-08,2025-07-08,2.9616,2.7609,2.9636731199999997,2.7589673699999997,3.75,-0.06907163567350506,0.003375,-0.262393633775644
GMX,LONG,2025-06-08,2025-07-08,15.86,14.151,15.871101999999999,14.141094299999999,3.75,-0.10900362810345494,0.003375,-0.41213860538795605
RENDER,LONG,2025-06-08,2025-07-08,3.8775,3.2213,3.88021425,3.21904509,3.75,-0.17039501362585843,0.003375,-0.6423563010969692
INJ,LONG,2025-06-08,2025-07-08,13.41,10.567,13.419386999999999,10.5596031,3.75,-0.21310838565129678,0.003375,-0.8025314461923629
APT,LONG,2025-06-08,2025-07-08,4.7518,4.4685,4.75512626,4.465372049999999,3.75,-0.06093512435987363,0.003375,-0.23188171634952612
MAVIA,SHORT,2025-06-08,2025-07-08,0.16085,0.13293,0.160737405,0.13302305099999998,3.75,0.17242006613208682,0.003375,0.6432002479953256
GOAT,SHORT,2025-06-08,2025-07-08,0.12305,0.10106,0.122963865,0.101130742,3.75,0.17755722788967318,0.003375,0.6624646045862744
MOVE,SHORT,2025-06-08,2025-07-08,0.14468,0.15006,0.144578724,0.150165042,3.75,-0.03863858972776663,0.003375,-0.14826971147912485
APT,LONG,2025-06-09,2025-07-09,4.8352,4.5563,4.83858464,4.55311059,3.75,-0.05899949494321536,0.003375,-0.2246231060370576
AVAX,LONG,2025-06-09,2025-07-09,21.338,18.645,21.3529366,18.6319485,3.75,-0.127429222077117,0.003375,-0.48123458278918874
INJ,LONG,2025-06-09,2025-07-09,13.614,10.611,13.6235298,10.6035723,3.75,-0.2216721763254043,0.003375,-0.8346456612202662
MERL,LONG,2025-06-09,2025-07-09,0.098946,0.10845,0.0990152622,0.108374085,3.75,0.09451899224481375,0.003375,0.35107122091805154
BTC,LONG,2025-06-09,2025-07-09,108459.0,109557.0,108534.92129999999,109480.3101,3.75,0.008710457322642527,0.003375,0.029289214959909476
OM,SHORT,2025-06-09,2025-07-09,0.30095,0.20465,0.300739335,0.20479325499999998,3.75,0.3190340232680238,0.003375,1.1930025872550893
FXS,SHORT,2025-06-09,2025-07-09,2.7689,2.0465,2.76696177,2.0479325499999996,3.75,0.2598623615967055,0.003375,0.9711088559876456
MOVE,SHORT,2025-06-09,2025-07-09,0.15394,0.14553,0.15383224199999998,0.14563187099999997,3.75,0.053307231913060284,0.003375,0.19652711967397607
APT,LONG,2025-06-10,2025-07-10,5.0692,4.7054,5.07274844,4.70210622,3.75,-0.07306536572509394,0.003375,-0.2773701214691023
GMX,LONG,2025-06-10,2025-07-10,17.628,11.434,17.640339599999997,11.425996199999998,3.75,-0.35228025882222813,0.003375,-1.3244259705833554
RUNE,LONG,2025-06-10,2025-07-10,1.7406,1.454,1.7418184199999998,1.4529822,3.75,-0.16582452951668744,0.003375,-0.6252169856875779
AVAX,LONG,2025-06-10,2025-07-10,22.179,19.837,22.194525299999995,19.823114099999998,3.75,-0.10684667358035352,0.003375,-0.4040500259263257
OM,SHORT,2025-06-10,2025-07-10,0.30856,0.21683,0.308344008,0.21698178099999998,3.75,0.2962996673507598,0.003375,1.1077487525653493
MOODENG,SHORT,2025-06-10,2025-07-10,0.20856,0.20839,0.20841400799999998,0.20853587299999998,3.75,-0.0005847255718051293,0.003375,-0.005567720894269235
MAVIA,SHORT,2025-06-10,2025-07-10,0.17457,0.16614,0.17444780099999999,0.166256298,3.75,0.04695675699575021,0.003375,0.1727128387340633
MOVE,SHORT,2025-06-10,2025-07-10,0.16839,0.14941,0.168272127,0.14951458699999998,3.75,0.1114714619373654,0.003375,0.41464298226512025
GMX,LONG,2025-06-11,2025-07-11,17.45,13.19,17.462214999999997,13.180767,4.285714285714286,-0.24518355775598905,0.0038571428571428567,-1.0546438189542386
ARB,LONG,2025-06-11,2025-07-11,0.40976,0.41809,0.41004683199999997,0.417797337,4.285714285714286,0.01890151171805668,0.0038571428571428567,0.07714933593452863
kFLOKI,LONG,2025-06-11,2025-07-11,0.09365,0.10071,0.09371555499999999,0.10063950299999999,4.285714285714286,0.07388259078228795,0.0038571428571428567,0.3127825319240912
SUSHI,LONG,2025-06-11,2025-07-11,0.75195,0.74648,0.7524763649999999,0.745957464,4.285714285714286,-0.00866326346343113,0.0038571428571428567,-0.040985414843276266
OM,SHORT,2025-06-11,2025-07-11,0.29427,0.23737,0.29406401099999996,0.23753615899999997,4.285714285714286,0.19222975231742995,0.0038571428571428567,0.8199846527889855
STRK,SHORT,2025-06-11,2025-07-11,0.14331,0.1515,0.14320968299999998,0.15160605,4.285714285714286,-0.0586298832879898,0.0038571428571428567,-0.25512807123424197
SOPH,SHORT,2025-06-11,2025-07-11,0.0503,0.037497,0.05026479,0.0375232479,4.285714285714286,0.2534884180357661,0.0038571428571428567,1.0825217915818548
MANTA,LONG,2025-06-12,2025-07-12,0.22725,0.22405,0.227409075,0.223893165,6.0,-0.015460728645063893,0.0054,-0.09816437187038336
OM,SHORT,2025-06-12,2025-07-12,0.28174,0.21431,0.281542782,0.21446001699999998,6.0,0.2382684596758727,0.0054,1.4242107580552361
PNUT,SHORT,2025-06-12,2025-07-12,0.25121,0.27239,0.251034153,0.272580673,6.0,-0.08583103032996477,0.0054,-0.5203861819797886
UNI,SHORT,2025-06-12,2025-07-12,7.862,8.3931,7.8564966,8.39897517,6.0,-0.06904840638510557,0.0054,-0.4196904383106334
XAI,SHORT,2025-06-12,2025-07-12,0.0641,0.058,0.06405513,0.0580406,6.0,0.09389614852081331,0.0054,0.5579768911248799
APT,LONG,2025-06-13,2025-07-13,4.4202,5.0164,4.42329414,5.01288852,5.0,0.1332930529462821,0.0045,0.6619652647314106
KAITO,LONG,2025-06-13,2025-07-13,1.4199,1.5616,1.4208939299999999,1.5605068800000002,5.0,0.09825712324634979,0.0045,0.48678561623174893
TURBO,LONG,2025-06-13,2025-07-13,0.003691,0.004531,0.0036935836999999997,0.0045278283,5.0,0.22586319080842823,0.0045,1.1248159540421412
OM,SHORT,2025-06-13,2025-07-13,0.25651,0.22411,0.256330443,0.22426687699999998,5.0,0.12508684346946664,0.0045,0.6209342173473332
VIRTUAL,SHORT,2025-06-13,2025-07-13,1.8258,1.7433,1.8245219400000001,1.74452031,5.0,0.043847995601521875,0.0045,0.21473997800760936
LAUNCHCOIN,SHORT,2025-06-13,2025-07-13,0.17484,0.17245,0.174717612,0.17257071499999999,5.0,0.01228781103075063,0.0045,0.05693905515375316
BTC,LONG,2025-06-14,2025-07-14,104862.0,119742.0,104935.4034,119658.18059999999,4.285714285714286,0.1403032410699247,0.0038571428571428567,0.5974424617282487
APT,LONG,2025-06-14,2025-07-14,4.4234,4.9545,4.42649638,4.951031850000001,4.285714285714286,0.11849901704878406,0.0038571428571428567,0.5039957873519316
kLUNC,LONG,2025-06-14,2025-07-14,0.059083,0.062005,0.05912435809999999,0.061961596499999994,4.285714285714286,0.047987639801539,0.0038571428571428567,0.20180417057802427
MOODENG,SHORT,2025-06-14,2025-07-14,0.15481,0.19007,0.154701633,0.19020304899999999,4.285714285714286,-0.229483136742325,0.0038571428571428567,-0.98735630032425
kNEIRO,SHORT,2025-06-14,2025-07-14,0.39554,0.47542,0.39526312199999997,0.475752794,4.285714285714286,-0.20363567335280022,0.0038571428571428567,-0.8765814572262867
UMA,SHORT,2025-06-14,2025-07-14,1.229,1.178,1.2281397,1.1788245999999998,4.285714285714286,0.040154308178459074,0.0038571428571428567,0.16823274933625315
OP,SHORT,2025-06-14,2025-07-14,0.59069,0.65468,0.5902765170000001,0.655138276,4.285714285714286,-0.10988368524238598,0.0038571428571428567,-0.47478722246736843
SOPH,LONG,2025-06-15,2025-07-15,0.043855,0.03526,0.043885698499999994,0.035235318,3.75,-0.19711160573187625,0.003375,-0.742543521494536
TRX,LONG,2025-06-15,2025-07-15,0.27272,0.30024,0.272910904,0.300029832,3.75,0.0993691626187277,0.003375,0.3692593598202289
kLUNC,LONG,2025-06-15,2025-07-15,0.060188,0.062866,0.06023013159999999,0.0628219938,3.75,0.0430326504549761,0.003375,0.15799743920616038
BTC,LONG,2025-06-15,2025-07-15,105513.0,116776.0,105586.85909999999,116694.2568,3.75,0.10519678106420742,0.003375,0.3911129289907778
UMA,SHORT,2025-06-15,2025-07-15,1.1868,1.2143,1.1859692400000001,1.21515001,3.75,-0.024604997343775747,0.003375,-0.09564374003915906
MOODENG,SHORT,2025-06-15,2025-07-15,0.15626,0.19019,0.156150618,0.19032313299999998,3.75,-0.21884329013670628,0.003375,-0.8240373380126486
SAGA,SHORT,2025-06-15,2025-07-15,0.24774,0.2922,0.24756658199999998,0.29240454,3.75,-0.18111474350766782,0.003375,-0.6825552881537543
MAVIA,SHORT,2025-06-15,2025-07-15,0.16547,0.17937,0.165354171,0.179495559,3.75,-0.08552181003042254,0.003375,-0.32408178761408457
SOPH,LONG,2025-06-16,2025-07-16,0.04316,0.036616,0.04319021199999999,0.0365903688,4.285714285714286,-0.15280877065386925,0.0038571428571428567,-0.6587518742308682
SOL,LONG,2025-06-16,2025-07-16,158.19,173.61,158.30073299999998,173.488473,4.285714285714286,0.09594232264230906,0.0038571428571428567,0.4073242398956103
TRX,LONG,2025-06-16,2025-07-16,0.27926,0.30455,0.279455482,0.304336815,4.285714285714286,0.08903505067043203,0.0038571428571428567,0.377721645730423
MOODENG,SHORT,2025-06-16,2025-07-16,0.16334,0.20458,0.163225662,0.204723206,4.285714285714286,-0.25423419020962523,0.0038571428571428567,-1.0934322437555366
UMA,SHORT,2025-06-16,2025-07-16,1.2084,1.2436,1.20755412,1.24447052,4.285714285714286,-0.030571217793534555,0.0038571428571428567,-0.13487664768657667
kNEIRO,SHORT,2025-06-16,2025-07-16,0.42434,0.5373,0.42404296199999997,0.5376761099999999,4.285714285714286,-0.2679755547976763,0.0038571428571428567,-1.1523238062757555
AIXBT,SHORT,2025-06-16,2025-07-16,0.1786,0.16315,0.17847498,0.16326420499999997,4.285714285714286,0.08522637178611835,0.0038571428571428567,0.3613987362262215
MKR,LONG,2025-06-17,2025-07-17,2017.5,1859.9,2018.9122499999999,1858.59807,5.0,-0.07940621490607126,0.0045,-0.4015310745303563
ETC,LONG,2025-06-17,2025-07-17,16.49,20.049,16.501542999999998,20.034965699999997,5.0,0.21412680620230481,0.0045,1.0661340310115242
BNB,LONG,2025-06-17,2025-07-17,645.7,720.96,646.15199,720.455328,5.0,0.11499359152325765,0.0045,0.5704679576162883
OM,SHORT,2025-06-17,2025-07-17,0.25,0.23464,0.249825,0.23480424799999997,5.0,0.060125095566896936,0.0045,0.2961254778344847
MOODENG,SHORT,2025-06-17,2025-07-17,0.14684,0.19421,0.146737212,0.194345947,5.0,-0.3244489543661221,0.0045,-1.6267447718306103
UMA,SHORT,2025-06-17,2025-07-17,1.1476,1.2212,1.14679668,1.22205484,5.0,-0.06562467550917567,0.0045,-0.33262337754587834
BTC,LONG,2025-06-18,2025-07-18,103596.0,117333.0,103668.51719999999,117250.8669,5.0,0.13101711172155173,0.0045,0.6505855586077587
SOPH,LONG,2025-06-18,2025-07-18,0.039747,0.034511,0.03977482289999999,0.0344868423,5.0,-0.1329479357656673,0.0045,-0.6692396788283365
BNB,LONG,2025-06-18,2025-07-18,638.17,735.74,638.6167189999999,735.224982,5.0,0.1512773783174319,0.0045,0.7518868915871596
OM,SHORT,2025-06-18,2025-07-18,0.25028,0.2326,0.250104804,0.23276281999999998,5.0,0.06933886803709709,0.0045,0.34219434018548545
kNEIRO,SHORT,2025-06-18,2025-07-18,0.36823,0.55453,0.367972239,0.554918171,5.0,-0.5080435755372296,0.0045,-2.544717877686148
XAI,SHORT,2025-06-18,2025-07-18,0.05278,0.06277,0.052743054,0.062813939,5.0,-0.19094239404491067,0.0045,-0.9592119702245533
TAO,LONG,2025-06-19,2025-07-19,348.16,411.8,348.403712,411.51174,4.285714285714286,0.18113477505084674,0.0038571428571428567,0.7724347502179145
SUSHI,LONG,2025-06-19,2025-07-19,0.61226,0.95832,0.612688582,0.9576491759999999,4.285714285714286,0.563027619796577,0.0038571428571428567,2.4091183705567585
NEAR,LONG,2025-06-19,2025-07-19,2.1826,2.8577,2.1841278199999996,2.85569961,4.285714285714286,0.3074782454810728,0.0038571428571428567,1.3139067663474548
ETC,LONG,2025-06-19,2025-07-19,16.606,23.436,16.6176242,23.4195948,4.285714285714286,0.40932268765591634,0.0038571428571428567,1.7503829470967844
LINK,LONG,2025-06-19,2025-07-19,13.049,18.209,13.058134299999999,18.1962537,4.285714285714286,0.3934803611263212,0.0038571428571428567,1.682487261969948
IP,SHORT,2025-06-19,2025-07-19,2.4863,4.588,2.48455959,4.591211599999999,4.285714285714286,-0.8478975583757279,0.0038571428571428567,-3.6377038216102626
ZEN,SHORT,2025-06-19,2025-07-19,8.0275,9.1359,8.02188075,9.142295129999999,4.285714285714286,-0.13966978753704357,0.0038571428571428567,-0.6024419465873296
ETC,LONG,2025-06-20,2025-07-20,16.119,25.246,16.1302833,25.2283278,4.285714285714286,0.564035009850075,0.0038571428571428567,2.4134357565003213
SOPH,LONG,2025-06-20,2025-07-20,0.036998,0.035725,0.0370238986,0.0356999925,4.285714285714286,-0.03575814946727412,0.0038571428571428567,-0.15710635485974622
SOL,LONG,2025-06-20,2025-07-20,139.23,182.39,139.32746099999997,182.26232699999997,4.285714285714286,0.30815795889655956,0.0038571428571428567,1.316819823842398
BNB,LONG,2025-06-20,2025-07-20,641.53,750.5,641.979071,749.97465,4.285714285714286,0.16822289678661506,0.0038571428571428567,0.7170981290854931
XAI,SHORT,2025-06-20,2025-07-20,0.05029,0.06785,0.050254797,0.06789749499999999,4.285714285714286,-0.3510649540580174,0.0038571428571428567,-1.5084212316772174
ZEN,SHORT,2025-06-20,2025-07-20,7.6766,9.8546,7.671226379999999,9.86149822,4.285714285714286,-0.28551782094586037,0.0038571428571428567,-1.2275049469108301
ZETA,SHORT,2025-06-20,2025-07-20,0.17464,0.2373,0.17451775199999997,0.23746610999999998,4.285714285714286,-0.3606988817962772,0.0038571428571428567,-1.5497094934126163
BNB,LONG,2025-06-21,2025-07-21,631.42,759.44,631.8619939999999,758.908392,4.285714285714286,0.20106668735641695,0.0038571428571428567,0.8578572315275012
SOPH,LONG,2025-06-21,2025-07-21,0.035004,0.037778,0.0350285028,0.0377515554,4.285714285714286,0.07773819553600783,0.0038571428571428567,0.3293065522971764
BTC,LONG,2025-06-21,2025-07-21,102590.0,117174.0,102661.813,117091.9782,4.285714285714286,0.14056020226332847,0.0038571428571428567,0.5985437239856933
ETC,LONG,2025-06-21,2025-07-21,15.718,23.832,15.7290026,23.8153176,4.285714285714286,0.5141022101426826,0.0038571428571428567,2.1994380434686396
SEI,LONG,2025-06-21,2025-07-21,0.21896,0.35262,0.21911327199999997,0.35237316599999996,4.285714285714286,0.6081781025112892,0.0038571428571428567,2.6026204393340966
XAI,SHORT,2025-06-21,2025-07-21,0.04756,0.06621,0.047526707999999994,0.066256347,4.285714285714286,-0.394086604946423,0.0038571428571428567,-1.6927997354846698
VINE,SHORT,2025-06-21,2025-07-21,0.026872,0.042662,0.0268531896,0.042691863399999995,4.285714285714286,-0.5898246739374303,0.0038571428571428567,-2.5316771740175588
SOPH,LONG,2025-06-22,2025-07-22,0.031979,0.039442,0.0320013853,0.039414390599999995,5.0,0.2316463875081057,0.0045,1.1537319375405286
SEI,LONG,2025-06-22,2025-07-22,0.19502,0.34687,0.19515651399999998,0.346627191,5.0,0.7761497369234626,0.0045,3.8762486846173125
BNB,LONG,2025-06-22,2025-07-22,607.22,774.61,607.645054,774.067773,5.0,0.2738814673212168,0.0045,1.3649073366060842
OM,SHORT,2025-06-22,2025-07-22,0.20013,0.30747,0.199989909,0.307685229,5.0,-0.5385037702077259,0.0045,-2.6970188510386297
XAI,SHORT,2025-06-22,2025-07-22,0.04441,0.0648,0.044378913,0.06484535999999999,5.0,-0.4611750404972738,0.0045,-2.310375202486369
PNUT,SHORT,2025-06-22,2025-07-22,0.18727,0.31688,0.187138911,0.317101816,5.0,-0.6944729148284934,0.0045,-3.476864574142467
SOPH,LONG,2025-06-23,2025-07-23,0.037044,0.042246,0.0370699308,0.0422164278,5.0,0.13883211780907884,0.0045,0.6896605890453942
BTC,LONG,2025-06-23,2025-07-23,102870.0,118474.0,102942.00899999999,118391.0682,5.0,0.150075361361949,0.0045,0.745876806809745
BNB,LONG,2025-06-23,2025-07-23,629.38,776.79,629.820566,776.2462469999999,5.0,0.23248793212637,0.0045,1.1579396606318502
ATOM,LONG,2025-06-23,2025-07-23,3.9115,4.747,3.91423805,4.743677099999999,5.0,0.2119030675714778,0.0045,1.055015337857389
OM,SHORT,2025-06-23,2025-07-23,0.20956,0.27929,0.209413308,0.27948550299999997,5.0,-0.33461194834857383,0.0045,-1.6775597417428691
XAI,SHORT,2025-06-23,2025-07-23,0.04833,0.05972,0.04829616899999999,0.059761803999999995,5.0,-0.23740257741768303,0.0045,-1.191512887088415
LINK,LONG,2025-06-24,2025-07-24,13.406,18.527,13.4153842,18.5140311,4.285714285714286,0.38005970041469256,0.0038571428571428567,1.6249701446343967
SEI,LONG,2025-06-24,2025-07-24,0.27778,0.33063,0.277974446,0.330398559,4.285714285714286,0.1885932817004337,0.0038571428571428567,0.8043997787161444
ATOM,LONG,2025-06-24,2025-07-24,4.0532,4.7236,4.05603724,4.7202934800000005,4.285714285714286,0.16376975868199875,0.0038571428571428567,0.6980132514942803
SOL,LONG,2025-06-24,2025-07-24,143.6,189.37,143.70051999999998,189.237441,4.285714285714286,0.316887656356428,0.0038571428571428567,1.35423281295612
AIXBT,SHORT,2025-06-24,2025-07-24,0.14011,0.15107,0.140011923,0.151175749,4.285714285714286,-0.07973482372640497,0.0038571428571428567,-0.345577815970307
INIT,SHORT,2025-06-24,2025-07-24,0.45752,0.42452,0.45719973599999997,0.42481716399999997,4.285714285714286,0.0708280636452511,0.0038571428571428567,0.29969170133679046
LAUNCHCOIN,SHORT,2025-06-24,2025-07-24,0.11091,0.068319,0.11083236299999999,0.0683668233,4.285714285714286,0.3831510810610434,0.0038571428571428567,1.6382189188330432
ALGO,LONG,2025-06-25,2025-07-25,0.17713,0.26036,0.177253991,0.260177748,5.0,0.467824484696652,0.0045,2.33462242348326
LINK,LONG,2025-06-25,2025-07-25,13.131,17.759,13.140191699999999,17.7465687,5.0,0.35055630124482906,0.0045,1.7482815062241455
SEI,LONG,2025-06-25,2025-07-25,0.28818,0.32018,0.28838172599999995,0.31995587400000003,5.0,0.10948733970751005,0.0045,0.5429366985375503
kFLOKI,LONG,2025-06-25,2025-07-25,0.071639,0.12359,0.07168914729999999,0.123503487,5.0,0.7227640675257412,0.0045,3.6093203376287057
OM,SHORT,2025-06-25,2025-07-25,0.21028,0.26153,0.21013280399999998,0.26171307099999996,5.0,-0.2454650869266466,0.0045,-1.231825434633233
IP,SHORT,2025-06-25,2025-07-25,2.9674,5.2693,2.96532282,5.27298851,5.0,-0.7782173577985011,0.0045,-3.8955867889925058
ONDO,LONG,2025-06-26,2025-07-26,0.73547,1.0548,0.735984829,1.05406164,6.0,0.43217848855957886,0.0054,2.587670931357473
BTC,LONG,2025-06-26,2025-07-26,107347.0,118156.0,107422.14289999999,118073.2908,6.0,0.09915225681091874,0.0054,0.5895135408655124
PAXG,LONG,2025-06-26,2025-07-26,3345.9,3352.3,3348.2421299999996,3349.95339,6.0,0.0005110920696767212,0.0054,-0.0023334475819396733
PNUT,SHORT,2025-06-26,2025-07-26,0.19575,0.27728,0.195612975,0.277474096,6.0,-0.4184851286066275,0.0054,-2.516310771639765
FXS,SHORT,2025-06-26,2025-07-26,1.9646,3.3056,1.9632247799999998,3.30791392,6.0,-0.6849389604790951,0.0054,-4.11503376287457
FET,LONG,2025-06-27,2025-07-27,0.66268,0.741,0.663143876,0.7404813,5.0,0.11662239040265221,0.0045,0.5786119520132611
STG,LONG,2025-06-27,2025-07-27,0.1513,0.1791,0.15140590999999998,0.17897463,5.0,0.18208483407285767,0.0045,0.9059241703642884
W,LONG,2025-06-27,2025-07-27,0.06259,0.0879,0.062633813,0.08783847,5.0,0.40241294267043914,0.0045,2.0075647133521954
OM,SHORT,2025-06-27,2025-07-27,0.19993,0.27924,0.199790049,0.27943546799999996,5.0,-0.398645575185779,0.0045,-1.9977278759288948
XAI,SHORT,2025-06-27,2025-07-27,0.04763,0.05805,0.047596659,0.058090634999999995,5.0,-0.2204771557600292,0.0045,-1.1068857788001458
SAGA,SHORT,2025-06-27,2025-07-27,0.20306,0.2993,0.20291785799999998,0.29950951,5.0,-0.4760135601273694,0.0045,-2.384567800636847
SOL,LONG,2025-06-28,2025-07-28,151.34,185.21,151.44593799999998,185.080353,5.0,0.22208859111163498,0.0045,1.105942955558175
SUI,LONG,2025-06-28,2025-07-28,2.7695,3.9963,2.7714386499999994,3.99350259,5.0,0.44094930263024246,0.0045,2.200246513151212
MKR,LONG,2025-06-28,2025-07-28,1899.9,2189.1,1901.22993,2187.56763,5.0,0.15060656024913308,0.0045,0.7485328012456655
STX,LONG,2025-06-28,2025-07-28,0.66362,0.79675,0.6640845339999999,0.7961922749999999,5.0,0.1989321151695426,0.0045,0.990160575847713
S,SHORT,2025-06-28,2025-07-28,0.30983,0.32218,0.309613119,0.322405526,5.0,-0.041317393272343884,0.0045,-0.21108696636171942
AIXBT,SHORT,2025-06-28,2025-07-28,0.13137,0.1404,0.13127804099999998,0.14049827999999998,5.0,-0.07023443471402802,0.0045,-0.3556721735701401
RUNE,LONG,2025-06-29,2025-07-29,1.3387,1.3992,1.3396370899999999,1.39822056,4.285714285714286,0.04373085101727072,0.0038571428571428567,0.18356079007401735
ATOM,LONG,2025-06-29,2025-07-29,4.029,4.586,4.0318203,4.5827898000000005,4.285714285714286,0.13665527206160474,0.0038571428571428567,0.5818083088354489
MNT,LONG,2025-06-29,2025-07-29,0.58347,0.76099,0.583878429,0.760457307,4.285714285714286,0.30242404793481426,0.0038571428571428567,1.2922459197206326
AVAX,LONG,2025-06-29,2025-07-29,18.034,24.236,18.0466238,24.2190348,4.285714285714286,0.3420258031865218,0.0038571428571428567,1.4619677279422363
AIXBT,SHORT,2025-06-29,2025-07-29,0.13433,0.13376,0.134235969,0.13385363199999997,4.285714285714286,0.0028482455399121685,0.0038571428571428567,0.008349623742480723
MOVE,SHORT,2025-06-29,2025-07-29,0.18078,0.14061,0.180653454,0.140708427,4.285714285714286,0.2211141061271931,0.0038571428571428567,0.9437747405451132
INIT,SHORT,2025-06-29,2025-07-29,0.42919,0.41302,0.428889567,0.413309114,4.285714285714286,0.0363274236512264,0.0038571428571428567,0.15183181564811313
SUSHI,LONG,2025-06-30,2025-07-30,0.59981,0.81679,0.6002298669999999,0.816218247,4.285714285714286,0.3598427733686903,0.0038571428571428567,1.5383261715801013
BNB,LONG,2025-06-30,2025-07-30,657.42,780.85,657.880194,780.303405,4.285714285714286,0.18608739420417944,0.0038571428571428567,0.7936602608750547
ETC,LONG,2025-06-30,2025-07-30,16.564,21.072,16.575594799999998,21.0572496,4.285714285714286,0.270376710704825,0.0038571428571428567,1.1549001887349644
ARB,LONG,2025-06-30,2025-07-30,0.33717,0.40951,0.337406019,0.40922334299999996,4.285714285714286,0.21285134216885432,0.0038571428571428567,0.9083628950093756
AIXBT,SHORT,2025-06-30,2025-07-30,0.13015,0.13037,0.13005889499999998,0.130461259,4.285714285714286,-0.0030937061244447465,0.0038571428571428567,-0.017115883390477486
MELANIA,SHORT,2025-06-30,2025-07-30,0.20031,0.21891,0.200169783,0.21906323699999997,4.285714285714286,-0.09438714333821292,0.0038571428571428567,-0.40837347144948394
S,SHORT,2025-06-30,2025-07-30,0.31407,0.29499,0.313850151,0.29519649299999995,4.285714285714286,0.05943491803513605,0.0038571428571428567,0.2508639344362974
BNB,LONG,2025-07-01,2025-07-31,644.59,801.2,645.041213,800.6391600000001,4.285714285714286,0.24122171399922643,0.0038571428571428567,1.0299502028538277
SOL,LONG,2025-07-01,2025-07-31,145.94,177.82,146.042158,177.695526,4.285714285714286,0.21674130561669733,0.0038571428571428567,0.9250341669287028
BTC,LONG,2025-07-01,2025-07-31,105713.0,117704.0,105786.99909999999,117621.6072,4.285714285714286,0.11187204666627143,0.0038571428571428567,0.47559448571259183
PAXG,LONG,2025-07-01,2025-07-31,3343.0,3302.8,3345.3401,3300.48804,4.285714285714286,-0.0134073244152365,0.0038571428571428567,-0.061317104636727855
CAKE,LONG,2025-07-01,2025-07-31,2.2371,2.825,2.2386659699999996,2.8230225,4.285714285714286,0.2610289064250173,0.0038571428571428567,1.1148381703929313
OM,SHORT,2025-07-01,2025-07-31,0.19419,0.24788,0.194054067,0.24805351599999997,4.285714285714286,-0.2782701225220906,0.0038571428571428567,-1.196443382237531
W,SHORT,2025-07-01,2025-07-31,0.07026,0.08174,0.070210818,0.08179721799999999,4.285714285714286,-0.16502300258059943,0.0038571428571428567,-0.7110985824882833
SOPH,LONG,2025-07-02,2025-08-01,0.03342,0.039678,0.033443393999999994,0.039650225399999996,5.0,0.18559215012686817,0.0045,0.9234607506343409
ONDO,LONG,2025-07-02,2025-08-01,0.79207,0.90059,0.792624449,0.899959587,5.0,0.13541739487776014,0.0045,0.6725869743888008
BTC,LONG,2025-07-02,2025-08-01,109503.0,113781.0,109579.65209999999,113701.3533,5.0,0.03761374599217231,0.0045,0.18356872996086154
CRV,LONG,2025-07-02,2025-08-01,0.53027,0.89746,0.530641189,0.896831778,5.0,0.6900907743141665,0.0045,3.4459538715708327
OM,SHORT,2025-07-02,2025-08-01,0.21468,0.24017,0.214529724,0.240338119,5.0,-0.12030218712256388,0.0045,-0.6060109356128194
APT,SHORT,2025-07-02,2025-08-01,4.8014,4.2353,4.79803902,4.238264709999999,5.0,0.11666731088818881,0.0045,0.5788365544409441
MERL,LONG,2025-07-03,2025-08-02,0.097042,0.093811,0.09710992939999999,0.0937453323,5.0,-0.03464730250334207,0.0045,-0.17773651251671035
kBONK,LONG,2025-07-03,2025-08-02,0.016551,0.024293,0.0165625857,0.024275994899999997,5.0,0.46571286269631174,0.0045,2.3240643134815584
STX,LONG,2025-07-03,2025-08-02,0.69088,0.65669,0.691363616,0.656230317,5.0,-0.05081739650007841,0.0045,-0.2585869825003921
AIXBT,SHORT,2025-07-03,2025-08-02,0.12972,0.11212,0.129629196,0.11219848399999999,5.0,0.13446594237921536,0.0045,0.6678297118960769
MOODENG,SHORT,2025-07-03,2025-08-02,0.18776,0.15212,0.187628568,0.152226484,5.0,0.18868173635477514,0.0045,0.9389086817738758
JTO,SHORT,2025-07-03,2025-08-02,2.1418,1.6112,2.14030074,1.6123278399999998,5.0,0.2466816415715485,0.0045,1.2289082078577427
ADA,LONG,2025-07-04,2025-08-03,0.5674,0.72441,0.56779718,0.723902913,4.285714285714286,0.27493220906803373,0.0038571428571428567,1.174423753148716
SUI,LONG,2025-07-04,2025-08-03,2.8412,3.4376,2.84318884,3.4351936800000002,4.285714285714286,0.20821861413890483,0.0038571428571428567,0.8885083463095921
LINK,LONG,2025-07-04,2025-08-03,13.044,16.27,13.0531308,16.258611,4.285714285714286,0.2455717520274905,0.0038571428571428567,1.0485932229749593
BTC,LONG,2025-07-04,2025-08-03,107500.0,114340.0,107575.24999999999,114259.962,4.285714285714286,0.06213986953318738,0.0038571428571428567,0.2624565837136602
DOGE,LONG,2025-07-04,2025-08-03,0.16188,0.19926,0.16199331599999997,0.199120518,4.285714285714286,0.22918971545714906,0.0038571428571428567,0.978384494816353
SEI,SHORT,2025-07-04,2025-08-03,0.25989,0.27915,0.259708077,0.279345405,4.285714285714286,-0.07561308152922795,0.0038571428571428567,-0.32791320655383405
AIXBT,SHORT,2025-07-04,2025-08-03,0.12579,0.11918,0.125701947,0.11926342599999999,4.285714285714286,0.05122053519186951,0.0038571428571428567,0.2156594365365836
SOPH,LONG,2025-07-05,2025-08-04,0.03119,0.043369,0.031211832999999998,0.0433386417,4.285714285714286,0.38853241012791534,0.0038571428571428567,1.6612817576910657
BTC,LONG,2025-07-05,2025-08-04,107991.0,114907.0,108066.5937,114826.56509999999,4.285714285714286,0.0625537566101706,0.0038571428571428567,0.2642303854721597
PAXG,LONG,2025-07-05,2025-08-04,3343.6,3376.0,3345.9405199999997,3373.6367999999998,4.285714285714286,0.008277576912813776,0.0038571428571428567,0.031618186769201896
ONDO,LONG,2025-07-05,2025-08-04,0.76718,0.94375,0.7677170259999999,0.9430893749999999,4.285714285714286,0.22843358042185716,0.0038571428571428567,0.9751439160936735
OM,SHORT,2025-07-05,2025-08-04,0.20284,0.2562,0.20269801199999998,0.25637933999999996,4.285714285714286,-0.2648340132709342,0.0038571428571428567,-1.1388600568754321
MAV,SHORT,2025-07-05,2025-08-04,0.04115,0.04633,0.041121195,0.046362431,4.285714285714286,-0.12745826087982132,0.0038571428571428567,-0.5501068323420913
APT,SHORT,2025-07-05,2025-08-04,4.3562,4.2986,4.35315066,4.30160902,4.285714285714286,0.011840077228110443,0.0038571428571428567,0.04688604526333047
TRB,LONG,2025-07-06,2025-08-05,36.395,35.187,36.4204765,35.1623691,4.285714285714286,-0.03454395771016341,0.0038571428571428567,-0.1519026759007003
NEAR,LONG,2025-07-06,2025-08-05,2.1683,2.4385,2.1698178099999996,2.43679305,4.285714285714286,0.12304039480623506,0.0038571428571428567,0.5234588348838645
kFLOKI,LONG,2025-07-06,2025-08-05,0.084034,0.10307,0.0840928238,0.10299785099999999,4.285714285714286,0.22481142082899105,0.0038571428571428567,0.9596203749813902
kBONK,LONG,2025-07-06,2025-08-05,0.022214,0.024605,0.022229549799999998,0.0245877765,4.285714285714286,0.10608522085319068,0.0038571428571428567,0.4507938036565315
OM,SHORT,2025-07-06,2025-08-05,0.20723,0.24728,0.207084939,0.24745309599999998,4.285714285714286,-0.19493526277157214,0.0038571428571428567,-0.8392939833067378
MELANIA,SHORT,2025-07-06,2025-08-05,0.19692,0.20423,0.196782156,0.204372961,4.285714285714286,-0.038574661210643395,0.0038571428571428567,-0.16917711947418598
AIXBT,SHORT,2025-07-06,2025-08-05,0.13085,0.11359,0.130758405,0.11366951299999999,4.285714285714286,0.13069058161117833,0.0038571428571428567,0.5562453497621928
DOGE,LONG,2025-07-07,2025-08-06,0.16779,0.20551,0.16790745299999998,0.205366143,6.0,0.22309128827056904,0.0054,1.3331477296234142
kBONK,LONG,2025-07-07,2025-08-06,0.022533,0.024575,0.0225487731,0.0245577975,6.0,0.08909683871004051,0.0054,0.5291810322602432
JTO,SHORT,2025-07-07,2025-08-06,1.8416,1.6673,1.8403108799999999,1.66846711,6.0,0.09337757651033393,0.0054,0.5548654590620036
MAV,SHORT,2025-07-07,2025-08-06,0.039074,0.04492,0.0390466482,0.044951444,6.0,-0.1512241401555179,0.0054,-0.9127448409331075
MOVE,SHORT,2025-07-07,2025-08-06,0.15043,0.13128,0.150324699,0.131371896,6.0,0.1260791016119049,0.0054,0.7510746096714294
LINK,LONG,2025-07-08,2025-08-07,13.913,17.987,13.9227391,17.9744091,5.0,0.29101098360738514,0.0045,1.4505549180369257
CELO,LONG,2025-07-08,2025-08-07,0.29526,0.31713,0.295466682,0.316908009,5.0,0.0725676643297467,0.0045,0.3583383216487335
COMP,SHORT,2025-07-08,2025-08-07,41.16,47.102,41.131187999999995,47.13497139999999,5.0,-0.1459666907748932,0.0045,-0.7343334538744659
SEI,SHORT,2025-07-08,2025-08-07,0.26163,0.29924,0.261446859,0.299449468,5.0,-0.1453550030983544,0.0045,-0.7312750154917719
XAI,SHORT,2025-07-08,2025-08-07,0.05043,0.04967,0.050394699,0.049704768999999996,5.0,0.013690527251685842,0.0045,0.0639526362584292
W,SHORT,2025-07-08,2025-08-07,0.06581,0.08043,0.065763933,0.080486301,5.0,-0.2238669028508377,0.0045,-1.1238345142541886
ATOM,LONG,2025-07-09,2025-08-08,4.2415,4.5878,4.24446905,4.5845885399999995,5.0,0.08013239959895556,0.0045,0.3961619979947778
ETC,LONG,2025-07-09,2025-08-08,17.306,22.435,17.3181142,22.419295499999997,5.0,0.2945575506136804,0.0045,1.468287753068402
LINK,LONG,2025-07-09,2025-08-08,14.054,19.597,14.0638378,19.5832821,5.0,0.3924564815444616,0.0045,1.957782407722308
MOVE,SHORT,2025-07-09,2025-08-08,0.14553,0.1414,0.145428129,0.14149898,5.0,0.027017806163207897,0.0045,0.13058903081603948
OM,SHORT,2025-07-09,2025-08-08,0.20465,0.27842,0.204506745,0.278614894,5.0,-0.3623750844990468,0.0045,-1.816375422495234
AIXBT,SHORT,2025-07-09,2025-08-08,0.1367,0.12904,0.13660430999999998,0.129130328,5.0,0.05471263681211809,0.0045,0.26906318406059043
AVAX,LONG,2025-07-10,2025-08-09,19.837,24.486,19.850885899999998,24.4688598,4.285714285714286,0.2326331390580409,0.0038571428571428567,0.9931420245344609
ADA,LONG,2025-07-10,2025-08-09,0.65254,0.8162,0.652996778,0.81562866,4.285714285714286,0.2490546469434494,0.0038571428571428567,1.063519915471926
SAND,LONG,2025-07-10,2025-08-09,0.27616,0.30226,0.276353312,0.302048418,4.285714285714286,0.09297918600664343,0.0038571428571428567,0.3946250828856147
ALGO,LONG,2025-07-10,2025-08-09,0.2008,0.27401,0.20094056,0.273818193,4.285714285714286,0.3626825415436286,0.0038571428571428567,1.5504966066155512
AIXBT,SHORT,2025-07-10,2025-08-09,0.15078,0.13476,0.15067445399999999,0.134854332,4.285714285714286,0.1049953829598745,0.0038571428571428567,0.44612306982803357
MOVE,SHORT,2025-07-10,2025-08-09,0.14941,0.1423,0.14930541299999997,0.14239961,4.285714285714286,0.04625286425482753,0.0038571428571428567,0.1943694182349751
JTO,SHORT,2025-07-10,2025-08-09,1.8899,1.8784,1.8885770699999997,1.8797148799999999,4.285714285714286,0.004692522291398933,0.0038571428571428567,0.016253666963138284
SUI,LONG,2025-07-11,2025-08-10,3.4823,3.8804,3.48473761,3.87768372,3.75,0.11276203662289512,0.003375,0.41948263733585667
GALA,LONG,2025-07-11,2025-08-10,0.017773,0.017915,0.0177854411,0.0179024595,3.75,0.006579448850441971,0.003375,0.021297933189157393
ALGO,LONG,2025-07-11,2025-08-10,0.22909,0.26743,0.22925036299999996,0.267242799,3.75,0.1657246492560626,0.003375,0.6180924347102347
AVAX,LONG,2025-07-11,2025-08-10,21.296,23.959,21.3109072,23.942228699999998,3.75,0.1234729932097869,0.003375,0.45964872453670086
RENDER,LONG,2025-07-11,2025-08-10,3.7792,3.971,3.7818454399999997,3.9682203,3.75,0.04928145873671674,0.003375,0.1814304702626878
MOVE,SHORT,2025-07-11,2025-08-10,0.15605,0.14157,0.15594076499999998,0.141669099,3.75,0.09151978958164012,0.003375,0.3398242109311504
GMX,SHORT,2025-07-11,2025-08-10,13.19,18.407,13.180767,18.4198849,3.75,-0.3974820205834759,0.003375,-1.4939325771880345
AIXBT,SHORT,2025-07-11,2025-08-10,0.15821,0.13985,0.158099253,0.139947895,3.75,0.11480989097399472,0.003375,0.42716209115248016
ALGO,LONG,2025-07-12,2025-08-11,0.21777,0.25906,0.21792243899999997,0.258878658,6.0,0.18793943013826137,0.0054,1.1222365808295682
AVAX,LONG,2025-07-12,2025-08-11,20.747,23.496,20.7615229,23.479552799999997,6.0,0.13091669205056233,0.0054,0.780100152303374
ADA,LONG,2025-07-12,2025-08-11,0.70603,0.79352,0.706524221,0.7929645359999999,6.0,0.12234586222345509,0.0054,0.7286751733407305
MOVE,SHORT,2025-07-12,2025-08-11,0.14847,0.1404,0.148366071,0.14049827999999998,6.0,0.05302958383254628,0.0054,0.3127775029952777
INIT,SHORT,2025-07-12,2025-08-11,0.51362,0.43093,0.513260466,0.43123165099999994,6.0,0.15981907907163853,0.0054,0.9535144744298313
SAND,LONG,2025-07-13,2025-08-12,0.32052,0.2983,0.320744364,0.29809119,5.0,-0.07062688091379837,0.0045,-0.35763440456899187
ALGO,LONG,2025-07-13,2025-08-12,0.26495,0.27076,0.265135465,0.270570468,5.0,0.02049896644343673,0.0045,0.09799483221718364
SUI,LONG,2025-07-13,2025-08-12,3.5176,3.8576,3.5200623199999996,3.85489968,5.0,0.0951225658982084,0.0045,0.471112829491042
IP,SHORT,2025-07-13,2025-08-12,4.2829,5.7986,4.279901969999999,5.80265902,5.0,-0.3557925066213611,0.0045,-1.7834625331068052
W,SHORT,2025-07-13,2025-08-12,0.08116,0.08761,0.08110318799999999,0.087671327,5.0,-0.08098496695345689,0.0045,-0.4094248347672845
MAV,SHORT,2025-07-13,2025-08-12,0.046415,0.06052,0.046382509499999995,0.060562363999999994,5.0,-0.3057155521091415,0.0045,-1.5330777605457073
RENDER,LONG,2025-07-14,2025-08-13,3.719,4.149,3.7216032999999995,4.1460957,6.0,0.11406170023548738,0.0054,0.6789702014129243
BTC,LONG,2025-07-14,2025-08-13,119742.0,121701.0,119825.8194,121615.8093,6.0,0.014938265467016707,0.0054,0.08422959280210024
AVAX,LONG,2025-07-14,2025-08-13,21.189,25.116,21.2038323,25.098418799999997,6.0,0.18367370788911586,0.0054,1.096642247334695
MOVE,SHORT,2025-07-14,2025-08-13,0.14708,0.14448,0.14697704399999997,0.144581136,6.0,0.016301239532344757,0.0054,0.09240743719406853
INIT,SHORT,2025-07-14,2025-08-13,0.5025,0.47253,0.50214825,0.47286077099999996,6.0,0.05832436735565644,0.0054,0.3445462041339386
BTC,LONG,2025-07-15,2025-08-14,116776.0,118125.0,116857.7432,118042.3125,3.75,0.010136849023112085,0.003375,0.03463818383667032
SUI,LONG,2025-07-15,2025-08-14,3.9929,3.7535,3.99569503,3.7508725499999995,3.75,-0.061271563060206896,0.003375,-0.23314336147577586
RENDER,LONG,2025-07-15,2025-08-14,3.8546,3.8153,3.8572982199999997,3.81262929,3.75,-0.011580367255088675,0.003375,-0.046801377206582534
SOL,LONG,2025-07-15,2025-08-14,161.91,193.69,162.023337,193.554417,3.75,0.19460826189501332,0.003375,0.7264059821062999
AVAX,LONG,2025-07-15,2025-08-14,21.382,23.6,21.3969674,23.58348,3.75,0.10218796706677229,0.003375,0.37982987650039607
INIT,SHORT,2025-07-15,2025-08-14,0.48613,0.42202,0.485789709,0.422315414,3.75,0.13066208242793387,0.003375,0.486607809104752
MOVE,SHORT,2025-07-15,2025-08-14,0.14829,0.13363,0.148186197,0.133723541,3.75,0.0975978619655108,0.003375,0.3626169823706655
JTO,SHORT,2025-07-15,2025-08-14,1.8745,1.8068,1.87318785,1.8080647599999997,3.75,0.03476591522841683,0.003375,0.1269971821065631
SUI,LONG,2025-07-16,2025-08-15,4.0103,3.6595,4.013107209999999,3.65693835,5.0,-0.08875139420957547,0.0045,-0.4482569710478773
AVAX,LONG,2025-07-16,2025-08-15,22.576,23.62,22.591803199999998,23.603466,5.0,0.044780082007796686,0.0045,0.21940041003898342
RENDER,LONG,2025-07-16,2025-08-15,4.0646,3.7645,4.06744522,3.76186485,5.0,-0.07512833080023631,0.0045,-0.38014165400118155
MELANIA,SHORT,2025-07-16,2025-08-15,0.25315,0.20485,0.252972795,0.204993395,5.0,0.1896622915519433,0.0045,0.9438114577597165
MOVE,SHORT,2025-07-16,2025-08-15,0.1573,0.1333,0.15718989,0.13339331,5.0,0.1513874715479476,0.0045,0.7524373577397381
JTO,SHORT,2025-07-16,2025-08-15,1.9901,1.7238,1.98870693,1.7250066599999998,5.0,0.13259885909886188,0.0045,0.6584942954943094
RENDER,LONG,2025-07-17,2025-08-16,4.1046,3.9079,4.107473219999999,3.90516447,5.0,-0.049253820819798164,0.0045,-0.25076910409899084
NEAR,LONG,2025-07-17,2025-08-16,2.8011,2.7341,2.8030607699999996,2.73218613,5.0,-0.02528473187543471,0.0045,-0.13092365937717354
kBONK,LONG,2025-07-17,2025-08-16,0.036143,0.024179,0.0361683001,0.024162074699999998,5.0,-0.33195437349293627,0.0045,-1.6642718674646813
MOVE,SHORT,2025-07-17,2025-08-16,0.15417,0.13759,0.154062081,0.13768631299999998,5.0,0.1062933065275161,0.0045,0.5269665326375805
JTO,SHORT,2025-07-17,2025-08-16,1.9246,1.7698,1.92325278,1.77103886,5.0,0.07914400102933952,0.0045,0.3912200051466976
MELANIA,SHORT,2025-07-17,2025-08-16,0.24218,0.21247,0.242010474,0.21261872899999998,5.0,0.12144823533546745,0.0045,0.6027411766773373
ADA,LONG,2025-07-18,2025-08-17,0.82131,0.95372,0.8218849169999999,0.953052396,4.285714285714286,0.15959348600626547,0.0038571428571428567,0.6801149400268519
RUNE,LONG,2025-07-18,2025-08-17,1.6329,1.3706,1.63404303,1.36964058,4.285714285714286,-0.1618087438003392,0.0038571428571428567,-0.6973231877157394
RENDER,LONG,2025-07-18,2025-08-17,4.065,3.9797,4.0678455,3.9769142099999994,4.285714285714286,-0.022353673461787165,0.0038571428571428567,-0.09965860055051641
AVAX,LONG,2025-07-18,2025-08-17,23.769,25.182,23.785638299999995,25.164372599999997,4.285714285714286,0.05796499058005106,0.0038571428571428567,0.24456424534307594
SEI,SHORT,2025-07-18,2025-08-17,0.35053,0.34461,0.350284629,0.344851227,4.285714285714286,0.015511391451892773,0.0038571428571428567,0.06262024907954046
MOVE,SHORT,2025-07-18,2025-08-17,0.16058,0.13776,0.160467594,0.13785643199999997,4.285714285714286,0.1409079642585033,0.0038571428571428567,0.6000341325364427
JTO,SHORT,2025-07-18,2025-08-17,1.9357,1.7765,1.93434501,1.7777435499999998,4.285714285714286,0.08095839118172621,0.0038571428571428567,0.3431073907788266
ADA,LONG,2025-07-19,2025-08-18,0.82305,0.9229,0.8236261349999999,0.92225397,5.0,0.11974830667557686,0.0045,0.5942415333778843
AVAX,LONG,2025-07-19,2025-08-18,24.372,23.853,24.389060399999998,23.8363029,5.0,-0.022664157246500505,0.0045,-0.11782078623250253
RENDER,LONG,2025-07-19,2025-08-18,4.0962,3.786,4.0990673399999995,3.7833498,5.0,-0.07702179881728893,0.0045,-0.38960899408644467
RUNE,LONG,2025-07-19,2025-08-18,1.6237,1.3346,1.6248365899999997,1.33366578,5.0,-0.1792000572808369,0.0045,-0.9005002864041844
MOVE,SHORT,2025-07-19,2025-08-18,0.15994,0.13236,0.159828042,0.132452652,5.0,0.17128026882791944,0.0045,0.8519013441395973
SEI,SHORT,2025-07-19,2025-08-18,0.34799,0.33195,0.34774640700000004,0.332182365,5.0,0.04475687364902106,0.0045,0.2192843682451053
ATOM,LONG,2025-07-20,2025-08-19,5.2546,4.3022,5.258278219999999,4.29918846,4.285714285714286,-0.1823961608482557,0.0038571428571428567,-0.785554975063953
AVAX,LONG,2025-07-20,2025-08-19,25.247,22.464,25.264672899999997,22.448275199999998,4.285714285714286,-0.11147572387529307,0.0038571428571428567,-0.4816102451798274
NEO,LONG,2025-07-20,2025-08-19,7.706,5.8751,7.7113942,5.87098743,4.285714285714286,-0.23866070418239033,0.0038571428571428567,-1.0266887322102443
BNB,LONG,2025-07-20,2025-08-19,750.5,827.34,751.0253499999999,826.760862,4.285714285714286,0.10084281708999583,0.0038571428571428567,0.428326358957125
HYPER,SHORT,2025-07-20,2025-08-19,0.35668,0.31533,0.35643032399999997,0.315550731,4.285714285714286,0.114691680946877,0.0038571428571428567,0.48767863262947286
JTO,SHORT,2025-07-20,2025-08-19,2.0618,1.6249,2.0603567399999996,1.6260374299999998,4.285714285714286,0.21079811159304376,0.0038571428571428567,0.8995633353987589
MOVE,SHORT,2025-07-20,2025-08-19,0.17066,0.12736,0.170540538,0.12744915199999998,4.285714285714286,0.25267532579262775,0.0038571428571428567,1.0790371105398333
GMT,LONG,2025-07-21,2025-08-20,0.057484,0.04208,0.057524238799999995,0.042050543999999995,4.285714285714286,-0.2689943426074506,0.0038571428571428567,-1.1566900397462168
STX,LONG,2025-07-21,2025-08-20,0.87898,0.66917,0.8795952859999999,0.668701581,4.285714285714286,-0.23976220468284767,0.0038571428571428567,-1.0314094486407757
SAND,LONG,2025-07-21,2025-08-20,0.34267,0.28062,0.3429098689999999,0.28042356599999996,4.285714285714286,-0.18222369388849516,0.0038571428571428567,-0.7848158309506935
RENDER,LONG,2025-07-21,2025-08-20,4.5446,3.6673,4.547781219999999,3.66473289,4.285714285714286,-0.1941712424767873,0.0038571428571428567,-0.8360196106148027
HYPER,SHORT,2025-07-21,2025-08-20,0.34679,0.36169,0.346547247,0.361943183,4.285714285714286,-0.044426657932734925,0.0038571428571428567,-0.19425710542600683
JTO,SHORT,2025-07-21,2025-08-20,2.1319,1.7047,2.13040767,1.70589329,4.285714285714286,0.199264387740399,0.0038571428571428567,0.8501330903159957
MELANIA,SHORT,2025-07-21,2025-08-20,0.25835,0.20857,0.25816915500000004,0.20871599899999999,4.285714285714286,0.19155330930219006,0.0038571428571428567,0.8170856112951002
GMT,LONG,2025-07-22,2025-08-21,0.057145,0.041485,0.0571850015,0.0414559605,3.3333333333333335,-0.27505535695404326,0.003,-0.9198511898468109
AVAX,LONG,2025-07-22,2025-08-21,25.284,23.001,25.301698799999997,22.984899300000002,3.3333333333333335,-0.09156695438963945,0.003,-0.30822318129879817
NEAR,LONG,2025-07-22,2025-08-21,2.9863,2.4674,2.9883904099999996,2.46567282,3.3333333333333335,-0.17491609806096242,0.003,-0.5860536602032081
RENDER,LONG,2025-07-22,2025-08-21,4.4631,3.5608,4.466224169999999,3.5583074399999997,3.3333333333333335,-0.2032850782767583,0.003,-0.6806169275891943
ADA,LONG,2025-07-22,2025-08-21,0.88984,0.8644,0.8904628879999998,0.8637949199999999,3.3333333333333335,-0.029948432842492517,0.003,-0.10282810947497506
MOVE,SHORT,2025-07-22,2025-08-21,0.18323,0.12755,0.18310173899999999,0.127639285,3.3333333333333335,0.3029051187766163,0.003,1.0066837292553878
JTO,SHORT,2025-07-22,2025-08-21,2.1831,1.7463,2.1815718299999998,1.7475224099999997,3.3333333333333335,0.198961782523567,0.003,0.6602059417452234
MELANIA,SHORT,2025-07-22,2025-08-21,0.24667,0.20613,0.246497331,0.206274291,3.3333333333333335,0.16317839968823025,0.003,0.5409279989607675
INIT,SHORT,2025-07-22,2025-08-21,0.4811,0.36277,0.48076323,0.36302393899999996,3.3333333333333335,0.24490078203360108,0.003,0.8133359401120036
SOL,LONG,2025-07-23,2025-08-22,190.47,196.9,190.60332899999997,196.76217,4.285714285714286,0.032312347493154356,0.0038571428571428567,0.13462434639923293
GMT,LONG,2025-07-23,2025-08-22,0.052564,0.044223,0.052600794799999996,0.0441920439,4.285714285714286,-0.15985976888699024,0.0038571428571428567,-0.688970438087101
AVAX,LONG,2025-07-23,2025-08-22,24.056,24.978,24.0728392,24.960515400000002,4.285714285714286,0.03687459516615727,0.0038571428571428567,0.1541768364263883
BNB,LONG,2025-07-23,2025-08-22,776.79,892.73,777.3337529999999,892.105089,4.285714285714286,0.14764743658313798,0.0038571428571428567,0.6289175853563056
SEI,SHORT,2025-07-23,2025-08-22,0.33134,0.32313,0.33110806200000004,0.32335619099999996,4.285714285714286,0.02341190653340261,0.0038571428571428567,0.09647959942886833
HYPER,SHORT,2025-07-23,2025-08-22,0.40734,0.33912,0.40705486199999996,0.33935738399999993,4.285714285714286,0.1663104517837697,0.0038571428571428567,0.7089019362161558
MOVE,SHORT,2025-07-23,2025-08-22,0.17008,0.13485,0.169960944,0.134944395,4.285714285714286,0.2060270328929216,0.0038571428571428567,0.8791158552553782
BNB,LONG,2025-07-24,2025-08-23,782.07,882.46,782.617449,881.842278,6.0,0.12678586342124862,0.0054,0.7553151805274917
AVAX,LONG,2025-07-24,2025-08-23,24.234,25.882,24.2509638,25.8638826,6.0,0.06650947208951749,0.0054,0.39365683253710493
ONDO,LONG,2025-07-24,2025-08-23,1.0703,1.0034,1.07104921,1.00269762,6.0,-0.06381741320737262,0.0054,-0.3883044792442358
HYPER,SHORT,2025-07-24,2025-08-23,0.43066,0.32705,0.43035853799999996,0.327278935,6.0,0.2395202927285713,0.0054,1.4317217563714277
kNEIRO,SHORT,2025-07-24,2025-08-23,0.46031,0.40205,0.459987783,0.402331435,6.0,0.12534321590884506,0.0054,0.7466592954530704
BNB,LONG,2025-07-25,2025-08-24,776.36,880.07,776.9034519999999,879.4539510000001,4.285714285714286,0.1319990260514381,0.0038571428571428567,0.5618529687918775
TRX,LONG,2025-07-25,2025-08-24,0.31648,0.3679,0.31670153599999995,0.36764247,4.285714285714286,0.16084839575896487,0.0038571428571428567,0.685493124681278
SUI,LONG,2025-07-25,2025-08-24,3.7946,3.7947,3.7972562199999995,3.79204371,4.285714285714286,-0.0013727043154331414,0.0038571428571428567,-0.009740161351856319
NEAR,LONG,2025-07-25,2025-08-24,2.7314,2.7619,2.7333119799999994,2.75996667,4.285714285714286,0.009751792036560873,0.0038571428571428567,0.03793625158526088
kNEIRO,SHORT,2025-07-25,2025-08-24,0.4488,0.40623,0.44848583999999997,0.40651436099999994,4.285714285714286,0.09358484762863424,0.0038571428571428567,0.3972207755512896
HYPER,SHORT,2025-07-25,2025-08-24,0.51522,0.32991,0.5148593459999999,0.33014093699999997,4.285714285714286,0.3587745088733419,0.0038571428571428567,1.5337478951714654
SEI,SHORT,2025-07-25,2025-08-24,0.32018,0.32354,0.31995587400000003,0.32376647799999997,4.285714285714286,-0.011909779784195927,0.0038571428571428567,-0.05489905621798254
STX,LONG,2025-07-26,2025-08-25,0.81618,0.64156,0.816751326,0.641110908,3.75,-0.21504760679139684,0.003375,-0.8098035254677382
SUI,LONG,2025-07-26,2025-08-25,4.1965,3.4432,4.19943755,3.44078976,3.75,-0.18065461885485115,0.003375,-0.6808298207056919
CAKE,LONG,2025-07-26,2025-08-25,2.7816,2.622,2.7835471199999997,2.6201646,3.75,-0.05869579818717058,0.003375,-0.22348424320188967
NEAR,LONG,2025-07-26,2025-08-25,2.9173,2.4627,2.9193421099999997,2.46097611,3.75,-0.15701003264738983,0.003375,-0.5921626224277119
HYPER,SHORT,2025-07-26,2025-08-25,0.49428,0.30218,0.493934004,0.30239152599999997,3.75,0.38778961652536886,0.003375,1.4508360619701333
KAITO,SHORT,2025-07-26,2025-08-25,1.3606,1.0294,1.35964758,1.03012058,3.75,0.2423620685589718,0.003375,0.9054827570961442
BABY,SHORT,2025-07-26,2025-08-25,0.060998,0.047571,0.060955301399999995,0.0476042997,3.75,0.2190293771560286,0.003375,0.8179851643351073
MELANIA,SHORT,2025-07-26,2025-08-25,0.24085,0.19017,0.240681405,0.190303119,3.75,0.20931523978763544,0.003375,0.781557149203633
AVAX,LONG,2025-07-27,2025-08-26,25.462,23.911,25.479823399999997,23.8942623,4.285714285714286,-0.06222810398285556,0.0038571428571428567,-0.27054901706938095
INJ,LONG,2025-07-27,2025-08-26,15.385,13.345,15.395769499999998,13.335658500000001,4.285714285714286,-0.13381020026313056,0.0038571428571428567,-0.577329429699131
SUI,LONG,2025-07-27,2025-08-26,4.3586,3.4279,4.36165102,3.4255004700000002,4.285714285714286,-0.21463215321614607,0.0038571428571428567,-0.9237092280691974
SAND,LONG,2025-07-27,2025-08-26,0.31776,0.27907,0.317982432,0.278874651,4.285714285714286,-0.12298723786098979,0.0038571428571428567,-0.5309453051185277
kNEIRO,SHORT,2025-07-27,2025-08-26,0.47326,0.35783,0.47292871799999997,0.35808048099999995,4.285714285714286,0.24284470921049042,0.0038571428571428567,1.0369058966163875
KAITO,SHORT,2025-07-27,2025-08-26,1.3586,1.0574,1.35764898,1.0581401799999999,4.285714285714286,0.22060842265723216,0.0038571428571428567,0.9416075256738521
NXPC,SHORT,2025-07-27,2025-08-26,1.0646,0.72057,1.06385478,0.721074399,4.285714285714286,0.32220598849027116,0.0038571428571428567,1.377025664958305
BNB,LONG,2025-07-28,2025-08-27,830.64,862.87,831.2214479999999,862.265991,3.3333333333333335,0.03734810148931587,0.003,0.12149367163105289
LINK,LONG,2025-07-28,2025-08-27,18.206,24.286,18.2187442,24.2689998,3.3333333333333335,0.3320896069225232,0.003,1.1039653564084109
CAKE,LONG,2025-07-28,2025-08-27,2.9885,2.6192,2.9905919499999998,2.6173665600000002,3.3333333333333335,-0.12479983770437139,0.003,-0.4189994590145713
STX,LONG,2025-07-28,2025-08-27,0.79675,0.64839,0.7973077249999999,0.647936127,3.3333333333333335,-0.18734497774996461,0.003,-0.6274832591665488
MOVE,SHORT,2025-07-28,2025-08-27,0.14545,0.1232,0.145348185,0.12328623999999999,3.3333333333333335,0.1517868626980103,0.003,0.5029562089933677
LAUNCHCOIN,SHORT,2025-07-28,2025-08-27,0.0875,0.052316,0.08743875,0.0523526212,3.3333333333333335,0.40126521479321237,0.003,1.3345507159773746
BABY,SHORT,2025-07-28,2025-08-27,0.057007,0.049362,0.056967095100000004,0.0493965534,3.3333333333333335,0.13289323752090007,0.003,0.43997745840300023
VIRTUAL,SHORT,2025-07-28,2025-08-27,1.4622,1.1741,1.46117646,1.17492187,3.3333333333333335,0.19590692694296485,0.003,0.6500230898098829
KAITO,SHORT,2025-07-28,2025-08-27,1.295,1.0742,1.2940934999999998,1.07495194,3.3333333333333335,0.16933981972709064,0.003,0.5614660657569688
AVAX,LONG,2025-07-29,2025-08-28,24.236,24.426,24.2529652,24.4089018,4.285714285714286,0.006429589071442713,0.0038571428571428567,0.023698238877611626
BNB,LONG,2025-07-29,2025-08-28,808.05,870.7,808.6156349999999,870.09051,4.285714285714286,0.0760248408998425,0.0038571428571428567,0.3219636038564679
ATOM,LONG,2025-07-29,2025-08-28,4.586,4.6378,4.5892102,4.634553540000001,4.285714285714286,0.009880423433208727,0.0038571428571428567,0.03848752899946597
ADA,LONG,2025-07-29,2025-08-28,0.78266,0.85339,0.7832078619999999,0.8527926269999999,4.285714285714286,0.08884584588094954,0.0038571428571428567,0.3769107680612123
TRX,LONG,2025-07-29,2025-08-28,0.337,0.3427,0.3372359,0.34246011,4.285714285714286,0.01549126294086723,0.0038571428571428567,0.06253398403228813
MORPHO,SHORT,2025-07-29,2025-08-28,1.7857,2.1442,1.78445001,2.14570094,4.285714285714286,-0.20244384991205203,0.0038571428571428567,-0.871473642480223
kNEIRO,SHORT,2025-07-29,2025-08-28,0.42314,0.36124,0.422843802,0.36149286799999997,4.285714285714286,0.14509124577401283,0.0038571428571428567,0.6179624818886263
TRX,LONG,2025-07-30,2025-08-29,0.32427,0.33605,0.32449698899999996,0.335814765,3.75,0.03487790760363591,0.003375,0.12741715351363467
IOTA,LONG,2025-07-30,2025-08-29,0.19679,0.18889,0.19692775299999998,0.188757777,3.75,-0.04148717423287715,0.003375,-0.1589519033732893
GMT,LONG,2025-07-30,2025-08-29,0.046124,0.040969,0.046156286799999995,0.0409403217,3.75,-0.11300660130225203,0.003375,-0.42714975488344514
kNEIRO,SHORT,2025-07-30,2025-08-29,0.41959,0.33725,0.419296287,0.33748607499999994,3.75,0.1951131324947794,0.003375,0.7282992468554228
VINE,SHORT,2025-07-30,2025-08-29,0.11265,0.067606,0.112571145,0.06765332419999999,3.75,0.3990171797577435,0.003375,1.4929394240915381
HYPER,SHORT,2025-07-30,2025-08-29,0.43569,0.30389,0.435385017,0.30410272299999996,3.75,0.3015314925272222,0.003375,1.1273680969770834
VVV,SHORT,2025-07-30,2025-08-29,2.9512,2.8099,2.94913416,2.8118669299999994,3.75,0.04654492557910638,0.003375,0.17116847092164894
KAITO,SHORT,2025-07-30,2025-08-29,1.2222,1.04,1.2213444599999999,1.0407279999999999,3.75,0.1478833088578467,0.003375,0.5511874082169251
BTC,LONG,2025-07-31,2025-08-30,117704.0,108745.0,117786.39279999999,108668.87849999999,7.5,-0.07740719520531913,0.00675,-0.5873039640398936
BNB,LONG,2025-07-31,2025-08-30,801.2,858.83,801.76084,858.228819,7.5,0.07042995389996849,0.00675,0.5214746542497637
VINE,SHORT,2025-07-31,2025-08-30,0.10073,0.068898,0.10065948899999999,0.06894622859999999,7.5,0.31505485190770244,0.00675,2.3561613893077684
kNEIRO,SHORT,2025-07-31,2025-08-30,0.41968,0.35402,0.419386224,0.35426781399999996,7.5,0.15527074155874043,0.00675,1.1577805616905532
BTC,LONG,2025-08-01,2025-08-31,113781.0,109141.0,113860.6467,109064.6013,15.0,-0.04212206358388796,0.0135,-0.6453309537583194
kNEIRO,SHORT,2025-08-01,2025-08-31,0.38713,0.35435,0.386859009,0.354598045,15.0,0.083392045291622,0.0135,1.23738067937433
ATOM,LONG,2025-08-02,2025-09-01,4.0246,4.416,4.02741722,4.4129088,7.5,0.09571682270355888,0.00675,0.7111261702766916
kLUNC,LONG,2025-08-02,2025-09-01,0.055817,0.058132,0.05585607189999999,0.0580913076,7.5,0.040017774683507805,0.00675,0.2933833101263086
MEME,SHORT,2025-08-02,2025-09-01,0.001763,0.002558,0.0017617658999999999,0.0025597906,7.5,-0.45296863788770125,0.00675,-3.4040147841577593
VINE,SHORT,2025-08-02,2025-09-01,0.068,0.064282,0.0679524,0.0643269974,7.5,0.05335209058105371,0.00675,0.39339067935790284
BRETT,LONG,2025-08-03,2025-09-02,0.052298,0.045262,0.05233460859999999,0.045230316599999994,10.0,-0.13574749463207028,0.009,-1.3664749463207027
CFX,SHORT,2025-08-03,2025-09-02,0.21491,0.17398,0.214759563,0.17410178599999998,10.0,0.18931765567058828,0.009,1.8841765567058828
HYPER,SHORT,2025-08-03,2025-09-02,0.39073,0.28995,0.390456489,0.290152965,10.0,0.2568878398125432,0.009,2.559878398125432
BNB,LONG,2025-08-04,2025-09-03,763.44,858.33,763.974408,857.729169,4.285714285714286,0.12271976655008568,0.0038571428571428567,0.5220847137860815
ATOM,LONG,2025-08-04,2025-09-03,4.2488,4.5136,4.25177416,4.51044048,4.285714285714286,0.0608372670480691,0.0038571428571428567,0.25687400163458185
LINK,LONG,2025-08-04,2025-09-03,16.912,23.719,16.923838399999998,23.7023967,4.285714285714286,0.40053314973747356,0.0038571428571428567,1.7127134988748867
FARTCOIN,SHORT,2025-08-04,2025-09-03,0.95396,0.79973,0.953292228,0.800289811,4.285714285714286,0.16049896611556141,0.0038571428571428567,0.6839955690666917
KAITO,SHORT,2025-08-04,2025-09-03,1.1496,1.0482,1.1487952799999999,1.0489337399999998,4.285714285714286,0.08692718514651282,0.0038571428571428567,0.3686879363421978
AIXBT,SHORT,2025-08-04,2025-09-03,0.12234,0.10599,0.122254362,0.10606419299999999,4.285714285714286,0.13243019500604827,0.0038571428571428567,0.5637008357402068
REZ,SHORT,2025-08-04,2025-09-03,0.012853,0.011721,0.0128440029,0.011729204699999999,4.285714285714286,0.08679523110353712,0.0038571428571428567,0.36812241901515913
ADA,LONG,2025-08-05,2025-09-04,0.72477,0.80482,0.725277339,0.8042566259999999,5.0,0.10889529115702855,0.0045,0.5399764557851428
MNT,LONG,2025-08-05,2025-09-04,0.93578,1.1392,0.9364350459999998,1.1384025599999998,5.0,0.21567701343804688,0.0045,1.0738850671902345
SOL,LONG,2025-08-05,2025-09-04,163.96,203.06,164.074772,202.917858,5.0,0.2367401491802774,0.0045,1.179200745901387
FARTCOIN,SHORT,2025-08-05,2025-09-04,0.9401,0.7456,0.93944193,0.74612192,5.0,0.20578175598357631,0.0045,1.0244087799178816
REZ,SHORT,2025-08-05,2025-09-04,0.01218,0.010832,0.012171474,0.010839582399999999,5.0,0.10942730518916617,0.0045,0.5426365259458309
KAITO,SHORT,2025-08-05,2025-09-04,1.1029,0.97382,1.10212797,0.974501674,5.0,0.11579988846485766,0.0045,0.5744994423242883
MNT,LONG,2025-08-06,2025-09-05,0.87571,1.1713,0.8763229969999999,1.1704800899999999,5.0,0.33567199994410274,0.0045,1.6738599997205137
TRX,LONG,2025-08-06,2025-09-05,0.33435,0.3317,0.33458404499999994,0.33146781,5.0,-0.009313758520672939,0.0045,-0.05106879260336469
BNB,LONG,2025-08-06,2025-09-05,772.92,850.33,773.4610439999999,849.734769,5.0,0.09861353146571676,0.0045,0.4885676573285838
FARTCOIN,SHORT,2025-08-06,2025-09-05,0.9559,0.74321,0.95523087,0.743730247,5.0,0.22141309461659248,0.0045,1.1025654730829624
MEME,SHORT,2025-08-06,2025-09-05,0.001669,0.002484,0.0016678316999999998,0.0024857387999999998,5.0,-0.49040145957173015,0.0045,-2.456507297858651
VINE,SHORT,2025-08-06,2025-09-05,0.070138,0.063552,0.0700889034,0.0635964864,5.0,0.09263116820286847,0.0045,0.45865584101434237
ATOM,LONG,2025-08-07,2025-09-06,4.3529,4.3858,4.355947029999999,4.38272994,5.0,0.0061485848692702195,0.0045,0.026242924346351098
SNX,LONG,2025-08-07,2025-09-06,0.60621,0.66163,0.606634347,0.661166859,5.0,0.08989354504848057,0.0045,0.44496772524240286
BNB,LONG,2025-08-07,2025-09-06,778.18,859.09,778.7247259999999,858.488637,5.0,0.10242889218339797,0.0045,0.5076444609169899
kSHIB,LONG,2025-08-07,2025-09-06,0.012522,0.012241,0.0125307654,0.012232431299999999,5.0,-0.023808130666942373,0.0045,-0.12354065333471187
KAITO,SHORT,2025-08-07,2025-09-06,1.1233,0.98412,1.12251369,0.9848088839999999,5.0,0.12267539115714485,0.0045,0.6088769557857243
LAUNCHCOIN,SHORT,2025-08-07,2025-09-06,0.081582,0.070981,0.0815248926,0.0710306867,5.0,0.12872394633488912,0.0045,0.6391197316744457
INJ,LONG,2025-08-08,2025-09-07,14.204,12.922,14.2139428,12.9129546,3.3333333333333335,-0.09152901614321954,0.003,-0.3080967204773985
NEAR,LONG,2025-08-08,2025-09-07,2.7127,2.4531,2.7145988899999995,2.45138283,3.3333333333333335,-0.09696315023542929,0.003,-0.3262105007847643
ADA,LONG,2025-08-08,2025-09-07,0.7938,0.82568,0.7943556599999999,0.825102024,3.3333333333333335,0.03870604258047344,0.003,0.12602014193491148
LINK,LONG,2025-08-08,2025-09-07,19.597,22.169,19.6107179,22.1534817,3.3333333333333335,0.12966194368641645,0.003,0.4292064789547215
VINE,SHORT,2025-08-08,2025-09-07,0.066434,0.064354,0.0663874962,0.06439904779999998,3.3333333333333335,0.029952152345218627,0.003,0.09684050781739542
LAUNCHCOIN,SHORT,2025-08-08,2025-09-07,0.082174,0.07332,0.0821164782,0.07337132399999999,3.3333333333333335,0.10649694667494895,0.003,0.35198982224982983
FARTCOIN,SHORT,2025-08-08,2025-09-07,1.0372,0.73702,1.03647396,0.737535914,3.3333333333333335,0.2884182888685404,0.003,0.958394296228468
CHILLGUY,SHORT,2025-08-08,2025-09-07,0.056795,0.044158,0.0567552435,0.0441889106,3.3333333333333335,0.22141272109950508,0.003,0.7350424036650169
AIXBT,SHORT,2025-08-08,2025-09-07,0.12904,0.10704,0.128949672,0.10711492799999998,3.3333333333333335,0.16932764280315507,0.003,0.561425476010517
kSHIB,LONG,2025-08-09,2025-09-08,0.01385,0.012937,0.013859694999999998,0.0129279441,3.75,-0.06722737405116047,0.003375,-0.2554776526918518
BNB,LONG,2025-08-09,2025-09-08,805.98,879.91,806.544186,879.2940629999999,3.75,0.09019949342242232,0.003375,0.3348731003340837
ATOM,LONG,2025-08-09,2025-09-08,4.7432,4.5824,4.74652024,4.57919232,3.75,-0.03525275602743452,0.003375,-0.13557283510287946
FIL,LONG,2025-08-09,2025-09-08,2.6365,2.4467,2.6383455499999995,2.4449873099999997,3.75,-0.07328768591362107,0.003375,-0.27820382217607903
FARTCOIN,SHORT,2025-08-09,2025-09-08,1.0979,0.81774,1.09713147,0.818312418,3.75,0.2541345860765439,0.003375,0.9496296977870395
VINE,SHORT,2025-08-09,2025-09-08,0.069494,0.070188,0.0694453542,0.07023713159999999,3.75,-0.011401445195595028,0.003375,-0.04613041948348136
VIRTUAL,SHORT,2025-08-09,2025-09-08,1.427,1.2733,1.4260011,1.27419131,3.75,0.10645839614008709,0.003375,0.39584398552532657
INIT,SHORT,2025-08-09,2025-09-08,0.4611,0.36347,0.46077723,0.36372442899999996,3.75,0.21062846573386454,0.003375,0.786481746501992
FIL,LONG,2025-08-10,2025-09-09,2.6231,2.4399,2.62493617,2.43819207,4.285714285714286,-0.07114233943448608,0.0038571428571428567,-0.30875288329065464
LINK,LONG,2025-08-10,2025-09-09,22.253,23.007,22.268577099999998,22.9908951,4.285714285714286,0.03243664814129509,0.0038571428571428567,0.13515706346269324
BNB,LONG,2025-08-10,2025-09-09,802.48,875.27,803.0417359999999,874.6573109999999,4.285714285714286,0.08918038974751374,0.0038571428571428567,0.3783445274893446
kSHIB,LONG,2025-08-10,2025-09-09,0.013646,0.012832,0.013655552199999999,0.012823017599999998,4.285714285714286,-0.06096674728393631,0.0038571428571428567,-0.2651432026454413
LAUNCHCOIN,SHORT,2025-08-10,2025-09-09,0.07783,0.083989,0.07777551899999999,0.0840477923,4.285714285714286,-0.08064585592800746,0.0038571428571428567,-0.34948223969146053
FARTCOIN,SHORT,2025-08-10,2025-09-09,1.0905,0.83241,1.08973665,0.832992687,4.285714285714286,0.2356018428856184,0.0038571428571428567,1.0058650409383645
INIT,SHORT,2025-08-10,2025-09-09,0.45064,0.35758,0.450324552,0.357830306,4.285714285714286,0.20539463280252152,0.0038571428571428567,0.8764055691536635
IOTA,LONG,2025-08-11,2025-09-10,0.20454,0.1945,0.204683178,0.19436385,4.285714285714286,-0.05041610209902051,0.0038571428571428567,-0.21992615185294506
SOL,LONG,2025-08-11,2025-09-10,178.26,222.91,178.38478199999997,222.753963,4.285714285714286,0.24872738864013655,0.0038571428571428567,1.0621173798862995
STX,LONG,2025-08-11,2025-09-10,0.74247,0.65482,0.7429897289999999,0.6543616259999999,4.285714285714286,-0.11928577144570462,0.0038571428571428567,-0.5150818776244485
ZEN,LONG,2025-08-11,2025-09-10,8.2877,7.4849,8.29350139,7.479660569999999,4.285714285714286,-0.09812994316023142,0.0038571428571428567,-0.4244140421152775
FXS,SHORT,2025-08-11,2025-09-10,3.0941,2.9635,3.09193413,2.9655744499999996,4.285714285714286,0.040867520033487974,0.0038571428571428567,0.17128937157209131
OM,SHORT,2025-08-11,2025-09-10,0.27974,0.21738,0.279544182,0.21753216599999997,4.285714285714286,0.22183261177655275,0.0038571428571428567,0.9468540504709403
VINE,SHORT,2025-08-11,2025-09-10,0.066658,0.070317,0.0666113394,0.0703662219,4.285714285714286,-0.05637001948650204,0.0038571428571428567,-0.24544294065643732
BNB,LONG,2025-08-12,2025-09-11,827.84,894.46,828.419488,893.833878,5.0,0.07896288166509191,0.0045,0.39031440832545955
IOTA,LONG,2025-08-12,2025-09-11,0.21037,0.19308,0.21051725899999998,0.192944844,5.0,-0.08347256221875843,0.0045,-0.42186281109379214
MELANIA,LONG,2025-08-12,2025-09-11,0.22606,0.19724,0.22621824199999999,0.19710193199999998,5.0,-0.12870893939667344,0.0045,-0.6480446969833671
BIGTIME,LONG,2025-08-12,2025-09-11,0.060805,0.054474,0.06084756349999999,0.0544358682,5.0,-0.1053730820298169,0.0045,-0.5313654101490844
MAV,SHORT,2025-08-12,2025-09-11,0.06052,0.073094,0.060477635999999994,0.0731451658,5.0,-0.20945808463809668,0.0045,-1.0517904231904833
PNUT,SHORT,2025-08-12,2025-09-11,0.25301,0.23421,0.252832893,0.23437394699999997,5.0,0.07300848311694963,0.0045,0.36054241558474814
GALA,LONG,2025-08-13,2025-09-12,0.018561,0.018034,0.0185739927,0.0180213762,4.285714285714286,-0.029752165241240705,0.0038571428571428567,-0.13136642246246016
IOTA,LONG,2025-08-13,2025-09-12,0.21355,0.1988,0.21369948499999997,0.19866084,4.285714285714286,-0.07037286496034356,0.0038571428571428567,-0.3054551355443295
SNX,LONG,2025-08-13,2025-09-12,0.70917,0.72447,0.7096664189999999,0.7239628709999999,4.285714285714286,0.020145312807875668,0.0038571428571428567,0.08247991203375286
FARTCOIN,SHORT,2025-08-13,2025-09-12,1.081,0.90274,1.0802433,0.9033719179999999,4.285714285714286,0.16373291276141225,0.0038571428571428567,0.6978553404060525
VINE,SHORT,2025-08-13,2025-09-12,0.067198,0.078698,0.06715096139999999,0.07875308859999999,4.285714285714286,-0.17277678469693525,0.0038571428571428567,-0.7443290772725797
LAUNCHCOIN,SHORT,2025-08-13,2025-09-12,0.067459,0.10344,0.06741177870000001,0.103512408,4.285714285714286,-0.5355240582014191,0.0038571428571428567,-2.2989602494346535
PAXG,SHORT,2025-08-13,2025-09-12,3347.2,3647.6,3344.8569599999996,3650.1533199999994,4.285714285714286,-0.09127336793499231,0.0038571428571428567,-0.3950287197213956
SOL,LONG,2025-08-14,2025-09-13,193.69,238.47,193.825583,238.303071,4.285714285714286,0.22947171014055454,0.0038571428571428567,0.9795930434595194
ADA,LONG,2025-08-14,2025-09-13,0.89886,0.92571,0.8994892019999999,0.925062003,4.285714285714286,0.02843035907839618,0.0038571428571428567,0.11798725319312649
BNB,LONG,2025-08-14,2025-09-13,838.3,930.9,838.8868099999999,930.2483699999999,4.285714285714286,0.10890808975766357,0.0038571428571428567,0.4628918132471296
LAUNCHCOIN,SHORT,2025-08-14,2025-09-13,0.062011,0.090252,0.06196759229999999,0.09031517639999999,4.285714285714286,-0.4574582140090668,0.0038571428571428567,-1.9643923457531431
VINE,SHORT,2025-08-14,2025-09-13,0.060972,0.083595,0.0609293196,0.0836535165,4.285714285714286,-0.3729599649098987,0.0038571428571428567,-1.6022569924709942
INIT,SHORT,2025-08-14,2025-09-13,0.42202,0.38055,0.421724586,0.380816385,4.285714285714286,0.09700217240832155,0.0038571428571428567,0.41186645317852094
PROVE,SHORT,2025-08-14,2025-09-13,1.2925,0.9668,1.2915952499999999,0.9674767599999999,4.285714285714286,0.25094431866329636,0.0038571428571428567,1.0716185085569845
BNB,LONG,2025-08-15,2025-09-14,820.68,926.81,821.2544759999998,926.1612329999999,7.5,0.1277396471687542,0.00675,0.9512973537656564
VINE,SHORT,2025-08-15,2025-09-14,0.061264,0.079322,0.061221115199999995,0.0793775254,7.5,-0.2965710464549003,0.00675,-2.231032848411752
MAV,SHORT,2025-08-15,2025-09-14,0.051262,0.070722,0.0512261166,0.07077150539999999,7.5,-0.38155124958271747,0.00675,-2.868384371870381
CFX,SHORT,2025-08-15,2025-09-14,0.17678,0.17649,0.17665625399999998,0.17661354299999998,7.5,0.0002417746274638023,0.00675,-0.004936690294021483
MNT,LONG,2025-08-16,2025-09-15,1.3015,1.6587,1.30241105,1.65753891,3.75,0.27266956925772406,0.003375,1.0191358847164653
RENDER,LONG,2025-08-16,2025-09-15,3.9079,3.7255,3.91063553,3.72289215,3.75,-0.04800840644947552,0.003375,-0.1834065241855332
IMX,LONG,2025-08-16,2025-09-15,0.57984,0.62213,0.580245888,0.6216945089999999,3.75,0.07143285606532365,0.003375,0.26449821024496367
DOGE,LONG,2025-08-16,2025-09-15,0.2292,0.26475,0.22936043999999997,0.26456467499999997,3.75,0.15348869665579645,0.003375,0.5722076124592367
PROVE,SHORT,2025-08-16,2025-09-15,1.3446,0.87327,1.34365878,0.873881289,3.75,0.3496255879785194,0.003375,1.3077209549194477
LAUNCHCOIN,SHORT,2025-08-16,2025-09-15,0.053611,0.085529,0.053573472299999994,0.08558887029999998,3.75,-0.5975979645433583,0.003375,-2.244367367037594
MEME,SHORT,2025-08-16,2025-09-15,0.001964,0.002536,0.0019626252,0.0025377752,3.75,-0.2930513681369219,0.003375,-1.102317630513457
FXS,SHORT,2025-08-16,2025-09-15,2.7784,2.685,2.77645512,2.6868795,3.75,0.032262585249352126,0.003375,0.11760969468507047
NEO,LONG,2025-08-17,2025-09-16,6.3604,6.6477,6.36485228,6.64304661,4.285714285714286,0.043707900476207096,0.0038571428571428567,0.18346243061231612
GALA,LONG,2025-08-17,2025-09-16,0.017391,0.017001,0.0174031737,0.016989099299999998,4.285714285714286,-0.023793039541977465,0.0038571428571428567,-0.10582731232276055
MNT,LONG,2025-08-17,2025-09-16,1.2997,1.6702,1.30060979,1.66903086,4.285714285714286,0.283267950797141,0.0038571428571428567,1.2101483605591759
SAND,LONG,2025-08-17,2025-09-16,0.30016,0.30092,0.30037011199999997,0.300709356,4.285714285714286,0.0011294199603987774,0.0038571428571428567,0.0009832284017090463
MAVIA,SHORT,2025-08-17,2025-09-16,0.1789,0.16131,0.17877477,0.161422917,4.285714285714286,0.09705985358001021,0.0038571428571428567,0.41211365820004375
LAUNCHCOIN,SHORT,2025-08-17,2025-09-16,0.055186,0.08853,0.0551473698,0.08859197099999999,4.285714285714286,-0.6064586819152342,0.0038571428571428567,-2.602965779636718
VINE,SHORT,2025-08-17,2025-09-16,0.063937,0.073433,0.0638922441,0.0734844031,4.285714285714286,-0.15013025657679166,0.0038571428571428567,-0.64727252818625
BNB,LONG,2025-08-18,2025-09-17,845.37,954.26,845.9617589999999,953.5920179999999,4.285714285714286,0.1272282793577198,0.0038571428571428567,0.5414069115330848
DOGE,LONG,2025-08-18,2025-09-17,0.22407,0.26369,0.22422684899999998,0.26350541699999996,4.285714285714286,0.17517334866530632,0.0038571428571428567,0.7468857799941698
ATOM,LONG,2025-08-18,2025-09-17,4.5018,4.4811,4.5049512599999995,4.477963229999999,4.285714285714286,-0.005990748499241267,0.0038571428571428567,-0.029531779282462572
LAUNCHCOIN,SHORT,2025-08-18,2025-09-17,0.052651,0.08219,0.0526141443,0.082247533,4.285714285714286,-0.5632209569167126,0.0038571428571428567,-2.417661243928768
MAV,SHORT,2025-08-18,2025-09-17,0.056269,0.071237,0.056229611699999994,0.0712868659,4.285714285714286,-0.26778157886514453,0.0038571428571428567,-1.1514924808506193
FARTCOIN,SHORT,2025-08-18,2025-09-17,0.92619,0.82571,0.925541667,0.826287997,4.285714285714286,0.10723846752541716,0.0038571428571428567,0.45573628939464494
PROVE,SHORT,2025-08-18,2025-09-17,1.2272,0.88371,1.22634096,0.8843285969999999,4.285714285714286,0.27888847731221506,0.0038571428571428567,1.1913791884809217
BNB,LONG,2025-08-19,2025-09-18,827.34,988.11,827.919138,987.418323,7.5,0.1926506800957656,0.00675,1.438130100718242
ZRO,LONG,2025-08-19,2025-09-18,1.9303,2.0772,1.9316512099999998,2.07574596,7.5,0.07459667110399297,0.00675,0.5527250332799473
PENGU,SHORT,2025-08-19,2025-09-18,0.029948,0.038577,0.0299270364,0.038604003899999996,7.5,-0.2899374125798837,0.00675,-2.181280594349128
PROVE,SHORT,2025-08-19,2025-09-18,1.1675,0.93983,1.1666827499999999,0.940487881,7.5,0.19387864353012838,0.00675,1.4473398264759627
NEO,LONG,2025-08-20,2025-09-19,6.2014,6.6163,6.205740979999999,6.61166859,3.75,0.06541162631637921,0.003375,0.24191859868642207
ONDO,LONG,2025-08-20,2025-09-19,0.93751,1.0203,0.9381662569999999,1.01958579,3.75,0.08678582542539703,0.003375,0.32207184534523886
S,LONG,2025-08-20,2025-09-19,0.31965,0.29742,0.319873755,0.297211806,3.75,-0.07084654069228018,0.003375,-0.26904952759605066
SCR,SHORT,2025-08-20,2025-09-19,0.38365,0.31995,0.383381445,0.320173965,3.75,0.16486838584480787,0.003375,0.6148814469180295
ARB,SHORT,2025-08-20,2025-09-19,0.50875,0.4908,0.508393875,0.49114356,3.75,0.03393100477459532,0.003375,0.12386626790473244
CFX,SHORT,2025-08-20,2025-09-19,0.18634,0.17637,0.186209562,0.176493459,3.75,0.052178324762935664,0.003375,0.19229371786100874
PROVE,SHORT,2025-08-20,2025-09-19,1.1652,0.88794,1.16438436,0.8885615579999999,3.75,0.23688294988778447,0.003375,0.8849360620791917
LAUNCHCOIN,SHORT,2025-08-20,2025-09-19,0.045398,0.073959,0.0453662214,0.07401077129999999,3.75,-0.631407003184973,0.003375,-2.371151261943649
DOGE,LONG,2025-08-21,2025-09-20,0.21749,0.26604,0.21764224299999999,0.265853772,3.75,0.22151733200066315,0.003375,0.8273149950024868
GALA,LONG,2025-08-21,2025-09-20,0.016338,0.017478,0.016349436599999996,0.0174657654,3.75,0.06827934364417204,0.003375,0.25267253866564515
TRB,LONG,2025-08-21,2025-09-20,35.601,36.192,35.625920699999995,36.1666656,3.75,0.015178411936452975,0.003375,0.053544044761698655
LAUNCHCOIN,SHORT,2025-08-21,2025-09-20,0.041913,0.069294,0.041883660899999994,0.0693425058,3.75,-0.655598013878486,0.003375,-2.461867552044323
UMA,SHORT,2025-08-21,2025-09-20,1.4671,1.3102,1.46607303,1.31111714,3.75,0.10569452328033078,0.003375,0.3929794623012404
KAITO,SHORT,2025-08-21,2025-09-20,1.0793,1.1502,1.0785444899999999,1.1510051399999999,3.75,-0.06718373759435739,0.003375,-0.25531401597884024
VIRTUAL,SHORT,2025-08-21,2025-09-20,1.197,1.2623,1.1961621,1.2631836099999998,3.75,-0.05603045774481551,0.003375,-0.21348921654305814
PROVE,SHORT,2025-08-21,2025-09-20,1.1006,0.9118,1.09982958,0.91243826,3.75,0.1703821422951727,0.003375,0.6355580336068977
VVV,SHORT,2025-08-22,2025-09-21,3.6698,2.4511,3.6672311399999997,2.4528157699999995,10.0,0.3311532116843882,0.009,3.3025321168438824
PROVE,SHORT,2025-08-22,2025-09-21,1.1627,0.90559,1.16188611,0.9062239129999999,10.0,0.22004066904629752,0.009,2.1914066904629754
MAV,SHORT,2025-08-22,2025-09-21,0.058609,0.071398,0.0585679737,0.0714479786,10.0,-0.21991549453246675,0.009,-2.2081549453246674
SOL,LONG,2025-08-23,2025-09-22,204.17,219.51,204.31291899999997,219.35634299999998,5.0,0.07362933324837877,0.0045,0.36364666624189385
DOGE,LONG,2025-08-23,2025-09-22,0.2369,0.23752,0.23706582999999998,0.237353736,5.0,0.001214455917160361,0.0045,0.0015722795858018057
GALA,LONG,2025-08-23,2025-09-22,0.018378,0.015136,0.018390864599999997,0.015125404799999999,5.0,-0.17755879731722884,0.0045,-0.8922939865861441
LAUNCHCOIN,SHORT,2025-08-23,2025-09-22,0.044709,0.05933,0.044677703699999995,0.059371531,5.0,-0.32888501608465626,0.0045,-1.6489250804232813
PROVE,SHORT,2025-08-23,2025-09-22,1.1232,0.80337,1.12241376,0.8039323589999999,5.0,0.28374687869115217,0.0045,1.4142343934557609
MOODENG,SHORT,2025-08-23,2025-09-22,0.15827,0.15014,0.158159211,0.150245098,5.0,0.050038900358449566,0.0045,0.24569450179224783
SOL,LONG,2025-08-24,2025-09-23,211.44,215.73,211.58800799999997,215.57898899999998,5.0,0.01886203777673452,0.0045,0.08981018888367259
ZEN,LONG,2025-08-24,2025-09-23,8.5765,6.8152,8.582503549999998,6.81042936,5.0,-0.20647520617687354,0.0045,-1.0368760308843676
AVAX,LONG,2025-08-24,2025-09-23,26.468,34.139,26.4865276,34.1151027,5.0,0.28801718425332595,0.0045,1.4355859212666298
VINE,SHORT,2025-08-24,2025-09-23,0.071346,0.059862,0.0712960578,0.05990390339999999,5.0,0.15978659622327693,0.0045,0.7944329811163847
LAUNCHCOIN,SHORT,2025-08-24,2025-09-23,0.049827,0.0602,0.0497921211,0.06024213999999999,5.0,-0.20987294112280727,0.0045,-1.0538647056140362
PROVE,SHORT,2025-08-24,2025-09-23,1.0921,0.78776,1.09133553,0.788311432,5.0,0.27766355045730073,0.0045,1.3838177522865036
SOL,LONG,2025-08-25,2025-09-24,196.45,213.89,196.58751499999997,213.740277,3.75,0.0872525500920037,0.003375,0.32382206284501386
ALGO,LONG,2025-08-25,2025-09-24,0.25265,0.2168,0.25282685499999996,0.21664824,3.75,-0.1430964088051484,0.003375,-0.5399865330193065
JUP,LONG,2025-08-25,2025-09-24,0.48058,0.47405,0.48091640599999996,0.473718165,3.75,-0.014967759282472761,0.003375,-0.059504097309272856
DOGE,LONG,2025-08-25,2025-09-24,0.2177,0.24443,0.21785238999999998,0.244258899,3.75,0.12121284967312053,0.003375,0.45117318627420194
VVV,SHORT,2025-08-25,2025-09-24,2.9241,2.086,2.92205313,2.0874601999999998,3.75,0.2856186704586033,0.003375,1.0676950142197623
PROVE,SHORT,2025-08-25,2025-09-24,1.0112,0.79254,1.01049216,0.793094778,3.75,0.21514009767280146,0.003375,0.8034003662730055
LAUNCHCOIN,SHORT,2025-08-25,2025-09-24,0.048392,0.064657,0.048358125599999996,0.0647022599,3.75,-0.33798113754847453,0.003375,-1.2708042658067793
PENGU,SHORT,2025-08-25,2025-09-24,0.030928,0.030094,0.0309063504,0.030115065799999997,3.75,0.025602654139325498,0.003375,0.09263495302247061
DYM,LONG,2025-08-26,2025-09-25,0.22124,0.17366,0.22139486799999997,0.173538438,4.285714285714286,-0.2161587142119301,0.0038571428571428567,-0.9302516323368433
JUP,LONG,2025-08-26,2025-09-25,0.47306,0.44079,0.47339114199999993,0.440481447,4.285714285714286,-0.06951903421969799,0.0038571428571428567,-0.3017958609415628
MEME,SHORT,2025-08-26,2025-09-25,0.003394,0.00221,0.0033916242,0.002211547,4.285714285714286,0.34793866608216795,0.0038571428571428567,1.487308568923577
VINE,SHORT,2025-08-26,2025-09-25,0.068949,0.055365,0.0689007357,0.05540375549999999,4.285714285714286,0.19589021891967986,0.0038571428571428567,0.8356723667986279
PROVE,SHORT,2025-08-26,2025-09-25,1.0251,0.73238,1.02438243,0.732892666,4.285714285714286,0.2845517020435424,0.0038571428571428567,1.2156501516151819
PENGU,SHORT,2025-08-26,2025-09-25,0.030842,0.027347,0.0308204106,0.027366142899999998,4.285714285714286,0.11207727712751506,0.0038571428571428567,0.4764740448322074
SCR,SHORT,2025-08-26,2025-09-25,0.36011,0.26739,0.35985792299999997,0.267577173,4.285714285714286,0.25643662151631985,0.0038571428571428567,1.0951569493556566
SAND,LONG,2025-08-27,2025-09-26,0.28287,0.26671,0.283068009,0.266523303,5.0,-0.05844781280105736,0.0045,-0.2967390640052868
CELO,LONG,2025-08-27,2025-09-26,0.32521,0.25414,0.325437647,0.25396210199999997,5.0,-0.21962900008307898,0.0045,-1.102645000415395
SOL,LONG,2025-08-27,2025-09-26,208.37,201.7,208.51585899999998,201.55881,5.0,-0.03336460369664249,0.0045,-0.17132301848321246
MEME,SHORT,2025-08-27,2025-09-26,0.003179,0.002333,0.0031767747,0.0023346330999999996,5.0,0.2650932721165276,0.0045,1.320966360582638
KAITO,SHORT,2025-08-27,2025-09-26,1.0742,1.0289,1.07344806,1.02962023,5.0,0.040829017847403,0.0045,0.199645089237015
NXPC,SHORT,2025-08-27,2025-09-26,0.73063,0.56627,0.730118559,0.566666389,5.0,0.22387072343958866,0.0045,1.1148536171979433
DOGE,LONG,2025-08-28,2025-09-27,0.22267,0.22926,0.22282586899999998,0.22909951799999997,3.75,0.0281549401250175,0.003375,0.10220602546881562
SOL,LONG,2025-08-28,2025-09-27,212.04,201.56,212.188428,201.418908,3.75,-0.05075451145714695,0.003375,-0.19370441796430105
MNT,LONG,2025-08-28,2025-09-27,1.2743,1.7467,1.2751920099999998,1.7454773099999998,3.75,0.3687956765036507,0.003375,1.3796087868886902
VINE,SHORT,2025-08-28,2025-09-27,0.072485,0.053625,0.07243426049999999,0.053662537499999996,3.75,0.25915530676260573,0.003375,0.9684574003597715
PROVE,SHORT,2025-08-28,2025-09-27,1.0867,0.73109,1.0859393099999999,0.731601763,3.75,0.32629590230047006,0.003375,1.2202346336267629
MEME,SHORT,2025-08-28,2025-09-27,0.003027,0.002346,0.0030248811,0.0023476421999999997,3.75,0.223889428248932,0.003375,0.8362103559334949
PENGU,SHORT,2025-08-28,2025-09-27,0.030015,0.02793,0.0299939895,0.027949550999999996,3.75,0.0681616061777978,0.003375,0.25223102316674173
ARB,SHORT,2025-08-28,2025-09-27,0.51614,0.42074,0.515778702,0.42103451799999997,3.75,0.18369153986509512,0.003375,0.6854682744941066
CELO,LONG,2025-08-29,2025-09-28,0.30463,0.25097,0.304843241,0.25079432100000004,3.3333333333333335,-0.17730069993580716,0.003,-0.5940023331193572
SOL,LONG,2025-08-29,2025-09-28,202.04,206.03,202.18142799999998,205.88577899999999,3.3333333333333335,0.018321915304703472,0.003,0.05807305101567824
RENDER,LONG,2025-08-29,2025-09-28,3.3856,3.3949,3.3879699199999997,3.39252357,3.3333333333333335,0.0013440644715051295,0.003,0.0014802149050170983
LINK,LONG,2025-08-29,2025-09-28,23.133,21.175,23.149193099999998,21.1601775,3.3333333333333335,-0.0859215952542207,0.003,-0.289405317514069
PROVE,SHORT,2025-08-29,2025-09-28,0.99393,0.72195,0.9932342489999999,0.722455365,3.3333333333333335,0.2726233859460881,0.003,0.9057446198202936
NXPC,SHORT,2025-08-29,2025-09-28,0.70523,0.5567,0.704736339,0.55708969,3.3333333333333335,0.20950622357505538,0.003,0.6953540785835179
KAITO,SHORT,2025-08-29,2025-09-28,1.04,1.467,1.039272,1.4680269,3.3333333333333335,-0.4125531141029489,0.003,-1.3781770470098298
HYPER,SHORT,2025-08-29,2025-09-28,0.30389,0.26104,0.30367727699999997,0.26122272799999996,3.3333333333333335,0.13980153345487226,0.003,0.46300511151624085
UMA,SHORT,2025-08-29,2025-09-28,1.4234,1.1901,1.4224036199999999,1.1909330699999998,3.3333333333333335,0.1627319747681745,0.003,0.539439915893915
ONDO,LONG,2025-08-30,2025-09-29,0.90401,0.88759,0.9046428069999999,0.886968687,5.0,-0.01953712544137866,0.0045,-0.10218562720689331
PEOPLE,LONG,2025-08-30,2025-09-29,0.018971,0.016383,0.018984279699999995,0.0163715319,5.0,-0.13762691243955893,0.0045,-0.6926345621977946
MEME,SHORT,2025-08-30,2025-09-29,0.002852,0.002339,0.0028500036,0.0023406372999999997,5.0,0.17872479178622805,0.0045,0.8891239589311403
PROVE,SHORT,2025-08-30,2025-09-29,0.96435,0.66674,0.963674955,0.667206718,5.0,0.3076433972490237,0.0045,1.5337169862451183
VVV,SHORT,2025-08-30,2025-09-29,2.7995,1.9218,2.79754035,1.9231452599999999,5.0,0.3125585266357284,0.0045,1.5582926331786422
VINE,SHORT,2025-08-30,2025-09-29,0.068898,0.053664,0.0688497714,0.0537015648,5.0,0.22001825557259583,0.0045,1.0955912778629793
APT,LONG,2025-08-31,2025-09-30,4.3161,4.2768,4.319121269999999,4.27380624,3.75,-0.010491724396522762,0.003375,-0.04271896648696036
ATOM,LONG,2025-08-31,2025-09-30,4.5551,4.0325,4.55828857,4.02967725,3.75,-0.11596705910174537,0.003375,-0.43825147163154515
MNT,LONG,2025-08-31,2025-09-30,1.1756,1.765,1.1764229199999998,1.7637644999999997,3.75,0.4992605720398579,0.003375,1.8688521451494673
VVV,SHORT,2025-08-31,2025-09-30,2.8471,1.9677,2.84510703,1.9690773899999998,3.75,0.3079074462797978,0.003375,1.1512779235492419
HYPER,SHORT,2025-08-31,2025-09-30,0.30053,0.23607,0.30031962900000003,0.23623524899999998,3.75,0.21338725082135754,0.003375,0.7968271905800908
MAV,SHORT,2025-08-31,2025-09-30,0.072511,0.057972,0.0724602423,0.0580125804,3.75,0.1993874356669106,0.003375,0.7443278837509147
MEME,SHORT,2025-08-31,2025-09-30,0.002825,0.002362,0.0028230225,0.0023636534,3.75,0.16272243667912667,0.003375,0.606834137546725
CHILLGUY,SHORT,2025-08-31,2025-09-30,0.043628,0.036634,0.043597460399999996,0.036659643799999996,3.75,0.15913350310652502,0.003375,0.5933756366494688
SAND,LONG,2025-09-01,2025-10-01,0.2703,0.27777,0.27048921,0.277575561,6.0,0.026198276079108837,0.0054,0.15178965647465303
PEOPLE,LONG,2025-09-01,2025-10-01,0.018175,0.01741,0.0181877225,0.017397812999999998,6.0,-0.04343091885198939,0.0054,-0.26598551311193636
CFX,SHORT,2025-09-01,2025-10-01,0.17707,0.14818,0.176946051,0.148283726,6.0,0.16198341154276447,0.0054,0.9665004692565868
VVV,SHORT,2025-09-01,2025-10-01,2.6667,1.9718,2.66483331,1.97318026,6.0,0.2595483355017054,0.0054,1.5518900130102324
VINE,SHORT,2025-09-01,2025-10-01,0.064282,0.061111,0.06423700260000001,0.061153777699999995,6.0,0.04799764583038023,0.0054,0.2825858749822813
BTC,LONG,2025-09-02,2025-10-02,110607.0,120486.0,110684.4249,120401.6598,6.0,0.08779225178952885,0.0054,0.5213535107371731
ATOM,LONG,2025-09-02,2025-10-02,4.3859,4.2789,4.38897013,4.27590477,6.0,-0.02576125073788081,0.0054,-0.15996750442728486
VVV,SHORT,2025-09-02,2025-10-02,2.7735,2.0833,2.77155855,2.08475831,6.0,0.24780289775945746,0.0054,1.4814173865567446
MORPHO,SHORT,2025-09-02,2025-10-02,1.8822,1.9663,1.88088246,1.9676764099999997,6.0,-0.04614533435544913,0.0054,-0.2822720061326948
MEME,SHORT,2025-09-02,2025-10-02,0.002509,0.002543,0.0025072437,0.0025447801,6.0,-0.01497118130160225,0.0054,-0.0952270878096135
SOL,LONG,2025-09-03,2025-10-03,209.6,233.63,209.74671999999998,233.466459,4.285714285714286,0.1130875324295894,0.0038571428571428567,0.480803710412526
SAND,LONG,2025-09-03,2025-10-03,0.28218,0.2871,0.282377526,0.28689903,4.285714285714286,0.01601226579200219,0.0038571428571428567,0.06476685339429511
DOGE,LONG,2025-09-03,2025-10-03,0.21916,0.25994,0.21931341199999999,0.259758042,4.285714285714286,0.18441475891132478,0.0038571428571428567,0.7864918239056775
RENDER,LONG,2025-09-03,2025-10-03,3.4857,3.6641,3.4881399899999996,3.66153513,4.285714285714286,0.0497099143088005,0.0038571428571428567,0.2091853470377164
LAUNCHCOIN,SHORT,2025-09-03,2025-10-03,0.0601,0.118,0.060057929999999995,0.11808259999999998,4.285714285714286,-0.9661450203162179,0.0038571428571428567,-4.144478658498077
MEME,SHORT,2025-09-03,2025-10-03,0.002563,0.00255,0.0025612059000000003,0.002551785,4.285714285714286,0.003678306379038213,0.0038571428571428567,0.011907027338735197
BABY,SHORT,2025-09-03,2025-10-03,0.047187,0.054497,0.0471539691,0.05453514789999999,4.285714285714286,-0.15653356315237507,0.0038571428571428567,-0.674715270653036
ATOM,LONG,2025-09-04,2025-10-04,4.3586,4.1026,4.36165102,4.09972818,3.75,-0.060051305984585725,0.003375,-0.22856739744219645
DOGE,LONG,2025-09-04,2025-10-04,0.21129,0.24853,0.21143790299999998,0.248356029,3.75,0.1746050517725766,0.003375,0.6513939441471622
SAND,LONG,2025-09-04,2025-10-04,0.27007,0.27692,0.270259049,0.276726156,3.75,0.023929289412988455,0.003375,0.08635983529870671
RENDER,LONG,2025-09-04,2025-10-04,3.3289,3.4651,3.3312302299999996,3.46267443,3.75,0.039458155373427985,0.003375,0.14459308265035495
BABY,SHORT,2025-09-04,2025-10-04,0.043964,0.05331,0.0439332252,0.053347317,3.75,-0.21428182786817107,0.003375,-0.8069318545056415
VVV,SHORT,2025-09-04,2025-10-04,2.6135,1.9069,2.61167055,1.9082348299999998,3.75,0.26934320640097587,0.003375,1.0066620240036597
PROVE,SHORT,2025-09-04,2025-10-04,0.86353,0.74252,0.862925529,0.7430397639999999,3.75,0.1389294452082435,0.003375,0.517610419530913
HYPER,SHORT,2025-09-04,2025-10-04,0.28486,0.27178,0.284660598,0.271970246,3.75,0.044580641258963286,0.003375,0.16380240472111232
ONDO,LONG,2025-09-05,2025-10-05,0.9158,0.92294,0.9164410599999999,0.9222939419999999,5.0,0.006386534012345545,0.0045,0.027432670061727723
JUP,LONG,2025-09-05,2025-10-05,0.49257,0.45566,0.49291479899999996,0.455341038,5.0,-0.07622769914035384,0.0045,-0.38563849570176917
ATOM,LONG,2025-09-05,2025-10-05,4.4247,4.184,4.427797289999999,4.1810712,5.0,-0.055722083428981745,0.0045,-0.28311041714490875
MAV,SHORT,2025-09-05,2025-10-05,0.075598,0.057777,0.07554508139999999,0.057817443899999994,5.0,0.23466302731391325,0.0045,1.1688151365695663
MEME,SHORT,2025-09-05,2025-10-05,0.002484,0.002448,0.0024822612,0.0024497136,5.0,0.013112077004627942,0.0045,0.061060385023139714
FXS,SHORT,2025-09-05,2025-10-05,2.6687,2.2739,2.66683191,2.2754917299999997,5.0,0.1467434743571822,0.0045,0.7292173717859112
SAND,LONG,2025-09-06,2025-10-06,0.2801,0.28846,0.28029607,0.288258078,7.5,0.02840570686560095,0.00675,0.20629280149200713
RENDER,LONG,2025-09-06,2025-10-06,3.4177,3.6595,3.4200923899999998,3.65693835,7.5,0.06925133387990146,0.00675,0.5126350040992609
DOGE,LONG,2025-09-06,2025-10-06,0.21418,0.26974,0.214329926,0.26955118199999994,7.5,0.2576460367928272,0.00675,1.925595275946204
HYPER,SHORT,2025-09-06,2025-10-06,0.29645,0.30386,0.296242485,0.304072702,7.5,-0.02643178273366149,0.00675,-0.2049883705024612
BIGTIME,LONG,2025-09-07,2025-10-07,0.051028,0.047578,0.051063719599999995,0.0475446954,7.5,-0.0689143726223969,0.00675,-0.5236077946679768
ONDO,LONG,2025-09-07,2025-10-07,0.90217,0.9055,0.9028015189999999,0.9048661499999999,7.5,0.0022869157356834083,0.00675,0.010401868017625562
BNB,LONG,2025-09-07,2025-10-07,874.87,1276.8,875.482409,1275.9062399999998,7.5,0.45737507331229527,0.00675,3.4235630498422145
PROVE,SHORT,2025-09-07,2025-10-07,0.87364,0.76011,0.8730284519999999,0.7606420769999999,7.5,0.12873162924133433,0.00675,0.9587372193100074
BNB,LONG,2025-09-08,2025-10-08,879.91,1318.5,880.5259369999999,1317.5770499999999,4.285714285714286,0.49635234424673175,0.0038571428571428567,2.12336718962885
SAND,LONG,2025-09-08,2025-10-08,0.29694,0.27577,0.29714785799999993,0.275576961,4.285714285714286,-0.07259314317520649,0.0038571428571428567,-0.31497061360802775
SOL,LONG,2025-09-08,2025-10-08,216.74,228.8,216.891718,228.63984,4.285714285714286,0.054165839564238205,0.0038571428571428567,0.22828216956102088
ATOM,LONG,2025-09-08,2025-10-08,4.5824,4.1652,4.58560768,4.162284359999999,4.285714285714286,-0.09231564266745136,0.0038571428571428567,-0.39949561143193435
LAUNCHCOIN,SHORT,2025-09-08,2025-10-08,0.078523,0.1097,0.0784680339,0.10977679,4.285714285714286,-0.39900013475423657,0.0038571428571428567,-1.7138577203752994
BABY,SHORT,2025-09-08,2025-10-08,0.050087,0.049705,0.0500519391,0.0497397935,4.285714285714286,0.00623643370492315,0.0038571428571428567,0.022870430163956356
FARTCOIN,SHORT,2025-09-08,2025-10-08,0.81774,0.6738,0.817167582,0.6742716599999999,4.285714285714286,0.1748673407359912,0.0038571428571428567,0.7455743174399622
BNB,LONG,2025-09-09,2025-10-09,875.27,1238.9,875.8826889999999,1238.03277,4.285714285714286,0.41346870482560727,0.0038571428571428567,1.7681515921097455
SOL,LONG,2025-09-09,2025-10-09,216.54,217.55,216.69157799999996,217.397715,4.285714285714286,0.00325871917366369,0.0038571428571428567,0.01010879645855867
SAND,LONG,2025-09-09,2025-10-09,0.29339,0.26296,0.29359537299999994,0.262775928,4.285714285714286,-0.10497251603484893,0.0038571428571428567,-0.4537393544350668
DOGE,LONG,2025-09-09,2025-10-09,0.24074,0.24509,0.240908518,0.244918437,4.285714285714286,0.016644986376114775,0.0038571428571428567,0.06747851304049189
LAUNCHCOIN,SHORT,2025-09-09,2025-10-09,0.083989,0.11089,0.0839302077,0.11096762299999999,4.285714285714286,-0.32214164650518307,0.0038571428571428567,-1.3844641993079274
FARTCOIN,SHORT,2025-09-09,2025-10-09,0.83241,0.62798,0.8318273129999999,0.6284195859999999,4.285714285714286,0.24453119514242255,0.0038571428571428567,1.0441336934675254
BABY,SHORT,2025-09-09,2025-10-09,0.049425,0.046373,0.04939040249999999,0.046405461099999996,4.285714285714286,0.060435656502293066,0.0038571428571428567,0.255152813581256
ATOM,LONG,2025-09-10,2025-10-10,4.6551,3.9285,4.65835857,3.92575005,10.0,-0.1572675243846675,0.009,-1.581675243846675
ZEN,LONG,2025-09-10,2025-10-10,7.4849,14.894,7.490139429999999,14.8835742,10.0,0.9870890707838267,0.009,9.861890707838267
MAV,SHORT,2025-09-10,2025-10-10,0.065182,0.046757,0.0651363726,0.04678972989999999,10.0,0.2816650968985646,0.009,2.807650968985646
SOL,LONG,2025-09-11,2025-10-11,226.31,182.44,226.468417,182.31229199999999,5.0,-0.1949769666999527,0.0045,-0.9793848334997635
TAO,LONG,2025-09-11,2025-10-11,357.32,305.9,357.57012399999996,305.68586999999997,5.0,-0.1451023184476117,0.0045,-0.7300115922380584
BNB,LONG,2025-09-11,2025-10-11,894.46,1173.3,895.0861219999999,1172.47869,5.0,0.3099060092454433,0.0045,1.5450300462272166
APT,LONG,2025-09-11,2025-10-11,4.4788,3.7524,4.481935159999999,3.74977332,5.0,-0.1633584185988088,0.0045,-0.821292092994044
MAV,SHORT,2025-09-11,2025-10-11,0.073094,0.041201,0.0730428342,0.0412298407,5.0,0.4355388704235138,0.0045,2.173194352117569
LAUNCHCOIN,SHORT,2025-09-11,2025-10-11,0.10112,0.081641,0.101049216,0.0816981487,5.0,0.1915014095705601,0.0045,0.9530070478528005
SAND,LONG,2025-09-12,2025-10-12,0.31094,0.21677,0.31115765799999995,0.21661826099999998,5.0,-0.3038311755129613,0.0045,-1.5236558775648064
DOGE,LONG,2025-09-12,2025-10-12,0.2716,0.20737,0.27179011999999997,0.207224841,5.0,-0.23755565139748266,0.0045,-1.1922782569874133
MNT,LONG,2025-09-12,2025-10-12,1.6178,2.2066,1.6189324599999997,2.2050553799999997,5.0,0.36204284890303584,0.0045,1.8057142445151793
TST,SHORT,2025-09-12,2025-10-12,0.02865,0.023913,0.028629944999999997,0.0239297391,5.0,0.16417097203644637,0.0045,0.8163548601822319
KAITO,SHORT,2025-09-12,2025-10-12,1.2434,1.165,1.24252962,1.1658155,5.0,0.061740274650354095,0.0045,0.3042013732517705
NXPC,SHORT,2025-09-12,2025-10-12,0.69413,0.38024,0.693644109,0.380506168,5.0,0.45143891072821035,0.0045,2.2526945536410516
SAND,LONG,2025-09-13,2025-10-13,0.32796,0.23139,0.32818957199999993,0.231228027,5.0,-0.295443710807484,0.0045,-1.48171855403742
DOGE,LONG,2025-09-13,2025-10-13,0.2872,0.21404,0.28740104,0.213890172,5.0,-0.2557780166696683,0.0045,-1.2833900833483416
BNB,LONG,2025-09-13,2025-10-13,930.9,1266.0,931.5516299999999,1265.1137999999999,5.0,0.3580715864347744,0.0045,1.785857932173872
SUSHI,LONG,2025-09-13,2025-10-13,0.84685,0.59204,0.847442795,0.591625572,5.0,-0.30186960643166477,0.0045,-1.5138480321583239
FARTCOIN,SHORT,2025-09-13,2025-10-13,0.9292,0.45013,0.92854956,0.45044509099999996,5.0,0.5148938619926761,0.0045,2.5699693099633802
ZORA,SHORT,2025-09-13,2025-10-13,0.061912,0.091593,0.0618686616,0.09165711509999999,5.0,-0.48147887362735503,0.0045,-2.4118943681367755
SAND,LONG,2025-09-14,2025-10-14,0.30904,0.22506,0.30925632799999997,0.224902458,10.0,-0.2727636021080868,0.009,-2.736636021080868
MAV,SHORT,2025-09-14,2025-10-14,0.070722,0.042982,0.0706724946,0.043012087399999996,10.0,0.39138857849231773,0.009,3.9048857849231773
ZORA,SHORT,2025-09-14,2025-10-14,0.069825,0.088802,0.0697761225,0.0888641614,10.0,-0.27356118706653565,0.009,-2.744611870665356
ZRO,LONG,2025-09-15,2025-10-15,1.8806,1.8641,1.8819164199999998,1.86279513,7.5,-0.010160541561138905,0.00675,-0.08295406170854179
ONDO,LONG,2025-09-15,2025-10-15,1.026,0.77019,1.0267182,0.769650867,7.5,-0.25037769175612157,0.00675,-1.8845826881709118
MEME,SHORT,2025-09-15,2025-10-15,0.002536,0.001742,0.0025342248,0.0017432194,7.5,0.31212913708365575,0.00675,2.334218528127418
XAI,SHORT,2025-09-15,2025-10-15,0.04977,0.0296,0.049735161,0.02962072,7.5,0.4044310020430013,0.00675,3.02648251532251
BTC,LONG,2025-09-16,2025-10-16,116406.0,108660.0,116487.48419999999,108583.938,5.0,-0.06784888740862684,0.0045,-0.3437444370431342
BNB,LONG,2025-09-16,2025-10-16,951.26,1150.8,951.9258819999999,1149.99444,5.0,0.20807140739135832,0.0045,1.0358570369567917
PAXG,LONG,2025-09-16,2025-10-16,3699.0,4311.6,3701.5892999999996,4308.581880000001,5.0,0.16398161189843538,0.0045,0.815408059492177
BIGTIME,LONG,2025-09-16,2025-10-16,0.053105,0.033271,0.053142173499999994,0.033247710300000004,5.0,-0.37436299439276777,0.0045,-1.8763149719638388
LAUNCHCOIN,SHORT,2025-09-16,2025-10-16,0.08853,0.082842,0.08846802899999999,0.0828999894,5.0,0.06293843847250165,0.0045,0.3101921923625082
OM,SHORT,2025-09-16,2025-10-16,0.21054,0.12337,0.210392622,0.12345635899999999,5.0,0.41320965618271543,0.0045,2.061548280913577
BNB,LONG,2025-09-17,2025-10-17,954.26,1071.8,954.9279819999999,1071.04974,6.0,0.12160263411361634,0.0054,0.7242158046816981
BTC,LONG,2025-09-17,2025-10-17,115289.0,106640.0,115369.70229999999,106565.352,6.0,-0.07631423263194112,0.0054,-0.46328539579164674
APT,LONG,2025-09-17,2025-10-17,4.3844,3.2014,4.38746908,3.1991590199999997,6.0,-0.27084180841680144,0.0054,-1.6304508505008088
FIL,LONG,2025-09-17,2025-10-17,2.4931,1.461,2.49484517,1.4599773,6.0,-0.414802442429724,0.0054,-2.494214654578344
YZY,SHORT,2025-09-17,2025-10-17,0.44944,0.40283,0.449125392,0.403111981,6.0,0.10245114575931169,0.0054,0.6093068745558702
BNB,LONG,2025-09-18,2025-10-18,988.11,1098.2,988.8016769999999,1097.43126,4.285714285714286,0.10985982884816664,0.0038571428571428567,0.4669706950635713
SUI,LONG,2025-09-18,2025-10-18,3.9762,2.493,3.9789833399999996,2.4912549,4.285714285714286,-0.3738966245583727,0.0038571428571428567,-1.6062712481073114
GMT,LONG,2025-09-18,2025-10-18,0.04422,0.027014,0.044250954,0.0269950902,4.285714285714286,-0.38995461657165637,0.0038571428571428567,-1.6750912138785272
ADA,LONG,2025-09-18,2025-10-18,0.93838,0.63493,0.9390368659999999,0.634485549,4.285714285714286,-0.3243230676312978,0.0038571428571428567,-1.3938131469912762
YZY,SHORT,2025-09-18,2025-10-18,0.47018,0.39938,0.469850874,0.39965956599999997,4.285714285714286,0.1493906085614731,0.0038571428571428567,0.6363883224063133
ZORA,SHORT,2025-09-18,2025-10-18,0.072562,0.096872,0.0725112066,0.09693981039999999,4.285714285714286,-0.3368941842984032,0.0038571428571428567,-1.4476893612788706
BABY,SHORT,2025-09-18,2025-10-18,0.059137,0.032551,0.0590956041,0.032573785699999996,4.285714285714286,0.4487951143560609,0.0038571428571428567,1.9195504900974039
SOL,LONG,2025-09-19,2025-10-19,237.21,189.87,237.376047,189.737091,6.0,-0.20068981939024375,0.0054,-1.2095389163414625
ADA,LONG,2025-09-19,2025-10-19,0.89653,0.66066,0.8971575709999999,0.660197538,6.0,-0.26412309348944896,0.0054,-1.5901385609366938
BABY,SHORT,2025-09-19,2025-10-19,0.05557,0.03337,0.055531101,0.033393359,6.0,0.39865483668332097,0.0054,2.386529020099926
YZY,SHORT,2025-09-19,2025-10-19,0.45785,0.40401,0.45752950499999995,0.404292807,6.0,0.11635686314918636,0.0054,0.6927411788951182
ZORA,SHORT,2025-09-19,2025-10-19,0.064224,0.091034,0.06417904320000001,0.0910977238,6.0,-0.41943100516649634,0.0054,-2.5219860309989777
ONDO,LONG,2025-09-20,2025-10-20,1.0158,0.75035,1.01651106,0.7498247549999999,5.0,-0.2623545532303408,0.0045,-1.316272766151704
BNB,LONG,2025-09-20,2025-10-20,1022.2,1098.2,1022.91554,1097.43126,5.0,0.07284640528581676,0.0045,0.3597320264290838
ZRO,LONG,2025-09-20,2025-10-20,2.0012,1.7238,2.0026008399999995,1.72259334,5.0,-0.1398219227751845,0.0045,-0.7036096138759224
VVV,SHORT,2025-09-20,2025-10-20,2.5045,1.501,2.5027468500000003,1.5020506999999998,5.0,0.3998391407425007,0.0045,1.9946957037125037
W,SHORT,2025-09-20,2025-10-20,0.11765,0.07557,0.117567645,0.075622899,5.0,0.35677116778174817,0.0045,1.779355838908741
MAV,SHORT,2025-09-20,2025-10-20,0.072933,0.040227,0.0728819469,0.0402551589,5.0,0.4476662519014019,0.0045,2.2338312595070096
BNB,LONG,2025-09-21,2025-10-21,1051.7,1092.2,1052.43619,1091.43546,4.285714285714286,0.03705618485050388,0.0038571428571428567,0.1549550779307309
RENDER,LONG,2025-09-21,2025-10-21,3.968,2.6246,3.9707775999999995,2.62276278,4.285714285714286,-0.33948383812782656,0.0038571428571428567,-1.458787877690685
TRX,LONG,2025-09-21,2025-10-21,0.3445,0.32404,0.34474114999999994,0.323813172,4.285714285714286,-0.060706353158014245,0.0038571428571428567,-0.26402722782006105
OP,LONG,2025-09-21,2025-10-21,0.788,0.45914,0.7885516,0.45881860199999996,4.285714285714286,-0.41815018573293117,0.0038571428571428567,-1.7959293674268477
TST,SHORT,2025-09-21,2025-10-21,0.039767,0.02125,0.039739163099999995,0.021264875,4.285714285714286,0.4648887057211328,0.0038571428571428567,1.9885230245191405
LAUNCHCOIN,SHORT,2025-09-21,2025-10-21,0.06764,0.070266,0.067592652,0.07031518619999999,4.285714285714286,-0.04027855276339782,0.0038571428571428567,-0.1764795118431335
YZY,SHORT,2025-09-21,2025-10-21,0.4343,0.39955,0.43399599,0.399829685,4.285714285714286,0.07872493245847734,0.0038571428571428567,0.33353542482204573
BNB,LONG,2025-09-22,2025-10-22,986.67,1066.7,987.3606689999999,1065.95331,7.5,0.079598715512538,0.00675,0.590240366344035
JUP,LONG,2025-09-22,2025-10-22,0.46529,0.34611,0.46561570299999994,0.34586772299999996,7.5,-0.2571820048775288,0.00675,-1.935615036581466
ONDO,LONG,2025-09-22,2025-10-22,0.92159,0.7068,0.9222351129999999,0.70630524,7.5,-0.2341375533811409,0.00675,-1.7627816503585567
TST,SHORT,2025-09-22,2025-10-22,0.034566,0.019887,0.0345418038,0.019900920899999997,7.5,0.42385982459896904,0.00675,3.172198684492268
MNT,LONG,2025-09-23,2025-10-23,1.8238,1.684,1.82507666,1.6828211999999998,5.0,-0.07794492314640641,0.0045,-0.3942246157320321
ATOM,LONG,2025-09-23,2025-10-23,4.1522,3.2021,4.155106539999999,3.19985853,5.0,-0.22989735661507232,0.0045,-1.1539867830753616
TST,SHORT,2025-09-23,2025-10-23,0.034126,0.020025,0.034102111799999994,0.0200390175,5.0,0.41238191882298614,0.0045,2.0574095941149304
LAUNCHCOIN,SHORT,2025-09-23,2025-10-23,0.0602,0.072474,0.060157859999999994,0.07252473179999999,5.0,-0.20557366568558122,0.0045,-1.032368328427906
MAV,SHORT,2025-09-23,2025-10-23,0.062543,0.038682,0.0624992199,0.0387090774,5.0,0.3806470310839832,0.0045,1.8987351554199159
W,SHORT,2025-09-23,2025-10-23,0.10179,0.0731,0.101718747,0.07315116999999999,5.0,0.28084869153962355,0.0045,1.3997434576981178
BNB,LONG,2025-09-24,2025-10-24,1015.7,1107.6,1016.41099,1106.82468,10.0,0.08895386894626157,0.009,0.8805386894626157
MAV,SHORT,2025-09-24,2025-10-24,0.066519,0.038521,0.0664724367,0.0385479647,10.0,0.42009099389612115,0.009,4.191909938961211
W,SHORT,2025-09-24,2025-10-24,0.10571,0.07223,0.10563600299999999,0.072280561,10.0,0.3157582741936951,0.009,3.148582741936951
XRP,LONG,2025-09-25,2025-10-25,2.7993,2.6413,2.80125951,2.63945109,3.75,-0.05776273830481341,0.003375,-0.2199852686430503
SUI,LONG,2025-09-25,2025-10-25,3.1801,2.5568,3.18232607,2.5550102399999997,3.75,-0.19712493823739444,0.003375,-0.7425935183902291
BTC,LONG,2025-09-25,2025-10-25,109689.0,111757.0,109765.78229999999,111678.7701,3.75,0.017427906583598437,0.003375,0.061979649688494134
RENDER,LONG,2025-09-25,2025-10-25,3.4272,2.4862,3.42959904,2.48445966,3.75,-0.2755830547468312,0.003375,-1.036811455300617
DOGE,LONG,2025-09-25,2025-10-25,0.22749,0.19787,0.22764924299999997,0.19773149099999998,3.75,-0.13142038868980555,0.003375,-0.4962014575867708
OM,SHORT,2025-09-25,2025-10-25,0.16131,0.11731,0.161197083,0.11739211699999999,3.75,0.27174788268346023,0.003375,1.015679560062976
ENA,SHORT,2025-09-25,2025-10-25,0.57589,0.46604,0.575486877,0.466366228,3.75,0.18961448707369918,0.003375,0.7076793265263719
IP,SHORT,2025-09-25,2025-10-25,8.5841,5.2504,8.578091129999999,5.2540752799999995,3.75,0.38750064549617347,0.003375,1.4497524206106507
JUP,LONG,2025-09-26,2025-10-26,0.44496,0.42804,0.445271472,0.427740372,4.285714285714286,-0.039371711646507684,0.0038571428571428567,-0.17259304991360436
ATOM,LONG,2025-09-26,2025-10-26,4.1701,3.2332,4.17301907,3.23093676,4.285714285714286,-0.2257555726914039,0.0038571428571428567,-0.9713810258203024
MOVE,LONG,2025-09-26,2025-10-26,0.11188,0.075157,0.11195831599999999,0.0751043901,4.285714285714286,-0.3291754218596856,0.0038571428571428567,-1.414608950827224
SNX,SHORT,2025-09-26,2025-10-26,1.1456,1.2365,1.14479808,1.2373655499999998,4.285714285714286,-0.08085921143403724,0.0038571428571428567,-0.35039662043158815
MEME,SHORT,2025-09-26,2025-10-26,0.002333,0.001703,0.0023313669,0.0017041921,4.285714285714286,0.26901591508397926,0.0038571428571428567,1.1490682075027683
TST,SHORT,2025-09-26,2025-10-26,0.03105,0.020154,0.031028265,0.020168107799999998,4.285714285714286,0.35000852287422457,0.0038571428571428567,1.4961793837466768
MERL,SHORT,2025-09-26,2025-10-26,0.30754,0.4395,0.307324722,0.43980765,4.285714285714286,-0.4310845126217994,0.0038571428571428567,-1.851362196950569
ADA,LONG,2025-09-27,2025-10-27,0.78062,0.68034,0.781166434,0.6798637619999999,7.5,-0.12968129145190602,0.00675,-0.9793596858892951
APT,LONG,2025-09-27,2025-10-27,4.1545,3.5131,4.157408149999999,3.51064083,7.5,-0.15556983982917327,0.00675,-1.1735237987187996
MAV,SHORT,2025-09-27,2025-10-27,0.057645,0.038486,0.0576046485,0.0385129402,7.5,0.3314265219411937,0.00675,2.478948914558953
TST,SHORT,2025-09-27,2025-10-27,0.030141,0.019433,0.0301199013,0.019446603099999998,7.5,0.35436033118740673,0.00675,2.6509524839055505
BNB,LONG,2025-09-28,2025-10-28,978.51,1143.8,979.1949569999999,1142.9993399999998,6.0,0.167284749404607,0.0054,0.998308496427642
XRP,LONG,2025-09-28,2025-10-28,2.8303,2.6708,2.8322812099999997,2.6689304399999996,6.0,-0.05767462970246521,0.0054,-0.3514477782147913
ONDO,LONG,2025-09-28,2025-10-28,0.8882,0.74417,0.8888217399999999,0.7436490809999999,6.0,-0.16333157985087088,0.0054,-0.9853894791052252
IP,SHORT,2025-09-28,2025-10-28,8.9304,5.1652,8.92414872,5.168815639999999,6.0,0.420805748293267,0.0054,2.519434489759602
ME,SHORT,2025-09-28,2025-10-28,0.64621,0.47626,0.6457576529999999,0.47659338199999995,6.0,0.2619624718562955,0.0054,1.566374831137773
XRP,LONG,2025-09-29,2025-10-29,2.8731,2.6065,2.87511117,2.60467545,6.0,-0.09406096112798312,0.0054,-0.5697657667678987
SOL,LONG,2025-09-29,2025-10-29,210.76,193.47,210.90753199999997,193.33457099999998,6.0,-0.08332068956171748,0.0054,-0.5053241373703049
BTC,LONG,2025-09-29,2025-10-29,113978.0,110858.0,114057.78459999998,110780.3994,6.0,-0.028734428005013087,0.0054,-0.17780656803007852
SNX,SHORT,2025-09-29,2025-10-29,1.157,1.1471,1.1561900999999999,1.1479029699999999,6.0,0.00716761888896993,0.0054,0.03760571333381958
MAV,SHORT,2025-09-29,2025-10-29,0.05943,0.035904,0.059388398999999994,0.03592913279999999,6.0,0.395014288901777,0.0054,2.364685733410662
BTC,LONG,2025-09-30,2025-10-30,113688.0,106819.0,113767.58159999999,106744.2267,4.285714285714286,-0.06173423747982696,0.0038571428571428567,-0.2684324463421155
XRP,LONG,2025-09-30,2025-10-30,2.8394,2.4222,2.8413875799999997,2.42050446,4.285714285714286,-0.14812590966558659,0.0038571428571428567,-0.6386824699953711
SOL,LONG,2025-09-30,2025-10-30,207.49,181.28,207.635243,181.15310399999998,4.285714285714286,-0.12754163800602972,0.0038571428571428567,-0.5504641628829845
BNB,LONG,2025-09-30,2025-10-30,1002.5,1065.6,1003.20175,1064.8540799999998,4.285714285714286,0.061455564645894904,0.0038571428571428567,0.2595238484824067
W,SHORT,2025-09-30,2025-10-30,0.09966,0.0609,0.099590238,0.06094263,4.285714285714286,0.38806622793691886,0.0038571428571428567,1.6592838340153666
IP,SHORT,2025-09-30,2025-10-30,8.5622,4.298,8.55620646,4.301008599999999,4.285714285714286,0.4973229526301076,0.0038571428571428567,2.1275269398433183
TST,SHORT,2025-09-30,2025-10-30,0.028412,0.016933,0.0283921116,0.016944853099999997,4.285714285714286,0.4031844711402164,0.0038571428571428567,1.7240763048866417
ADA,LONG,2025-10-01,2025-10-31,0.84255,0.6047,0.843139785,0.60427671,4.285714285714286,-0.2833018667242703,0.0038571428571428567,-1.2180080002468727
JUP,LONG,2025-10-01,2025-10-31,0.46126,0.4013,0.46158288199999997,0.40101908999999997,4.285714285714286,-0.1312089212181833,0.0038571428571428567,-0.5661810909350713
GMT,LONG,2025-10-01,2025-10-31,0.039492,0.024321,0.0395196444,0.0243039753,4.285714285714286,-0.38501533429789664,0.0038571428571428567,-1.6539228612766999
W,SHORT,2025-10-01,2025-10-31,0.11139,0.06407,0.111312027,0.064114849,4.285714285714286,0.4240078926960875,0.0038571428571428567,1.8133195401260893
TST,SHORT,2025-10-01,2025-10-31,0.030087,0.017891,0.030065939099999998,0.0179035237,4.285714285714286,0.4045247134821742,0.0038571428571428567,1.7298202006378895
LAYER,SHORT,2025-10-01,2025-10-31,0.41975,0.25681,0.419456175,0.256989767,4.285714285714286,0.38732629934462165,0.0038571428571428567,1.65611271147695
ME,SHORT,2025-10-01,2025-10-31,0.60762,0.4359,0.607194666,0.43620513,4.285714285714286,0.2816057939481307,0.0038571428571428567,1.2030248312062743
ADA,LONG,2025-10-02,2025-11-01,0.87197,0.61193,0.872580379,0.6115016489999999,7.5,-0.299203072041573,0.00675,-2.250773040311797
SUI,LONG,2025-10-02,2025-11-01,3.6104,2.3853,3.6129272799999996,2.3836302899999997,7.5,-0.3402495801133313,0.00675,-2.5586218508499843
PROVE,SHORT,2025-10-02,2025-11-01,0.74966,0.68593,0.7491352379999999,0.686410151,7.5,0.08372999135304313,0.00675,0.6212249351478234
ACE,SHORT,2025-10-02,2025-11-01,0.4827,0.2837,0.48236211,0.28389859,7.5,0.4114409400854474,0.00675,3.0790570506408557
XRP,LONG,2025-10-03,2025-11-02,3.0482,2.4929,3.0503337399999997,2.49115497,5.0,-0.1833172425257308,0.0045,-0.921086212628654
ADA,LONG,2025-10-03,2025-11-02,0.87213,0.59771,0.8727404909999998,0.597291603,5.0,-0.31561373723406166,0.0045,-1.5825686861703083
SOL,LONG,2025-10-03,2025-11-02,233.63,184.17,233.79354099999998,184.041081,5.0,-0.2128051091026505,0.0045,-1.0685255455132523
STRK,SHORT,2025-10-03,2025-11-02,0.15077,0.11867,0.15066446099999997,0.11875306899999999,5.0,0.21180437502112717,0.0045,1.054521875105636
SNX,SHORT,2025-10-03,2025-11-02,1.2247,1.0119,1.2238427099999998,1.01260833,5.0,0.17259928769768124,0.0045,0.8584964384884062
AVNT,SHORT,2025-10-03,2025-11-02,1.232,0.62809,1.2311375999999998,0.628529663,5.0,0.4894724497083022,0.0045,2.442862248541511
BTC,LONG,2025-10-04,2025-11-03,121643.0,106918.0,121728.15009999998,106843.1574,5.0,-0.12228061206690423,0.0045,-0.6159030603345211
BNB,LONG,2025-10-04,2025-11-03,1143.9,997.04,1144.70073,996.3420719999999,5.0,-0.12960475529704615,0.0045,-0.6525237764852307
XRP,LONG,2025-10-04,2025-11-03,2.9454,2.3463,2.9474617799999994,2.3446575899999997,5.0,-0.20451637204944512,0.0045,-1.0270818602472256
TST,SHORT,2025-10-04,2025-11-03,0.031988,0.015472,0.031965608400000005,0.015482830399999998,5.0,0.5156409912097905,0.0045,2.573704956048952
AVNT,SHORT,2025-10-04,2025-11-03,1.1715,0.5481,1.17067995,0.54848367,5.0,0.5314828190232522,0.0045,2.652914095116261
GMX,SHORT,2025-10-04,2025-11-03,15.232,8.8548,15.221337599999998,8.860998359999998,5.0,0.4178567880920006,0.0045,2.084783940460003
BTC,LONG,2025-10-05,2025-11-04,123073.0,101345.0,123159.15109999999,101274.0585,3.75,-0.17769765709273383,0.003375,-0.6697412140977519
ORDI,LONG,2025-10-05,2025-11-04,8.2954,3.9684,8.30120678,3.96562212,3.75,-0.5222836600632179,0.003375,-1.961938725237067
BIGTIME,LONG,2025-10-05,2025-11-04,0.048409,0.026502,0.048442886299999995,0.0264834486,3.75,-0.453305725096731,0.003375,-1.703271469112741
ONDO,LONG,2025-10-05,2025-11-04,0.92294,0.58595,0.9235860579999999,0.585539835,3.75,-0.3660148613893433,0.003375,-1.3759307302100372
MANTA,LONG,2025-10-05,2025-11-04,0.18873,0.09084,0.188862111,0.090776412,3.75,-0.5193508559268407,0.003375,-1.9509407097256526
STRK,SHORT,2025-10-05,2025-11-04,0.14992,0.1014,0.149815056,0.10147098,3.75,0.32269170596578756,0.003375,1.2067188973717033
SNX,SHORT,2025-10-05,2025-11-04,1.1306,0.86092,1.12980858,0.861522644,3.75,0.23746140784308786,0.003375,0.8871052794115795
FXS,SHORT,2025-10-05,2025-11-04,2.2739,1.2335,2.27230827,1.23436345,3.75,0.45677993329663846,0.003375,1.7095497498623944
BTC,LONG,2025-10-06,2025-11-05,126101.0,104386.0,126189.2707,104312.9298,3.75,-0.1733613387148294,0.003375,-0.6534800201806102
XRP,LONG,2025-10-06,2025-11-05,3.048,2.3036,3.0501335999999997,2.3019874799999998,3.75,-0.24528306563358404,0.003375,-0.9231864961259402
SOL,LONG,2025-10-06,2025-11-05,236.92,163.02,237.08584399999998,162.905886,3.75,-0.3128822739834268,0.003375,-1.1766835274378502
MORPHO,LONG,2025-10-06,2025-11-05,1.9492,1.698,1.95056444,1.6968113999999999,3.75,-0.13009210810794855,0.003375,-0.4912204054048071
AVNT,SHORT,2025-10-06,2025-11-05,1.1063,0.545,1.10552559,0.5453815,3.75,0.506676729210764,0.003375,1.896662734540365
MAV,SHORT,2025-10-06,2025-11-05,0.059567,0.029368,0.0595253031,0.029388557599999997,3.75,0.5062846206657956,0.003375,1.8951923274967337
ENA,SHORT,2025-10-06,2025-11-05,0.60815,0.34062,0.6077242949999999,0.34085843399999993,3.75,0.4391232392642786,0.003375,1.6433371472410447
GMX,SHORT,2025-10-06,2025-11-05,14.9,9.1547,14.889569999999999,9.16110829,3.75,0.38472982832949504,0.003375,1.4393618562356065
BTC,LONG,2025-10-07,2025-11-06,120909.0,101684.0,120993.63629999998,101612.82119999999,4.285714285714286,-0.16018044992007563,0.0038571428571428567,-0.6903447853717527
ADA,LONG,2025-10-07,2025-11-06,0.82449,0.52716,0.8250671429999998,0.5267909879999999,4.285714285714286,-0.3615174322849019,0.0038571428571428567,-1.5532175669352937
STX,LONG,2025-10-07,2025-11-06,0.60559,0.34909,0.606013913,0.348845637,4.285714285714286,-0.42436034962781455,0.0038571428571428567,-1.8225443555477765
AVNT,SHORT,2025-10-07,2025-11-06,0.96308,0.50978,0.9624058440000001,0.510136846,4.285714285714286,0.46993583925078497,0.0038571428571428567,2.0101535967890785
ENA,SHORT,2025-10-07,2025-11-06,0.55344,0.31713,0.553052592,0.317351991,4.285714285714286,0.426181170488032,0.0038571428571428567,1.8226335878058515
PROVE,SHORT,2025-10-07,2025-11-06,0.76011,0.55713,0.7595779229999999,0.5575199909999999,4.285714285714286,0.2660134344109946,0.0038571428571428567,1.1362004331899769
ZEC,SHORT,2025-10-07,2025-11-06,140.01,532.85,139.911993,533.222995,4.285714285714286,-2.811131437460118,0.0038571428571428567,-12.051563303400505
BTC,LONG,2025-10-08,2025-11-07,123523.0,102585.0,123609.46609999999,102513.1905,3.3333333333333335,-0.17066877048828216,0.003,-0.5718959016276073
TRX,LONG,2025-10-08,2025-11-07,0.34016,0.29193,0.340398112,0.29172564900000003,3.3333333333333335,-0.1429868770835014,0.003,-0.4796229236116714
ONDO,LONG,2025-10-08,2025-11-07,0.92874,0.67814,0.9293901179999999,0.677665302,3.3333333333333335,-0.2708494647454386,0.003,-0.905831549151462
SOPH,LONG,2025-10-08,2025-11-07,0.029244,0.023844,0.029264470799999998,0.0238273092,3.3333333333333335,-0.18579394915967512,0.003,-0.6223131638655838
CELO,SHORT,2025-10-08,2025-11-07,0.39694,0.25058,0.396662142,0.250755406,3.3333333333333335,0.36783630336973266,0.003,1.2231210112324424
MAV,SHORT,2025-10-08,2025-11-07,0.053234,0.033066,0.0531967362,0.033089146199999996,3.3333333333333335,0.3779854073077514,0.003,1.2569513576925047
XAI,SHORT,2025-10-08,2025-11-07,0.04249,0.02413,0.042460257,0.024146890999999997,3.3333333333333335,0.43130605639056785,0.003,1.4346868546352263
AVNT,SHORT,2025-10-08,2025-11-07,0.9389,0.5598,0.9382427699999999,0.5601918599999999,3.3333333333333335,0.4029350633845013,0.003,1.340116877948338
ME,SHORT,2025-10-08,2025-11-07,0.60177,0.4388,0.601348761,0.43910716,3.3333333333333335,0.26979618404834466,0.003,0.8963206134944822
BTC,LONG,2025-10-09,2025-11-08,120609.0,102111.0,120693.42629999999,102039.5223,3.75,-0.1545560895224995,0.003375,-0.5829603357093731
TRX,LONG,2025-10-09,2025-11-08,0.33607,0.29091,0.336305249,0.29070636299999997,3.75,-0.1355877915542139,0.003375,-0.5118292183283022
SOL,LONG,2025-10-09,2025-11-08,217.55,157.86,217.702285,157.74949800000002,3.75,-0.2753888733873417,0.003375,-1.0360832752025313
LINK,LONG,2025-10-09,2025-11-08,21.757,15.415,21.7722299,15.404209499999999,3.75,-0.29248361005043405,0.003375,-1.1001885376891276
AVNT,SHORT,2025-10-09,2025-11-08,0.81358,0.52955,0.8130104939999999,0.5299206849999999,3.75,0.3481994526383076,0.003375,1.3023729473936536
W,SHORT,2025-10-09,2025-11-08,0.11066,0.06268,0.110582538,0.062723876,3.75,0.43278679315535334,0.003375,1.6195754743325752
CAKE,SHORT,2025-10-09,2025-11-08,3.6961,2.5606,3.6935127299999997,2.5623924199999997,3.75,0.30624513645577717,0.003375,1.1450442617091645
IMX,SHORT,2025-10-09,2025-11-08,0.68249,0.43344,0.682012257,0.43374340799999994,3.75,0.364024028090158,0.003375,1.3617151053380925
TAO,LONG,2025-10-10,2025-11-09,376.21,380.3,376.47334699999993,380.03379,3.75,0.00945735741553061,0.003375,0.03209009030823978
BTC,LONG,2025-10-10,2025-11-09,117179.0,104519.0,117261.0253,104445.8367,3.75,-0.10928770720888448,0.003375,-0.4132039020333168
JUP,LONG,2025-10-10,2025-11-09,0.40663,0.35364,0.40691464099999997,0.353392452,3.75,-0.13153173566934875,0.003375,-0.4966190087600578
PEOPLE,LONG,2025-10-10,2025-11-09,0.015157,0.012646,0.015167609899999998,0.012637147799999998,3.75,-0.16683327938174364,0.003375,-0.6289997976815387
MAV,SHORT,2025-10-10,2025-11-09,0.046757,0.034879,0.0467242701,0.0349034153,3.75,0.25299174871433683,0.003375,0.9453440576787631
AVNT,SHORT,2025-10-10,2025-11-09,0.78361,0.54532,0.783061473,0.5457017239999999,3.75,0.3031176442516666,0.003375,1.1333161659437498
TST,SHORT,2025-10-10,2025-11-09,0.029437,0.018749,0.0294163941,0.018762124299999995,3.75,0.36218816500014206,0.003375,1.3548306187505328
IMX,SHORT,2025-10-10,2025-11-09,0.63824,0.43412,0.637793232,0.434423884,3.75,0.3188640734901998,0.003375,1.1923652755882492
BTC,LONG,2025-10-11,2025-11-10,111923.0,105514.0,112001.3461,105440.1402,3.75,-0.05858149145941382,0.003375,-0.2230555929728018
SOL,LONG,2025-10-11,2025-11-10,182.44,165.58,182.56770799999998,165.46409400000002,3.75,-0.09368367597625735,0.003375,-0.35468878491096506
BNB,LONG,2025-10-11,2025-11-10,1173.3,981.62,1174.1213099999998,980.932866,3.75,-0.1645387425938124,0.003375,-0.6203952847267965
XRP,LONG,2025-10-11,2025-11-10,2.4684,2.5384,2.4701278799999997,2.5366231200000002,3.75,0.026919756073519773,0.003375,0.09757408527569915
MAV,SHORT,2025-10-11,2025-11-10,0.041201,0.034115,0.0411721593,0.034138880499999996,3.75,0.1708260853833819,0.003375,0.6372228201876821
AVNT,SHORT,2025-10-11,2025-11-10,0.6035,0.5346,0.60307755,0.53497422,3.75,0.1129263226594988,0.003375,0.4200987099731205
IMX,SHORT,2025-10-11,2025-11-10,0.49747,0.44907,0.497121771,0.449384349,3.75,0.09602762297851561,0.003375,0.35672858616943354
STRK,SHORT,2025-10-11,2025-11-10,0.1164,0.18084,0.11631852,0.18096658799999998,3.75,-0.5557848225716764,0.003375,-2.0875680846437867
XRP,LONG,2025-10-12,2025-11-11,2.5118,2.4243,2.51355826,2.42260299,4.285714285714286,-0.03618586107488903,0.0038571428571428567,-0.15893940460666728
BTC,LONG,2025-10-12,2025-11-11,113860.0,103380.0,113939.70199999999,103307.63399999999,4.285714285714286,-0.09331311047311674,0.0038571428571428567,-0.4037704734562146
ALGO,LONG,2025-10-12,2025-11-11,0.20255,0.17999,0.20269178499999999,0.179864007,4.285714285714286,-0.11262310408880159,0.0038571428571428567,-0.4865275889520068
AVNT,SHORT,2025-10-12,2025-11-11,0.6801,0.52378,0.67962393,0.5241466459999999,4.285714285714286,0.2287695843788197,0.0038571428571428567,0.9765839330520844
W,SHORT,2025-10-12,2025-11-11,0.08023,0.06381,0.080173839,0.063854667,4.285714285714286,0.20354734416547016,0.0038571428571428567,0.8684886178520149
VVV,SHORT,2025-10-12,2025-11-11,1.6533,1.2506,1.65214269,1.2514754199999998,4.285714285714286,0.24251372016783868,0.0038571428571428567,1.0354873721478801
SNX,SHORT,2025-10-12,2025-11-11,1.6139,0.79743,1.6127702699999997,0.7979882009999999,4.285714285714286,0.5052065282676621,0.0038571428571428567,2.1613136925756944
BNB,LONG,2025-10-13,2025-11-12,1266.0,950.85,1266.8862,950.184405,6.0,-0.24998440664994218,0.0054,-1.5053064398996532
BTC,LONG,2025-10-13,2025-11-12,115115.0,101506.0,115195.5805,101434.9458,6.0,-0.11945453671289061,0.0054,-0.7221272202773436
ALGO,LONG,2025-10-13,2025-11-12,0.2095,0.17276,0.20964664999999996,0.17263906799999998,6.0,-0.1765236029290236,0.0054,-1.0645416175741418
AVNT,SHORT,2025-10-13,2025-11-12,0.63167,0.4828,0.6312278309999999,0.48313796,6.0,0.2346060546243563,0.0054,1.4022363277461378
ACE,SHORT,2025-10-13,2025-11-12,0.3588,0.2741,0.35854884,0.27429187,6.0,0.23499440132061225,0.0054,1.4045664079236735
XRP,LONG,2025-10-14,2025-11-13,2.5014,2.3412,2.5031509799999996,2.33956116,3.75,-0.06535355689971184,0.003375,-0.24845083837391937
SOL,LONG,2025-10-14,2025-11-13,201.4,145.35,201.54098,145.248255,3.75,-0.279311557381531,0.003375,-1.0507933401807412
ADA,LONG,2025-10-14,2025-11-13,0.70136,0.52219,0.7018509519999999,0.5218244670000001,3.75,-0.25650244469569355,0.003375,-0.9652591676088509
ALGO,LONG,2025-10-14,2025-11-13,0.20365,0.16678,0.203792555,0.166663254,3.75,-0.1821916458135577,0.003375,-0.6865936718008414
AVNT,SHORT,2025-10-14,2025-11-13,0.61226,0.52337,0.611831418,0.5237363589999999,3.75,0.14398583728827086,0.003375,0.5365718898310157
0G,SHORT,2025-10-14,2025-11-13,2.1949,1.3028,2.19336357,1.3037119599999998,3.75,0.4056106439298616,0.003375,1.5176649147369812
ZEC,SHORT,2025-10-14,2025-11-13,238.91,501.95,238.742763,502.301365,3.75,-1.1039438376609554,0.003375,-4.1431643912285825
MERL,SHORT,2025-10-14,2025-11-13,0.32875,0.3732,0.32851987499999996,0.37346123999999997,3.75,-0.13679953153519256,0.003375,-0.5163732432569721
