token,side,open_date,close_date,open_price,close_price,effective_open,effective_close,position_size,return,fees,pnl_eur_no_funding,funding,pnl_eur,liquidated,liquidation_date,liq_price,worst_price,pnl_eur_clean,equity
APT,LONG,2025-06-05 00:00:00+00:00,2025-07-05 00:00:00+00:00,4.6204,4.4034,4.6250203999999995,4.3989966,10.0,-0.0488697952553894,0.009,-0.4976979525538941,-0.0053012910200569,-0.5029992435739511,False,,2.3125101999999997,3.8339,-0.5029992435739511,-0.5029992435739511
CHILLGUY,LONG,2025-06-05 00:00:00+00:00,2025-07-05 00:00:00+00:00,0.057217,0.052364,0.0572742169999999,0.052311636,10.0,-0.0866459859241722,0.009,-0.8754598592417226,0.0660686068450661,-0.8093912523966565,False,,0.0286371084999999,0.040594,-0.8093912523966565,-1.3123904959706076
ETH,LONG,2025-06-05 00:00:00+00:00,2025-07-05 00:00:00+00:00,2529.9,2505.5,2532.4298999999996,2502.9945,10.0,-0.011623381954225,0.009,-0.1252338195422501,0.051269573565136,-0.0739642459771141,False,,1266.2149499999998,2183.0,-0.0739642459771141,-1.3863547419477218
OM,SHORT,2025-06-05 00:00:00+00:00,2025-07-05 00:00:00+00:00,0.2928,0.20364,0.2925072,0.2038436399999999,10.0,0.3031158207387717,0.009,3.0221582073877173,0.0693815928895425,3.09153980027726,False,,0.4387608,0.30725,3.09153980027726,1.7051850583295383
BERA,SHORT,2025-06-05 00:00:00+00:00,2025-07-05 00:00:00+00:00,2.2742,1.6246,2.2719258,1.6262245999999998,10.0,0.2842087536485567,0.009,2.833087536485567,-0.2532361520874053,2.579851384398162,False,,3.4078887,2.5273,2.579851384398162,4.2850364427277
USUAL,SHORT,2025-06-05 00:00:00+00:00,2025-07-05 00:00:00+00:00,0.09746,0.06623,0.09736254,0.0662962299999999,10.0,0.3190786723518103,0.009,3.181786723518103,-0.2217555860279528,2.9600311374901507,False,,0.14604381,0.11252,2.9600311374901507,7.24506758021785
APT,LONG,2025-06-06 00:00:00+00:00,2025-07-06 00:00:00+00:00,4.6007,4.4528,4.605300699999999,4.4483472,10.0,-0.0340810535998223,0.009,-0.3498105359982233,-0.0122664770477853,-0.3620770130460087,False,,2.3026503499999995,3.8339,-0.3620770130460087,6.882990567171841
PROMPT,LONG,2025-06-06 00:00:00+00:00,2025-07-06 00:00:00+00:00,0.17532,0.1295,0.1754953199999999,0.1293705,10.0,-0.262826495886044,0.009,-2.6372649588604404,0.0406986106573098,-2.5965663482031305,False,,0.0877476599999999,0.11779,-2.5965663482031305,4.286424218968711
GMX,LONG,2025-06-06 00:00:00+00:00,2025-07-06 00:00:00+00:00,15.065,13.998,15.080064999999998,13.984001999999998,10.0,-0.0726829095232679,0.009,-0.7358290952326793,-0.048109923914121,-0.7839390191468003,False,,7.540032499999999,12.61,-0.7839390191468003,3.5024851998219106
WCT,SHORT,2025-06-06 00:00:00+00:00,2025-07-06 00:00:00+00:00,0.41186,0.30371,0.41144814,0.3040137099999999,10.0,0.2611129315106396,0.009,2.602129315106396,-0.231424850024963,2.3707044650814333,False,,0.61717221,0.46819,2.3707044650814333,5.873189664903344
OM,SHORT,2025-06-06 00:00:00+00:00,2025-07-06 00:00:00+00:00,0.30029,0.21082,0.29998971,0.2110308199999999,10.0,0.2965398046486329,0.009,2.956398046486329,0.0664319570728609,3.02283000355919,False,,0.449984565,0.30725,3.02283000355919,8.896019668462534
LDO,SHORT,2025-06-06 00:00:00+00:00,2025-07-06 00:00:00+00:00,0.76428,0.7357,0.76351572,0.7364356999999999,10.0,0.0354675343161239,0.009,0.3456753431612396,0.1002145108396327,0.4458898540008723,False,,1.14527358,0.96303,0.4458898540008723,9.341909522463407
AI16Z,SHORT,2025-06-07 00:00:00+00:00,2025-07-07 00:00:00+00:00,0.21458,0.15015,0.21436542,0.15030015,10.0,0.2988600959986923,0.009,2.979600959986924,0.0729138530801283,3.0525148130670523,False,,0.32154813,0.23975,3.0525148130670523,12.39442433553046
MAVIA,SHORT,2025-06-07 00:00:00+00:00,2025-07-07 00:00:00+00:00,0.16057,0.13081,0.16040943,0.13094081,10.0,0.1837087757247189,0.009,1.8280877572471896,0.1065800126686442,1.9346677699158337,False,,0.240614145,0.17437,1.9346677699158337,14.329092105446293
OM,SHORT,2025-06-07 00:00:00+00:00,2025-07-07 00:00:00+00:00,0.30339,0.20648,0.30308661,0.2066864799999999,10.0,0.3180613290702614,0.009,3.1716132907026147,0.0649362719058423,3.236549562608457,False,,0.4546299149999999,0.30725,3.236549562608457,17.56564166805475
BTC,LONG,2025-06-07 00:00:00+00:00,2025-07-07 00:00:00+00:00,105672.0,108062.0,105777.672,107953.938,10.0,0.0205739638512748,0.009,0.196739638512748,0.0709719451427802,0.2677115836555283,False,,52888.836,98849.0,0.2677115836555283,17.833353251710278
ADA,LONG,2025-06-07 00:00:00+00:00,2025-07-07 00:00:00+00:00,0.66391,0.57981,0.6645739099999999,0.5792301900000001,10.0,-0.1284187036472734,0.009,-1.2931870364727347,0.0750009869681161,-1.2181860495046186,False,,0.3322869549999999,0.52406,-1.2181860495046186,16.615167202205658
BNB,LONG,2025-06-07 00:00:00+00:00,2025-07-07 00:00:00+00:00,651.54,661.11,652.1915399999999,660.44889,10.0,0.0126609278004435,0.009,0.1176092780044354,0.000520396093577,0.1181296740980125,False,,326.09576999999996,605.2,0.1181296740980125,16.73329687630367
VVV,LONG,2025-06-08 00:00:00+00:00,2025-07-08 00:00:00+00:00,3.0218,2.7609,3.0248217999999993,2.7581390999999997,10.0,-0.0881647639540285,0.009,-0.8906476395402851,-0.1896523570751837,-1.080299996615469,False,,1.5124108999999997,2.3148,-1.080299996615469,15.6529968796882
GMX,LONG,2025-06-08 00:00:00+00:00,2025-07-08 00:00:00+00:00,15.932,14.02,15.947931999999998,14.00598,10.0,-0.1217682643743401,0.009,-1.226682643743401,-0.0553184555525443,-1.2820010992959454,False,,7.973965999999999,12.61,-1.2820010992959454,14.370995780392255
RENDER,LONG,2025-06-08 00:00:00+00:00,2025-07-08 00:00:00+00:00,3.8914,3.2106,3.8952914,3.2073894,10.0,-0.1765983412691538,0.009,-1.774983412691538,0.0695364365445676,-1.7054469761469704,False,,1.9476457,2.6746,-1.7054469761469704,12.665548804245285
PROMPT,SHORT,2025-06-08 00:00:00+00:00,2025-07-08 00:00:00+00:00,0.20408,0.12524,0.20387592,0.12536524,10.0,0.3850905001434206,0.009,3.841905001434206,0.0366971367107503,3.878602138144957,False,,0.30581388,0.20408,3.878602138144957,16.544150942390242
MAVIA,SHORT,2025-06-08 00:00:00+00:00,2025-07-08 00:00:00+00:00,0.16071,0.13322,0.1605492899999999,0.13335322,10.0,0.169393897662207,0.009,1.6849389766220702,0.1059480336634936,1.790887010285564,False,,0.2408239349999998,0.17437,1.790887010285564,18.335037952675805
DOOD,SHORT,2025-06-08 00:00:00+00:00,2025-07-08 00:00:00+00:00,0.003024,0.002558,0.003020976,0.0025605579999999,10.0,0.1524070366662961,0.009,1.5150703666629617,0.0168359762719068,1.5319063429348685,False,,0.004531464,0.003038,1.5319063429348685,19.866944295610672
PROMPT,SHORT,2025-06-09 00:00:00+00:00,2025-07-09 00:00:00+00:00,0.18423,0.12843,0.18404577,0.1285584299999999,10.0,0.3014866356341687,0.009,3.0058663563416874,0.0397476671605655,3.045614023502253,False,,0.276068655,0.19876,3.045614023502253,22.912558319112925
DOOD,SHORT,2025-06-09 00:00:00+00:00,2025-07-09 00:00:00+00:00,0.003023,0.002622,0.003019977,0.002624622,10.0,0.1309132486770594,0.009,1.3001324867705948,0.0142891540942199,1.3144216408648146,False,,0.0045299655,0.003038,1.3144216408648146,24.22697995997774
OM,SHORT,2025-06-09 00:00:00+00:00,2025-07-09 00:00:00+00:00,0.29904,0.20878,0.29874096,0.2089887799999999,10.0,0.3004347980939743,0.009,2.995347980939743,0.0635916838065325,3.058939664746275,False,,0.44811144,0.30725,3.058939664746275,27.285919624724016
AVAX,LONG,2025-06-09 00:00:00+00:00,2025-07-09 00:00:00+00:00,21.38,19.101,21.401379999999996,19.081899,10.0,-0.1083799736278686,0.009,-1.0927997362786868,0.0303347837814197,-1.0624649524972671,False,,10.700689999999998,15.934,-1.0624649524972671,26.22345467222675
INJ,LONG,2025-06-09 00:00:00+00:00,2025-07-09 00:00:00+00:00,13.538,10.975,13.551538,10.964025,10.0,-0.1909386964047918,0.009,-1.9183869640479183,0.0277339905293111,-1.890652973518607,False,,6.775769,9.1834,-1.890652973518607,24.332801698708145
APT,LONG,2025-06-09 00:00:00+00:00,2025-07-09 00:00:00+00:00,4.8397,4.627,4.8445396999999994,4.622373,10.0,-0.0458591969016168,0.009,-0.4675919690161685,-0.0204958490566193,-0.4880878180727879,False,,2.4222698499999997,3.8339,-0.4880878180727879,23.844713880635357
APT,LONG,2025-06-10 00:00:00+00:00,2025-07-10 00:00:00+00:00,5.0605,4.6891,5.065560499999999,4.6844109,10.0,-0.075243322037117,0.009,-0.7614332203711706,-0.0227725345309961,-0.7842057549021667,False,,2.5327802499999996,3.8339,-0.7842057549021667,23.06050812573319
GMX,LONG,2025-06-10 00:00:00+00:00,2025-07-10 00:00:00+00:00,17.581,11.222,17.598580999999996,11.210778,10.0,-0.3629726169399679,0.009,-3.63872616939968,-0.0920593064415818,-3.7307854758412615,False,,8.799290499999998,11.528,-3.7307854758412615,19.329722649891927
RUNE,LONG,2025-06-10 00:00:00+00:00,2025-07-10 00:00:00+00:00,1.741,1.4484,1.742741,1.4469516,10.0,-0.1697265399735244,0.009,-1.706265399735244,0.0503618994101246,-1.6559035003251192,False,,0.8713705,1.2021,-1.6559035003251192,17.673819149566807
OM,SHORT,2025-06-10 00:00:00+00:00,2025-07-10 00:00:00+00:00,0.30725,0.21694,0.30694275,0.2171569399999999,10.0,0.2925164709054052,0.009,2.916164709054053,0.060953746809071,2.9771184558631236,False,,0.460414125,0.30725,2.9771184558631236,20.65093760542993
MOODENG,SHORT,2025-06-10 00:00:00+00:00,2025-07-10 00:00:00+00:00,0.20972,0.20277,0.20951028,0.20297277,10.0,0.0312037671850755,0.009,0.3030376718507558,-0.1266763453993761,0.1763613264513797,False,,0.31426542,0.20972,0.1763613264513797,20.82729893188131
MAVIA,SHORT,2025-06-10 00:00:00+00:00,2025-07-10 00:00:00+00:00,0.17437,0.16448,0.17419563,0.1646444799999999,10.0,0.0548300207071785,0.009,0.5393002070717853,0.0961901983473982,0.6354904054191836,False,,0.2612934449999999,0.17437,0.6354904054191836,21.462789337300492
STRK,SHORT,2025-06-11 00:00:00+00:00,2025-07-11 00:00:00+00:00,0.14234,0.15227,0.14219766,0.1524222699999999,10.0,-0.0719042071437741,0.009,-0.7280420714377415,0.0105957634742372,-0.7174463079635043,False,,0.21329649,0.14234,-0.7174463079635043,20.745343029336986
OM,SHORT,2025-06-11 00:00:00+00:00,2025-07-11 00:00:00+00:00,0.29324,0.23529,0.29294676,0.2355252899999999,10.0,0.1960133302037544,0.009,1.9511333020375443,0.0618660755631501,2.0129993776006945,False,,0.4394201399999999,0.29324,2.0129993776006945,22.75834240693768
AI16Z,SHORT,2025-06-11 00:00:00+00:00,2025-07-11 00:00:00+00:00,0.2075,0.19647,0.2072925,0.1966664699999999,10.0,0.0512610441767068,0.009,0.5036104417670687,0.0718712697573236,0.5754817115243923,False,,0.31093875,0.2075,0.5754817115243923,23.333824118462072
GMX,LONG,2025-06-11 00:00:00+00:00,2025-07-11 00:00:00+00:00,17.368,13.377,17.385367999999996,13.363623,10.0,-0.2313292994430717,0.009,-2.322292994430717,-0.1400423525059119,-2.4623353469366287,False,,8.692683999999998,11.222,-2.4623353469366287,20.871488771525442
AAVE,LONG,2025-06-11 00:00:00+00:00,2025-07-11 00:00:00+00:00,306.0,308.98,306.306,308.67102,10.0,0.0077211024269848,0.009,0.0682110242698483,0.0872189536889254,0.1554299779587737,False,,153.153,217.92,0.1554299779587737,21.026918749484217
ARB,LONG,2025-06-11 00:00:00+00:00,2025-07-11 00:00:00+00:00,0.40603,0.42117,0.4064360299999999,0.4207488299999999,10.0,0.0352153818646442,0.009,0.3431538186464428,0.0426023498144591,0.3857561684609019,False,,0.2032180149999999,0.26066,0.3857561684609019,21.412674917945118
DOOD,SHORT,2025-06-12 00:00:00+00:00,2025-07-12 00:00:00+00:00,0.002751,0.002762,0.002748249,0.002764762,10.0,-0.0060085530823444,0.009,-0.0690855308234447,0.0324643478192842,-0.0366211830041605,False,,0.0041223735,0.003145,-0.0366211830041605,21.376053734940957
OM,SHORT,2025-06-12 00:00:00+00:00,2025-07-12 00:00:00+00:00,0.2744,0.21562,0.2741255999999999,0.2158356199999999,10.0,0.2126396804968233,0.009,2.1173968049682337,0.0645168096737043,2.181913614641938,False,,0.4111883999999999,0.2744,2.181913614641938,23.557967349582896
PNUT,SHORT,2025-06-12 00:00:00+00:00,2025-07-12 00:00:00+00:00,0.24518,0.27266,0.24493482,0.27293266,10.0,-0.1143073083688141,0.009,-1.1520730836881417,-0.004566794990112,-1.1566398786782537,False,,0.36740223,0.28963,-1.1566398786782537,22.401327470904643
MANTA,LONG,2025-06-12 00:00:00+00:00,2025-07-12 00:00:00+00:00,0.22367,0.22437,0.22389367,0.22414563,10.0,0.0011253556208177,0.009,0.0022535562081778,-0.063026966462607,-0.0607734102544291,False,,0.111946835,0.1595,-0.0607734102544291,22.340554060650213
WCT,LONG,2025-06-12 00:00:00+00:00,2025-07-12 00:00:00+00:00,0.38467,0.32983,0.38505467,0.32950017,10.0,-0.1442769152754333,0.009,-1.4517691527543335,-0.1515419692532232,-1.6033111220075569,False,,0.192527335,0.29072,-1.6033111220075569,20.737242938642655
ETH,LONG,2025-06-12 00:00:00+00:00,2025-07-12 00:00:00+00:00,2695.7,2941.6,2698.3956999999996,2938.6584,10.0,0.0890390908938967,0.009,0.8813909089389679,0.0520762771599436,0.9334671860989114,False,,1349.1978499999998,2183.0,0.9334671860989114,21.670710124741568
APT,LONG,2025-06-13 00:00:00+00:00,2025-07-13 00:00:00+00:00,4.4236,4.994,4.4280235999999995,4.989006,10.0,0.1266891170137395,0.009,1.257891170137396,-0.0253184592534466,1.2325727108839497,False,,2.2140118,3.8339,1.2325727108839497,22.903282835625518
WCT,LONG,2025-06-13 00:00:00+00:00,2025-07-13 00:00:00+00:00,0.38592,0.33931,0.3863059199999999,0.33897069,10.0,-0.1225330173557784,0.009,-1.234330173557784,-0.1350535347396177,-1.369383708297402,False,,0.1931529599999999,0.29072,-1.369383708297402,21.533899127328116
KAITO,LONG,2025-06-13 00:00:00+00:00,2025-07-13 00:00:00+00:00,1.4535,1.5444,1.4549534999999998,1.5428556,10.0,0.0604157452454667,0.009,0.5951574524546676,-0.1578120616696685,0.437345390784999,False,,0.7274767499999999,1.2274,0.437345390784999,21.971244518113114
OM,SHORT,2025-06-13 00:00:00+00:00,2025-07-13 00:00:00+00:00,0.25498,0.22442,0.2547250199999999,0.2246444199999999,10.0,0.1180904804718436,0.009,1.1719048047184368,0.0686544101007824,1.2405592148192193,False,,0.3820875299999998,0.26763,1.2405592148192193,23.21180373293233
VIRTUAL,SHORT,2025-06-13 00:00:00+00:00,2025-07-13 00:00:00+00:00,1.8323,1.7342,1.8304677,1.7359341999999998,10.0,0.0516444513060789,0.009,0.5074445130607891,0.0304414989270228,0.5378860119878119,False,,2.74570155,1.9795,0.5378860119878119,23.749689744920143
DOOD,SHORT,2025-06-13 00:00:00+00:00,2025-07-13 00:00:00+00:00,0.002534,0.003266,0.0025314659999999,0.0032692659999999,10.0,-0.2914516726671423,0.009,-2.923516726671423,0.0514949974082211,-2.8720217292632015,False,,0.0037971989999998,0.003145,-2.8720217292632015,20.87766801565694
HYPE,SHORT,2025-06-14 00:00:00+00:00,2025-07-14 00:00:00+00:00,39.275,46.95,39.235724999999995,46.99695,10.0,-0.1978101589813876,0.009,-1.987101589813876,0.1324765785756221,-1.854625011238254,False,,58.85358749999999,49.031,-1.854625011238254,19.023043004418685
KNEIRO,SHORT,2025-06-14 00:00:00+00:00,2025-07-14 00:00:00+00:00,0.39184,0.47723,0.39144816,0.4777072299999999,10.0,-0.2203588592675972,0.009,-2.212588592675972,0.0319381812327077,-2.1806504114432643,False,,0.58717224,0.52839,-2.1806504114432643,16.842392592975422
MOODENG,SHORT,2025-06-14 00:00:00+00:00,2025-07-14 00:00:00+00:00,0.15333,0.1891,0.15317667,0.1892890999999999,10.0,-0.2357567245716986,0.009,-2.366567245716986,-0.1198396603723661,-2.486406906089353,False,,0.2297650049999999,0.20277,-2.486406906089353,14.355985686886068
BTC,LONG,2025-06-14 00:00:00+00:00,2025-07-14 00:00:00+00:00,104610.0,120065.0,104714.61,119944.935,10.0,0.1454460366132291,0.009,1.4454603661322918,0.0821034861164932,1.527563852248785,False,,52357.305,98849.0,1.527563852248785,15.883549539134854
BCH,LONG,2025-06-14 00:00:00+00:00,2025-07-14 00:00:00+00:00,424.13,503.93,424.55412999999993,503.42607,10.0,0.185775933919192,0.009,1.8487593391919204,-0.0780746275433947,1.7706847116485256,False,,212.27706499999996,424.13,1.7706847116485256,17.65423425078338
POLYX,LONG,2025-06-14 00:00:00+00:00,2025-07-14 00:00:00+00:00,0.13218,0.15132,0.1323121799999999,0.15116868,10.0,0.1425152242219879,0.009,1.4161522422198796,-0.0046048500256741,1.4115473921942054,False,,0.0661560899999999,0.10978,1.4115473921942054,19.065781642977583
SOPH,LONG,2025-06-15 00:00:00+00:00,2025-07-15 00:00:00+00:00,0.043914,0.034483,0.0439579139999999,0.034448517,10.0,-0.2163295783325841,0.009,-2.172295783325841,-0.5088230482870275,-2.681118831612869,False,,0.0219789569999999,0.030456,-2.681118831612869,16.384662811364713
TRX,LONG,2025-06-15 00:00:00+00:00,2025-07-15 00:00:00+00:00,0.27229,0.29977,0.2725622899999999,0.29947023,10.0,0.0987221673254949,0.009,0.9782216732549496,0.0709583105590652,1.049179983814015,False,,0.1362811449999999,0.26171,1.049179983814015,17.433842795178727
KLUNC,LONG,2025-06-15 00:00:00+00:00,2025-07-15 00:00:00+00:00,0.059941,0.062118,0.0600009409999999,0.062055882,10.0,0.034248479536346,0.009,0.3334847953634601,0.0729054166996814,0.4063902120631416,False,,0.0300004704999999,0.050785,0.4063902120631416,17.840233007241867
UMA,SHORT,2025-06-15 00:00:00+00:00,2025-07-15 00:00:00+00:00,1.1975,1.2072,1.1963025,1.2084072,10.0,-0.0101184274044398,0.009,-0.1101842740443981,0.036975473165023,-0.073208800879375,False,,1.7944537500000002,1.2153,-0.073208800879375,17.767024206362493
HMSTR,SHORT,2025-06-15 00:00:00+00:00,2025-07-15 00:00:00+00:00,0.000902,0.000748,0.000901098,0.0007487479999999,10.0,0.1690715105349252,0.009,1.681715105349253,0.0288874531416116,1.7106025584908646,False,,0.001351647,0.000904,1.7106025584908646,19.47762676485336
MOODENG,SHORT,2025-06-15 00:00:00+00:00,2025-07-15 00:00:00+00:00,0.15784,0.18741,0.15768216,0.1875974099999999,10.0,-0.1897186720425439,0.009,-1.9061867204254397,-0.1018790611859958,-2.008065781611436,False,,0.2365232399999999,0.20277,-2.008065781611436,17.469560983241923
SOL,LONG,2025-06-16 00:00:00+00:00,2025-07-16 00:00:00+00:00,157.79,174.39,157.94778999999997,174.21561,10.0,0.1029949200302203,0.009,1.0209492003022032,0.0615125782648177,1.082461778567021,False,,78.97389499999998,129.01,1.082461778567021,18.552022761808942
PURR,SHORT,2025-06-16 00:00:00+00:00,2025-07-16 00:00:00+00:00,0.2792,0.20042,0.2789208,0.2006204199999999,10.0,0.2807262133193367,0.009,2.7982621331933673,0.0963862770689385,2.894648410262306,False,,0.4183812,0.2792,2.894648410262306,21.446671172071248
UMA,SHORT,2025-06-16 00:00:00+00:00,2025-07-16 00:00:00+00:00,1.2107,1.2428,1.2094893000000002,1.2440427999999997,10.0,-0.0285686694375877,0.009,-0.2946866943758779,0.0412263552902865,-0.2534603390855914,False,,1.81423395,1.2153,-0.2534603390855914,21.193210832985656
LTC,LONG,2025-06-16 00:00:00+00:00,2025-07-16 00:00:00+00:00,88.804,98.679,88.892804,98.580321,10.0,0.1089797662361961,0.009,1.0807976623619613,0.093188110448704,1.1739857728106653,False,,44.446402,78.119,1.1739857728106653,22.367196605796323
SOPH,LONG,2025-06-16 00:00:00+00:00,2025-07-16 00:00:00+00:00,0.043401,0.036342,0.043444401,0.036305658,10.0,-0.1643190569021771,0.009,-1.6521905690217715,-0.5018417104199686,-2.1540322794417404,False,,0.0217222005,0.030456,-2.1540322794417404,20.213164326354583
MOODENG,SHORT,2025-06-16 00:00:00+00:00,2025-07-16 00:00:00+00:00,0.16237,0.20243,0.16220763,0.2026324299999999,10.0,-0.2492163901291202,0.009,-2.501163901291202,-0.0918808497412853,-2.5930447510324877,False,,0.243311445,0.20277,-2.5930447510324877,17.620119575322096
FTT,SHORT,2025-06-17 00:00:00+00:00,2025-07-17 00:00:00+00:00,0.86761,0.87844,0.86674239,0.8793184399999999,10.0,-0.0145095591782466,0.009,-0.1540955917824666,0.1173801661675968,-0.0367154256148698,False,,1.300113585,0.90885,-0.0367154256148698,17.583404149707228
USUAL,SHORT,2025-06-17 00:00:00+00:00,2025-07-17 00:00:00+00:00,0.08313,0.08957,0.08304687,0.0896595699999999,10.0,-0.0796261195635667,0.009,-0.8052611956356676,-0.2131510655394959,-1.0184122611751636,False,,0.1245703049999999,0.09816,-1.0184122611751636,16.564991888532063
OM,SHORT,2025-06-17 00:00:00+00:00,2025-07-17 00:00:00+00:00,0.25229,0.22937,0.25203771,0.2295993699999999,10.0,0.0890277093852346,0.009,0.8812770938523468,0.0691035178691712,0.950380611721518,False,,0.378056565,0.25229,0.950380611721518,17.51537250025358
MKR,LONG,2025-06-17 00:00:00+00:00,2025-07-17 00:00:00+00:00,2048.9,1846.0,2050.9489,1844.154,10.0,-0.1008288894959791,0.009,-1.017288894959791,0.0906200869648678,-0.9266688079949232,False,,1025.47445,1671.6,-0.9266688079949232,16.588703692258658
ETC,LONG,2025-06-17 00:00:00+00:00,2025-07-17 00:00:00+00:00,16.701,19.816,16.717700999999998,19.796184,10.0,0.1841451166042509,0.009,1.8324511660425091,0.0285119373583724,1.8609631034008816,False,,8.358850499999999,14.837,1.8609631034008816,18.44966679565954
BCH,LONG,2025-06-17 00:00:00+00:00,2025-07-17 00:00:00+00:00,473.0,490.95,473.473,490.45905,10.0,0.0358754353468942,0.009,0.3497543534689419,-0.0714539633210341,0.2783003901479078,False,,236.7365,444.32,0.2783003901479078,18.727967185807447
KNEIRO,SHORT,2025-06-18 00:00:00+00:00,2025-07-18 00:00:00+00:00,0.3692,0.55008,0.3688307999999999,0.5506300799999999,10.0,-0.4929069914985407,0.009,-4.938069914985408,0.0609040180163099,-4.877165896969098,False,,0.5532461999999998,0.53633,-4.877165896969098,13.85080128883835
OM,SHORT,2025-06-18 00:00:00+00:00,2025-07-18 00:00:00+00:00,0.24982,0.2305,0.2495701799999999,0.2307304999999999,10.0,0.0754885058783866,0.009,0.745885058783866,0.0697714686806332,0.8156565274644992,False,,0.3743552699999998,0.24982,0.8156565274644992,14.666457816302849
USUAL,SHORT,2025-06-18 00:00:00+00:00,2025-07-18 00:00:00+00:00,0.07634,0.08936,0.07626366,0.0894493599999999,10.0,-0.1728962391786596,0.009,-1.7379623917865965,-0.2289560160402739,-1.9669184078268704,False,,0.1143954899999999,0.09816,-1.9669184078268704,12.699539408475978
SOPH,LONG,2025-06-18 00:00:00+00:00,2025-07-18 00:00:00+00:00,0.039857,0.034395,0.0398968569999999,0.034360605,10.0,-0.1387641136744178,0.009,-1.396641136744178,-0.4695437113442295,-1.8661848480884076,False,,0.0199484284999999,0.030456,-1.8661848480884076,10.833354560387571
BTC,LONG,2025-06-18 00:00:00+00:00,2025-07-18 00:00:00+00:00,103770.0,117378.0,103873.77,117260.622,10.0,0.1288761542013928,0.009,1.2797615420139286,0.1238819502881622,1.4036434923020908,False,,51936.885,98849.0,1.4036434923020908,12.236998052689662
BNB,LONG,2025-06-18 00:00:00+00:00,2025-07-18 00:00:00+00:00,639.19,732.17,639.82919,731.43783,10.0,0.1431767125222904,0.009,1.422767125222904,0.0440939774304295,1.4668611026533336,False,,319.914595,605.2,1.4668611026533336,13.703859155342997
ZEN,SHORT,2025-06-19 00:00:00+00:00,2025-07-19 00:00:00+00:00,8.0051,9.3055,7.9970949,9.3148055,10.0,-0.1647736604951378,0.009,-1.656736604951378,0.0860756210410858,-1.570660983910292,False,,11.99564235,9.1917,-1.570660983910292,12.133198171432705
IP,SHORT,2025-06-19 00:00:00+00:00,2025-07-19 00:00:00+00:00,2.668,4.6167,2.6653320000000003,4.6213166999999995,10.0,-0.7338615602108852,0.009,-7.347615602108853,-0.887246240533637,-8.23486184264249,True,2025-07-11 19:00:00+00:00,3.997998,4.767,-10.0,2.1331981714327046
USUAL,SHORT,2025-06-19 00:00:00+00:00,2025-07-19 00:00:00+00:00,0.07542,0.08988,0.07534458,0.0899698799999999,10.0,-0.1941121710413674,0.009,-1.9501217104136743,-0.2087783952549738,-2.1589001056686485,False,,0.1130168699999999,0.09816,-2.1589001056686485,-0.025701934235943913
TAO,LONG,2025-06-19 00:00:00+00:00,2025-07-19 00:00:00+00:00,348.81,413.44,349.15880999999996,413.02656,10.0,0.1829189130298618,0.009,1.8201891302986188,0.1427197993384729,1.962908929637092,False,,174.57940499999998,292.51,1.962908929637092,1.9372069954011482
SUSHI,LONG,2025-06-19 00:00:00+00:00,2025-07-19 00:00:00+00:00,0.61161,1.0034,0.61222161,1.0023966,10.0,0.63731005836269,0.009,6.364100583626899,0.0543077150162014,6.418408298643101,False,,0.306110805,0.51932,6.418408298643101,8.355615294044249
NEAR,LONG,2025-06-19 00:00:00+00:00,2025-07-19 00:00:00+00:00,2.1886,2.941,2.1907886,2.938059,10.0,0.3410965348276872,0.009,3.401965348276873,0.0848093184147936,3.4867746666916664,False,,1.0953943,1.8414,3.4867746666916664,11.842389960735915
ETC,LONG,2025-06-20 00:00:00+00:00,2025-07-20 00:00:00+00:00,16.158,24.846,16.174158,24.821154,10.0,0.5346179998983566,0.009,5.337179998983565,0.0524877834588978,5.389667782442463,False,,8.087079,14.837,5.389667782442463,17.232057743178377
SOPH,LONG,2025-06-20 00:00:00+00:00,2025-07-20 00:00:00+00:00,0.036911,0.035683,0.0369479109999999,0.035647317,10.0,-0.0352007451788003,0.009,-0.3610074517880037,-0.4499970051745822,-0.8110044569625859,False,,0.0184739554999999,0.030456,-0.8110044569625859,16.42105328621579
SOL,LONG,2025-06-20 00:00:00+00:00,2025-07-20 00:00:00+00:00,139.82,182.13,139.95981999999998,181.94787,10.0,0.3000007430704042,0.009,2.991007430704042,0.1149891821209115,3.1059966128249537,False,,69.97990999999999,129.01,3.1059966128249537,19.527049899040744
XAI,SHORT,2025-06-20 00:00:00+00:00,2025-07-20 00:00:00+00:00,0.05009,0.06741,0.05003991,0.0674774099999999,10.0,-0.3484718497695137,0.009,-3.4937184976951374,0.0205922911607954,-3.473126206534342,False,,0.075059865,0.06571,-3.473126206534342,16.0539236925064
ZEN,SHORT,2025-06-20 00:00:00+00:00,2025-07-20 00:00:00+00:00,7.6727,9.9007,7.6650273,9.9106007,10.0,-0.2929635227783206,0.009,-2.938635227783206,0.0901038323492859,-2.8485313954339206,False,,11.49754095,9.3055,-2.8485313954339206,13.205392297072482
ZEREBRO,SHORT,2025-06-20 00:00:00+00:00,2025-07-20 00:00:00+00:00,0.028799,0.032186,0.028770201,0.0322181859999999,10.0,-0.1198457042409955,0.009,-1.207457042409955,0.1742667933939704,-1.0331902490159848,False,,0.0431553015,0.033692,-1.0331902490159848,12.172202048056498
FTT,SHORT,2025-06-21 00:00:00+00:00,2025-07-21 00:00:00+00:00,0.76748,1.0959,0.76671252,1.0969959,10.0,-0.4307786443868166,0.009,-4.316786443868167,0.1201484588279711,-4.196637985040195,False,,1.15006878,1.0666,-4.196637985040195,7.975564063016303
OMNI,SHORT,2025-06-21 00:00:00+00:00,2025-07-21 00:00:00+00:00,1.4932,2.6328,1.4917068,2.6354328,10.0,-0.7667230584455336,0.009,-7.676230584455336,-0.0934545009607786,-7.769685085416115,True,2025-07-11 19:00:00+00:00,2.2375602,3.7231,-10.0,-2.0244359369836973
XAI,SHORT,2025-06-21 00:00:00+00:00,2025-07-21 00:00:00+00:00,0.04705,0.06507,0.04700295,0.0651350699999999,10.0,-0.385765574288422,0.009,-3.866655742884221,0.0244892964216075,-3.842166446462613,False,,0.070504425,0.06741,-3.842166446462613,-5.86660238344631
SOPH,LONG,2025-06-21 00:00:00+00:00,2025-07-21 00:00:00+00:00,0.035036,0.037751,0.0350710359999999,0.037713249,10.0,0.0753388921844226,0.009,0.7443889218442263,-0.4607966380850854,0.2835922837591409,False,,0.0175355179999999,0.030456,0.2835922837591409,-5.5830100996871685
BNB,LONG,2025-06-21 00:00:00+00:00,2025-07-21 00:00:00+00:00,630.57,757.56,631.20057,756.8024399999999,10.0,0.1989888412173011,0.009,1.9808884121730113,0.078410875598433,2.059299287771444,False,,315.600285,605.2,2.059299287771444,-3.5237108119157243
BTC,LONG,2025-06-21 00:00:00+00:00,2025-07-21 00:00:00+00:00,102192.0,116812.0,102294.192,116695.188,10.0,0.1407801920953635,0.009,1.3988019209536355,0.135441462575451,1.5342433835290863,False,,51147.096,98849.0,1.5342433835290863,-1.989467428386638
XAI,SHORT,2025-06-22 00:00:00+00:00,2025-07-22 00:00:00+00:00,0.04387,0.06361,0.04382613,0.0636736099999999,10.0,-0.4528686425198847,0.009,-4.537686425198848,0.0308726110774553,-4.506813814121392,True,2025-07-20 19:00:00+00:00,0.065739195,0.06741,-10.0,-11.989467428386638
SOPH,LONG,2025-06-22 00:00:00+00:00,2025-07-22 00:00:00+00:00,0.032032,0.038525,0.0320640319999999,0.038486475,10.0,0.2003005423647284,0.009,1.9940054236472844,-0.5487365181657442,1.4452689054815402,False,,0.0160320159999999,0.030456,1.4452689054815402,-10.544198522905097
XLM,LONG,2025-06-22 00:00:00+00:00,2025-07-22 00:00:00+00:00,0.22202,0.46841,0.2222420199999999,0.46794159,10.0,1.1055495715886676,0.009,11.046495715886676,0.0091392370724942,11.05563495295917,False,,0.1111210099999999,0.22202,11.05563495295917,0.5114364300540739
SEI,LONG,2025-06-22 00:00:00+00:00,2025-07-22 00:00:00+00:00,0.19822,0.34172,0.1984182199999999,0.34137828,10.0,0.7204986517871195,0.009,7.195986517871194,0.0867470249798128,7.282733542851007,False,,0.0992091099999999,0.19822,7.282733542851007,7.794169972905081
OM,SHORT,2025-06-22 00:00:00+00:00,2025-07-22 00:00:00+00:00,0.1998,0.30201,0.1996002,0.3023120099999999,10.0,-0.5145877108339568,0.009,-5.154877108339568,0.0833398798582366,-5.071537228481332,True,2025-07-20 19:00:00+00:00,0.2994003,0.32693,-10.0,-2.205830027094919
USUAL,SHORT,2025-06-22 00:00:00+00:00,2025-07-22 00:00:00+00:00,0.06158,0.0924,0.06151842,0.0924923999999999,10.0,-0.5034911494801066,0.009,-5.043911494801067,-0.1930616214198933,-5.236973116220961,True,2025-07-13 19:00:00+00:00,0.09227763,0.09862,-10.0,-12.205830027094919
USUAL,SHORT,2025-06-23 00:00:00+00:00,2025-07-23 00:00:00+00:00,0.06586,0.0852,0.06579414,0.0852851999999999,10.0,-0.2962431000693981,0.009,-2.9714310006939813,-0.1628612643908712,-3.1342922650848526,False,,0.09869121,0.09862,-3.1342922650848526,-15.340122292179771
XAI,SHORT,2025-06-23 00:00:00+00:00,2025-07-23 00:00:00+00:00,0.04874,0.0592,0.04869126,0.0592592,10.0,-0.2170397726409215,0.009,-2.1793977264092157,0.0332896325159792,-2.1461080938932366,False,,0.07303689,0.06741,-2.1461080938932366,-17.486230386073007
OM,SHORT,2025-06-23 00:00:00+00:00,2025-07-23 00:00:00+00:00,0.2106,0.2807,0.2103894,0.2809806999999999,10.0,-0.3355268849096008,0.009,-3.364268849096008,0.0839866224899163,-3.280282226606092,True,2025-07-21 19:00:00+00:00,0.3155841,0.32693,-10.0,-27.486230386073007
SOPH,LONG,2025-06-23 00:00:00+00:00,2025-07-23 00:00:00+00:00,0.037268,0.04218,0.0373052679999999,0.04213782,10.0,0.1295407393936964,0.009,1.286407393936965,-0.4713982135005438,0.815009180436421,False,,0.0186526339999999,0.030456,0.815009180436421,-26.671221205636588
BTC,LONG,2025-06-23 00:00:00+00:00,2025-07-23 00:00:00+00:00,103127.0,118482.0,103230.127,118363.518,10.0,0.1465985893827293,0.009,1.456985893827294,0.1424083637048126,1.5993942575321063,False,,51615.0635,103127.0,1.5993942575321063,-25.07182694810448
LTC,LONG,2025-06-23 00:00:00+00:00,2025-07-23 00:00:00+00:00,83.015,112.22,83.09801499999999,112.10778,10.0,0.3491029839882459,0.009,3.482029839882459,0.1993091767821289,3.681339016664588,False,,41.549007499999995,83.015,3.681339016664588,-21.390487931439893
RSR,LONG,2025-06-24 00:00:00+00:00,2025-07-24 00:00:00+00:00,0.006641,0.0088,0.0066476409999999,0.0087912,10.0,0.3224540855921675,0.009,3.215540855921675,0.0989201905969351,3.3144610465186104,False,,0.0033238204999999,0.006301,3.3144610465186104,-18.076026884921284
LINK,LONG,2025-06-24 00:00:00+00:00,2025-07-24 00:00:00+00:00,13.335,18.338,13.348335,18.319662,10.0,0.3724304941402806,0.009,3.7153049414028065,0.2189669576956227,3.93427189909843,False,,6.6741675,12.809,3.93427189909843,-14.141754985822853
SEI,LONG,2025-06-24 00:00:00+00:00,2025-07-24 00:00:00+00:00,0.278,0.32595,0.2782779999999999,0.32562405,10.0,0.1701393929811197,0.009,1.6923939298111972,0.0812919641240414,1.773685893935239,False,,0.1391389999999999,0.25154,1.773685893935239,-12.368069091887614
AIXBT,SHORT,2025-06-24 00:00:00+00:00,2025-07-24 00:00:00+00:00,0.14102,0.15093,0.14087898,0.15108093,10.0,-0.0724164101699202,0.009,-0.7331641016992022,0.0891618789519912,-0.644002222747211,False,,0.2113184699999999,0.1752,-0.644002222747211,-13.012071314634825
WCT,SHORT,2025-06-24 00:00:00+00:00,2025-07-24 00:00:00+00:00,0.31644,0.36065,0.31612356,0.36101065,10.0,-0.1419922324043167,0.009,-1.428922324043167,0.016315929367112,-1.412606394676055,False,,0.47418534,0.37214,-1.412606394676055,-14.424677709310881
INIT,SHORT,2025-06-24 00:00:00+00:00,2025-07-24 00:00:00+00:00,0.46041,0.41773,0.4599495899999999,0.4181477299999999,10.0,0.0908835683493054,0.009,0.8998356834930546,0.1052351414962235,1.005070824989278,False,,0.6899243849999999,0.57331,1.005070824989278,-13.419606884321603
ALGO,LONG,2025-06-25 00:00:00+00:00,2025-07-25 00:00:00+00:00,0.17795,0.26206,0.1781279499999999,0.26179794,10.0,0.4697184804518327,0.009,4.688184804518327,0.0838537814860048,4.772038586004332,False,,0.0890639749999999,0.17051,4.772038586004332,-8.647568298317271
LINK,LONG,2025-06-25 00:00:00+00:00,2025-07-25 00:00:00+00:00,13.224,17.726,13.237224,17.708274,10.0,0.3377634162570642,0.009,3.368634162570642,0.2219711189050665,3.590605281475709,False,,6.618612,12.809,3.590605281475709,-5.0569630168415625
SEI,LONG,2025-06-25 00:00:00+00:00,2025-07-25 00:00:00+00:00,0.2865,0.32012,0.2867864999999999,0.31979988,10.0,0.1151148328111682,0.009,1.1421483281116824,0.0898414894386242,1.2319898175503066,False,,0.1433932499999999,0.25154,1.2319898175503066,-3.824973199291256
USUAL,SHORT,2025-06-25 00:00:00+00:00,2025-07-25 00:00:00+00:00,0.06595,0.08355,0.06588405,0.0836335499999999,10.0,-0.2694051139843404,0.009,-2.7030511398434047,-0.1365725237288843,-2.839623663572289,False,,0.098826075,0.09862,-2.839623663572289,-6.6645968628635455
ALT,SHORT,2025-06-25 00:00:00+00:00,2025-07-25 00:00:00+00:00,0.026726,0.033012,0.026699274,0.033045012,10.0,-0.2376745524990679,0.009,-2.3857455249906794,0.062595593408008,-2.3231499315826714,True,2025-07-11 19:00:00+00:00,0.040048911,0.040114,-10.0,-16.664596862863547
OM,SHORT,2025-06-25 00:00:00+00:00,2025-07-25 00:00:00+00:00,0.21116,0.26292,0.21094884,0.2631829199999999,10.0,-0.2476149193330474,0.009,-2.485149193330474,0.0954804638270113,-2.389668729503463,True,2025-07-21 19:00:00+00:00,0.31642326,0.32693,-10.0,-26.664596862863547
PNUT,SHORT,2025-06-26 00:00:00+00:00,2025-07-26 00:00:00+00:00,0.19741,0.27878,0.19721259,0.2790587799999999,10.0,-0.4150150352976955,0.009,-4.1591503529769565,0.0910421289591095,-4.0681082240178466,True,2025-07-16 19:00:00+00:00,0.295818885,0.31965,-10.0,-36.66459686286355
WCT,SHORT,2025-06-26 00:00:00+00:00,2025-07-26 00:00:00+00:00,0.29072,0.37478,0.2904292799999999,0.3751547799999999,10.0,-0.2917250629826304,0.009,-2.9262506298263045,0.0441609015543474,-2.882089728271957,False,,0.4356439199999998,0.37214,-2.882089728271957,-39.546686591135504
USUAL,SHORT,2025-06-26 00:00:00+00:00,2025-07-26 00:00:00+00:00,0.06051,0.0908,0.06044949,0.0908908,10.0,-0.5035825777851888,0.009,-5.044825777851888,-0.1336137042779021,-5.17843948212979,True,2025-07-11 19:00:00+00:00,0.090674235,0.09862,-10.0,-49.546686591135504
BSV,LONG,2025-06-26 00:00:00+00:00,2025-07-26 00:00:00+00:00,30.81,29.654,30.84080999999999,29.624346,10.0,-0.0394433220139158,0.009,-0.4034332201391581,-0.1599978439762769,-0.5634310641154351,False,,15.420404999999995,23.389,-0.5634310641154351,-50.11011765525094
ONDO,LONG,2025-06-26 00:00:00+00:00,2025-07-26 00:00:00+00:00,0.74066,1.0569,0.7414006599999999,1.0558431,10.0,0.4241194497992489,0.009,4.232194497992489,0.1535266824287963,4.385721180421285,False,,0.3707003299999999,0.73491,4.385721180421285,-45.72439647482965
BTC,LONG,2025-06-26 00:00:00+00:00,2025-07-26 00:00:00+00:00,107473.0,118307.0,107580.47299999998,118188.693,10.0,0.0986073002300335,0.009,0.9770730023003354,0.1585437108629835,1.135616713163319,False,,53790.23649999999,105371.0,1.135616713163319,-44.58877976166634
FET,LONG,2025-06-27 00:00:00+00:00,2025-07-27 00:00:00+00:00,0.667,0.73808,0.667667,0.73734192,10.0,0.1043557941309065,0.009,1.0345579413090655,0.1448716271024777,1.1794295684115432,False,,0.3338335,0.65798,1.1794295684115432,-43.409350193254795
ETH,LONG,2025-06-27 00:00:00+00:00,2025-07-27 00:00:00+00:00,2411.4,3832.3,2413.8114,3828.4677,10.0,0.5860674533229896,0.009,5.851674533229896,0.2297850759351372,6.081459609165033,False,,1206.9057,2401.6,6.081459609165033,-37.327890584089765
STG,LONG,2025-06-27 00:00:00+00:00,2025-07-27 00:00:00+00:00,0.15134,0.17838,0.1514913399999999,0.17820162,10.0,0.1763155570476836,0.009,1.7541555704768363,0.0622856509085602,1.8164412213853964,False,,0.0757456699999999,0.14778,1.8164412213853964,-35.51144936270437
USUAL,SHORT,2025-06-27 00:00:00+00:00,2025-07-27 00:00:00+00:00,0.06114,0.0932,0.06107886,0.0932931999999999,10.0,-0.5274220900652041,0.009,-5.283220900652042,-0.1256247687304576,-5.408845669382499,True,2025-07-13 19:00:00+00:00,0.0916182899999999,0.09862,-10.0,-45.51144936270437
ALT,SHORT,2025-06-27 00:00:00+00:00,2025-07-27 00:00:00+00:00,0.026261,0.039755,0.026234739,0.0397947549999999,10.0,-0.516872533018148,0.009,-5.17772533018148,0.0704489797326743,-5.107276350448806,True,2025-07-11 19:00:00+00:00,0.0393521084999999,0.040114,-10.0,-55.51144936270437
OM,SHORT,2025-06-27 00:00:00+00:00,2025-07-27 00:00:00+00:00,0.20031,0.27982,0.2001096899999999,0.28009982,10.0,-0.3997314173041796,0.009,-4.006314173041797,0.0599316366748157,-3.946382536366981,True,2025-07-20 19:00:00+00:00,0.3001645349999998,0.32693,-10.0,-65.51144936270437
ANIME,SHORT,2025-06-28 00:00:00+00:00,2025-07-28 00:00:00+00:00,0.017462,0.018567,0.017444538,0.0185855669999999,10.0,-0.065408954940509,0.009,-0.6630895494050908,0.1112992757358779,-0.5517902736692128,False,,0.026166807,0.021401,-0.5517902736692128,-66.06323963637358
AIXBT,SHORT,2025-06-28 00:00:00+00:00,2025-07-28 00:00:00+00:00,0.1314,0.1407,0.1312685999999999,0.1408406999999999,10.0,-0.0729199519153857,0.009,-0.7381995191538571,0.1383732432460619,-0.5998262759077951,False,,0.1969028999999998,0.1752,-0.5998262759077951,-66.66306591228138
S,SHORT,2025-06-28 00:00:00+00:00,2025-07-28 00:00:00+00:00,0.30953,0.32275,0.30922047,0.3230727499999999,10.0,-0.0447974223698707,0.009,-0.4569742236987072,0.2025892671085455,-0.2543849565901617,False,,0.463830705,0.40424,-0.2543849565901617,-66.91745086887154
SUI,LONG,2025-06-28 00:00:00+00:00,2025-07-28 00:00:00+00:00,2.7639,3.9841,2.7666638999999997,3.9801159,10.0,0.4385975470312822,0.009,4.376975470312822,0.2805051431694685,4.65748061348229,False,,1.38333195,2.6738,4.65748061348229,-62.25997025538925
SOL,LONG,2025-06-28 00:00:00+00:00,2025-07-28 00:00:00+00:00,150.7,185.36,150.85069999999996,185.17464,10.0,0.2275358351005335,0.009,2.266358351005336,0.18902753232514,2.455385883330476,False,,75.42534999999998,145.39,2.455385883330476,-59.80458437205877
BCH,LONG,2025-06-28 00:00:00+00:00,2025-07-28 00:00:00+00:00,490.26,578.66,490.7502599999999,578.08134,10.0,0.1779542205438669,0.009,1.77054220543867,0.0441244857916733,1.8146666912303433,False,,245.37512999999996,484.83,1.8146666912303433,-57.98991768082843
RUNE,LONG,2025-06-29 00:00:00+00:00,2025-07-29 00:00:00+00:00,1.3378,1.3899,1.3391378,1.3885101,10.0,0.0368687225467012,0.009,0.3596872254670126,0.1180357539864082,0.4777229794534208,False,,0.6695689,1.2866,0.4777229794534208,-57.51219470137501
ATOM,LONG,2025-06-29 00:00:00+00:00,2025-07-29 00:00:00+00:00,4.0334,4.553,4.0374334,4.548447,10.0,0.1265689237127726,0.009,1.256689237127726,0.0934512236682343,1.3501404607959604,False,,2.0187167,3.9447,1.3501404607959604,-56.162054240579046
RSR,LONG,2025-06-29 00:00:00+00:00,2025-07-29 00:00:00+00:00,0.006873,0.00835,0.0068798729999999,0.0083416499999999,10.0,0.2124715092851278,0.009,2.1157150928512785,0.1061710428031157,2.221886135654394,False,,0.0034399364999999,0.006555,2.221886135654394,-53.94016810492465
AIXBT,SHORT,2025-06-29 00:00:00+00:00,2025-07-29 00:00:00+00:00,0.13416,0.13253,0.13402584,0.13266253,10.0,0.0101719936991255,0.009,0.0927199369912552,0.1384438187535328,0.2311637557447881,False,,0.20103876,0.1752,0.2311637557447881,-53.709004349179864
SPX,SHORT,2025-06-29 00:00:00+00:00,2025-07-29 00:00:00+00:00,1.2605,2.028,1.2592394999999998,2.0300279999999997,10.0,-0.6121063546688299,0.009,-6.1300635466883,0.4066994097300792,-5.723364136958221,True,2025-07-20 19:00:00+00:00,1.88885925,2.1808,-10.0,-63.709004349179864
ALT,SHORT,2025-06-29 00:00:00+00:00,2025-07-29 00:00:00+00:00,0.026875,0.037325,0.026848125,0.0373623249999999,10.0,-0.3916176641758035,0.009,-3.925176641758035,0.071214778500249,-3.853961863257786,False,,0.0402721875,0.040114,-3.853961863257786,-67.56296621243764
MELANIA,SHORT,2025-06-30 00:00:00+00:00,2025-07-30 00:00:00+00:00,0.20356,0.22221,0.20335644,0.2224322099999999,10.0,-0.093804602401576,0.009,-0.9470460240157608,0.0836694434091194,-0.8633765806066414,False,,0.30503466,0.2625,-0.8633765806066414,-68.42634279304428
AIXBT,SHORT,2025-06-30 00:00:00+00:00,2025-07-30 00:00:00+00:00,0.13268,0.13125,0.13254732,0.13138125,10.0,0.0087973864729969,0.009,0.0789738647299689,0.1391424086669576,0.2181162733969265,False,,0.1988209799999999,0.1752,0.2181162733969265,-68.20822651964735
ANIME,SHORT,2025-06-30 00:00:00+00:00,2025-07-30 00:00:00+00:00,0.017554,0.0172,0.017536446,0.0172172,10.0,0.0182047149120182,0.009,0.1730471491201821,0.1149247237382648,0.287971872858447,False,,0.026304669,0.021401,0.287971872858447,-67.9202546467889
AI16Z,LONG,2025-06-30 00:00:00+00:00,2025-07-30 00:00:00+00:00,0.16188,0.1396,0.1620418799999999,0.1394604,10.0,-0.1393558257902214,0.009,-1.402558257902214,0.2717184351535541,-1.1308398227486598,False,,0.0810209399999999,0.13724,-1.1308398227486598,-69.05109446953756
SUSHI,LONG,2025-06-30 00:00:00+00:00,2025-07-30 00:00:00+00:00,0.61204,0.82684,0.61265204,0.82601316,10.0,0.3482582380693617,0.009,3.473582380693617,0.1067395930384562,3.5803219737320733,False,,0.30632602,0.57093,3.5803219737320733,-65.47077249580549
BNB,LONG,2025-06-30 00:00:00+00:00,2025-07-30 00:00:00+00:00,659.32,785.69,659.97932,784.90431,10.0,0.1892862188469783,0.009,1.883862188469784,0.1964189999714081,2.0802811884411923,False,,329.98966,645.51,2.0802811884411923,-63.3904913073643
BNB,LONG,2025-07-01 00:00:00+00:00,2025-07-31 00:00:00+00:00,645.51,796.3,646.1555099999999,795.5037,10.0,0.2311335084026445,0.009,2.302335084026445,0.2021133583089,2.5044484423353452,False,,323.07775499999997,645.51,2.5044484423353452,-60.886042865028955
SOL,LONG,2025-07-01 00:00:00+00:00,2025-07-31 00:00:00+00:00,145.39,175.29,145.53538999999998,175.11471,10.0,0.2032448602364004,0.009,2.0234486023640046,0.2031853400157858,2.2266339423797903,False,,72.76769499999999,145.39,2.2266339423797903,-58.65940892264916
BTC,LONG,2025-07-01 00:00:00+00:00,2025-07-31 00:00:00+00:00,105371.0,116788.0,105476.37099999998,116671.212,10.0,0.1061360084146241,0.009,1.0523600841462415,0.1779361494913491,1.2302962336375909,False,,52738.18549999999,105371.0,1.2302962336375909,-57.429112689011575
ALT,SHORT,2025-07-01 00:00:00+00:00,2025-07-31 00:00:00+00:00,0.025105,0.034125,0.0250798949999999,0.034159125,10.0,-0.3620122811518948,0.009,-3.629122811518948,0.079057752379984,-3.550065059138964,True,2025-07-11 19:00:00+00:00,0.0376198424999998,0.040114,-10.0,-67.42911268901157
ANIME,SHORT,2025-07-01 00:00:00+00:00,2025-07-31 00:00:00+00:00,0.016376,0.017193,0.016359624,0.017210193,10.0,-0.051991965096508,0.009,-0.5289196509650804,0.1258598650519107,-0.4030597859131697,False,,0.0245394359999999,0.021401,-0.4030597859131697,-67.83217247492475
OM,SHORT,2025-07-01 00:00:00+00:00,2025-07-31 00:00:00+00:00,0.19471,0.24627,0.19451529,0.2465162699999999,10.0,-0.2673362078631451,0.009,-2.682362078631451,0.0341990285851564,-2.6481630500462945,True,2025-07-20 19:00:00+00:00,0.291772935,0.32693,-10.0,-77.83217247492475
OM,SHORT,2025-07-02 00:00:00+00:00,2025-08-01 00:00:00+00:00,0.21478,0.24139,0.21456522,0.2416313899999999,10.0,-0.1261442558118225,0.009,-1.270442558118225,0.023405491438687,-1.247037066679538,True,2025-07-21 19:00:00+00:00,0.32184783,0.32693,-10.0,-87.83217247492475
ANIME,SHORT,2025-07-02 00:00:00+00:00,2025-08-01 00:00:00+00:00,0.017484,0.016439,0.0174665159999999,0.0164554389999999,10.0,0.0578865871133088,0.009,0.5698658711330884,0.1248904789355244,0.6947563500686128,False,,0.0261997739999998,0.021401,0.6947563500686128,-87.13741612485613
ZEREBRO,SHORT,2025-07-02 00:00:00+00:00,2025-08-01 00:00:00+00:00,0.02957,0.027136,0.02954043,0.0271631359999999,10.0,0.0804759443244395,0.009,0.795759443244395,0.2443157831098599,1.040075226354255,False,,0.0443106449999999,0.033692,1.040075226354255,-86.09734089850187
BTC,LONG,2025-07-02 00:00:00+00:00,2025-08-01 00:00:00+00:00,109617.0,113249.0,109726.61699999998,113135.751,10.0,0.0310693439131548,0.009,0.3016934391315482,0.1739192126334579,0.4756126517650061,False,,54863.30849999999,107494.0,0.4756126517650061,-85.62172824673686
SOPH,LONG,2025-07-02 00:00:00+00:00,2025-08-01 00:00:00+00:00,0.03349,0.040104,0.0335234899999999,0.040063896,10.0,0.1950991976074092,0.009,1.941991976074092,-1.7441040089811355,0.1978879670929565,False,,0.0167617449999999,0.030456,0.1978879670929565,-85.42384027964391
ONDO,LONG,2025-07-02 00:00:00+00:00,2025-08-01 00:00:00+00:00,0.80011,0.91043,0.8009101099999999,0.90951957,10.0,0.135607552762694,0.009,1.3470755276269402,0.1967702861819037,1.543845813808844,False,,0.4004550549999999,0.76559,1.543845813808844,-83.87999446583507
MERL,LONG,2025-07-03 00:00:00+00:00,2025-08-02 00:00:00+00:00,0.097322,0.094957,0.0974193219999999,0.094862043,10.0,-0.0262502237492475,0.009,-0.2715022374924756,-0.158369873651461,-0.4298721111439367,False,,0.0487096609999999,0.097322,-0.4298721111439367,-84.309866576979
KBONK,LONG,2025-07-03 00:00:00+00:00,2025-08-02 00:00:00+00:00,0.016708,0.024662,0.0167247079999999,0.0246373379999999,10.0,0.4731102031796311,0.009,4.722102031796311,0.5558700912330429,5.277972123029354,False,,0.0083623539999999,0.016585,5.277972123029354,-79.03189445394965
ETH,LONG,2025-07-03 00:00:00+00:00,2025-08-02 00:00:00+00:00,2585.1,3380.4,2587.6850999999997,3377.0196,10.0,0.305034990540387,0.009,3.0413499054038704,0.239535558458021,3.2808854638618916,False,,1293.8425499999998,2482.9,3.2808854638618916,-75.75100899008775
ANIME,SHORT,2025-07-03 00:00:00+00:00,2025-08-02 00:00:00+00:00,0.017504,0.015704,0.0174864959999999,0.0157197039999999,10.0,0.1010375091727925,0.009,1.0013750917279254,0.1290528976019552,1.1304279893298808,False,,0.0262297439999998,0.021401,1.1304279893298808,-74.62058100075788
AIXBT,SHORT,2025-07-03 00:00:00+00:00,2025-08-02 00:00:00+00:00,0.13136,0.11338,0.13122864,0.1134933799999999,10.0,0.1351477848128276,0.009,1.3424778481282766,0.1497536127753819,1.4922314609036589,False,,0.19684296,0.1752,1.4922314609036589,-73.12834953985423
GRIFFAIN,SHORT,2025-07-03 00:00:00+00:00,2025-08-02 00:00:00+00:00,0.045265,0.033879,0.045219735,0.0339128789999999,10.0,0.250042509094757,0.009,2.491425090947571,0.1681352441977601,2.659560335145331,False,,0.0678296025,0.057387,2.659560335145331,-70.4687892047089
SEI,SHORT,2025-07-04 00:00:00+00:00,2025-08-03 00:00:00+00:00,0.25985,0.27865,0.25959015,0.27892865,10.0,-0.0744962780752658,0.009,-0.7539627807526588,0.2011498822831682,-0.5528128984694904,False,,0.389385225,0.36641,-0.5528128984694904,-71.0216021031784
ANIME,SHORT,2025-07-04 00:00:00+00:00,2025-08-03 00:00:00+00:00,0.016508,0.016333,0.016491492,0.0163493329999999,10.0,0.0086201418282835,0.009,0.077201418282835,0.1335044966237136,0.2107059149065486,False,,0.024737238,0.021401,0.2107059149065486,-70.81089618827184
ALT,SHORT,2025-07-04 00:00:00+00:00,2025-08-03 00:00:00+00:00,0.025498,0.032519,0.025472502,0.0325515189999999,10.0,-0.2779081929211348,0.009,-2.7880819292113483,0.0708874266017527,-2.717194502609596,True,2025-07-11 19:00:00+00:00,0.038208753,0.040114,-10.0,-80.81089618827184
LINK,LONG,2025-07-04 00:00:00+00:00,2025-08-03 00:00:00+00:00,13.008,16.265,13.021007999999998,16.248735,10.0,0.2478861083565882,0.009,2.4698610835658825,0.2491622210613802,2.719023304627263,False,,6.510503999999999,13.008,2.719023304627263,-78.09187288364458
SUI,LONG,2025-07-04 00:00:00+00:00,2025-08-03 00:00:00+00:00,2.8325,3.4321,2.8353325,3.4286679,10.0,0.20926483930897,0.009,2.083648393089701,0.2879078039590066,2.3715561970487076,False,,1.41766625,2.8325,2.3715561970487076,-75.72031668659588
ADA,LONG,2025-07-04 00:00:00+00:00,2025-08-03 00:00:00+00:00,0.56644,0.72337,0.56700644,0.72264663,10.0,0.2744945718782311,0.009,2.7359457187823115,0.2081766477931185,2.94412236657543,False,,0.28350322,0.56644,2.94412236657543,-72.77619432002045
SOPH,LONG,2025-07-05 00:00:00+00:00,2025-08-04 00:00:00+00:00,0.03137,0.043007,0.03140137,0.042963993,10.0,0.368220335609561,0.009,3.6732033560956103,-1.8672962490200269,1.8059071070755832,False,,0.015700685,0.031121,1.8059071070755832,-70.97028721294487
BTC,LONG,2025-07-05 00:00:00+00:00,2025-08-04 00:00:00+00:00,108133.0,114723.0,108241.133,114608.277,10.0,0.0588237005981821,0.009,0.5792370059818217,0.1736617301846609,0.7528987361664827,False,,54120.5665,108062.0,0.7528987361664827,-70.21738847677838
PAXG,LONG,2025-07-05 00:00:00+00:00,2025-08-04 00:00:00+00:00,3342.8,3378.0,3346.1427999999996,3374.622,10.0,0.0085110533836153,0.009,0.0761105338361537,0.1171404461196336,0.1932509799557873,False,,1673.0713999999998,3283.6,0.1932509799557873,-70.02413749682259
OMNI,SHORT,2025-07-05 00:00:00+00:00,2025-08-04 00:00:00+00:00,1.4386,4.1612,1.4371614,4.1653611999999995,10.0,-1.8983252681292435,0.009,-18.99225268129244,-5.231749343732373,-24.22400202502481,True,2025-07-11 19:00:00+00:00,2.1557421,4.9867,-10.0,-80.02413749682259
OM,SHORT,2025-07-05 00:00:00+00:00,2025-08-04 00:00:00+00:00,0.20364,0.25507,0.2034363599999999,0.25532507,10.0,-0.2550611404962221,0.009,-2.559611404962221,-0.1131978023042685,-2.6728092072664893,True,2025-07-20 19:00:00+00:00,0.3051545399999998,0.32693,-10.0,-90.02413749682259
USUAL,SHORT,2025-07-05 00:00:00+00:00,2025-08-04 00:00:00+00:00,0.06623,0.0721,0.06616377,0.0721720999999999,10.0,-0.090809970471755,0.009,-0.9170997047175504,-0.0980930742397236,-1.015192778957274,False,,0.0992456549999999,0.09862,-1.015192778957274,-91.03933027577986
OM,SHORT,2025-07-06 00:00:00+00:00,2025-08-05 00:00:00+00:00,0.21082,0.24801,0.21060918,0.2482580099999999,10.0,-0.1787615810478914,0.009,-1.7966158104789147,-0.1471645926226008,-1.9437804031015156,True,2025-07-21 19:00:00+00:00,0.31591377,0.32693,-10.0,-101.03933027577986
BLAST,SHORT,2025-07-06 00:00:00+00:00,2025-08-05 00:00:00+00:00,0.002195,0.002949,0.002192805,0.0029519489999999,10.0,-0.3461976783161291,0.009,-3.4709767831612908,-1.1170587324919452,-4.588035515653236,True,2025-07-27 19:00:00+00:00,0.0032892075,0.003433,-10.0,-111.03933027577986
ANIME,SHORT,2025-07-06 00:00:00+00:00,2025-08-05 00:00:00+00:00,0.016554,0.015968,0.016537446,0.0159839679999999,10.0,0.0334681667290102,0.009,0.3256816672901021,0.1331139114827646,0.4587955787728667,False,,0.024806169,0.021401,0.4587955787728667,-110.580534697007
NEAR,LONG,2025-07-06 00:00:00+00:00,2025-08-05 00:00:00+00:00,2.1729,2.4165,2.1750728999999995,2.4140835000000003,10.0,0.1098862479505863,0.009,1.0898624795058631,0.1590078486658539,1.248870328171717,False,,1.0875364499999998,2.1642,1.248870328171717,-109.33166436883528
TRB,LONG,2025-07-06 00:00:00+00:00,2025-08-05 00:00:00+00:00,36.557,34.963,36.593557,34.928037,10.0,-0.0455140231380074,0.009,-0.4641402313800743,0.1040983367584627,-0.3600418946216116,False,,18.2967785,34.523,-0.3600418946216116,-109.6917062634569
KFLOKI,LONG,2025-07-06 00:00:00+00:00,2025-08-05 00:00:00+00:00,0.083402,0.10216,0.083485402,0.10205784,10.0,0.2224632996317128,0.009,2.215632996317128,0.2958411111902893,2.5114741075074174,False,,0.041742701,0.081292,2.5114741075074174,-107.18023215594948
DOGE,LONG,2025-07-07 00:00:00+00:00,2025-08-06 00:00:00+00:00,0.16789,0.20575,0.16805789,0.2055442499999999,10.0,0.2230562337775394,0.009,2.221562337775394,0.2892943549335292,2.510856692708923,False,,0.084028945,0.16789,2.510856692708923,-104.66937546324056
KBONK,LONG,2025-07-07 00:00:00+00:00,2025-08-06 00:00:00+00:00,0.021392,0.024594,0.021413392,0.024569406,10.0,0.147385056977428,0.009,1.4648505697742809,0.4250822502341058,1.8899328200083867,False,,0.010706696,0.020706,1.8899328200083867,-102.77944264323217
XLM,LONG,2025-07-07 00:00:00+00:00,2025-08-06 00:00:00+00:00,0.24983,0.39866,0.2500798299999999,0.39826134,10.0,0.5925368311390811,0.009,5.91636831139081,0.1373491291803501,6.053717440571161,False,,0.1250399149999999,0.24983,6.053717440571161,-96.72572520266101
ANIME,SHORT,2025-07-07 00:00:00+00:00,2025-08-06 00:00:00+00:00,0.016155,0.016373,0.016138845,0.0163893729999999,10.0,-0.015523291784511,0.009,-0.16423291784511,0.1382905142558219,-0.0259424035892881,False,,0.0242082675,0.021401,-0.0259424035892881,-96.7516676062503
JTO,SHORT,2025-07-07 00:00:00+00:00,2025-08-06 00:00:00+00:00,1.8401,1.6704,1.8382599,1.6720704,10.0,0.0904058778630813,0.009,0.8950587786308138,0.1579508112368114,1.0530095898676253,False,,2.75738985,2.138,1.0530095898676253,-95.69865801638267
BLAST,SHORT,2025-07-07 00:00:00+00:00,2025-08-06 00:00:00+00:00,0.002349,0.002947,0.002346651,0.0029499469999999,10.0,-0.257088079991443,0.009,-2.57988079991443,-0.988930756371527,-3.568811556285957,False,,0.0035199765,0.003433,-3.568811556285957,-99.26746957266862
SEI,SHORT,2025-07-08 00:00:00+00:00,2025-08-07 00:00:00+00:00,0.26034,0.30409,0.26007966,0.30439409,12.0,-0.1703879111499915,0.0108,-2.0554549337998993,0.2132047385201749,-1.8422501952797243,False,,0.39011949,0.36641,-1.8422501952797243,-101.10971976794833
COMP,SHORT,2025-07-08 00:00:00+00:00,2025-08-07 00:00:00+00:00,41.221,47.684,41.179779,47.731683999999994,12.0,-0.1591049092322714,0.0108,-1.9200589107872577,0.130277937503006,-1.7897809732842511,False,,61.76966850000001,54.415,-1.7897809732842511,-102.89950074123259
OMNI,SHORT,2025-07-08 00:00:00+00:00,2025-08-07 00:00:00+00:00,1.4638,4.7654,1.4623362,4.770165399999999,12.0,-2.2620169014485167,0.0108,-27.1550028173822,-6.651509804764514,-33.80651262214671,True,2025-07-11 19:00:00+00:00,2.1935043,4.9867,-12.0,-114.89950074123259
LINK,LONG,2025-07-08 00:00:00+00:00,2025-08-07 00:00:00+00:00,13.918,18.3,13.931917999999998,18.2817,12.0,0.3122170256816042,0.0108,3.7358043081792505,0.2833767107552313,4.019181018934482,False,,6.965958999999999,13.918,4.019181018934482,-110.88031972229811
CELO,LONG,2025-07-08 00:00:00+00:00,2025-08-07 00:00:00+00:00,0.29588,0.32045,0.2961758799999999,0.32012955,12.0,0.0808765048659602,0.0108,0.9597180583915222,-0.0127742029180904,0.946943855473432,False,,0.1480879399999999,0.2925,0.946943855473432,-109.93337586682468
ATOM,LONG,2025-07-09 00:00:00+00:00,2025-08-08 00:00:00+00:00,4.3034,4.5941,4.307703399999999,4.5895059,10.0,0.0654182690479573,0.009,0.6451826904795731,0.1032831397417473,0.7484658302213204,False,,2.1538516999999997,4.0576,0.7484658302213204,-109.18491003660336
ETC,LONG,2025-07-09 00:00:00+00:00,2025-08-08 00:00:00+00:00,17.599,22.611,17.616598999999997,22.588389,10.0,0.2822218976545929,0.009,2.813218976545929,0.1667343610890502,2.979953337634979,False,,8.808299499999999,17.599,2.979953337634979,-106.20495669896837
LINK,LONG,2025-07-09 00:00:00+00:00,2025-08-08 00:00:00+00:00,14.29,19.76,14.304289999999998,19.74024,10.0,0.380022356929285,0.009,3.79122356929285,0.230844266480825,4.022067835773676,False,,7.152144999999999,14.29,4.022067835773676,-102.1828888631947
MOVE,SHORT,2025-07-09 00:00:00+00:00,2025-08-08 00:00:00+00:00,0.14609,0.1415,0.14594391,0.1416414999999999,10.0,0.0294798871703521,0.009,0.2857988717035218,-0.3918212539853838,-0.106022382281862,False,,0.218915865,0.18156,-0.106022382281862,-102.28891124547657
OM,SHORT,2025-07-09 00:00:00+00:00,2025-08-08 00:00:00+00:00,0.20878,0.27838,0.20857122,0.27865838,10.0,-0.336034664801788,0.009,-3.36934664801788,-0.1844360312037298,-3.5537826792216096,True,2025-07-21 19:00:00+00:00,0.31285683,0.32693,-10.0,-112.28891124547657
AIXBT,SHORT,2025-07-09 00:00:00+00:00,2025-08-08 00:00:00+00:00,0.14113,0.12971,0.14098887,0.1298397099999999,10.0,0.0790782988756491,0.009,0.7817829887564915,0.1562222373602965,0.9380052261167882,False,,0.2114833049999999,0.1752,0.9380052261167882,-111.35090601935978
AVAX,LONG,2025-07-10 00:00:00+00:00,2025-08-09 00:00:00+00:00,19.783,24.502,19.802783,24.477498,10.0,0.2360635371301096,0.009,2.351635371301096,0.1850884541206657,2.536723825421762,False,,9.9013915,19.783,2.536723825421762,-108.81418219393802
ADA,LONG,2025-07-10 00:00:00+00:00,2025-08-09 00:00:00+00:00,0.65234,0.816,0.65299234,0.8151839999999999,10.0,0.2483821785719568,0.009,2.474821785719569,0.1851926847470982,2.6600144704666673,False,,0.32649617,0.65234,2.6600144704666673,-106.15416772347136
ETH,LONG,2025-07-10 00:00:00+00:00,2025-08-09 00:00:00+00:00,2818.9,4262.3,2821.7189,4258.0377,10.0,0.5090226386476697,0.009,5.081226386476697,0.211735943812121,5.292962330288818,False,,1410.85945,2818.9,5.292962330288818,-100.86120539318254
GRIFFAIN,SHORT,2025-07-10 00:00:00+00:00,2025-08-09 00:00:00+00:00,0.050813,0.04126,0.050762187,0.0413012599999999,10.0,0.186377450601173,0.009,1.8547745060117304,0.1461961497130531,2.0009706557247835,False,,0.0761432805,0.057387,2.0009706557247835,-98.86023473745776
AIXBT,SHORT,2025-07-10 00:00:00+00:00,2025-08-09 00:00:00+00:00,0.14984,0.13676,0.14969016,0.1368967599999999,10.0,0.0854658716377884,0.009,0.8456587163778841,0.1491616465113004,0.9948203628891846,False,,0.2245352399999999,0.1752,0.9948203628891846,-97.86541437456857
MOVE,SHORT,2025-07-10 00:00:00+00:00,2025-08-09 00:00:00+00:00,0.14942,0.14257,0.1492705799999999,0.1427125699999999,10.0,0.0439337074994952,0.009,0.4303370749949524,-0.3512082279491378,0.0791288470458145,False,,0.2239058699999998,0.18156,0.0791288470458145,-97.78628552752276
MOVE,SHORT,2025-07-11 00:00:00+00:00,2025-08-10 00:00:00+00:00,0.15505,0.14112,0.15489495,0.14126112,10.0,0.0880198482907287,0.009,0.8711984829072873,-0.2789486732189138,0.5922498096883735,False,,0.232342425,0.18156,0.5922498096883735,-97.1940357178344
ZEREBRO,SHORT,2025-07-11 00:00:00+00:00,2025-08-10 00:00:00+00:00,0.033635,0.03105,0.033601365,0.03108105,10.0,0.0750063278679304,0.009,0.7410632786793042,0.2453695470532521,0.9864328257325564,False,,0.0504020475,0.033692,0.9864328257325564,-96.20760289210185
GMX,SHORT,2025-07-11 00:00:00+00:00,2025-08-10 00:00:00+00:00,13.377,18.138,13.363623,18.156138,10.0,-0.3586239300525013,0.009,-3.595239300525013,0.020099596028562,-3.575139704496451,False,,20.0454345,16.459,-3.575139704496451,-99.7827425965983
GALA,LONG,2025-07-11 00:00:00+00:00,2025-08-10 00:00:00+00:00,0.017843,0.017893,0.0178608429999999,0.0178751069999999,10.0,0.0007986185198537,0.009,-0.0010138148014626,0.0934561243809713,0.0924423095795086,False,,0.0089304214999999,0.014495,0.0924423095795086,-99.69030028701879
ALGO,LONG,2025-07-11 00:00:00+00:00,2025-08-10 00:00:00+00:00,0.22841,0.26688,0.22863841,0.26661312,10.0,0.1660906844129995,0.009,1.6519068441299956,0.1148352948159497,1.7667421389459452,False,,0.114319205,0.21757,1.7667421389459452,-97.92355814807284
SUI,LONG,2025-07-11 00:00:00+00:00,2025-08-10 00:00:00+00:00,3.5178,3.8934,3.5213177999999994,3.8895066,10.0,0.1045599462792029,0.009,1.036599462792029,0.2253991737729835,1.2619986365650124,False,,1.7606588999999997,3.3149,1.2619986365650124,-96.66155951150783
ALGO,LONG,2025-07-12 00:00:00+00:00,2025-08-11 00:00:00+00:00,0.21757,0.2566,0.2177875699999999,0.2563434,10.0,0.177034116318025,0.009,1.7613411631802502,0.1222985411030115,1.8836397042832616,False,,0.1088937849999999,0.21757,1.8836397042832616,-94.77791980722458
DOT,LONG,2025-07-12 00:00:00+00:00,2025-08-11 00:00:00+00:00,3.8977,3.9094,3.901597699999999,3.9054906,10.0,0.000997770733769,0.009,0.0009777073376907,0.1388324205005811,0.1398101278382718,False,,1.9507988499999995,3.4795,0.1398101278382718,-94.6381096793863
HYPE,LONG,2025-07-12 00:00:00+00:00,2025-08-11 00:00:00+00:00,46.691,43.761,46.737691,43.717239,10.0,-0.0646256144746217,0.009,-0.6552561447462176,0.1964640563627972,-0.4587920883834204,False,,23.3688455,36.066,-0.4587920883834204,-95.09690176776972
MOVE,SHORT,2025-07-12 00:00:00+00:00,2025-08-11 00:00:00+00:00,0.14893,0.14007,0.14878107,0.14021007,10.0,0.0576081352284939,0.009,0.5670813522849394,-0.260744952287344,0.3063363999975953,False,,0.223171605,0.18156,0.3063363999975953,-94.79056536777213
ANIME,SHORT,2025-07-12 00:00:00+00:00,2025-08-11 00:00:00+00:00,0.017779,0.017547,0.017761221,0.017564547,10.0,0.0110732252022538,0.009,0.1017322520225388,0.1375905303258711,0.2393227823484099,False,,0.0266418315,0.021401,0.2393227823484099,-94.55124258542372
SYRUP,SHORT,2025-07-12 00:00:00+00:00,2025-08-11 00:00:00+00:00,0.5009,0.50072,0.5003991,0.50122072,10.0,-0.0016419294119433,0.009,-0.0254192941194332,-0.0402397378029057,-0.0656590319223389,False,,0.7505986499999999,0.56999,-0.0656590319223389,-94.61690161734606
IP,SHORT,2025-07-13 00:00:00+00:00,2025-08-12 00:00:00+00:00,4.239,5.8207,4.234761,5.8265207,10.0,-0.375879465216573,0.009,-3.76779465216573,0.1134063808889332,-3.654388271276797,True,2025-08-08 19:00:00+00:00,6.3521415,6.8545,-10.0,-104.61690161734606
HYPE,LONG,2025-07-13 00:00:00+00:00,2025-08-12 00:00:00+00:00,49.031,44.403,49.08003099999999,44.358597,10.0,-0.0961986759951312,0.009,-0.970986759951312,0.1837560873825447,-0.7872306725687674,False,,24.540015499999996,36.066,-0.7872306725687674,-105.40413228991483
SAND,LONG,2025-07-13 00:00:00+00:00,2025-08-12 00:00:00+00:00,0.31734,0.30039,0.3176573399999999,0.30008961,10.0,-0.0553040266596702,0.009,-0.5620402665967029,0.1161489653828241,-0.4458913012138787,False,,0.1588286699999999,0.25558,-0.4458913012138787,-105.8500235911287
ALGO,LONG,2025-07-13 00:00:00+00:00,2025-08-12 00:00:00+00:00,0.26345,0.27455,0.26371345,0.27427545,10.0,0.0400510478324105,0.009,0.3915104783241058,0.1015199578609661,0.4930304361850719,False,,0.131856725,0.22561,0.4930304361850719,-105.35699315494364
ALT,SHORT,2025-07-13 00:00:00+00:00,2025-08-12 00:00:00+00:00,0.035979,0.038211,0.035943021,0.038249211,10.0,-0.0641623863503293,0.009,-0.6506238635032932,0.0643385931707298,-0.5862852703325633,False,,0.0539145315,0.039755,-0.5862852703325633,-105.9432784252762
W,SHORT,2025-07-13 00:00:00+00:00,2025-08-12 00:00:00+00:00,0.08066,0.08879,0.08057934,0.0888787899999999,10.0,-0.1029972447031706,0.009,-1.0389724470317063,0.053553554078502,-0.9854188929532044,False,,0.12086901,0.09644,-0.9854188929532044,-106.92869731822941
INIT,SHORT,2025-07-14 00:00:00+00:00,2025-08-13 00:00:00+00:00,0.49471,0.47563,0.49421529,0.4761056299999999,10.0,0.0366432612799171,0.009,0.3574326127991715,0.1451057765645211,0.5025383893636927,False,,0.7413229349999999,0.57331,0.5025383893636927,-106.42615892886572
MOVE,SHORT,2025-07-14 00:00:00+00:00,2025-08-13 00:00:00+00:00,0.14722,0.14616,0.14707278,0.14630616,10.0,0.0052125213108774,0.009,0.0431252131087748,-0.2532660223562103,-0.2101408092474355,False,,0.2206091699999999,0.18156,-0.2101408092474355,-106.63629973811315
OMNI,SHORT,2025-07-14 00:00:00+00:00,2025-08-13 00:00:00+00:00,2.7707,4.3461,2.7679293,4.350446099999999,10.0,-0.5717331002637962,0.009,-5.726331002637963,-3.5393714718114735,-9.265702474449435,True,2025-07-29 19:00:00+00:00,4.15189395,4.9867,-10.0,-116.63629973811315
HYPE,LONG,2025-07-14 00:00:00+00:00,2025-08-13 00:00:00+00:00,46.95,47.887,46.99695,47.839113,10.0,0.0179195245648919,0.009,0.1701952456489196,0.1908755655246351,0.3610708111735548,False,,23.498475,36.066,0.3610708111735548,-116.2752289269396
RENDER,LONG,2025-07-14 00:00:00+00:00,2025-08-13 00:00:00+00:00,3.7326,4.2012,3.7363326,4.1969988,10.0,0.1232936810818181,0.009,1.2239368108181814,0.1498740547798127,1.373810865597994,False,,1.8681663,3.3854,1.373810865597994,-114.90141806134162
BTC,LONG,2025-07-14 00:00:00+00:00,2025-08-13 00:00:00+00:00,120065.0,122859.0,120185.065,122736.141,10.0,0.021226231395723,0.009,0.2032623139572305,0.1468120208120534,0.3500743347692839,False,,60092.5325,112165.0,0.3500743347692839,-114.55134372657233
MOVE,SHORT,2025-07-15 00:00:00+00:00,2025-08-14 00:00:00+00:00,0.14644,0.13421,0.14629356,0.13434421,10.0,0.0816806290037647,0.009,0.8078062900376474,-0.2514225866538486,0.5563837033837987,False,,0.2194403399999999,0.18156,0.5563837033837987,-113.99496002318853
INIT,SHORT,2025-07-15 00:00:00+00:00,2025-08-14 00:00:00+00:00,0.47842,0.42062,0.47794158,0.4210406199999999,10.0,0.1190542157893023,0.009,1.1815421578930234,0.1519504899746533,1.3334926478676767,False,,0.71691237,0.57331,1.3334926478676767,-112.66146737532085
SYRUP,SHORT,2025-07-15 00:00:00+00:00,2025-08-14 00:00:00+00:00,0.44026,0.42672,0.4398197399999999,0.4271467199999999,10.0,0.0288141228040379,0.009,0.2791412280403793,-0.0834522594646161,0.1956889685757632,False,,0.6597296099999999,0.56999,0.1956889685757632,-112.46577840674509
SUI,LONG,2025-07-15 00:00:00+00:00,2025-08-14 00:00:00+00:00,3.9691,3.7314,3.9730691,3.7276686,10.0,-0.0617659783465632,0.009,-0.6266597834656329,0.19916699298872,-0.4274927904769129,False,,1.98653455,3.3149,-0.4274927904769129,-112.893271197222
BTC,LONG,2025-07-15 00:00:00+00:00,2025-08-14 00:00:00+00:00,116473.0,118014.0,116589.47299999998,117895.986,10.0,0.011206097483604,0.009,0.1030609748360403,0.1478049223271813,0.2508658971632216,False,,58294.73649999999,112165.0,0.2508658971632216,-112.64240530005878
RENDER,LONG,2025-07-15 00:00:00+00:00,2025-08-14 00:00:00+00:00,3.7906,3.8099,3.7943905999999994,3.8060901,10.0,0.0030833673264952,0.009,0.0218336732649523,0.1502136175187921,0.1720472907837444,False,,1.8971952999999997,3.3854,0.1720472907837444,-112.47035800927505
GRIFFAIN,SHORT,2025-07-16 00:00:00+00:00,2025-08-15 00:00:00+00:00,0.054162,0.037263,0.054107838,0.0373002629999999,10.0,0.3106310586647355,0.009,3.0973105866473554,0.1440856030405058,3.241396189687862,False,,0.081161757,0.054162,3.241396189687862,-109.22896181958718
MELANIA,SHORT,2025-07-16 00:00:00+00:00,2025-08-15 00:00:00+00:00,0.2476,0.20433,0.2473524,0.20453433,10.0,0.1731055368777501,0.009,1.722055368777502,0.0779649330254325,1.8000203018029346,False,,0.3710286,0.2625,1.8000203018029346,-107.42894151778425
SYRUP,SHORT,2025-07-16 00:00:00+00:00,2025-08-15 00:00:00+00:00,0.48398,0.41779,0.48349602,0.4182077899999999,10.0,0.1350336451580305,0.009,1.3413364515803057,-0.0799317600884904,1.261404691491815,False,,0.72524403,0.56999,1.261404691491815,-106.16753682629243
SUI,LONG,2025-07-16 00:00:00+00:00,2025-08-15 00:00:00+00:00,4.0185,3.6538,4.0225185,3.6501462,10.0,-0.0925719297499813,0.009,-0.9347192974998134,0.1983491141613891,-0.7363701833384242,False,,2.01125925,3.3149,-0.7363701833384242,-106.90390700963086
ETH,LONG,2025-07-16 00:00:00+00:00,2025-08-15 00:00:00+00:00,3384.6,4382.5,3387.9845999999993,4378.1175,10.0,0.2922483472917797,0.009,2.9134834729177967,0.1931418475867925,3.1066253205045893,False,,1693.9922999999997,3380.4,3.1066253205045893,-103.79728168912627
AVAX,LONG,2025-07-16 00:00:00+00:00,2025-08-15 00:00:00+00:00,22.638,23.522,22.660638,23.498478,10.0,0.0369733632389344,0.009,0.360733632389344,0.1968988717198518,0.5576325041091958,False,,11.330319,20.867,0.5576325041091958,-103.23964918501707
RENDER,LONG,2025-07-17 00:00:00+00:00,2025-08-16 00:00:00+00:00,4.0341,3.9204,4.038134099999999,3.9164796,10.0,-0.0301264140782246,0.009,-0.3102641407822468,0.1395366299768995,-0.1707275108053473,False,,2.0190670499999994,3.3854,-0.1707275108053473,-103.41037669582242
NEAR,LONG,2025-07-17 00:00:00+00:00,2025-08-16 00:00:00+00:00,2.7513,2.7366,2.7540513,2.7338634,10.0,-0.0073302556128855,0.009,-0.0823025561288557,0.1313122326966458,0.0490096765677901,False,,1.37702565,2.3293,0.0490096765677901,-103.36136701925463
ETH,LONG,2025-07-17 00:00:00+00:00,2025-08-16 00:00:00+00:00,3414.9,4418.1,3418.3149,4413.6819000000005,10.0,0.2911864556422232,0.009,2.9028645564222324,0.1877906692013366,3.090655225623569,False,,1709.15745,3380.4,3.090655225623569,-100.27071179363107
SYRUP,SHORT,2025-07-17 00:00:00+00:00,2025-08-16 00:00:00+00:00,0.44281,0.44055,0.4423671899999999,0.4409905499999999,10.0,0.0031119848648812,0.009,0.0221198486488123,-0.1122476400111635,-0.0901277913623512,False,,0.6635507849999999,0.56999,-0.0901277913623512,-100.36083958499341
MOVE,SHORT,2025-07-17 00:00:00+00:00,2025-08-16 00:00:00+00:00,0.15268,0.13775,0.15252732,0.13788775,10.0,0.0959799857494383,0.009,0.9507998574943832,-0.2346500728327226,0.7161497846616605,False,,0.2287909799999999,0.18156,0.7161497846616605,-99.64468980033175
JTO,SHORT,2025-07-17 00:00:00+00:00,2025-08-16 00:00:00+00:00,1.9088,1.7709,1.9068912,1.7726708999999998,10.0,0.070386973310276,0.009,0.69486973310276,0.1433551926029655,0.8382249257057255,False,,2.8603368,2.138,0.8382249257057255,-98.80646487462602
SEI,SHORT,2025-07-18 00:00:00+00:00,2025-08-17 00:00:00+00:00,0.35116,0.34195,0.35080884,0.3422919499999999,10.0,0.024277865973959,0.009,0.2337786597395907,0.0796485063350741,0.3134271660746649,False,,0.52621326,0.36641,0.3134271660746649,-98.49303770855136
ZEREBRO,SHORT,2025-07-18 00:00:00+00:00,2025-08-17 00:00:00+00:00,0.031951,0.027632,0.031919049,0.0276596319999999,10.0,0.1334443579443736,0.009,1.3254435794437365,0.2634136301621956,1.588857209605932,False,,0.0478785734999999,0.032186,1.588857209605932,-96.90418049894542
OMNI,SHORT,2025-07-18 00:00:00+00:00,2025-08-17 00:00:00+00:00,2.6419,4.073,2.6392581,4.077073,10.0,-0.5447799516083706,0.009,-5.456799516083706,-3.8298112539476143,-9.28661077003132,True,2025-07-29 19:00:00+00:00,3.95888715,4.9867,-10.0,-106.90418049894542
ETH,LONG,2025-07-18 00:00:00+00:00,2025-08-17 00:00:00+00:00,3550.7,4461.4,3554.2506999999996,4456.9385999999995,10.0,0.2539741780173244,0.009,2.530741780173244,0.1752775537909861,2.7060193339642304,False,,1777.1253499999998,3380.4,2.7060193339642304,-104.19816116498119
ADA,LONG,2025-07-18 00:00:00+00:00,2025-08-17 00:00:00+00:00,0.81787,0.95137,0.8186878699999999,0.95041863,10.0,0.1609047413881925,0.009,1.6000474138819254,0.1354978183824074,1.7355452322643328,False,,0.4093439349999999,0.69399,1.7355452322643328,-102.46261593271686
RUNE,LONG,2025-07-18 00:00:00+00:00,2025-08-17 00:00:00+00:00,1.6133,1.3697,1.6149132999999998,1.3683303,10.0,-0.1526911692410978,0.009,-1.5359116924109784,0.0938993130311082,-1.44201237937987,False,,0.8074566499999999,1.2391,-1.44201237937987,-103.90462831209673
MOVE,SHORT,2025-07-19 00:00:00+00:00,2025-08-18 00:00:00+00:00,0.1611,0.13202,0.1609389,0.1321520199999999,10.0,0.1788683779993526,0.009,1.7796837799935266,-0.2248559145308561,1.5548278654626704,False,,0.24140835,0.18156,1.5548278654626704,-102.34980044663406
ADA,LONG,2025-07-19 00:00:00+00:00,2025-08-18 00:00:00+00:00,0.82957,0.91935,0.83039957,0.91843065,10.0,0.1060105076884854,0.009,1.0511050768848549,0.121375376687117,1.172480453571972,False,,0.415199785,0.69399,1.172480453571972,-101.17731999306208
AVAX,LONG,2025-07-19 00:00:00+00:00,2025-08-18 00:00:00+00:00,24.973,23.825,24.997972999999995,23.801175,10.0,-0.0478758017700072,0.009,-0.4877580177000728,0.1617561438991873,-0.3260018738008854,False,,12.498986499999996,20.867,-0.3260018738008854,-101.50332186686298
RENDER,LONG,2025-07-19 00:00:00+00:00,2025-08-18 00:00:00+00:00,4.157,3.7661,4.161156999999999,3.7623339,10.0,-0.0958442808093997,0.009,-0.967442808093998,0.1166996029529768,-0.8507432051410211,False,,2.0805784999999997,3.3854,-0.8507432051410211,-102.35406507200399
OMNI,SHORT,2025-07-19 00:00:00+00:00,2025-08-18 00:00:00+00:00,2.6349,3.9124,2.6322651,3.9163123999999994,10.0,-0.4878107831920117,0.009,-4.887107831920118,-3.863914696671395,-8.751022528591513,True,2025-07-29 19:00:00+00:00,3.94839765,4.9867,-10.0,-112.35406507200399
ZEREBRO,SHORT,2025-07-19 00:00:00+00:00,2025-08-18 00:00:00+00:00,0.030783,0.027181,0.030752217,0.0272081809999999,10.0,0.1152448943762332,0.009,1.1434489437623323,0.2547939205992205,1.3982428643615528,False,,0.0461283255,0.032186,1.3982428643615528,-110.95582220764244
GRIFFAIN,SHORT,2025-07-20 00:00:00+00:00,2025-08-19 00:00:00+00:00,0.053312,0.035683,0.053258688,0.0357186829999999,10.0,0.3293360324610325,0.009,3.2843603246103257,0.1355505402694298,3.4199108648797556,False,,0.079888032,0.053772,3.4199108648797556,-107.53591134276269
SYRUP,SHORT,2025-07-20 00:00:00+00:00,2025-08-19 00:00:00+00:00,0.42365,0.40282,0.42322635,0.40322282,10.0,0.0472643775606127,0.009,0.4636437756061277,-0.1422376301994429,0.3214061454066848,False,,0.634839525,0.56999,0.3214061454066848,-107.214505197356
HYPER,SHORT,2025-07-20 00:00:00+00:00,2025-08-19 00:00:00+00:00,0.35842,0.31744,0.35806158,0.3177574399999999,10.0,0.1125620347203965,0.009,1.1166203472039655,-1.205061960432225,-0.0884416132282595,False,,0.53709237,0.53101,-0.0884416132282595,-107.30294681058426
ATOM,LONG,2025-07-20 00:00:00+00:00,2025-08-19 00:00:00+00:00,5.2366,4.3081,5.241836599999999,4.303791899999999,10.0,-0.1789534416238766,0.009,-1.7985344162387662,0.0783040945997439,-1.7202303216390222,False,,2.6209182999999996,4.0576,-1.7202303216390222,-109.02317713222328
DOT,LONG,2025-07-20 00:00:00+00:00,2025-08-19 00:00:00+00:00,4.5368,3.7412,4.5413368,3.7374588,10.0,-0.1770135172533337,0.009,-1.7791351725333375,0.0847666314038853,-1.6943685411294525,False,,2.2706684,3.4795,-1.6943685411294525,-110.71754567335273
AVAX,LONG,2025-07-20 00:00:00+00:00,2025-08-19 00:00:00+00:00,25.32,22.494,25.345319999999997,22.471506,10.0,-0.1133863766565188,0.009,-1.1428637665651882,0.1582318080675643,-0.9846319584976236,False,,12.67266,20.867,-0.9846319584976236,-111.70217763185036
GMT,LONG,2025-07-21 00:00:00+00:00,2025-08-20 00:00:00+00:00,0.056933,0.042747,0.0569899329999999,0.042704253,10.0,-0.2506702367942773,0.009,-2.515702367942773,0.0404623637533316,-2.475240004189441,False,,0.0284949664999999,0.041134,-2.475240004189441,-114.1774176360398
STX,LONG,2025-07-21 00:00:00+00:00,2025-08-20 00:00:00+00:00,0.86881,0.6788,0.8696788099999999,0.6781212,10.0,-0.2202624782820682,0.009,-2.211624782820682,0.1058754618172771,-2.105749321003405,False,,0.4348394049999999,0.64231,-2.105749321003405,-116.2831669570432
MINA,LONG,2025-07-21 00:00:00+00:00,2025-08-20 00:00:00+00:00,0.23309,0.18778,0.2333230899999999,0.18759222,10.0,-0.1959980471714135,0.009,-1.968980471714135,0.087457565066535,-1.8815229066476,False,,0.1166615449999999,0.17314,-1.8815229066476,-118.16468986369081
SYRUP,SHORT,2025-07-21 00:00:00+00:00,2025-08-20 00:00:00+00:00,0.4142,0.42398,0.4137858,0.4244039799999999,10.0,-0.0256610545842798,0.009,-0.2656105458427988,-0.1526001621220931,-0.4182107079648919,False,,0.6206787,0.56999,-0.4182107079648919,-118.5829005716557
HYPER,SHORT,2025-07-21 00:00:00+00:00,2025-08-20 00:00:00+00:00,0.3463,0.36041,0.3459537,0.36077041,10.0,-0.0428285923810036,0.009,-0.4372859238100361,-1.2482557919579125,-1.6855417157679484,True,2025-07-25 19:00:00+00:00,0.51893055,0.53101,-10.0,-128.5829005716557
GRIFFAIN,SHORT,2025-07-21 00:00:00+00:00,2025-08-20 00:00:00+00:00,0.053772,0.037901,0.053718228,0.0379389009999999,10.0,0.2937425076642515,0.009,2.9284250766425153,0.1305834716005152,3.0590085482430305,False,,0.080577342,0.053772,3.0590085482430305,-125.52389202341267
SYRUP,SHORT,2025-07-22 00:00:00+00:00,2025-08-21 00:00:00+00:00,0.44783,0.40841,0.44738217,0.4088184099999999,10.0,0.0861986967428765,0.009,0.8529869674287659,-0.1539369003596187,0.6990500670691472,False,,0.671073255,0.56999,0.6990500670691472,-124.82484195634352
MOVE,SHORT,2025-07-22 00:00:00+00:00,2025-08-21 00:00:00+00:00,0.18156,0.1261,0.18137844,0.1262260999999999,10.0,0.3040732955912512,0.009,3.031732955912512,-0.2003532017326866,2.8313797541798253,False,,0.27206766,0.18156,2.8313797541798253,-121.9934622021637
JTO,SHORT,2025-07-22 00:00:00+00:00,2025-08-21 00:00:00+00:00,2.138,1.7406,2.135862,1.7423405999999997,10.0,0.184244768622692,0.009,1.8334476862269204,0.0810145424097156,1.914462228636636,False,,3.203793,2.138,1.914462228636636,-120.07899997352706
AVAX,LONG,2025-07-22 00:00:00+00:00,2025-08-21 00:00:00+00:00,24.884,22.815,24.908883999999997,22.792185,10.0,-0.0849776730262181,0.009,-0.8587767302621817,0.1400986661679423,-0.7186780640942394,False,,12.454441999999998,20.867,-0.7186780640942394,-120.7976780376213
GMT,LONG,2025-07-22 00:00:00+00:00,2025-08-21 00:00:00+00:00,0.055985,0.041105,0.0560409849999999,0.041063895,10.0,-0.2672524403345158,0.009,-2.6815244033451577,0.0395273176437387,-2.641997085701419,False,,0.0280204924999999,0.041134,-2.641997085701419,-123.43967512332271
NEAR,LONG,2025-07-22 00:00:00+00:00,2025-08-21 00:00:00+00:00,2.9214,2.4526,2.9243213999999997,2.4501474,10.0,-0.1621483876567054,0.009,-1.6304838765670546,0.0832388905629183,-1.5472449860041364,False,,1.4621607,2.3293,-1.5472449860041364,-124.98692010932685
GMT,LONG,2025-07-23 00:00:00+00:00,2025-08-22 00:00:00+00:00,0.052125,0.044352,0.0521771249999999,0.044307648,10.0,-0.1508223574986162,0.009,-1.5172235749861624,0.0414427034299992,-1.475780871556163,False,,0.0260885624999999,0.041105,-1.475780871556163,-126.46270098088301
AVAX,LONG,2025-07-23 00:00:00+00:00,2025-08-22 00:00:00+00:00,23.857,25.094,23.880856999999995,25.068906,10.0,0.0497490102637441,0.009,0.4884901026374417,0.138143797277627,0.6266338999150687,False,,11.940428499999998,20.867,0.6266338999150687,-125.83606708096795
SEI,SHORT,2025-07-23 00:00:00+00:00,2025-08-22 00:00:00+00:00,0.32821,0.32582,0.32788179,0.32614582,10.0,0.0052944995816938,0.009,0.0439449958169385,0.009974901823032,0.0539198976399705,False,,0.491822685,0.35417,0.0539198976399705,-125.78214718332798
HYPER,SHORT,2025-07-23 00:00:00+00:00,2025-08-22 00:00:00+00:00,0.4092,0.33509,0.4087908,0.33542509,10.0,0.1794700614593088,0.009,1.7857006145930885,-1.0627489914485355,0.7229516231445527,False,,0.6131862,0.53101,0.7229516231445527,-125.05919556018343
SYRUP,SHORT,2025-07-23 00:00:00+00:00,2025-08-22 00:00:00+00:00,0.46577,0.43557,0.46530423,0.4360055699999999,10.0,0.0629666745131461,0.009,0.6206667451314613,-0.157931560164712,0.4627351849667492,False,,0.6979563449999999,0.56999,0.4627351849667492,-124.59646037521668
SOL,LONG,2025-07-23 00:00:00+00:00,2025-08-22 00:00:00+00:00,188.47,199.01,188.65846999999997,198.81099,10.0,0.0538142814367149,0.009,0.5291428143671493,0.1171524218574973,0.6462952362246466,False,,94.32923499999998,157.39,0.6462952362246466,-123.95016513899203
BNB,LONG,2025-07-24 00:00:00+00:00,2025-08-23 00:00:00+00:00,779.35,884.07,780.1293499999999,883.1859300000001,12.0,0.1321019136121467,0.0108,1.574422963345761,0.1331954658185646,1.7076184291643255,False,,390.064675,737.05,1.7076184291643255,-122.2425467098277
AVAX,LONG,2025-07-24 00:00:00+00:00,2025-08-23 00:00:00+00:00,24.001,26.001,24.025001,25.974999,12.0,0.0811653660284967,0.0108,0.9631843923419612,0.1569112267731768,1.120095619115138,False,,12.0125005,20.867,1.120095619115138,-121.12245109071257
ALT,SHORT,2025-07-24 00:00:00+00:00,2025-08-23 00:00:00+00:00,0.033558,0.037607,0.0335244419999999,0.037644607,12.0,-0.122900330451436,0.0108,-1.4856039654172328,0.0807465244260531,-1.4048574409911798,False,,0.0502866629999998,0.039755,-1.4048574409911798,-122.52730853170375
HYPER,SHORT,2025-07-24 00:00:00+00:00,2025-08-23 00:00:00+00:00,0.42951,0.33027,0.42908049,0.33060027,12.0,0.229514560310118,0.0108,2.7433747237214168,-1.1611889836011329,1.582185740120284,False,,0.6436207349999999,0.53101,1.582185740120284,-120.94512279158347
KNEIRO,SHORT,2025-07-24 00:00:00+00:00,2025-08-23 00:00:00+00:00,0.45843,0.40313,0.45797157,0.4035331299999999,12.0,0.1188686013850161,0.0108,1.415623216620194,0.0942013038854966,1.5098245205056908,False,,0.686957355,0.46755,1.5098245205056908,-119.43529827107778
OMNI,SHORT,2025-07-25 00:00:00+00:00,2025-08-24 00:00:00+00:00,2.3875,3.7575,2.3851125,3.7612574999999993,12.0,-0.576972784302627,0.0108,-6.934473411631524,-5.368268203552813,-12.302741615184338,True,2025-07-29 19:00:00+00:00,3.57766875,4.9867,-12.0,-131.43529827107778
HYPER,SHORT,2025-07-25 00:00:00+00:00,2025-08-24 00:00:00+00:00,0.53101,0.32561,0.53047899,0.32593561,12.0,0.3855824337171205,0.0108,4.616189204605446,-0.798105902563538,3.818083302041907,False,,0.795718485,0.53101,3.818083302041907,-127.61721496903587
KNEIRO,SHORT,2025-07-25 00:00:00+00:00,2025-08-24 00:00:00+00:00,0.44895,0.3922,0.44850105,0.3925921999999999,12.0,0.1246571217614765,0.0108,1.4850854611377182,0.095676931646675,1.5807623927843932,False,,0.672751575,0.46755,1.5807623927843932,-126.03645257625148
BNB,LONG,2025-07-25 00:00:00+00:00,2025-08-24 00:00:00+00:00,774.63,870.13,775.4046299999999,869.25987,12.0,0.1210403399319399,0.0108,1.4416840791832792,0.1327311091944034,1.574415188377683,False,,387.70231499999994,737.05,1.574415188377683,-124.46203738787379
TRX,LONG,2025-07-25 00:00:00+00:00,2025-08-24 00:00:00+00:00,0.31491,0.36515,0.3152249099999999,0.36478485,12.0,0.1572208871437223,0.0108,1.875850645724668,0.1331214718985882,2.0089721176232564,False,,0.1576124549999999,0.31491,2.0089721176232564,-122.45306527025053
DOT,LONG,2025-07-26 00:00:00+00:00,2025-08-25 00:00:00+00:00,4.195,3.7772,4.199195,3.7734228,10.0,-0.1013937671387014,0.009,-1.0229376713870146,0.0848650268780564,-0.9380726445089582,False,,2.0995975,3.4795,-0.9380726445089582,-123.3911379147595
STX,LONG,2025-07-26 00:00:00+00:00,2025-08-25 00:00:00+00:00,0.81781,0.62838,0.81862781,0.6277516200000001,10.0,-0.2331660220534163,0.009,-2.340660220534163,0.0850796950078326,-2.2555805255263306,False,,0.409313905,0.64231,-2.2555805255263306,-125.64671844028582
SUI,LONG,2025-07-26 00:00:00+00:00,2025-08-25 00:00:00+00:00,4.2101,3.3721,4.2143101,3.3687279,10.0,-0.2006454627057462,0.009,-2.015454627057462,0.1093327978120072,-1.9061218292454547,False,,2.10715505,3.3149,-1.9061218292454547,-127.55284026953127
SYRUP,SHORT,2025-07-26 00:00:00+00:00,2025-08-25 00:00:00+00:00,0.54928,0.39857,0.54873072,0.3989685699999999,10.0,0.2729246687701394,0.009,2.720246687701394,0.0650475248967471,2.7852942125981413,False,,0.82309608,0.56999,2.7852942125981413,-124.76754605693313
HYPER,SHORT,2025-07-26 00:00:00+00:00,2025-08-25 00:00:00+00:00,0.50037,0.29598,0.4998696299999999,0.29627598,10.0,0.4072934977065919,0.009,4.063934977065919,-0.3246540246803552,3.739280952385564,False,,0.7498044449999999,0.52615,3.739280952385564,-121.02826510454756
KAITO,SHORT,2025-07-26 00:00:00+00:00,2025-08-25 00:00:00+00:00,1.3628,1.009,1.3614372,1.0100089999999995,10.0,0.2581303052391988,0.009,2.5723030523919883,0.0188866555280699,2.591189707920058,False,,2.0421557999999997,1.3628,2.591189707920058,-118.4370753966275
SYRUP,SHORT,2025-07-27 00:00:00+00:00,2025-08-26 00:00:00+00:00,0.56999,0.40962,0.56942001,0.4100296199999999,10.0,0.279917086159301,0.009,2.7901708615930105,0.0643299200948523,2.8545007816878627,False,,0.854130015,0.56999,2.8545007816878627,-115.58257461493965
OMNI,SHORT,2025-07-27 00:00:00+00:00,2025-08-26 00:00:00+00:00,2.7935,3.5053,2.7907065,3.5088052999999997,10.0,-0.2573179228987355,0.009,-2.582179228987355,-3.87597250758222,-6.458151736569574,True,2025-07-29 19:00:00+00:00,4.18605975,4.9867,-10.0,-125.58257461493965
KNEIRO,SHORT,2025-07-27 00:00:00+00:00,2025-08-26 00:00:00+00:00,0.46755,0.36143,0.46708245,0.3617914299999999,10.0,0.2254227706478805,0.009,2.2452277064788055,0.0755318106476918,2.3207595171264974,False,,0.700623675,0.46755,2.3207595171264974,-123.26181509781314
INJ,LONG,2025-07-27 00:00:00+00:00,2025-08-26 00:00:00+00:00,15.445,13.545,15.460444999999998,13.531455,10.0,-0.1247693711274157,0.009,-1.2566937112741574,0.0937090728160153,-1.1629846384581422,False,,7.730222499999999,12.123,-1.1629846384581422,-124.42479973627128
AVAX,LONG,2025-07-27 00:00:00+00:00,2025-08-26 00:00:00+00:00,25.427,24.229,25.452426999999997,24.204771,10.0,-0.0490191367605138,0.009,-0.4991913676051387,0.1280587021020431,-0.3711326655030955,False,,12.726213499999998,20.867,-0.3711326655030955,-124.79593240177438
DOT,LONG,2025-07-27 00:00:00+00:00,2025-08-26 00:00:00+00:00,4.1792,3.9073,4.183379199999999,3.9033927,10.0,-0.0669283100131106,0.009,-0.6782831001311066,0.0845251104802309,-0.5937579896508757,False,,2.0916895999999996,3.4795,-0.5937579896508757,-125.38969039142526
LAUNCHCOIN,SHORT,2025-07-28 00:00:00+00:00,2025-08-27 00:00:00+00:00,0.088221,0.051829,0.088132779,0.0518808289999999,10.0,0.4113333360338042,0.009,4.104333360338042,0.1330362750992227,4.237369635437265,False,,0.1321991685,0.088221,4.237369635437265,-121.152320755988
MOVE,SHORT,2025-07-28 00:00:00+00:00,2025-08-27 00:00:00+00:00,0.1443,0.12271,0.1441557,0.1228327099999999,10.0,0.1479163848533219,0.009,1.4701638485332191,-0.1415330043334395,1.3286308441997796,False,,0.21623355,0.14616,1.3286308441997796,-119.82368991178822
BABY,SHORT,2025-07-28 00:00:00+00:00,2025-08-27 00:00:00+00:00,0.056948,0.04897,0.056891052,0.0490189699999999,10.0,0.1383711800583333,0.009,1.374711800583333,0.0495398649873973,1.4242516655707302,False,,0.085336578,0.066421,1.4242516655707302,-118.39943824621749
LINK,LONG,2025-07-28 00:00:00+00:00,2025-08-27 00:00:00+00:00,18.233,24.187,18.251233,24.162813,10.0,0.3239003085435379,0.009,3.230003085435379,0.1858543041650939,3.415857389600473,False,,9.1256165,15.58,3.415857389600473,-114.98358085661701
BNB,LONG,2025-07-28 00:00:00+00:00,2025-08-27 00:00:00+00:00,832.39,860.56,833.2223899999999,859.69944,10.0,0.0317766904943589,0.009,0.3087669049435899,0.0804998837278004,0.3892667886713903,False,,416.6111949999999,737.05,0.3892667886713903,-114.59431406794562
MINA,LONG,2025-07-28 00:00:00+00:00,2025-08-27 00:00:00+00:00,0.20887,0.17969,0.2090788699999999,0.1795103099999999,10.0,-0.1414229950640158,0.009,-1.4232299506401578,0.0822647297144374,-1.3409652209257203,False,,0.1045394349999999,0.17314,-1.3409652209257203,-115.93527928887134
AVAX,LONG,2025-07-29 00:00:00+00:00,2025-08-28 00:00:00+00:00,24.104,24.207,24.128103999999997,24.182793,10.0,0.0022666099250899,0.009,0.0136660992508998,0.1165687014931633,0.1302348007440631,False,,12.064051999999998,20.867,0.1302348007440631,-115.80504448812728
BNB,LONG,2025-07-29 00:00:00+00:00,2025-08-28 00:00:00+00:00,804.19,869.38,804.99419,868.51062,10.0,0.0789029669891158,0.009,0.7800296698911581,0.0713934606491259,0.851423130540284,False,,402.497095,737.05,0.851423130540284,-114.953621357587
ATOM,LONG,2025-07-29 00:00:00+00:00,2025-08-28 00:00:00+00:00,4.553,4.6025,4.5575529999999995,4.5978975,10.0,0.008852228377816,0.009,0.0795222837781605,0.076077220387651,0.1555995041658115,False,,2.2787765,4.0576,0.1555995041658115,-114.79802185342119
ALT,SHORT,2025-07-29 00:00:00+00:00,2025-08-28 00:00:00+00:00,0.037325,0.033319,0.037287675,0.033352319,10.0,0.1055403963910327,0.009,1.0464039639103273,0.063907635194337,1.1103115991046644,False,,0.0559315125,0.038423,1.1103115991046644,-113.68771025431653
OMNI,SHORT,2025-07-29 00:00:00+00:00,2025-08-28 00:00:00+00:00,4.9867,3.3644,4.9817133,3.3677643999999995,10.0,0.3239746655031313,0.009,3.230746655031313,-2.164313917081198,1.066432737950115,False,,7.47256995,4.9867,1.066432737950115,-112.62127751636642
USUAL,SHORT,2025-07-29 00:00:00+00:00,2025-08-28 00:00:00+00:00,0.08219,0.06671,0.08210781,0.06677671,10.0,0.1867191440132187,0.009,1.8581914401321873,-0.0107064958491768,1.8474849442830104,False,,0.123161715,0.085,1.8474849442830104,-110.77379257208341
VINE,SHORT,2025-07-30 00:00:00+00:00,2025-08-29 00:00:00+00:00,0.11585,0.068115,0.11573415,0.0681831149999999,12.0,0.4108643386589006,0.0108,4.919572063906808,0.0744037533587208,4.993975817265529,False,,0.173601225,0.11585,4.993975817265529,-105.77981675481789
HYPER,SHORT,2025-07-30 00:00:00+00:00,2025-08-29 00:00:00+00:00,0.43873,0.30429,0.43829127,0.30459429,12.0,0.3050413940483004,0.0108,3.6496967285796047,-0.2541609918960603,3.395535736683544,False,,0.657436905,0.43873,3.395535736683544,-102.38428101813435
KNEIRO,SHORT,2025-07-30 00:00:00+00:00,2025-08-29 00:00:00+00:00,0.42293,0.34277,0.42250707,0.3431127699999999,12.0,0.1879123584843208,0.0108,2.2441483018118498,0.097066375973647,2.341214677785497,False,,0.633760605,0.44333,2.341214677785497,-100.04306634034884
TRX,LONG,2025-07-30 00:00:00+00:00,2025-08-29 00:00:00+00:00,0.32751,0.33675,0.32783751,0.33641325,12.0,0.0261585076094556,0.0108,0.303102091313468,0.1201464795796673,0.4232485708931354,False,,0.163918755,0.32094,0.4232485708931354,-99.61981776945571
TON,LONG,2025-07-30 00:00:00+00:00,2025-08-29 00:00:00+00:00,3.3655,3.0587,3.3688654999999996,3.0556413,12.0,-0.092976166605642,0.0108,-1.126513999267705,0.1236043651711355,-1.002909634096569,False,,1.6844327499999998,3.1511,-1.002909634096569,-100.62272740355228
BTC,LONG,2025-07-31 00:00:00+00:00,2025-08-30 00:00:00+00:00,116788.0,108817.0,116904.788,108708.183,10.0,-0.0701135098076563,0.009,-0.7101350980765632,0.095837201108692,-0.6142978969678712,False,,58452.394,108180.0,-0.6142978969678712,-101.23702530052014
LTC,LONG,2025-07-31 00:00:00+00:00,2025-08-30 00:00:00+00:00,108.18,110.27,108.28818,110.15973,10.0,0.0172830497289731,0.009,0.1638304972897318,0.1174379505496352,0.281268447839367,False,,54.14409,104.71,0.281268447839367,-100.95575685268078
BNB,LONG,2025-07-31 00:00:00+00:00,2025-08-30 00:00:00+00:00,796.3,859.05,797.0962999999998,858.1909499999999,10.0,0.076646510591004,0.009,0.7574651059100403,0.0744686821178695,0.83193378802791,False,,398.5481499999999,737.05,0.83193378802791,-100.12382306465287
VINE,SHORT,2025-07-31 00:00:00+00:00,2025-08-30 00:00:00+00:00,0.10086,0.069714,0.10075914,0.069783714,10.0,0.3074205079559036,0.009,3.0652050795590364,0.06591668147377,3.1311217610328064,False,,0.15113871,0.10086,3.1311217610328064,-96.99270130362007
OMNI,SHORT,2025-07-31 00:00:00+00:00,2025-08-30 00:00:00+00:00,4.59,3.2412,4.5854099999999995,3.2444412,10.0,0.2924425078673444,0.009,2.9154250786734446,-0.9888566519064164,1.926568426767028,False,,6.878114999999999,4.7768,1.926568426767028,-95.06613287685303
ALT,SHORT,2025-07-31 00:00:00+00:00,2025-08-30 00:00:00+00:00,0.034125,0.033844,0.034090875,0.033877844,10.0,0.0062489155822489,0.009,0.0534891558224898,0.0694751076396543,0.1229642634621441,False,,0.0511363125,0.038423,0.1229642634621441,-94.9431686133909
BLAST,SHORT,2025-08-01 00:00:00+00:00,2025-08-31 00:00:00+00:00,0.003081,0.002503,0.003077919,0.0025055029999999,10.0,0.1859750045404055,0.009,1.8507500454040555,-0.3913843361875344,1.459365709216521,False,,0.0046168785,0.003292,1.459365709216521,-93.48380290417437
OMNI,SHORT,2025-08-01 00:00:00+00:00,2025-08-31 00:00:00+00:00,4.5042,3.236,4.4996958,3.239236,10.0,0.2801211139650817,0.009,2.7922111396508176,-0.8776267281628907,1.914584411487927,False,,6.749543699999999,4.7768,1.914584411487927,-91.56921849268645
RESOLV,SHORT,2025-08-01 00:00:00+00:00,2025-08-31 00:00:00+00:00,0.17998,0.14584,0.17980002,0.1459858399999999,10.0,0.1880654963219694,0.009,1.8716549632196944,0.0668127071766732,1.9384676703963677,False,,0.26970003,0.1973,1.9384676703963677,-89.63075082229008
LTC,LONG,2025-08-01 00:00:00+00:00,2025-08-31 00:00:00+00:00,106.27,110.2,106.37627,110.0898,10.0,0.0349093834555395,0.009,0.3400938345553953,0.1199575381138105,0.4600513726692058,False,,53.188135,104.71,0.4600513726692058,-89.17069944962087
POLYX,LONG,2025-08-01 00:00:00+00:00,2025-08-31 00:00:00+00:00,0.13444,0.1325,0.13457444,0.1323675,10.0,-0.0163993994699141,0.009,-0.1729939946991413,0.0819416728533293,-0.0910523218458119,False,,0.06728722,0.12727,-0.0910523218458119,-89.26175177146668
POL,LONG,2025-08-01 00:00:00+00:00,2025-08-31 00:00:00+00:00,0.20051,0.28653,0.2007105099999999,0.28624347,10.0,0.426150877699429,0.009,4.25250877699429,0.0935996417892615,4.346108418783552,False,,0.1003552549999999,0.19136,4.346108418783552,-84.91564335268312
LTC,LONG,2025-08-02 00:00:00+00:00,2025-09-01 00:00:00+00:00,104.71,109.31,104.81470999999998,109.20069,12.0,0.0418450807143389,0.0108,0.4913409685720677,0.1471808357588357,0.6385218043309036,False,,52.40735499999999,104.71,0.6385218043309036,-84.27712154835221
ATOM,LONG,2025-08-02 00:00:00+00:00,2025-09-01 00:00:00+00:00,4.0576,4.4357,4.061657599999999,4.4312643,12.0,0.0909989803177895,0.0108,1.0811877638134748,0.1002209384435261,1.181408702257001,False,,2.0308287999999997,4.0576,1.181408702257001,-83.09571284609521
RESOLV,SHORT,2025-08-02 00:00:00+00:00,2025-09-01 00:00:00+00:00,0.16167,0.13919,0.16150833,0.13932919,12.0,0.1373250531412219,0.0108,1.6371006376946635,0.0885184114277201,1.7256190491223835,False,,0.242262495,0.1973,1.7256190491223835,-81.37009379697282
OMNI,SHORT,2025-08-02 00:00:00+00:00,2025-09-01 00:00:00+00:00,4.0595,3.0928,4.0554405,3.0958927999999997,12.0,0.236607515262522,0.0108,2.828490183150264,-1.0658045366448847,1.7626856465053795,False,,6.083160749999999,4.7768,1.7626856465053795,-79.60740815046745
USUAL,SHORT,2025-08-02 00:00:00+00:00,2025-09-01 00:00:00+00:00,0.06824,0.06111,0.06817176,0.0611711099999999,12.0,0.1026913490278086,0.0108,1.221496188333704,0.0026168504772063,1.2241130388109105,False,,0.10225764,0.085,1.2241130388109105,-78.38329511165654
DOT,LONG,2025-08-03 00:00:00+00:00,2025-09-02 00:00:00+00:00,3.594,3.7449,3.5975939999999995,3.7411551,10.0,0.0399047530099284,0.009,0.390047530099284,0.0918462682166192,0.4818937983159032,False,,1.7987969999999998,3.5823,0.4818937983159032,-77.90140131334063
POLYX,LONG,2025-08-03 00:00:00+00:00,2025-09-02 00:00:00+00:00,0.13385,0.1279,0.13398385,0.1277721,10.0,-0.046361930934213,0.009,-0.4726193093421305,0.0850555999081232,-0.3875637094340072,False,,0.066991925,0.12727,-0.3875637094340072,-78.28896502277463
BRETT,LONG,2025-08-03 00:00:00+00:00,2025-09-02 00:00:00+00:00,0.052215,0.044872,0.0522672149999999,0.044827128,10.0,-0.1423471099426283,0.009,-1.4324710994262833,0.1021623342615634,-1.33030876516472,False,,0.0261336074999999,0.045123,-1.33030876516472,-79.61927378793935
OMNI,SHORT,2025-08-03 00:00:00+00:00,2025-09-02 00:00:00+00:00,4.1298,3.0755,4.1256702,3.0785754999999995,10.0,0.2537999038313825,0.009,2.528999038313825,-0.8390441822608603,1.689954856052965,False,,6.1885053,4.7768,1.689954856052965,-77.92931893188639
USUAL,SHORT,2025-08-03 00:00:00+00:00,2025-09-02 00:00:00+00:00,0.07048,0.05896,0.07040952,0.0590189599999999,10.0,0.1617758507656352,0.009,1.608758507656352,-0.0027686509270337,1.6059898567293185,False,,0.10561428,0.085,1.6059898567293185,-76.32332907515706
CFX,SHORT,2025-08-03 00:00:00+00:00,2025-09-02 00:00:00+00:00,0.21739,0.17329,0.21717261,0.17346329,10.0,0.2012653437281985,0.009,2.003653437281985,0.0540535272701285,2.0577069645521138,False,,0.325758915,0.23256,2.0577069645521138,-74.26562211060495
KAITO,SHORT,2025-08-04 00:00:00+00:00,2025-09-03 00:00:00+00:00,1.1408,1.0552,1.1396592,1.0562551999999998,10.0,0.0731832814581764,0.009,0.7228328145817648,0.0410467258850452,0.7638795404668102,False,,1.7094888,1.2451,0.7638795404668102,-73.50174257013813
OMNI,SHORT,2025-08-04 00:00:00+00:00,2025-09-03 00:00:00+00:00,4.1612,3.2008,4.1570388,3.2040008,10.0,0.2292588657098894,0.009,2.2835886570988944,-0.8037085913381179,1.4798800657607765,False,,6.2355582,4.7768,1.4798800657607765,-72.02186250437735
FARTCOIN,SHORT,2025-08-04 00:00:00+00:00,2025-09-03 00:00:00+00:00,0.94832,0.79969,0.94737168,0.8004896899999999,10.0,0.1550415672125644,0.009,1.541415672125645,0.1810879673840366,1.7225036395096816,False,,1.4210575200000002,1.1192,1.7225036395096816,-70.29935886486767
ATOM,LONG,2025-08-04 00:00:00+00:00,2025-09-03 00:00:00+00:00,4.2643,4.5369,4.2685642999999995,4.5323631,10.0,0.0618003575581609,0.009,0.6090035755816092,0.0771189616929748,0.686122537274584,False,,2.13428215,4.1648,0.686122537274584,-69.61323632759309
BNB,LONG,2025-08-04 00:00:00+00:00,2025-09-03 00:00:00+00:00,760.59,856.85,761.3505899999999,855.99315,10.0,0.1243087760659647,0.009,1.2340877606596474,0.0817149043236441,1.3158026649832917,False,,380.6752949999999,748.1,1.3158026649832917,-68.29743366260979
AAVE,LONG,2025-08-04 00:00:00+00:00,2025-09-03 00:00:00+00:00,266.19,327.79,266.45619,327.46221,10.0,0.2289532849659076,0.009,2.280532849659077,0.1258489650480253,2.4063818147071023,False,,133.228095,252.67,2.4063818147071023,-65.89105184790269
LTC,LONG,2025-08-05 00:00:00+00:00,2025-09-04 00:00:00+00:00,120.01,109.79,120.13001,109.68021,10.0,-0.0869874230427517,0.009,-0.8788742304275174,0.1077929345029606,-0.7710812959245569,False,,60.065005,109.18,-0.7710812959245569,-66.66213314382725
ADA,LONG,2025-08-05 00:00:00+00:00,2025-09-04 00:00:00+00:00,0.71986,0.80399,0.72057986,0.80318601,10.0,0.1146384385486433,0.009,1.1373843854864338,0.1042438943729151,1.241628279859349,False,,0.36028993,0.71986,1.241628279859349,-65.42050486396789
MNT,LONG,2025-08-05 00:00:00+00:00,2025-09-04 00:00:00+00:00,0.9171,1.1371,0.9180171,1.1359629,10.0,0.2374093031600392,0.009,2.365093031600393,0.2194338033824969,2.58452683498289,False,,0.45900855,0.87623,2.58452683498289,-62.835978028985004
FARTCOIN,SHORT,2025-08-05 00:00:00+00:00,2025-09-04 00:00:00+00:00,0.92615,0.74339,0.92522385,0.7441333899999999,10.0,0.1957261045529686,0.009,1.9482610455296865,0.186100915895456,2.1343619614251423,False,,1.387835775,1.1192,2.1343619614251423,-60.70161606755986
OMNI,SHORT,2025-08-05 00:00:00+00:00,2025-09-04 00:00:00+00:00,3.9478,3.0113,3.9438522,3.0143112999999997,10.0,0.235693644908904,0.009,2.347936449089041,-0.8091100130710019,1.5388264360180388,False,,5.9157782999999995,4.7768,1.5388264360180388,-59.16278963154182
REZ,SHORT,2025-08-05 00:00:00+00:00,2025-09-04 00:00:00+00:00,0.012077,0.010811,0.012064923,0.0108218109999999,10.0,0.1030352203656833,0.009,1.0213522036568332,-0.1908532339123921,0.830498969744441,False,,0.0180973845,0.015343,0.830498969744441,-58.33229066179738
MEME,SHORT,2025-08-06 00:00:00+00:00,2025-09-05 00:00:00+00:00,0.001687,0.002501,0.001685313,0.002503501,10.0,-0.485481331954361,0.009,-4.863813319543611,0.0649664160491256,-4.798846903494485,True,2025-08-20 19:00:00+00:00,0.0025279695,0.003811,-10.0,-68.33229066179737
OMNI,SHORT,2025-08-06 00:00:00+00:00,2025-09-05 00:00:00+00:00,4.1594,3.1497,4.1552406,3.1528497,10.0,0.2412353450724369,0.009,2.40335345072437,-0.7136369517877497,1.6897164989366202,False,,6.2328609,4.7768,1.6897164989366202,-66.64257416286075
FARTCOIN,SHORT,2025-08-06 00:00:00+00:00,2025-09-05 00:00:00+00:00,0.95504,0.74793,0.95408496,0.7486779299999999,10.0,0.2152921790109762,0.009,2.143921790109762,0.1806817120797921,2.324603502189554,False,,1.43112744,1.1192,2.324603502189554,-64.3179706606712
MNT,LONG,2025-08-06 00:00:00+00:00,2025-09-05 00:00:00+00:00,0.87623,1.1723,0.8771062299999999,1.1711277,10.0,0.3352176280859391,0.009,3.343176280859391,0.22792290942527,3.571099190284661,False,,0.4385531149999999,0.87623,3.571099190284661,-60.74687147038653
LTC,LONG,2025-08-06 00:00:00+00:00,2025-09-05 00:00:00+00:00,120.03,113.16,120.15003,113.04684,10.0,-0.0591193360501032,0.009,-0.6001933605010323,0.1072051820755267,-0.4929881784255056,False,,60.075015,109.18,-0.4929881784255056,-61.239859648812036
TRX,LONG,2025-08-06 00:00:00+00:00,2025-09-05 00:00:00+00:00,0.33593,0.33253,0.33626593,0.33219747,10.0,-0.0120989361009603,0.009,-0.1299893610096032,0.0919236586090657,-0.0380657024005374,False,,0.168132965,0.3335,-0.0380657024005374,-61.27792535121257
ATOM,LONG,2025-08-07 00:00:00+00:00,2025-09-06 00:00:00+00:00,4.392,4.3578,4.396392,4.3534422,10.0,-0.009769329031624,0.009,-0.1066932903162404,0.0684219075919526,-0.0382713827242877,False,,2.198196,4.3081,-0.0382713827242877,-61.31619673393686
SNX,LONG,2025-08-07 00:00:00+00:00,2025-09-06 00:00:00+00:00,0.61452,0.65509,0.6151345199999999,0.65443491,10.0,0.0638890985991163,0.009,0.629890985991163,0.097986289539384,0.727877275530547,False,,0.3075672599999999,0.61452,0.727877275530547,-60.58831945840632
BNB,LONG,2025-08-07 00:00:00+00:00,2025-09-06 00:00:00+00:00,780.42,857.33,781.2004199999999,856.47267,10.0,0.0963545948938431,0.009,0.9545459489384313,0.0819885584816633,1.036534507420095,False,,390.60020999999995,780.42,1.036534507420095,-59.551784950986224
OMNI,SHORT,2025-08-07 00:00:00+00:00,2025-09-06 00:00:00+00:00,4.7654,3.2423,4.7606345999999995,3.2455423,10.0,0.3182542722350503,0.009,3.1735427223505033,-0.5752330945416186,2.5983096278088844,False,,7.140951899999999,4.7768,2.5983096278088844,-56.953475323177344
KAITO,SHORT,2025-08-07 00:00:00+00:00,2025-09-06 00:00:00+00:00,1.1405,0.98619,1.1393595,0.98717619,10.0,0.1335691763661953,0.009,1.3266917636619535,0.0499939147547635,1.3766856784167172,False,,1.70903925,1.2451,1.3766856784167172,-55.57678964476062
GRIFFAIN,SHORT,2025-08-07 00:00:00+00:00,2025-09-06 00:00:00+00:00,0.037017,0.033069,0.036979983,0.033102069,10.0,0.1048652185697328,0.009,1.039652185697328,0.1419535205712777,1.1816057062686056,False,,0.0554699745,0.052171,1.1816057062686056,-54.39518393849202
LAUNCHCOIN,SHORT,2025-08-08 00:00:00+00:00,2025-09-07 00:00:00+00:00,0.081281,0.073691,0.081199719,0.073764691,10.0,0.091564701104446,0.009,0.9066470110444604,0.1172516005344427,1.0238986115789033,False,,0.1217995785,0.081822,1.0238986115789033,-53.37128532691312
INJ,LONG,2025-08-08 00:00:00+00:00,2025-09-07 00:00:00+00:00,14.259,12.969,14.273259,12.956031,10.0,-0.0922864217625421,0.009,-0.9318642176254212,0.0923927208981494,-0.8394714967272716,False,,7.1366295,12.39,-0.8394714967272716,-54.21075682364039
NEAR,LONG,2025-08-08 00:00:00+00:00,2025-09-07 00:00:00+00:00,2.7224,2.4602,2.7251223999999996,2.4577398,10.0,-0.0981176478531751,0.009,-0.9901764785317514,0.0913275100185958,-0.8988489685131555,False,,1.3625611999999998,2.3655,-0.8988489685131555,-55.109605792153545
DOT,LONG,2025-08-08 00:00:00+00:00,2025-09-07 00:00:00+00:00,3.986,3.9885,3.989986,3.9845115,10.0,-0.0013720599520899,0.009,-0.0227205995208995,0.0784881082300038,0.0557675087091042,False,,1.994993,3.7367,0.0557675087091042,-55.05383828344444
VINE,SHORT,2025-08-08 00:00:00+00:00,2025-09-07 00:00:00+00:00,0.067022,0.064632,0.066954978,0.0646966319999999,10.0,0.0337293218138315,0.009,0.328293218138315,0.0945108918836475,0.4228041100219626,False,,0.100432467,0.076578,0.4228041100219626,-54.63103417342248
FARTCOIN,SHORT,2025-08-08 00:00:00+00:00,2025-09-07 00:00:00+00:00,1.0493,0.74057,1.0482507,0.7413105699999999,10.0,0.2928117577216977,0.009,2.9191175772169773,0.163379041024938,3.0824966182419153,False,,1.57237605,1.1192,3.0824966182419153,-51.54853755518056
FARTCOIN,SHORT,2025-08-09 00:00:00+00:00,2025-09-08 00:00:00+00:00,1.1072,0.80673,1.1060928,0.8075367299999998,10.0,0.2699195492457776,0.009,2.6901954924577764,0.1542821194179277,2.844477611875704,False,,1.6591392000000005,1.1192,2.844477611875704,-48.704059943304856
VINE,SHORT,2025-08-09 00:00:00+00:00,2025-09-08 00:00:00+00:00,0.069101,0.069312,0.069031899,0.0693813119999999,10.0,-0.0050616165144173,0.009,-0.0596161651441738,0.0916179270273297,0.0320017618831559,False,,0.1035478484999999,0.076578,0.0320017618831559,-48.6720581814217
OMNI,SHORT,2025-08-09 00:00:00+00:00,2025-09-08 00:00:00+00:00,4.7768,3.2221,4.7720232,3.2253220999999996,10.0,0.3241185206308301,0.009,3.2321852063083014,-0.4309773051189064,2.801207901189395,False,,7.158034799999999,4.7768,2.801207901189395,-45.870850280232304
DOT,LONG,2025-08-09 00:00:00+00:00,2025-09-08 00:00:00+00:00,4.132,4.0204,4.136131999999999,4.0163796000000005,10.0,-0.0289527510243866,0.009,-0.2985275102438669,0.075166727338054,-0.2233607829058128,False,,2.0680659999999995,3.7367,-0.2233607829058128,-46.09421106313812
KSHIB,LONG,2025-08-09 00:00:00+00:00,2025-09-08 00:00:00+00:00,0.013878,0.012832,0.0138918779999999,0.0128191679999999,10.0,-0.0772185013430149,0.009,-0.7811850134301491,0.0541191473861201,-0.727065866044029,False,,0.0069459389999999,0.012007,-0.727065866044029,-46.82127692918215
BNB,LONG,2025-08-09 00:00:00+00:00,2025-09-08 00:00:00+00:00,804.36,876.77,805.1643599999999,875.89323,10.0,0.0878440148543089,0.009,0.8694401485430894,0.0797570948920168,0.9491972434351064,False,,402.58217999999994,802.67,0.9491972434351064,-45.87207968574704
DOT,LONG,2025-08-10 00:00:00+00:00,2025-09-09 00:00:00+00:00,4.0769,4.1033,4.0809769,4.0991967,10.0,0.0044645682753069,0.009,0.0356456827530699,0.0754400722268239,0.1110857549798938,False,,2.04048845,3.7367,0.1110857549798938,-45.76099393076714
FIL,LONG,2025-08-10 00:00:00+00:00,2025-09-09 00:00:00+00:00,2.6237,2.4403,2.6263236999999995,2.4378597,10.0,-0.0717596235376466,0.009,-0.7265962353764669,0.0644045082330102,-0.6621917271434566,False,,1.3131618499999995,2.2166,-0.6621917271434566,-46.4231856579106
LINK,LONG,2025-08-10 00:00:00+00:00,2025-09-09 00:00:00+00:00,22.162,23.094,22.184161999999997,23.070906,10.0,0.0399719403419432,0.009,0.3907194034194322,0.1499191519147759,0.5406385553342082,False,,11.092081,21.38,0.5406385553342082,-45.882547102576396
SYRUP,SHORT,2025-08-10 00:00:00+00:00,2025-09-09 00:00:00+00:00,0.50947,0.45859,0.50896053,0.4590485899999999,10.0,0.0980664257010264,0.009,0.9716642570102646,0.0744528084470911,1.0461170654573555,False,,0.763440795,0.5194,1.0461170654573555,-44.836430037119044
LAUNCHCOIN,SHORT,2025-08-10 00:00:00+00:00,2025-09-09 00:00:00+00:00,0.077868,0.08525,0.077790132,0.08533525,10.0,-0.0969932535915993,0.009,-0.9789325359159936,0.1376701814884438,-0.8412623544275499,False,,0.1166851979999999,0.077868,-0.8412623544275499,-45.67769239154659
FARTCOIN,SHORT,2025-08-10 00:00:00+00:00,2025-09-09 00:00:00+00:00,1.0949,0.8395,1.0938051,0.8403394999999999,10.0,0.2317283033330161,0.009,2.3082830333301616,0.1523965568517005,2.4606795901818623,False,,1.64070765,1.1192,2.4606795901818623,-43.21701280136473
USUAL,SHORT,2025-08-11 00:00:00+00:00,2025-09-10 00:00:00+00:00,0.07648,0.06578,0.07640352,0.0658457799999999,10.0,0.1381839475458723,0.009,1.3728394754587236,-0.0079209555246931,1.3649185199340306,False,,0.11460528,0.0829,1.3649185199340306,-41.8520942814307
FXS,SHORT,2025-08-11 00:00:00+00:00,2025-09-10 00:00:00+00:00,3.0628,2.9419,3.0597372000000003,2.9448418999999997,10.0,0.0375507086033403,0.009,0.3665070860334037,0.0842534128566989,0.4507604988901026,False,,4.5896058,3.2005,0.4507604988901026,-41.4013337825406
OMNI,SHORT,2025-08-11 00:00:00+00:00,2025-09-10 00:00:00+00:00,4.4863,3.6408,4.4818137,3.644440799999999,10.0,0.1868379535722336,0.009,1.8593795357223364,-0.4134008667377674,1.445978668984569,False,,6.72272055,4.4863,1.445978668984569,-39.95535511355603
FTT,LONG,2025-08-11 00:00:00+00:00,2025-09-10 00:00:00+00:00,0.93639,0.80774,0.9373263899999998,0.8069322600000001,10.0,-0.1391128334709532,0.009,-1.4001283347095326,0.2149076178083815,-1.185220716901151,False,,0.4686631949999999,0.7643,-1.185220716901151,-41.14057583045718
SOL,LONG,2025-08-11 00:00:00+00:00,2025-09-10 00:00:00+00:00,176.68,221.3,176.85667999999998,221.0787,10.0,0.2500443862227879,0.009,2.4914438622278796,0.1260954041673178,2.6175392663951973,False,,88.42833999999999,176.66,2.6175392663951973,-38.52303656406198
IOTA,LONG,2025-08-11 00:00:00+00:00,2025-09-10 00:00:00+00:00,0.2022,0.19256,0.2024021999999999,0.19236744,10.0,-0.0495783148602138,0.009,-0.5047831486021386,0.0871356026228964,-0.4176475459792421,False,,0.1012010999999999,0.18078,-0.4176475459792421,-38.940684110041225
BNB,LONG,2025-08-12 00:00:00+00:00,2025-09-11 00:00:00+00:00,831.45,896.45,832.28145,895.5535500000001,10.0,0.0760224801357763,0.009,0.7512248013577635,0.0773990306229941,0.8286238319807577,False,,416.140725,820.35,0.8286238319807577,-38.11206027806047
IOTA,LONG,2025-08-12 00:00:00+00:00,2025-09-11 00:00:00+00:00,0.21185,0.19392,0.21206185,0.19372608,10.0,-0.0864642555933562,0.009,-0.8736425559335624,0.0829679827804954,-0.790674573153067,False,,0.106030925,0.18078,-0.790674573153067,-38.90273485121354
LTC,LONG,2025-08-12 00:00:00+00:00,2025-09-11 00:00:00+00:00,129.02,115.12,129.14902,115.00488,10.0,-0.1095179816308324,0.009,-1.1041798163083238,0.0920545782732226,-1.0121252380351011,False,,64.57451,109.18,-1.0121252380351011,-39.91486008924864
OMNI,SHORT,2025-08-12 00:00:00+00:00,2025-09-11 00:00:00+00:00,4.418,3.4376,4.413582,3.4410376,10.0,0.2203526296781163,0.009,2.1945262967811634,-0.7860481964959756,1.4084781002851878,False,,6.620373,4.418,1.4084781002851878,-38.506381988963454
MAV,SHORT,2025-08-12 00:00:00+00:00,2025-09-11 00:00:00+00:00,0.060771,0.073422,0.060710229,0.0734954219999999,10.0,-0.2105937205408992,0.009,-2.114937205408992,-0.1027899390101625,-2.2177271444191544,False,,0.0910653434999999,0.083556,-2.2177271444191544,-40.72410913338261
USUAL,SHORT,2025-08-12 00:00:00+00:00,2025-09-11 00:00:00+00:00,0.07954,0.0682,0.07946046,0.0682681999999999,10.0,0.140853199188628,0.009,1.3995319918862803,-0.0082510867296766,1.391280905156604,False,,0.1191906899999999,0.0829,1.391280905156604,-39.332828228226006
FARTCOIN,SHORT,2025-08-13 00:00:00+00:00,2025-09-12 00:00:00+00:00,1.1192,0.90711,1.1180808,0.9080171099999998,10.0,0.1878788098319908,0.009,1.869788098319908,0.1505118842577835,2.0202999825776917,False,,1.6771212,1.1192,2.0202999825776917,-37.312528245648316
OMNI,SHORT,2025-08-13 00:00:00+00:00,2025-09-12 00:00:00+00:00,4.3461,3.515,4.3417539,3.518515,10.0,0.1896097565548337,0.009,1.8870975655483373,-0.9972599146212088,0.8898376509271284,False,,6.512630849999999,4.3461,0.8898376509271284,-36.42269059472119
VINE,SHORT,2025-08-13 00:00:00+00:00,2025-09-12 00:00:00+00:00,0.067659,0.079557,0.067591341,0.079636557,10.0,-0.178206495414849,0.009,-1.7910649541484902,0.0966365376714008,-1.6944284164770893,False,,0.1013870115,0.076578,-1.6944284164770893,-38.11711901119828
GALA,LONG,2025-08-13 00:00:00+00:00,2025-09-12 00:00:00+00:00,0.018737,0.018075,0.0187557369999999,0.018056925,10.0,-0.0372585732034948,0.009,-0.3815857320349484,0.0793761940575835,-0.3022095379773648,False,,0.0093778684999999,0.015489,-0.3022095379773648,-38.41932854917564
LTC,LONG,2025-08-13 00:00:00+00:00,2025-09-12 00:00:00+00:00,130.33,117.19,130.46033,117.07281,10.0,-0.1026175543170862,0.009,-1.0351755431708622,0.0964211031498234,-0.9387544400210388,False,,65.230165,109.18,-0.9387544400210388,-39.358082989196674
IOTA,LONG,2025-08-13 00:00:00+00:00,2025-09-12 00:00:00+00:00,0.21509,0.19912,0.2153050899999999,0.19892088,10.0,-0.0760976435810225,0.009,-0.7699764358102256,0.0806664207312052,-0.6893100150790203,False,,0.1076525449999999,0.18078,-0.6893100150790203,-40.0473930042757
DYDX,LONG,2025-08-14 00:00:00+00:00,2025-09-13 00:00:00+00:00,0.66385,0.66892,0.66451385,0.66825108,10.0,0.005624006181361,0.009,0.0472400618136105,0.0515463335382701,0.0987863953518807,False,,0.332256925,0.56606,0.0987863953518807,-39.94860660892382
SOL,LONG,2025-08-14 00:00:00+00:00,2025-09-13 00:00:00+00:00,193.05,238.95,193.24305,238.71105,10.0,0.2352891863381375,0.009,2.343891863381375,0.1090067269168024,2.4528985902981777,False,,96.621525,176.66,2.4528985902981777,-37.49570801862564
ADA,LONG,2025-08-14 00:00:00+00:00,2025-09-13 00:00:00+00:00,0.90085,0.92722,0.90175085,0.92629278,10.0,0.0272158656684382,0.009,0.2631586566843829,0.088831939384066,0.3519905960684489,False,,0.450875425,0.80399,0.3519905960684489,-37.143717422557195
LAUNCHCOIN,SHORT,2025-08-14 00:00:00+00:00,2025-09-13 00:00:00+00:00,0.062057,0.091719,0.061994943,0.0918107189999999,10.0,-0.4809388404470342,0.009,-4.818388404470342,0.369948758678607,-4.448439645791735,True,2025-09-11 19:00:00+00:00,0.0929924145,0.10291,-10.0,-47.143717422557195
OMNI,SHORT,2025-08-14 00:00:00+00:00,2025-09-13 00:00:00+00:00,3.964,3.5632,3.960036,3.5667631999999996,10.0,0.0993104103094013,0.009,0.9841041030940136,-1.1571598741294775,-0.173055771035464,False,,5.940054,4.073,-0.173055771035464,-47.31677319359266
VINE,SHORT,2025-08-14 00:00:00+00:00,2025-09-13 00:00:00+00:00,0.060591,0.084624,0.060530409,0.084708624,10.0,-0.3994391480156692,0.009,-4.003391480156692,0.1190625276874967,-3.884328952469195,False,,0.0907956135,0.079557,-3.884328952469195,-51.20110214606186
VINE,SHORT,2025-08-15 00:00:00+00:00,2025-09-14 00:00:00+00:00,0.061285,0.078577,0.061223715,0.0786555769999999,10.0,-0.2847240158490871,0.009,-2.856240158490871,0.1449103031972659,-2.711329855293606,False,,0.0918355724999999,0.084624,-2.711329855293606,-53.91243200135546
OMNI,SHORT,2025-08-15 00:00:00+00:00,2025-09-14 00:00:00+00:00,3.9644,3.4704,3.9604356,3.4738703999999996,10.0,0.1228564857865635,0.009,1.2195648578656355,-1.1859803985816864,0.0335844592839491,False,,5.9406533999999995,4.073,0.0335844592839491,-53.87884754207151
MAV,SHORT,2025-08-15 00:00:00+00:00,2025-09-14 00:00:00+00:00,0.05135,0.071226,0.05129865,0.0712972259999999,10.0,-0.3898460485802256,0.009,-3.907460485802256,-0.1658383402324817,-4.073298826034738,True,2025-09-02 19:00:00+00:00,0.076947975,0.083556,-10.0,-63.87884754207151
BNB,LONG,2025-08-15 00:00:00+00:00,2025-09-14 00:00:00+00:00,820.35,927.88,821.17035,926.95212,10.0,0.1288183018298213,0.009,1.2791830182982138,0.0816283092600944,1.3608113275583082,False,,410.585175,820.35,1.3608113275583082,-62.5180362145132
POLYX,LONG,2025-08-15 00:00:00+00:00,2025-09-14 00:00:00+00:00,0.134,0.13666,0.134134,0.13652334,10.0,0.017813082439948,0.009,0.1691308243994803,0.0848344783807237,0.253965302780204,False,,0.067067,0.12478,0.253965302780204,-62.264070911733
DOT,LONG,2025-08-15 00:00:00+00:00,2025-09-14 00:00:00+00:00,3.8305,4.3297,3.834330499999999,4.3253702999999994,10.0,0.1280640257797287,0.009,1.2716402577972878,0.0773006286724371,1.348940886469725,False,,1.9171652499999996,3.7367,1.348940886469725,-60.915130025263274
LAUNCHCOIN,SHORT,2025-08-16 00:00:00+00:00,2025-09-15 00:00:00+00:00,0.0535,0.085348,0.0534465,0.0854333479999999,10.0,-0.5984834928386326,0.009,-5.993834928386326,0.5010136672459,-5.492821261140426,True,2025-09-09 19:00:00+00:00,0.08016975,0.10291,-10.0,-70.91513002526327
PROVE,SHORT,2025-08-16 00:00:00+00:00,2025-09-15 00:00:00+00:00,1.3428,0.86941,1.3414572,0.87027941,10.0,0.3512432524869224,0.009,3.5034325248692246,-0.451398786160848,3.0520337387083765,False,,2.0121858,1.3428,3.0520337387083765,-67.86309628655489
MEME,SHORT,2025-08-16 00:00:00+00:00,2025-09-15 00:00:00+00:00,0.001962,0.002553,0.001960038,0.002555553,10.0,-0.3038282931249289,0.009,-3.0472829312492893,0.0679710032208559,-2.9793119280284333,True,2025-08-20 19:00:00+00:00,0.002940057,0.003811,-10.0,-77.86309628655489
RENDER,LONG,2025-08-16 00:00:00+00:00,2025-09-15 00:00:00+00:00,3.9204,3.7393,3.9243204,3.7355607,10.0,-0.0480999716536905,0.009,-0.4899997165369051,0.0985113037839622,-0.391488412752943,False,,1.9621602,3.3202,-0.391488412752943,-78.25458469930784
MNT,LONG,2025-08-16 00:00:00+00:00,2025-09-15 00:00:00+00:00,1.3187,1.6307,1.3200187,1.6290693,10.0,0.234125925640296,0.009,2.3322592564029603,0.1849822210020964,2.5172414774050567,False,,0.66000935,1.118,2.5172414774050567,-75.73734322190279
POL,LONG,2025-08-16 00:00:00+00:00,2025-09-15 00:00:00+00:00,0.23643,0.25563,0.2366664299999999,0.25537437,10.0,0.0790477128505299,0.009,0.781477128505299,0.115238099569677,0.8967152280749761,False,,0.1183332149999999,0.23421,0.8967152280749761,-74.84062799382781
NEO,LONG,2025-08-17 00:00:00+00:00,2025-09-16 00:00:00+00:00,6.3227,6.6559,6.3290226999999994,6.6492441,10.0,0.0505957104562131,0.009,0.4969571045621315,0.0549159691360563,0.5518730736981878,False,,3.1645113499999997,5.897,0.5518730736981878,-74.28875492012962
GALA,LONG,2025-08-17 00:00:00+00:00,2025-09-16 00:00:00+00:00,0.017294,0.017084,0.0173112939999999,0.0170669159999999,10.0,-0.0141166801280135,0.009,-0.1501668012801353,0.0855116786807502,-0.064655122599385,False,,0.0086556469999999,0.015489,-0.064655122599385,-74.35341004272901
LTC,LONG,2025-08-17 00:00:00+00:00,2025-09-16 00:00:00+00:00,120.55,115.17,120.67054999999998,115.05483,10.0,-0.0465376183335534,0.009,-0.4743761833355349,0.1065393645510027,-0.3678368187845321,False,,60.33527499999999,109.18,-0.3678368187845321,-74.72124686151354
OMNI,SHORT,2025-08-17 00:00:00+00:00,2025-09-16 00:00:00+00:00,4.073,3.5916,4.068927,3.5951915999999997,10.0,0.1164275987256592,0.009,1.155275987256593,-1.2058689072719906,-0.0505929200153976,False,,6.103390500000001,4.073,-0.0505929200153976,-74.77183978152894
MAVIA,SHORT,2025-08-17 00:00:00+00:00,2025-09-16 00:00:00+00:00,0.17578,0.16132,0.17560422,0.1614813199999999,10.0,0.0804246048301118,0.009,0.7952460483011183,0.2133093816604179,1.0085554299615362,False,,0.26340633,0.17607,1.0085554299615362,-73.7632843515674
LAUNCHCOIN,SHORT,2025-08-17 00:00:00+00:00,2025-09-16 00:00:00+00:00,0.054832,0.08789,0.054777168,0.0879778899999999,10.0,-0.606105120293915,0.009,-6.070051202939149,0.5262576201713641,-5.543793582767785,True,2025-09-09 19:00:00+00:00,0.082165752,0.10291,-10.0,-83.7632843515674
OMNI,SHORT,2025-08-18 00:00:00+00:00,2025-09-17 00:00:00+00:00,3.9124,3.6117,3.9084876,3.615311699999999,10.0,0.0750100627158188,0.009,0.7411006271581889,-1.3292355996283576,-0.5881349724701687,False,,5.8627313999999995,3.9231,-0.5881349724701687,-84.35141932403758
LAUNCHCOIN,SHORT,2025-08-18 00:00:00+00:00,2025-09-17 00:00:00+00:00,0.052137,0.083228,0.052084863,0.0833112279999999,10.0,-0.5995286000848267,0.009,-6.004286000848267,0.5877052175864992,-5.416580783261768,True,2025-09-09 19:00:00+00:00,0.0781272945,0.10291,-10.0,-94.35141932403758
MAV,SHORT,2025-08-18 00:00:00+00:00,2025-09-17 00:00:00+00:00,0.055927,0.071766,0.055871073,0.0718377659999999,10.0,-0.2857774541040224,0.009,-2.8667745410402237,-0.2037431831783506,-3.070517724218574,False,,0.0838066095,0.083556,-3.070517724218574,-97.42193704825615
BNB,LONG,2025-08-18 00:00:00+00:00,2025-09-17 00:00:00+00:00,844.63,956.94,845.4746299999999,955.98306,10.0,0.1307057906634053,0.009,1.2980579066340536,0.081871479222978,1.3799293858570316,False,,422.737315,832.05,1.3799293858570316,-96.04200766239913
DOT,LONG,2025-08-18 00:00:00+00:00,2025-09-17 00:00:00+00:00,3.9301,4.2814,3.9340300999999993,4.2771186,10.0,0.0872104410182322,0.009,0.8631044101823228,0.0760057563331556,0.9391101665154784,False,,1.9670150499999997,3.7367,0.9391101665154784,-95.10289749588365
DOGE,LONG,2025-08-18 00:00:00+00:00,2025-09-17 00:00:00+00:00,0.2237,0.27287,0.2239236999999999,0.27259713,10.0,0.2173661385552313,0.009,2.164661385552314,0.1233417346115663,2.2880031201638795,False,,0.1119618499999999,0.21066,2.2880031201638795,-92.81489437571977
BNB,LONG,2025-08-19 00:00:00+00:00,2025-09-18 00:00:00+00:00,832.05,988.36,832.8820499999998,987.37164,10.0,0.1854879571483143,0.009,1.845879571483143,0.0857379158503416,1.9316174873334848,False,,416.4410249999999,832.05,1.9316174873334848,-90.88327688838629
LTC,LONG,2025-08-19 00:00:00+00:00,2025-09-18 00:00:00+00:00,113.08,118.53,113.19307999999998,118.41147,10.0,0.0461016698193919,0.009,0.4520166981939191,0.1133232479142718,0.5653399461081909,False,,56.59653999999999,109.18,0.5653399461081909,-90.3179369422781
POLYX,LONG,2025-08-19 00:00:00+00:00,2025-09-18 00:00:00+00:00,0.12919,0.13944,0.1293191899999999,0.13930056,10.0,0.0771839817431585,0.009,0.7628398174315852,0.0882208754177164,0.8510606928493017,False,,0.0646595949999999,0.12478,0.8510606928493017,-89.4668762494288
PENGU,SHORT,2025-08-19 00:00:00+00:00,2025-09-18 00:00:00+00:00,0.030379,0.038331,0.030348621,0.0383693309999999,10.0,-0.2642858138430736,0.009,-2.6518581384307356,0.1261460057988467,-2.525712132631889,False,,0.0455229315,0.036659,-2.525712132631889,-91.99258838206069
LDO,SHORT,2025-08-19 00:00:00+00:00,2025-09-18 00:00:00+00:00,1.2912,1.3361,1.2899088,1.3374361,10.0,-0.0368454731063157,0.009,-0.3774547310631578,0.1005742263175505,-0.2768805047456072,False,,1.9348632,1.5276,-0.2768805047456072,-92.2694688868063
OMNI,SHORT,2025-08-19 00:00:00+00:00,2025-09-18 00:00:00+00:00,3.6236,3.8679,3.6199764,3.8717679,10.0,-0.0695561164431899,0.009,-0.7045611644318993,-1.5097102857575535,-2.214271450189453,False,,5.4299646,3.9231,-2.214271450189453,-94.48374033699575
CFX,SHORT,2025-08-20 00:00:00+00:00,2025-09-19 00:00:00+00:00,0.18793,0.17594,0.18774207,0.17611594,10.0,0.0619260776234118,0.009,0.610260776234118,0.0643833254692461,0.6746441017033642,False,,0.281613105,0.20102,0.6746441017033642,-93.80909623529239
ARB,SHORT,2025-08-20 00:00:00+00:00,2025-09-19 00:00:00+00:00,0.51419,0.48975,0.5136758100000001,0.49023975,10.0,0.0456242235740088,0.009,0.4472422357400885,0.129423456149979,0.5766656918900676,False,,0.7705137150000001,0.60718,0.5766656918900676,-93.23243054340232
SCR,SHORT,2025-08-20 00:00:00+00:00,2025-09-19 00:00:00+00:00,0.40264,0.31891,0.40223736,0.31922891,10.0,0.2063668327576533,0.009,2.054668327576534,0.0778357501501352,2.132504077726669,False,,0.60335604,0.41066,2.132504077726669,-91.09992646567565
ONDO,LONG,2025-08-20 00:00:00+00:00,2025-09-19 00:00:00+00:00,0.95262,1.017,0.95357262,1.015983,10.0,0.0654490058659612,0.009,0.6454900586596121,0.1657722928026813,0.8112623514622934,False,,0.47678631,0.88702,0.8112623514622934,-90.28866411421336
POLYX,LONG,2025-08-20 00:00:00+00:00,2025-09-19 00:00:00+00:00,0.13384,0.13543,0.1339738399999999,0.13529457,10.0,0.0098581185700135,0.009,0.0895811857001352,0.0857823417135016,0.1753635274136369,False,,0.0669869199999999,0.12478,0.1753635274136369,-90.11330058679972
NEO,LONG,2025-08-20 00:00:00+00:00,2025-09-19 00:00:00+00:00,6.2646,6.5969,6.2708645999999995,6.5903031,10.0,0.0509401048142548,0.009,0.5004010481425487,0.058883418174792,0.5592844663173407,False,,3.1354322999999997,6.2646,0.5592844663173407,-89.55401612048239
DOGE,LONG,2025-08-21 00:00:00+00:00,2025-09-20 00:00:00+00:00,0.21511,0.26614,0.2153251099999999,0.2658738599999999,10.0,0.2347554820708091,0.009,2.338554820708092,0.1429883131504728,2.481543133858565,False,,0.1076625549999999,0.21066,2.481543133858565,-87.07247298662382
AAVE,LONG,2025-08-21 00:00:00+00:00,2025-09-20 00:00:00+00:00,297.55,297.26,297.84754999999996,296.96274,10.0,-0.0029706808063385,0.009,-0.0387068080633854,0.0925438188867425,0.0538370108233571,False,,148.92377499999998,297.33,0.0538370108233571,-87.01863597580046
GALA,LONG,2025-08-21 00:00:00+00:00,2025-09-20 00:00:00+00:00,0.016154,0.017508,0.016170154,0.017490492,10.0,0.0816527783223339,0.009,0.8075277832233391,0.0926854523105964,0.9002132355339355,False,,0.008085077,0.015489,0.9002132355339355,-86.11842274026652
LAUNCHCOIN,SHORT,2025-08-21 00:00:00+00:00,2025-09-20 00:00:00+00:00,0.041555,0.069527,0.041513445,0.0695965269999999,10.0,-0.6764816073443191,0.009,-6.773816073443191,0.806513237386466,-5.967302836056725,True,2025-08-28 19:00:00+00:00,0.0622701675,0.10291,-10.0,-96.11842274026652
UMA,SHORT,2025-08-21 00:00:00+00:00,2025-09-20 00:00:00+00:00,1.464,1.31,1.462536,1.31131,10.0,0.1033998479353671,0.009,1.0249984793536713,-0.0449929218240781,0.9800055575295932,False,,2.193804,1.6722,0.9800055575295932,-95.13841718273693
KAITO,SHORT,2025-08-21 00:00:00+00:00,2025-09-20 00:00:00+00:00,1.0706,1.1496,1.0695294,1.1507496,10.0,-0.075940128434057,0.009,-0.7684012843405704,-0.8340219507485536,-1.602423235089124,False,,1.6042941,1.2462,-1.602423235089124,-96.74084041782605
OMNI,SHORT,2025-08-22 00:00:00+00:00,2025-09-21 00:00:00+00:00,3.9231,4.0241,3.9191769,4.028124099999999,10.0,-0.0277984900349866,0.009,-0.2869849003498663,-1.5984181656277625,-1.8854030659776289,False,,5.87876535,4.2266,-1.8854030659776289,-98.62624348380368
ZEREBRO,SHORT,2025-08-22 00:00:00+00:00,2025-09-21 00:00:00+00:00,0.026031,0.020196,0.026004969,0.0202161959999999,10.0,0.2226025726083351,0.009,2.2170257260833512,0.2302091181056205,2.447234844188972,False,,0.0390074535,0.026448,2.447234844188972,-96.17900863961471
VVV,SHORT,2025-08-22 00:00:00+00:00,2025-09-21 00:00:00+00:00,3.6538,2.4456,3.6501462,2.4480456,10.0,0.329329438913981,0.009,3.28429438913981,0.0379733330997262,3.3222677222395367,False,,5.4752193,3.6538,3.3222677222395367,-92.85674091737518
LTC,LONG,2025-08-22 00:00:00+00:00,2025-09-21 00:00:00+00:00,122.49,115.24,122.61248999999998,115.12476,10.0,-0.0610682484304819,0.009,-0.6196824843048196,0.1047114891840953,-0.5149709951207243,False,,61.30624499999999,109.18,-0.5149709951207243,-93.3717119124959
ETH,LONG,2025-08-22 00:00:00+00:00,2025-09-21 00:00:00+00:00,4836.3,4494.7,4841.136299999999,4490.2053,10.0,-0.0724893864277276,0.009,-0.7338938642772764,0.0780045676234524,-0.655889296653824,False,,2420.5681499999996,4253.3,-0.655889296653824,-94.02760120914972
AAVE,LONG,2025-08-22 00:00:00+00:00,2025-09-21 00:00:00+00:00,337.91,298.3,338.24791,298.0017,10.0,-0.1189843567695657,0.009,-1.1988435676956573,0.0814765410466542,-1.117367026649003,False,,169.123955,297.26,-1.117367026649003,-95.14496823579873
SOL,LONG,2025-08-23 00:00:00+00:00,2025-09-22 00:00:00+00:00,204.31,217.12,204.51430999999997,216.90288,10.0,0.0605755655924519,0.009,0.5967556559245193,0.1178306679425513,0.7145863238670707,False,,102.25715499999998,191.28,0.7145863238670707,-94.43038191193166
AAVE,LONG,2025-08-23 00:00:00+00:00,2025-09-22 00:00:00+00:00,355.44,263.2,355.79544,262.9368,10.0,-0.2609888423527856,0.009,-2.6188884235278556,0.0762761447286677,-2.542612278799188,False,,177.89772,297.26,-2.542612278799188,-96.97299419073084
DOGE,LONG,2025-08-23 00:00:00+00:00,2025-09-22 00:00:00+00:00,0.23741,0.23616,0.2376474099999999,0.23592384,10.0,-0.0072526353222195,0.009,-0.081526353222195,0.1317846691336968,0.0502583159115018,False,,0.1188237049999999,0.21066,0.0502583159115018,-96.92273587481934
LAUNCHCOIN,SHORT,2025-08-23 00:00:00+00:00,2025-09-22 00:00:00+00:00,0.044895,0.06038,0.0448501049999999,0.0604403799999999,10.0,-0.3476084392667531,0.009,-3.485084392667531,0.7582921534840777,-2.7267922391834536,True,2025-08-28 19:00:00+00:00,0.0672751574999998,0.10291,-10.0,-106.92273587481934
PROVE,SHORT,2025-08-23 00:00:00+00:00,2025-09-22 00:00:00+00:00,1.122,0.80204,1.120878,0.8028420399999999,10.0,0.2837382480519736,0.009,2.8283824805197364,-0.2920465428799834,2.536335937639753,False,,1.681317,1.122,2.536335937639753,-104.38639993717959
GRASS,SHORT,2025-08-23 00:00:00+00:00,2025-09-22 00:00:00+00:00,0.81422,0.73186,0.8134057800000001,0.7325918599999999,10.0,0.099352527344962,0.009,0.9845252734496208,-0.000614441498424,0.9839108319511968,False,,1.22010867,0.92585,0.9839108319511968,-103.4024891052284
LAUNCHCOIN,SHORT,2025-08-24 00:00:00+00:00,2025-09-23 00:00:00+00:00,0.049583,0.060477,0.049533417,0.060537477,10.0,-0.222154268097434,0.009,-2.2305426809743403,0.6821572845448962,-1.548385396429444,True,2025-09-08 19:00:00+00:00,0.0743001255,0.10291,-10.0,-113.4024891052284
VINE,SHORT,2025-08-24 00:00:00+00:00,2025-09-23 00:00:00+00:00,0.070863,0.059396,0.0707921369999999,0.0594553959999999,10.0,0.1601412456301467,0.009,1.5924124563014674,0.1917079009698069,1.7841203572712745,False,,0.1061882054999998,0.084624,1.7841203572712745,-111.61836874795712
PROVE,SHORT,2025-08-24 00:00:00+00:00,2025-09-23 00:00:00+00:00,1.0796,0.79171,1.0785204,0.7925017099999999,10.0,0.2651954381205956,0.009,2.642954381205956,-0.2963175300530894,2.3466368511528666,False,,1.6177806,1.0863,2.3466368511528666,-109.27173189680425
AAVE,LONG,2025-08-24 00:00:00+00:00,2025-09-23 00:00:00+00:00,354.12,273.97,354.47411999999997,273.69603,10.0,-0.2278814882169676,0.009,-2.2878148821696764,0.0709815039644361,-2.2168333782052403,False,,177.23706,263.2,-2.2168333782052403,-111.48856527500949
SOL,LONG,2025-08-24 00:00:00+00:00,2025-09-23 00:00:00+00:00,205.14,214.49,205.34513999999996,214.27551,10.0,0.0434895610385521,0.009,0.4258956103855217,0.1115522845049559,0.5374478948904776,False,,102.67256999999998,191.28,0.5374478948904776,-110.95111738011902
DOT,LONG,2025-08-24 00:00:00+00:00,2025-09-23 00:00:00+00:00,4.135,3.966,4.139135,3.962034,10.0,-0.0427869591110218,0.009,-0.4368695911102187,0.0741684436085075,-0.3627011475017111,False,,2.0695675,3.7367,-0.3627011475017111,-111.31381852762073
PROVE,SHORT,2025-08-25 00:00:00+00:00,2025-09-24 00:00:00+00:00,1.0011,0.79548,1.0000989,0.7962754799999999,10.0,0.2038032638572046,0.009,2.0290326385720463,-0.2806269207562672,1.748405717815779,False,,1.50014835,1.0863,1.748405717815779,-109.56541280980494
VVV,SHORT,2025-08-25 00:00:00+00:00,2025-09-24 00:00:00+00:00,2.8944,2.0743,2.8915056,2.0763743,10.0,0.2819054889604917,0.009,2.8100548896049173,0.0443563231704963,2.8544112127754135,False,,4.3372584,2.979,2.8544112127754135,-106.71100159702952
OMNI,SHORT,2025-08-25 00:00:00+00:00,2025-09-24 00:00:00+00:00,3.4257,4.155,3.4222743,4.159155,10.0,-0.2153190058435703,0.009,-2.1621900584357028,-2.2519205392922776,-4.41411059772798,False,,5.1334114500000005,4.2266,-4.41411059772798,-111.1251121947575
POLYX,LONG,2025-08-25 00:00:00+00:00,2025-09-24 00:00:00+00:00,0.12727,0.12552,0.1273972699999999,0.12539448,10.0,-0.0157208235309907,0.009,-0.1662082353099071,0.0866183899778229,-0.0795898453320842,False,,0.0636986349999999,0.12127,-0.0795898453320842,-111.20470204008959
SOL,LONG,2025-08-25 00:00:00+00:00,2025-09-24 00:00:00+00:00,191.28,213.12,191.47128,212.90688,10.0,0.1119520379244345,0.009,1.1105203792443454,0.1137054282761884,1.224225807520534,False,,95.73564,191.28,1.224225807520534,-109.98047623256905
ALGO,LONG,2025-08-25 00:00:00+00:00,2025-09-24 00:00:00+00:00,0.24848,0.21673,0.2487284799999999,0.21651327,10.0,-0.1295195869809519,0.009,-1.3041958698095195,0.0894594163024274,-1.214736453507092,False,,0.1243642399999999,0.20953,-1.214736453507092,-111.19521268607613
POL,LONG,2025-08-26 00:00:00+00:00,2025-09-25 00:00:00+00:00,0.24611,0.21827,0.2463561099999999,0.21805173,10.0,-0.1148921372398678,0.009,-1.157921372398678,0.123632412136277,-1.0342889602624008,False,,0.1231780549999999,0.22349,-1.0342889602624008,-112.22950164633853
POLYX,LONG,2025-08-26 00:00:00+00:00,2025-09-25 00:00:00+00:00,0.13089,0.11825,0.13102089,0.11813175,10.0,-0.0983746942949327,0.009,-0.9927469429493272,0.083635288151378,-0.9091116547979492,False,,0.065510445,0.12127,-0.9091116547979492,-113.13861330113649
DYM,LONG,2025-08-26 00:00:00+00:00,2025-09-25 00:00:00+00:00,0.22541,0.17194,0.2256354099999999,0.17176806,10.0,-0.2387362426846034,0.009,-2.396362426846034,0.0651826728333997,-2.331179754012634,False,,0.1128177049999999,0.19089,-2.331179754012634,-115.46979305514913
MEME,SHORT,2025-08-26 00:00:00+00:00,2025-09-25 00:00:00+00:00,0.003393,0.002191,0.003389607,0.0021931909999999,10.0,0.3529659928127362,0.009,3.5206599281273623,0.0368449440339248,3.557504872161287,False,,0.0050844105,0.003393,3.557504872161287,-111.91228818298784
VINE,SHORT,2025-08-26 00:00:00+00:00,2025-09-25 00:00:00+00:00,0.070246,0.054041,0.070175754,0.0540950409999999,10.0,0.2291491303392339,0.009,2.2824913033923395,0.2071817913940191,2.4896730947863586,False,,0.105263631,0.084624,2.4896730947863586,-109.42261508820148
PROVE,SHORT,2025-08-26 00:00:00+00:00,2025-09-25 00:00:00+00:00,1.033,0.72899,1.031967,0.72971899,10.0,0.2928853442018979,0.009,2.919853442018979,-0.2721821070463397,2.6476713349726393,False,,1.5479505000000002,1.0863,2.6476713349726393,-106.77494375322884
BIO,SHORT,2025-08-27 00:00:00+00:00,2025-09-26 00:00:00+00:00,0.18308,0.13491,0.18289692,0.13504491,10.0,0.2616337661673034,0.009,2.6073376616730344,-1.6340523721020015,0.9732852895710328,False,,0.2743453799999999,0.18656,0.9732852895710328,-105.8016584636578
KAITO,SHORT,2025-08-27 00:00:00+00:00,2025-09-26 00:00:00+00:00,1.0695,1.0222,1.0684304999999998,1.0232222,10.0,0.0423128130468007,0.009,0.4141281304680078,-0.9029863610744172,-0.4888582306064094,False,,1.6026457499999998,1.2462,-0.4888582306064094,-106.29051669426421
MEME,SHORT,2025-08-27 00:00:00+00:00,2025-09-26 00:00:00+00:00,0.003137,0.002324,0.003133863,0.002326324,10.0,0.2576816536013221,0.009,2.567816536013222,0.033504065844295,2.601320601857517,False,,0.0047007945,0.003137,2.601320601857517,-103.68919609240669
HYPE,LONG,2025-08-27 00:00:00+00:00,2025-09-26 00:00:00+00:00,48.741,44.883,48.78974099999999,44.838117,10.0,-0.080992928410913,0.009,-0.8189292841091305,0.1341545006427068,-0.6847747834664236,False,,24.394870499999996,42.326,-0.6847747834664236,-104.37397087587311
CELO,LONG,2025-08-27 00:00:00+00:00,2025-09-26 00:00:00+00:00,0.32209,0.25195,0.3224120899999999,0.25169805,10.0,-0.2193281275525367,0.009,-2.2022812755253667,0.0704115125430935,-2.131869762982273,False,,0.1612060449999999,0.25055,-2.131869762982273,-106.50584063885539
SAND,LONG,2025-08-27 00:00:00+00:00,2025-09-26 00:00:00+00:00,0.28155,0.2654,0.28183155,0.2651346,10.0,-0.0592444316472019,0.009,-0.6014443164720199,0.0887228578252151,-0.5127214586468047,False,,0.140915775,0.26147,-0.5127214586468047,-107.0185620975022
DOGE,LONG,2025-08-28 00:00:00+00:00,2025-09-27 00:00:00+00:00,0.2197,0.22969,0.2199197,0.22946031,10.0,0.0433822436098267,0.009,0.424822436098267,0.1371944691948015,0.5620169052930686,False,,0.10995985,0.21066,0.5620169052930686,-106.45654519220913
SOL,LONG,2025-08-28 00:00:00+00:00,2025-09-27 00:00:00+00:00,209.79,202.13,209.99978999999996,201.92787,10.0,-0.0384377527234669,0.009,-0.3933775272346691,0.0975572823681871,-0.2958202448664819,False,,104.99989499999998,197.9,-0.2958202448664819,-106.75236543707561
POLYX,LONG,2025-08-28 00:00:00+00:00,2025-09-27 00:00:00+00:00,0.13368,0.11818,0.13381368,0.11806182,10.0,-0.1177148704078685,0.009,-1.1861487040786856,0.0816484308969755,-1.10450027318171,False,,0.06690684,0.11825,-1.10450027318171,-107.85686571025732
VINE,SHORT,2025-08-28 00:00:00+00:00,2025-09-27 00:00:00+00:00,0.072012,0.053676,0.071939988,0.053729676,10.0,0.2531319855099226,0.009,2.522319855099227,0.2092769638202469,2.7315968189194737,False,,0.1079099819999999,0.084624,2.7315968189194737,-105.12526889133785
PROVE,SHORT,2025-08-28 00:00:00+00:00,2025-09-27 00:00:00+00:00,1.0863,0.73264,1.0852137,0.7333726399999999,10.0,0.3242136180182761,0.009,3.2331361801827607,-0.2662429875182372,2.9668931926645237,False,,1.62782055,1.0863,2.9668931926645237,-102.15837569867332
MEME,SHORT,2025-08-28 00:00:00+00:00,2025-09-27 00:00:00+00:00,0.002959,0.002343,0.002956041,0.0023453429999999,10.0,0.2065932103106825,0.009,2.056932103106825,0.0272026314415124,2.0841347345483374,False,,0.0044340615,0.002959,2.0841347345483374,-100.07424096412498
KAITO,SHORT,2025-08-29 00:00:00+00:00,2025-09-28 00:00:00+00:00,1.0522,1.4641,1.0511478,1.4655640999999997,10.0,-0.3942512175737794,0.009,-3.9515121757377942,-1.192406192676967,-5.143918368414761,False,,1.5767217000000002,1.2462,-5.143918368414761,-105.21815933253974
NXPC,SHORT,2025-08-29 00:00:00+00:00,2025-09-28 00:00:00+00:00,0.71593,0.55601,0.7152140699999999,0.5565660099999999,10.0,0.2218189863071346,0.009,2.209189863071346,0.0480603467987563,2.257250209870102,False,,1.0728211049999998,0.74245,2.257250209870102,-102.96090912266963
PROVE,SHORT,2025-08-29 00:00:00+00:00,2025-09-28 00:00:00+00:00,0.99677,0.71857,0.99577323,0.71928857,10.0,0.2776582575934483,0.009,2.767582575934483,-0.2750850753339693,2.492497500600514,False,,1.4936598449999998,0.99677,2.492497500600514,-100.46841162206911
DOT,LONG,2025-08-29 00:00:00+00:00,2025-09-28 00:00:00+00:00,3.7577,3.9009,3.7614576999999993,3.8969991,10.0,0.0360342746908999,0.009,0.3513427469089992,0.0827331339416365,0.4340758808506357,False,,1.8807288499999997,3.7367,0.4340758808506357,-100.03433574121847
SOL,LONG,2025-08-29 00:00:00+00:00,2025-09-28 00:00:00+00:00,203.03,206.04,203.23303,205.83396,10.0,0.0127977720944277,0.009,0.1189777209442778,0.0998829242684125,0.2188606452126903,False,,101.616515,197.9,0.2188606452126903,-99.81547509600578
CELO,LONG,2025-08-29 00:00:00+00:00,2025-09-28 00:00:00+00:00,0.30838,0.25099,0.3086883799999999,0.25073901,10.0,-0.1877277337099633,0.009,-1.8862773370996329,0.0720968559590095,-1.8141804811406232,False,,0.1543441899999999,0.24905,-1.8141804811406232,-101.62965557714641
POLYX,LONG,2025-08-30 00:00:00+00:00,2025-09-29 00:00:00+00:00,0.13108,0.119,0.1312110799999999,0.118881,10.0,-0.0939713322990709,0.009,-0.9487133229907094,0.0830728342039407,-0.8656404887867687,False,,0.0656055399999999,0.11787,-0.8656404887867687,-102.49529606593318
POL,LONG,2025-08-30 00:00:00+00:00,2025-09-29 00:00:00+00:00,0.25394,0.22727,0.2541939399999999,0.22704273,10.0,-0.1068129712297624,0.009,-1.0771297122976242,0.1173187472497181,-0.959810965047906,False,,0.1270969699999999,0.21827,-0.959810965047906,-103.45510703098108
ONDO,LONG,2025-08-30 00:00:00+00:00,2025-09-29 00:00:00+00:00,0.90573,0.8973,0.90663573,0.8964027,10.0,-0.0112868152681341,0.009,-0.1218681526813417,0.1903189111506117,0.0684507584692699,False,,0.453317865,0.8811,0.0684507584692699,-103.38665627251181
MEME,SHORT,2025-08-30 00:00:00+00:00,2025-09-29 00:00:00+00:00,0.002858,0.002371,0.0028551419999999,0.0023733709999999,10.0,0.1687380172334686,0.009,1.678380172334687,0.0261967875951528,1.70457695992984,False,,0.0042827129999998,0.002858,1.70457695992984,-101.68207931258198
PROVE,SHORT,2025-08-30 00:00:00+00:00,2025-09-29 00:00:00+00:00,0.96387,0.66574,0.96290613,0.66640574,10.0,0.307922424380038,0.009,3.0702242438003804,-0.3292016502383051,2.741022593562075,False,,1.444359195,0.96387,2.741022593562075,-98.9410567190199
VVV,SHORT,2025-08-30 00:00:00+00:00,2025-09-29 00:00:00+00:00,2.804,1.9444,2.801196,1.9463443999999996,10.0,0.3051737900525348,0.009,3.0427379005253483,0.0580482860855149,3.100786186610863,False,,4.201794,2.823,3.100786186610863,-95.84027053240904
HYPER,SHORT,2025-08-31 00:00:00+00:00,2025-09-30 00:00:00+00:00,0.30247,0.23889,0.30216753,0.2391288899999999,10.0,0.2086214888806883,0.009,2.0772148888068833,0.0581436132971335,2.1353585021040167,False,,0.453251295,0.34087,2.1353585021040167,-93.70491203030502
VVV,SHORT,2025-08-31 00:00:00+00:00,2025-09-30 00:00:00+00:00,2.823,1.994,2.820177,1.995994,10.0,0.2922451321317776,0.009,2.9134513213177766,0.0598470954772697,2.9732984167950463,False,,4.2302655,2.823,2.9732984167950463,-90.73161361350998
MAV,SHORT,2025-08-31 00:00:00+00:00,2025-09-30 00:00:00+00:00,0.07066,0.059201,0.07058934,0.0592602009999999,10.0,0.1604936241081161,0.009,1.5959362410811615,-0.1804596237464042,1.4154766173347575,False,,0.10588401,0.083556,1.4154766173347575,-89.31613699617522
APT,LONG,2025-08-31 00:00:00+00:00,2025-09-30 00:00:00+00:00,4.2858,4.3281,4.2900858,4.3237719,10.0,0.0078520807206232,0.009,0.0695208072062328,0.1033598984475089,0.1728807056537417,False,,2.1450429,3.9902,0.1728807056537417,-89.14325629052148
DOT,LONG,2025-08-31 00:00:00+00:00,2025-09-30 00:00:00+00:00,3.7973,3.9016,3.801097299999999,3.8976984,10.0,0.0254140034773645,0.009,0.2451400347736452,0.0872998059091252,0.3324398406827704,False,,1.9005486499999995,3.7367,0.3324398406827704,-88.81081644983871
BCH,LONG,2025-08-31 00:00:00+00:00,2025-09-30 00:00:00+00:00,543.61,559.12,544.15361,558.56088,10.0,0.0264764760083095,0.009,0.2557647600830957,0.1008415291106311,0.3566062891937268,False,,272.076805,541.75,0.3566062891937268,-88.45421016064499
SAND,LONG,2025-09-01 00:00:00+00:00,2025-10-01 00:00:00+00:00,0.27107,0.27809,0.2713410699999999,0.27781191,10.0,0.0238476246887359,0.009,0.2294762468873596,0.0929642281624009,0.3224404750497606,False,,0.1356705349999999,0.26147,0.3224404750497606,-88.13176968559523
ETH,LONG,2025-09-01 00:00:00+00:00,2025-10-01 00:00:00+00:00,4364.7,4332.7,4369.064699999999,4328.3673,10.0,-0.0093148998228383,0.009,-0.1021489982283831,0.0654351415042217,-0.0367138567241613,False,,2184.5323499999995,3909.1,-0.0367138567241613,-88.1684835423194
HMSTR,LONG,2025-09-01 00:00:00+00:00,2025-10-01 00:00:00+00:00,0.000671,0.000643,0.000671671,0.000642357,10.0,-0.0436433908863119,0.009,-0.4454339088631192,0.0923273016610811,-0.353106607202038,False,,0.0003358355,0.000604,-0.353106607202038,-88.52159014952143
CFX,SHORT,2025-09-01 00:00:00+00:00,2025-10-01 00:00:00+00:00,0.1778,0.14881,0.1776222,0.1489588099999999,10.0,0.1613727901129478,0.009,1.6047279011294782,0.0738558192600361,1.6785837203895144,False,,0.2664333,0.1867,1.6785837203895144,-86.84300642913192
VVV,SHORT,2025-09-01 00:00:00+00:00,2025-10-01 00:00:00+00:00,2.6656,1.9903,2.6629344,1.9922903,10.0,0.2518440183881361,0.009,2.509440183881362,0.0623761665633971,2.571816350444758,False,,3.9944016,2.7595,2.571816350444758,-84.27119007868716
VINE,SHORT,2025-09-01 00:00:00+00:00,2025-10-01 00:00:00+00:00,0.064445,0.06165,0.064380555,0.06171165,10.0,0.0414551412301432,0.009,0.4055514123014326,0.2429508378944543,0.6485022501958869,False,,0.0965708325,0.084624,0.6485022501958869,-83.62268782849127
MORPHO,SHORT,2025-09-02 00:00:00+00:00,2025-10-02 00:00:00+00:00,1.8701,1.9899,1.8682299,1.9918899,10.0,-0.0661909971572555,0.009,-0.6709099715725558,0.2340215181891158,-0.43688845338344,False,,2.80234485,2.3627,-0.43688845338344,-84.05957628187471
VVV,SHORT,2025-09-02 00:00:00+00:00,2025-10-02 00:00:00+00:00,2.7445,2.0836,2.7417555,2.0856836,10.0,0.2392889883871848,0.009,2.3838898838718485,0.0626518138898599,2.4465416977617087,False,,4.11263325,2.7595,2.4465416977617087,-81.61303458411301
MEME,SHORT,2025-09-02 00:00:00+00:00,2025-10-02 00:00:00+00:00,0.002503,0.002609,0.002500497,0.002611609,10.0,-0.0444359661299333,0.009,-0.4533596612993338,0.0368251975127344,-0.4165344637865993,False,,0.0037507455,0.002771,-0.4165344637865993,-82.02956904789961
ETH,LONG,2025-09-02 00:00:00+00:00,2025-10-02 00:00:00+00:00,4272.4,4495.8,4276.6723999999995,4491.3042000000005,10.0,0.0501866357591479,0.009,0.4928663575914793,0.0698119566427393,0.5626783142342187,False,,2138.3361999999997,3909.1,0.5626783142342187,-81.4668907336654
BTC,LONG,2025-09-02 00:00:00+00:00,2025-10-02 00:00:00+00:00,110770.0,120829.0,110880.77,120708.171,10.0,0.0886303459111982,0.009,0.8773034591119825,0.0847541443504856,0.9620576034624682,False,,55440.385,109142.0,0.9620576034624682,-80.50483313020293
ATOM,LONG,2025-09-02 00:00:00+00:00,2025-10-02 00:00:00+00:00,4.3716,4.2936,4.3759716,4.2893064,10.0,-0.0198047903235934,0.009,-0.2070479032359343,0.0550776693436721,-0.1519702338922621,False,,2.1879858,4.0358,-0.1519702338922621,-80.65680336409518
BIO,SHORT,2025-09-03 00:00:00+00:00,2025-10-03 00:00:00+00:00,0.14429,0.1415,0.14414571,0.1416414999999999,10.0,0.0173727681524482,0.009,0.164727681524482,-1.0204757085184843,-0.8557480269940023,False,,0.216218565,0.18656,-0.8557480269940023,-81.51255139108919
LAUNCHCOIN,SHORT,2025-09-03 00:00:00+00:00,2025-10-03 00:00:00+00:00,0.060573,0.11957,0.060512427,0.1196895699999999,10.0,-0.9779337226054406,0.009,-9.788337226054407,0.7725791169118866,-9.01575810914252,True,2025-09-11 19:00:00+00:00,0.0907686405,0.11682,-10.0,-91.51255139108919
MEME,SHORT,2025-09-03 00:00:00+00:00,2025-10-03 00:00:00+00:00,0.002575,0.002545,0.002572425,0.0025475449999999,10.0,0.0096718077300603,0.009,0.0877180773006037,0.0420285886010282,0.1297466659016319,False,,0.0038586375,0.002771,0.1297466659016319,-91.38280472518755
ETH,LONG,2025-09-03 00:00:00+00:00,2025-10-03 00:00:00+00:00,4474.0,4520.1,4478.473999999999,4515.579900000001,10.0,0.0082853891749737,0.009,0.0738538917497375,0.0689468788397342,0.1428007705894717,False,,2239.2369999999996,3909.1,0.1428007705894717,-91.24000395459808
SOL,LONG,2025-09-03 00:00:00+00:00,2025-10-03 00:00:00+00:00,210.31,233.12,210.52030999999997,232.88688,10.0,0.1062442383825105,0.009,1.053442383825106,0.0930609409350575,1.1465033247601637,False,,105.26015499999998,197.9,1.1465033247601637,-90.09350062983792
SAND,LONG,2025-09-03 00:00:00+00:00,2025-10-03 00:00:00+00:00,0.283,0.28771,0.2832829999999999,0.28742229,10.0,0.0146118545765191,0.009,0.1371185457651914,0.0900174870988728,0.2271360328640643,False,,0.1416414999999999,0.26147,0.2271360328640643,-89.86636459697385
ATOM,LONG,2025-09-04 00:00:00+00:00,2025-10-04 00:00:00+00:00,4.3427,4.1148,4.347042699999999,4.1106852,10.0,-0.0543720216964971,0.009,-0.5527202169649715,0.0581109726891111,-0.4946092442758604,False,,2.1735213499999997,4.0358,-0.4946092442758604,-90.36097384124972
DOGE,LONG,2025-09-04 00:00:00+00:00,2025-10-04 00:00:00+00:00,0.21066,0.2495,0.2108706599999999,0.2492504999999999,10.0,0.1820065437268515,0.009,1.8110654372685149,0.1438336514324942,1.9548990887010091,False,,0.1054353299999999,0.21066,1.9548990887010091,-88.4060747525487
SAND,LONG,2025-09-04 00:00:00+00:00,2025-10-04 00:00:00+00:00,0.26997,0.27823,0.2702399699999999,0.27795177,10.0,0.0285368592958326,0.009,0.2763685929583269,0.0944320803019257,0.3708006732602527,False,,0.1351199849999999,0.26147,0.3708006732602527,-88.03527407928846
PROMPT,SHORT,2025-09-04 00:00:00+00:00,2025-10-04 00:00:00+00:00,0.162,0.14023,0.161838,0.1403702299999999,10.0,0.1326497485139462,0.009,1.317497485139462,0.0850361077218576,1.4025335928613198,False,,0.242757,0.19576,1.4025335928613198,-86.63274048642714
BABY,SHORT,2025-09-04 00:00:00+00:00,2025-10-04 00:00:00+00:00,0.043855,0.053665,0.0438111449999999,0.0537186649999999,10.0,-0.2261415445772987,0.009,-2.270415445772987,0.0567693707151228,-2.213646075057864,False,,0.0657167174999998,0.059238,-2.213646075057864,-88.846386561485
VVV,SHORT,2025-09-04 00:00:00+00:00,2025-10-04 00:00:00+00:00,2.6166,1.9219,2.6139834,1.9238218999999996,10.0,0.2640267340641873,0.009,2.6312673406418736,0.0942323476157117,2.7254996882575853,False,,3.9209751,2.7595,2.7254996882575853,-86.12088687322742
BIO,SHORT,2025-09-05 00:00:00+00:00,2025-10-05 00:00:00+00:00,0.16634,0.13557,0.16617366,0.1357055699999999,10.0,0.1833508992941482,0.009,1.8245089929414824,-0.8724871059291828,0.9520218870122998,False,,0.24926049,0.18656,0.9520218870122998,-85.16886498621513
MAV,SHORT,2025-09-05 00:00:00+00:00,2025-10-05 00:00:00+00:00,0.076011,0.056637,0.075934989,0.0566936369999999,10.0,0.2533924381025459,0.009,2.524924381025459,-0.1203846541202106,2.4045397269052486,False,,0.1139024834999999,0.080493,2.4045397269052486,-82.76432525930989
USUAL,SHORT,2025-09-05 00:00:00+00:00,2025-10-05 00:00:00+00:00,0.05983,0.05192,0.05977017,0.05197192,10.0,0.1304706009703503,0.009,1.2957060097035036,0.0554910382930147,1.3511970479965183,False,,0.0896552549999999,0.07145,1.3511970479965183,-81.41312821131336
POLYX,LONG,2025-09-05 00:00:00+00:00,2025-10-05 00:00:00+00:00,0.12716,0.11766,0.1272871599999999,0.11754234,10.0,-0.0765577612070218,0.009,-0.7745776120702189,0.0803278992252635,-0.6942497128449553,False,,0.0636435799999999,0.11445,-0.6942497128449553,-82.10737792415831
ONDO,LONG,2025-09-05 00:00:00+00:00,2025-10-05 00:00:00+00:00,0.91797,0.91339,0.91888797,0.91247661,10.0,-0.0069773032288145,0.009,-0.0787730322881457,0.1883258183882198,0.1095527861000741,False,,0.459443985,0.8811,0.1095527861000741,-81.99782513805825
JUP,LONG,2025-09-05 00:00:00+00:00,2025-10-05 00:00:00+00:00,0.49515,0.44919,0.4956451499999999,0.44874081,10.0,-0.0946329042057608,0.009,-0.955329042057608,0.1179456218872716,-0.8373834201703364,False,,0.2478225749999999,0.43034,-0.8373834201703364,-82.83520855822859
BCH,LONG,2025-09-06 00:00:00+00:00,2025-10-06 00:00:00+00:00,594.68,604.26,595.2746799999999,603.65574,10.0,0.0140793154514822,0.009,0.1317931545148226,0.0830177603955538,0.2148109149103765,False,,297.63733999999994,541.75,0.2148109149103765,-82.62039764331821
SAND,LONG,2025-09-06 00:00:00+00:00,2025-10-06 00:00:00+00:00,0.27813,0.2875,0.27840813,0.2872125,10.0,0.031623968739706,0.009,0.3072396873970601,0.0917297612603123,0.3989694486573724,False,,0.139204065,0.26147,0.3989694486573724,-82.22142819466085
DOT,LONG,2025-09-06 00:00:00+00:00,2025-10-06 00:00:00+00:00,3.7885,4.4009,3.7922885,4.3964991,10.0,0.1593261166707121,0.009,1.5842611667071218,0.0962717560162946,1.6805329227234165,False,,1.89614425,3.7885,1.6805329227234165,-80.54089527193743
PROMPT,SHORT,2025-09-06 00:00:00+00:00,2025-10-06 00:00:00+00:00,0.17337,0.15393,0.17319663,0.15408393,10.0,0.1103526090548065,0.009,1.0945260905480658,0.0785463960903281,1.173072486638394,False,,0.259794945,0.19576,1.173072486638394,-79.36782278529904
PYTH,SHORT,2025-09-06 00:00:00+00:00,2025-10-06 00:00:00+00:00,0.16898,0.16636,0.1688110199999999,0.1665263599999999,10.0,0.0135338320922413,0.009,0.1263383209224133,0.0140414329341176,0.140379753856531,False,,0.2532165299999998,0.17941,0.140379753856531,-79.2274430314425
GRIFFAIN,SHORT,2025-09-06 00:00:00+00:00,2025-10-06 00:00:00+00:00,0.033069,0.034158,0.033035931,0.034192158,10.0,-0.0349990741898569,0.009,-0.3589907418985697,0.2783244206131802,-0.0806663212853894,False,,0.0495538965,0.045236,-0.0806663212853894,-79.3081093527279
PROVE,SHORT,2025-09-07 00:00:00+00:00,2025-10-07 00:00:00+00:00,0.8748,0.75888,0.8739252000000001,0.7596388799999999,10.0,0.1307735719258354,0.009,1.2987357192583548,-0.2258670533778405,1.0728686658805142,False,,1.3108878000000002,0.96354,1.0728686658805142,-78.23524068684738
LDO,SHORT,2025-09-07 00:00:00+00:00,2025-10-07 00:00:00+00:00,1.1787,1.1887,1.1775213,1.1898887,10.0,-0.0105029097987442,0.009,-0.1140290979874421,0.1310872436828106,0.0170581456953685,False,,1.76628195,1.3361,0.0170581456953685,-78.218182541152
BIO,SHORT,2025-09-07 00:00:00+00:00,2025-10-07 00:00:00+00:00,0.16102,0.12684,0.1608589799999999,0.12696684,10.0,0.2106947339837663,0.009,2.0979473398376633,-0.6039383027515157,1.4940090370861476,False,,0.2412884699999998,0.18656,1.4940090370861476,-76.72417350406586
GAS,LONG,2025-09-07 00:00:00+00:00,2025-10-07 00:00:00+00:00,3.2273,2.9863,3.2305273,2.9833137,10.0,-0.0765242256271909,0.009,-0.774242256271909,0.0872056902378135,-0.6870365660340956,False,,1.61526365,2.8986,-0.6870365660340956,-77.41121007009995
BIGTIME,LONG,2025-09-07 00:00:00+00:00,2025-10-07 00:00:00+00:00,0.051211,0.047354,0.0512622109999999,0.047306646,10.0,-0.077163370889328,0.009,-0.780633708893281,0.2632433115544119,-0.517390397338869,False,,0.0256311054999999,0.046621,-0.517390397338869,-77.92860046743883
POLYX,LONG,2025-09-07 00:00:00+00:00,2025-10-07 00:00:00+00:00,0.12647,0.11588,0.12659647,0.11576412,10.0,-0.0855659719421875,0.009,-0.8646597194218758,0.0804472187190527,-0.784212500702823,False,,0.063298235,0.11445,-0.784212500702823,-78.71281296814165
BNB,LONG,2025-09-08 00:00:00+00:00,2025-10-08 00:00:00+00:00,876.77,1316.4,877.6467699999998,1315.0836000000002,10.0,0.4984201445873268,0.009,4.975201445873268,0.0875896138011195,5.062791059674388,False,,438.8233849999999,876.77,5.062791059674388,-73.65002190846727
SAND,LONG,2025-09-08 00:00:00+00:00,2025-10-08 00:00:00+00:00,0.29446,0.27458,0.2947544599999999,0.2743054199999999,10.0,-0.0693765244468225,0.009,-0.7027652444682254,0.0865551323560295,-0.6162101121121959,False,,0.1473772299999999,0.26147,-0.6162101121121959,-74.26623202057947
LTC,LONG,2025-09-08 00:00:00+00:00,2025-10-08 00:00:00+00:00,112.43,118.86,112.54243,118.74114,10.0,0.0550788711421994,0.009,0.5417887114219948,0.1179029054919109,0.6596916169139058,False,,56.271215,102.76,0.6596916169139058,-73.60654040366556
BIO,SHORT,2025-09-08 00:00:00+00:00,2025-10-08 00:00:00+00:00,0.16022,0.12818,0.16005978,0.1283081799999999,10.0,0.1983733827448722,0.009,1.9747338274487225,-0.5771968961491762,1.3975369312995465,False,,0.24008967,0.18656,1.3975369312995465,-72.20900347236602
LAUNCHCOIN,SHORT,2025-09-08 00:00:00+00:00,2025-10-08 00:00:00+00:00,0.076958,0.10868,0.076881042,0.1087886799999999,10.0,-0.4150260866651624,0.009,-4.159260866651624,0.7189708271634507,-3.4402900394881732,True,2025-10-01 19:00:00+00:00,0.1153215629999999,0.1287,-10.0,-82.20900347236602
BABY,SHORT,2025-09-08 00:00:00+00:00,2025-10-08 00:00:00+00:00,0.049629,0.04957,0.049579371,0.0496195699999999,10.0,-0.000810800927668,0.009,-0.0171080092766803,0.0521144871775198,0.0350064779008395,False,,0.0743690565,0.059238,0.0350064779008395,-82.17399699446518
LAUNCHCOIN,SHORT,2025-09-09 00:00:00+00:00,2025-10-09 00:00:00+00:00,0.08525,0.12335,0.08516475,0.1234733499999999,10.0,-0.4498175594949784,0.009,-4.507175594949785,0.6592149325611946,-3.8479606623885902,True,2025-10-06 19:00:00+00:00,0.127747125,0.1287,-10.0,-92.17399699446518
BIO,SHORT,2025-09-09 00:00:00+00:00,2025-10-09 00:00:00+00:00,0.15006,0.11509,0.14990994,0.1152050899999999,10.0,0.231504662065771,0.009,2.3060466206577104,-0.5867365327033685,1.719310087954342,False,,0.2248649099999999,0.18656,1.719310087954342,-90.45468690651084
FARTCOIN,SHORT,2025-09-09 00:00:00+00:00,2025-10-09 00:00:00+00:00,0.8395,0.63279,0.8386605,0.6334227899999999,10.0,0.2447208494975024,0.009,2.4382084949750245,0.1827305509228466,2.620939045897871,False,,1.25799075,0.94201,2.620939045897871,-87.83374786061297
LTC,LONG,2025-09-09 00:00:00+00:00,2025-10-09 00:00:00+00:00,111.91,119.22,112.02191,119.10078,10.0,0.0631918345259423,0.009,0.6229183452594237,0.1246436291615631,0.7475619744209868,False,,56.010955,102.76,0.7475619744209868,-87.08618588619198
BNB,LONG,2025-09-09 00:00:00+00:00,2025-10-09 00:00:00+00:00,876.89,1242.0,877.7668899999999,1240.758,10.0,0.4135393054071568,0.009,4.126393054071568,0.090327564467623,4.216720618539191,False,,438.88344499999994,876.89,4.216720618539191,-82.8694652676528
SOL,LONG,2025-09-09 00:00:00+00:00,2025-10-09 00:00:00+00:00,216.52,218.25,216.73652,218.03175,10.0,0.0059760579343066,0.009,0.0507605793430661,0.0921603393560993,0.1429209186991654,False,,108.36826,197.9,0.1429209186991654,-82.72654434895364
ATOM,LONG,2025-09-10 00:00:00+00:00,2025-10-10 00:00:00+00:00,4.6188,3.9082,4.6234188,3.9042918,10.0,-0.155540095134795,0.009,-1.5644009513479502,0.0569397692691391,-1.507461182078811,False,,2.3117094,4.0281,-1.507461182078811,-84.23400553103245
DOT,LONG,2025-09-10 00:00:00+00:00,2025-10-10 00:00:00+00:00,4.1636,3.9265,4.167763599999999,3.9225735,10.0,-0.0588301361430382,0.009,-0.597301361430382,0.0933862629649148,-0.5039150984654672,False,,2.0838817999999995,3.8587,-0.5039150984654672,-84.73792062949792
ZEN,LONG,2025-09-10 00:00:00+00:00,2025-10-10 00:00:00+00:00,7.4158,14.853,7.4232158,14.838147,10.0,0.998883960776137,0.009,9.979839607761368,0.0969978912144249,10.076837498975792,False,,3.7116079,6.3525,10.076837498975792,-74.66108313052213
BIO,SHORT,2025-09-10 00:00:00+00:00,2025-10-10 00:00:00+00:00,0.14266,0.10496,0.14251734,0.1050649599999999,10.0,0.2627917416926251,0.009,2.6189174169262515,-0.5938193385457516,2.0250980783804997,False,,0.21377601,0.18656,2.0250980783804997,-72.63598505214163
MAV,SHORT,2025-09-10 00:00:00+00:00,2025-10-10 00:00:00+00:00,0.065089,0.046341,0.0650239109999999,0.046387341,10.0,0.2866110283646272,0.009,2.8571102836462723,-0.1500731726353556,2.7070371110109166,False,,0.0975358664999998,0.076344,2.7070371110109166,-69.92894794113072
EIGEN,SHORT,2025-09-10 00:00:00+00:00,2025-10-10 00:00:00+00:00,1.3915,1.6302,1.3901085,1.6318302,10.0,-0.1738869304086695,0.009,-1.7478693040866955,0.2851434712708396,-1.462725832815856,False,,2.08516275,2.0242,-1.462725832815856,-71.39167377394656
BIO,SHORT,2025-09-11 00:00:00+00:00,2025-10-11 00:00:00+00:00,0.15337,0.081134,0.15321663,0.081215134,10.0,0.4699326437345607,0.009,4.690326437345607,-0.5363843278881021,4.153942109457504,False,,0.229824945,0.18656,4.153942109457504,-67.23773166448906
MAV,SHORT,2025-09-11 00:00:00+00:00,2025-10-11 00:00:00+00:00,0.073422,0.039018,0.073348578,0.0390570179999999,10.0,0.467514993951212,0.009,4.66614993951212,-0.1243185298253634,4.541831409686757,False,,0.110022867,0.076344,4.541831409686757,-62.695900254802304
PYTH,SHORT,2025-09-11 00:00:00+00:00,2025-10-11 00:00:00+00:00,0.17941,0.10787,0.17923059,0.1079778699999999,10.0,0.3975477623546294,0.009,3.9664776235462944,0.0141932356885618,3.980670859234856,False,,0.268845885,0.17941,3.980670859234856,-58.71522939556745
LTC,LONG,2025-09-11 00:00:00+00:00,2025-10-11 00:00:00+00:00,115.12,93.761,115.23512,93.667239,10.0,-0.1871641301714269,0.009,-1.880641301714269,0.118470665055844,-1.7621706366584249,False,,57.61756,102.76,-1.7621706366584249,-60.47740003222587
SOL,LONG,2025-09-11 00:00:00+00:00,2025-10-11 00:00:00+00:00,226.56,177.32,226.78656,177.14267999999998,10.0,-0.2189013317191283,0.009,-2.198013317191283,0.0581159432291314,-2.1398973739621514,False,,113.39328,197.9,-2.1398973739621514,-62.61729740618802
TAO,LONG,2025-09-11 00:00:00+00:00,2025-10-11 00:00:00+00:00,359.3,293.36,359.6593,293.06664,10.0,-0.1851548395940268,0.009,-1.860548395940268,0.1447123989029617,-1.7158359970373065,False,,179.82965,297.42,-1.7158359970373065,-64.33313340322533
KAITO,SHORT,2025-09-12 00:00:00+00:00,2025-10-12 00:00:00+00:00,1.2462,1.1786,1.2449538,1.1797786,10.0,0.0523515009151344,0.009,0.5145150091513444,-0.9661582173681548,-0.4516432082168102,False,,1.8674307,1.6202,-0.4516432082168102,-64.78477661144214
TST,SHORT,2025-09-12 00:00:00+00:00,2025-10-12 00:00:00+00:00,0.029333,0.024507,0.029303667,0.0245315069999999,10.0,0.1628519734407302,0.009,1.619519734407303,0.223588395096286,1.843108129503589,True,2025-09-17 19:00:00+00:00,0.0439555004999999,0.050262,-10.0,-74.78477661144214
WLD,SHORT,2025-09-12 00:00:00+00:00,2025-10-12 00:00:00+00:00,1.6522,1.0357,1.6505477999999998,1.0367357,10.0,0.3718838678891941,0.009,3.709838678891941,0.0988416548152316,3.808680333707173,False,,2.4758216999999996,1.6522,3.808680333707173,-70.97609627773497
DOGE,LONG,2025-09-12 00:00:00+00:00,2025-10-12 00:00:00+00:00,0.2718,0.20987,0.2720718,0.20966013,10.0,-0.2293941158179568,0.009,-2.302941158179568,0.1017684873720834,-2.2011726708074844,False,,0.1360359,0.18432,-2.2011726708074844,-73.17726894854245
SAND,LONG,2025-09-12 00:00:00+00:00,2025-10-12 00:00:00+00:00,0.3116,0.22147,0.3119115999999999,0.22124853,10.0,-0.2906691190709161,0.009,-2.915691190709161,0.0664808916408687,-2.8492102990682926,False,,0.1559557999999999,0.19495,-2.8492102990682926,-76.02647924761074
HBAR,LONG,2025-09-12 00:00:00+00:00,2025-10-12 00:00:00+00:00,0.24485,0.18661,0.2450948499999999,0.18642339,10.0,-0.2393826716473234,0.009,-2.402826716473234,0.1307680020858863,-2.272058714387348,False,,0.1225474249999999,0.16716,-2.272058714387348,-78.29853796199808
SAND,LONG,2025-09-13 00:00:00+00:00,2025-10-13 00:00:00+00:00,0.32757,0.2339,0.3278975699999999,0.2336661,10.0,-0.2873808122457265,0.009,-2.8828081224572646,0.0554945804113461,-2.8273135420459186,False,,0.1639487849999999,0.19495,-2.8273135420459186,-81.125851504044
ETH,LONG,2025-09-13 00:00:00+00:00,2025-10-13 00:00:00+00:00,4640.9,4248.8,4645.540899999999,4244.5512,10.0,-0.0863171175610571,0.009,-0.8721711756105716,0.0609178006811435,-0.8112533749294281,False,,2322.7704499999995,3758.0,-0.8112533749294281,-81.93710487897341
DOGE,LONG,2025-09-13 00:00:00+00:00,2025-10-13 00:00:00+00:00,0.28638,0.2158,0.28666638,0.2155842,10.0,-0.2479613409845968,0.009,-2.488613409845968,0.0869439771337329,-2.401669432712235,False,,0.14333319,0.18432,-2.401669432712235,-84.33877431168565
PYTH,SHORT,2025-09-13 00:00:00+00:00,2025-10-13 00:00:00+00:00,0.17474,0.13311,0.17456526,0.13324311,10.0,0.2367146246624328,0.009,2.3581462466243286,0.0094886074175354,2.367634854041864,False,,0.2618478899999999,0.17657,2.367634854041864,-81.97113945764379
FARTCOIN,SHORT,2025-09-13 00:00:00+00:00,2025-10-13 00:00:00+00:00,0.93229,0.45308,0.93135771,0.4535330799999999,10.0,0.5130409346157666,0.009,5.121409346157666,0.1092056842259457,5.230615030383611,False,,1.397036565,0.94201,5.230615030383611,-76.74052442726017
BIO,SHORT,2025-09-13 00:00:00+00:00,2025-10-13 00:00:00+00:00,0.16773,0.099864,0.1675622699999999,0.0999638639999999,10.0,0.403422596268241,0.009,4.02522596268241,-0.4629587042234866,3.562267258458923,False,,0.2513434049999998,0.18656,3.562267258458923,-73.17825716880125
WLD,SHORT,2025-09-14 00:00:00+00:00,2025-10-14 00:00:00+00:00,1.6017,0.95613,1.6000983,0.95708613,10.0,0.4018579171042179,0.009,4.009579171042179,0.0948762340635822,4.104455405105761,False,,2.40014745,1.6017,4.104455405105761,-69.07380176369549
MAV,SHORT,2025-09-14 00:00:00+00:00,2025-10-14 00:00:00+00:00,0.071226,0.042839,0.071154774,0.042881839,10.0,0.3973441753887097,0.009,3.9644417538870975,-0.2977637644491148,3.6666779894379826,False,,0.106732161,0.076344,3.6666779894379826,-65.4071237742575
PROMPT,SHORT,2025-09-14 00:00:00+00:00,2025-10-14 00:00:00+00:00,0.17929,0.095364,0.17911071,0.0954593639999999,10.0,0.4670370967766249,0.009,4.661370967766249,0.0661596952300284,4.727530662996277,False,,0.268666065,0.17929,4.727530662996277,-60.67959311126122
SAND,LONG,2025-09-14 00:00:00+00:00,2025-10-14 00:00:00+00:00,0.30895,0.22494,0.30925895,0.22471506,10.0,-0.2733757260703368,0.009,-2.7427572607033683,0.0571333219473518,-2.685623938756017,False,,0.154629475,0.19495,-2.685623938756017,-63.365217050017236
DOT,LONG,2025-09-14 00:00:00+00:00,2025-10-14 00:00:00+00:00,4.3297,3.2301,4.334029699999999,3.2268699,10.0,-0.2554573633863191,0.009,-2.5635736338631907,0.05693263500557,-2.5066409988576206,False,,2.1670148499999997,3.0137,-2.5066409988576206,-65.87185804887486
LTC,LONG,2025-09-14 00:00:00+00:00,2025-10-14 00:00:00+00:00,115.17,98.085,115.28517,97.986915,10.0,-0.1500475299641749,0.009,-1.509475299641749,0.102815526617283,-1.406659773024466,False,,57.642585,93.761,-1.406659773024466,-67.27851782189933
POLYX,LONG,2025-09-15 00:00:00+00:00,2025-10-15 00:00:00+00:00,0.13156,0.089933,0.1316915599999999,0.089843067,10.0,-0.3177765758109327,0.009,-3.186765758109327,0.0578183859780307,-3.1289473721312966,False,,0.0658457799999999,0.084165,-3.1289473721312966,-70.40746519403062
BCH,LONG,2025-09-15 00:00:00+00:00,2025-10-15 00:00:00+00:00,591.67,522.63,592.2616699999999,522.10737,10.0,-0.118451528359078,0.009,-1.1935152835907807,0.0685508355490234,-1.124964448041757,False,,296.13083499999993,501.02,-1.124964448041757,-71.53242964207237
ZRO,LONG,2025-09-15 00:00:00+00:00,2025-10-15 00:00:00+00:00,1.8715,1.8358,1.8733714999999995,1.8339642,10.0,-0.0210354966967308,0.009,-0.2193549669673084,0.2073667422963891,-0.0119882246709192,False,,0.9366857499999998,1.7696,-0.0119882246709192,-71.54441786674329
EIGEN,SHORT,2025-09-15 00:00:00+00:00,2025-10-15 00:00:00+00:00,1.5312,1.2602,1.5296687999999998,1.2614602,10.0,0.1753376940158549,0.009,1.744376940158549,0.1974904894756956,1.9418674296342449,False,,2.2945032,2.0242,1.9418674296342449,-69.60255043710904
AI16Z,SHORT,2025-09-15 00:00:00+00:00,2025-10-15 00:00:00+00:00,0.1063,0.06243,0.1061937,0.0624924299999999,10.0,0.411524129962512,0.009,4.106241299625119,0.0474559363224937,4.153697235947613,False,,0.15929055,0.12539,4.153697235947613,-65.44885320116143
MEME,SHORT,2025-09-15 00:00:00+00:00,2025-10-15 00:00:00+00:00,0.002553,0.001717,0.002550447,0.0017187169999999,10.0,0.3261114620299893,0.009,3.2521146202998934,0.008897154353727,3.26101177465362,False,,0.0038256705,0.002771,3.26101177465362,-62.18784142650781
YGG,SHORT,2025-09-16 00:00:00+00:00,2025-10-16 00:00:00+00:00,0.19577,0.1568,0.19557423,0.1569567999999999,10.0,0.1974566383311339,0.009,1.96556638331134,-0.1181828391859704,1.8473835441253696,False,,0.293361345,0.19577,1.8473835441253696,-60.34045788238244
BTC,LONG,2025-09-16 00:00:00+00:00,2025-10-16 00:00:00+00:00,116775.0,108211.0,116891.775,108102.789,10.0,-0.075189088368279,0.009,-0.7608908836827903,0.0859307996003739,-0.6749600840824164,False,,58445.8875,109142.0,-0.6749600840824164,-61.01541796646485
BNB,LONG,2025-09-16 00:00:00+00:00,2025-10-16 00:00:00+00:00,954.67,1144.0,955.6246699999998,1142.856,10.0,0.195925592837615,0.009,1.9502559283761505,0.074547863834522,2.024803792210672,False,,477.8123349999999,954.27,2.024803792210672,-58.99061417425418
PAXG,LONG,2025-09-16 00:00:00+00:00,2025-10-16 00:00:00+00:00,3698.2,4328.2,3701.8982,4323.8718,10.0,0.1680147768515083,0.009,1.6711477685150833,0.0753191690767455,1.746466937591829,False,,1850.9491,3649.9,1.746466937591829,-57.24414723666236
LAUNCHCOIN,SHORT,2025-09-16 00:00:00+00:00,2025-10-16 00:00:00+00:00,0.08789,0.083003,0.08780211,0.0830860029999999,10.0,0.0537129119106593,0.009,0.5281291191065938,0.4689679778668872,0.997097096973481,False,,0.131703165,0.1287,0.997097096973481,-56.247050139688874
AI16Z,SHORT,2025-09-16 00:00:00+00:00,2025-10-16 00:00:00+00:00,0.1126,0.0578,0.1124874,0.0578577999999999,10.0,0.4856508373382264,0.009,4.847508373382263,0.0435544120048112,4.891062785387074,False,,0.1687311,0.12539,4.891062785387074,-51.3559873543018
IO,SHORT,2025-09-17 00:00:00+00:00,2025-10-17 00:00:00+00:00,0.6387,0.3175,0.6380613,0.3178175,10.0,0.5019013063478385,0.009,5.010013063478384,-0.0042776074494566,5.005735456028927,False,,0.95709195,0.64431,5.005735456028927,-46.35025189827287
PYTH,SHORT,2025-09-17 00:00:00+00:00,2025-10-17 00:00:00+00:00,0.16665,0.10821,0.16648335,0.1083182099999999,10.0,0.3493751176919494,0.009,3.4847511769194948,-0.0045219903768154,3.480229186542679,False,,0.249725025,0.17657,3.480229186542679,-42.87002271173019
EIGEN,SHORT,2025-09-17 00:00:00+00:00,2025-10-17 00:00:00+00:00,1.6995,1.1717,1.6978005,1.1728716999999995,10.0,0.3091816735829683,0.009,3.0828167358296827,0.1764585010875541,3.259275236917237,False,,2.5467007500000003,2.0242,3.259275236917237,-39.61074747481295
BNB,LONG,2025-09-17 00:00:00+00:00,2025-10-17 00:00:00+00:00,956.94,1066.1,957.89694,1065.0339,10.0,0.1118460196772316,0.009,1.109460196772316,0.0731049407959482,1.1825651375682644,False,,478.94847,954.27,1.1825651375682644,-38.42818233724469
BTC,LONG,2025-09-17 00:00:00+00:00,2025-10-17 00:00:00+00:00,115677.0,106421.0,115792.67699999998,106314.579,10.0,-0.0818540364171733,0.009,-0.827540364171733,0.0865394062747422,-0.7410009578969908,False,,57896.33849999999,108211.0,-0.7410009578969908,-39.169183295141686
TNSR,LONG,2025-09-17 00:00:00+00:00,2025-10-17 00:00:00+00:00,0.12176,0.06421,0.1218817599999999,0.06414579,10.0,-0.4737047610733548,0.009,-4.746047610733549,0.0732720899954185,-4.6727755207381305,False,,0.0609408799999999,0.06637,-4.6727755207381305,-43.84195881587981
BNB,LONG,2025-09-18 00:00:00+00:00,2025-10-18 00:00:00+00:00,988.36,1102.3,989.34836,1101.1977,10.0,0.1130535456691917,0.009,1.1215354566919178,0.0682290746027819,1.1897645312946998,False,,494.67418,954.27,1.1897645312946998,-42.652194284585114
BCH,LONG,2025-09-18 00:00:00+00:00,2025-10-18 00:00:00+00:00,636.94,466.31,637.57694,465.84369,10.0,-0.2693529819318748,0.009,-2.7025298193187486,0.0592523538757063,-2.643277465443042,False,,318.78847,465.56,-2.643277465443042,-45.295471750028156
SUI,LONG,2025-09-18 00:00:00+00:00,2025-10-18 00:00:00+00:00,3.9579,2.4959,3.9618579,2.4934041,10.0,-0.3706477710873981,0.009,-3.715477710873982,0.0562694381437809,-3.6592082727302,False,,1.98092895,2.4214,-3.6592082727302,-48.95468002275835
YZY,SHORT,2025-09-18 00:00:00+00:00,2025-10-18 00:00:00+00:00,0.47069,0.39645,0.47021931,0.3968464499999999,10.0,0.1560396573250044,0.009,1.5513965732500448,-0.6065368317454041,0.9448597415046408,False,,0.705328965,0.47069,0.9448597415046408,-48.00982028125371
YGG,SHORT,2025-09-18 00:00:00+00:00,2025-10-18 00:00:00+00:00,0.19491,0.14602,0.19471509,0.14616602,10.0,0.2493338857301711,0.009,2.484338857301712,-0.1667621375590356,2.3175767197426764,False,,0.292072635,0.19491,2.3175767197426764,-45.692243561511034
BIO,SHORT,2025-09-18 00:00:00+00:00,2025-10-18 00:00:00+00:00,0.1762,0.080317,0.1760238,0.080397317,10.0,0.5432588263632532,0.009,5.423588263632531,-0.38315176180479,5.040436501827742,False,,0.2640357,0.18656,5.040436501827742,-40.65180705968329
AI16Z,SHORT,2025-09-19 00:00:00+00:00,2025-10-19 00:00:00+00:00,0.11364,0.05979,0.11352636,0.0598497899999999,10.0,0.4728115126742371,0.009,4.719115126742372,0.0373611856153936,4.756476312357766,False,,0.17028954,0.11365,4.756476312357766,-35.89533074732553
BABY,SHORT,2025-09-19 00:00:00+00:00,2025-10-19 00:00:00+00:00,0.055087,0.033401,0.0550319129999999,0.0334344009999999,10.0,0.3924543200960504,0.009,3.9155432009605047,-0.0291934384773249,3.88634976248318,False,,0.0825478694999998,0.059238,3.88634976248318,-32.00898098484235
YZY,SHORT,2025-09-19 00:00:00+00:00,2025-10-19 00:00:00+00:00,0.45666,0.40428,0.45620334,0.4046842799999999,10.0,0.1129300368559337,0.009,1.1203003685593371,-0.6693711034393786,0.4509292651199585,False,,0.68430501,0.45666,0.4509292651199585,-31.558051719722393
SOL,LONG,2025-09-19 00:00:00+00:00,2025-10-19 00:00:00+00:00,236.14,188.81,236.37613999999996,188.62119,10.0,-0.2020294857171284,0.009,-2.0292948571712848,-0.0152893892915334,-2.044584246462818,False,,118.18806999999998,177.32,-2.044584246462818,-33.60263596618521
LTC,LONG,2025-09-19 00:00:00+00:00,2025-10-19 00:00:00+00:00,113.86,94.073,113.97386,93.978927,10.0,-0.1754343759174252,0.009,-1.7633437591742518,0.0978887233003515,-1.6654550358739002,False,,56.98693,90.498,-1.6654550358739002,-35.26809100205911
DYDX,LONG,2025-09-19 00:00:00+00:00,2025-10-19 00:00:00+00:00,0.65707,0.33867,0.65772707,0.33833133,10.0,-0.4856052830545654,0.009,-4.865052830545654,0.0621414458479411,-4.802911384697713,True,2025-10-17 19:00:00+00:00,0.328863535,0.3267,-10.0,-45.26809100205911
POLYX,LONG,2025-09-20 00:00:00+00:00,2025-10-20 00:00:00+00:00,0.13474,0.088418,0.13487474,0.0883295819999999,10.0,-0.3450991490326506,0.009,-3.4599914903265065,0.0396983713657131,-3.4202931189607932,False,,0.06743737,0.084165,-3.4202931189607932,-48.6883841210199
ONDO,LONG,2025-09-20 00:00:00+00:00,2025-10-20 00:00:00+00:00,1.0161,0.75273,1.0171161,0.75197727,10.0,-0.2606770554511918,0.009,-2.615770554511918,0.0298432531652778,-2.5859273013466404,False,,0.50855805,0.69995,-2.5859273013466404,-51.274311422366544
HMSTR,LONG,2025-09-20 00:00:00+00:00,2025-10-20 00:00:00+00:00,0.000735,0.00043,0.000735735,0.00042957,10.0,-0.4161348855226406,0.009,-4.170348855226407,0.0710430262254752,-4.099305829000931,False,,0.0003678675,0.000404,-4.099305829000931,-55.37361725136748
AI16Z,SHORT,2025-09-20 00:00:00+00:00,2025-10-20 00:00:00+00:00,0.11365,0.05914,0.11353635,0.0591991399999999,10.0,0.4785886634544796,0.009,4.776886634544796,0.0341097446180892,4.8109963791628845,False,,0.1703045249999999,0.11365,4.8109963791628845,-50.56262087220459
VVV,SHORT,2025-09-20 00:00:00+00:00,2025-10-20 00:00:00+00:00,2.5035,1.5141,2.5009965,1.5156141,10.0,0.3939959132289869,0.009,3.93095913228987,-0.069295366685679,3.861663765604191,False,,3.75149475,2.5035,3.861663765604191,-46.7009571066004
W,SHORT,2025-09-20 00:00:00+00:00,2025-10-20 00:00:00+00:00,0.11929,0.07619,0.11917071,0.0762661899999999,10.0,0.3600257143722649,0.009,3.5912571437226495,0.0648243222917779,3.6560814660144274,False,,0.178756065,0.13255,3.6560814660144274,-43.04487564058597
WLD,SHORT,2025-09-21 00:00:00+00:00,2025-10-21 00:00:00+00:00,1.4809,0.92941,1.4794191,0.93033941,10.0,0.3711454651356064,0.009,3.702454651356064,0.0587567885993225,3.761211439955386,False,,2.21912865,1.4809,3.761211439955386,-39.28366420063058
TST,SHORT,2025-09-21 00:00:00+00:00,2025-10-21 00:00:00+00:00,0.039285,0.021135,0.039245715,0.021156135,10.0,0.4609313398927755,0.009,4.600313398927756,0.1677146967209286,4.768028095648685,False,,0.0588685725,0.039674,4.768028095648685,-34.515636104981894
LAUNCHCOIN,SHORT,2025-09-21 00:00:00+00:00,2025-10-21 00:00:00+00:00,0.06742,0.069909,0.06735258,0.0699789089999999,10.0,-0.0389937401061696,0.009,-0.398937401061696,0.5665139208402263,0.1675765197785302,True,2025-10-01 19:00:00+00:00,0.1010288699999999,0.1287,-10.0,-44.515636104981894
RENDER,LONG,2025-09-21 00:00:00+00:00,2025-10-21 00:00:00+00:00,3.9719,2.6047,3.9758719,2.6020953,10.0,-0.3455283858617275,0.009,-3.4642838586172755,0.0468052745687053,-3.4174785840485704,False,,1.98793595,2.3616,-3.4174785840485704,-47.93311468903046
BNB,LONG,2025-09-21 00:00:00+00:00,2025-10-21 00:00:00+00:00,1047.2,1089.6,1048.2472,1088.5104,10.0,0.0384100238951269,0.009,0.375100238951269,0.0457960785474838,0.4208963174987529,False,,524.1236,954.27,0.4208963174987529,-47.51221837153171
DYDX,LONG,2025-09-21 00:00:00+00:00,2025-10-21 00:00:00+00:00,0.69282,0.34713,0.6935128199999999,0.34678287,10.0,-0.4999618464154706,0.009,-5.008618464154707,0.0496580355164883,-4.9589604286382185,True,2025-10-16 19:00:00+00:00,0.3467564099999999,0.3267,-10.0,-57.51221837153171
AI16Z,SHORT,2025-09-22 00:00:00+00:00,2025-10-22 00:00:00+00:00,0.09031,0.05515,0.09021969,0.0552051499999999,10.0,0.3881030848144126,0.009,3.8720308481441257,0.0372064227161498,3.909237270860275,False,,0.135329535,0.10269,3.909237270860275,-53.602981100671435
BIO,SHORT,2025-09-22 00:00:00+00:00,2025-10-22 00:00:00+00:00,0.14574,0.08389,0.14559426,0.08397389,10.0,0.4232335120903805,0.009,4.223335120903805,-1.1537601335358412,3.0695749873679636,False,,0.21839139,0.15302,3.0695749873679636,-50.53340611330347
TST,SHORT,2025-09-22 00:00:00+00:00,2025-10-22 00:00:00+00:00,0.034619,0.019768,0.034584381,0.0197877679999999,10.0,0.427840908877334,0.009,4.269409088773339,0.1840017078523683,4.4534107966257075,False,,0.0518765714999999,0.039674,4.4534107966257075,-46.07999531667777
LTC,LONG,2025-09-22 00:00:00+00:00,2025-10-22 00:00:00+00:00,104.65,93.788,104.75465,93.694212,10.0,-0.1055842198890455,0.009,-1.0648421988904555,0.1001415098540924,-0.9647006890363632,False,,52.377325,90.498,-0.9647006890363632,-47.04469600571413
BNB,LONG,2025-09-22 00:00:00+00:00,2025-10-22 00:00:00+00:00,981.12,1068.9,982.10112,1067.8311,10.0,0.0872924164876221,0.009,0.8639241648762216,0.043316351268574,0.9072405161447956,False,,491.05056,954.27,0.9072405161447956,-46.137455489569334
JUP,LONG,2025-09-22 00:00:00+00:00,2025-10-22 00:00:00+00:00,0.46164,0.34619,0.4621016399999999,0.34584381,10.0,-0.2515849759806088,0.009,-2.5248497598060884,-0.0302450958015643,-2.5550948556076527,False,,0.2310508199999999,0.32843,-2.5550948556076527,-48.69255034517698
MNT,LONG,2025-09-23 00:00:00+00:00,2025-10-23 00:00:00+00:00,1.806,1.6805,1.807806,1.6788195,10.0,-0.0713497465989158,0.009,-0.7224974659891585,0.1606714238583675,-0.561826042130791,False,,0.903903,1.585,-0.561826042130791,-49.25437638730777
POLYX,LONG,2025-09-23 00:00:00+00:00,2025-10-23 00:00:00+00:00,0.12472,0.086408,0.1248447199999999,0.086321592,10.0,-0.3085683399346002,0.009,-3.094683399346002,0.0357509295022248,-3.058932469843777,False,,0.0624223599999999,0.082822,-3.058932469843777,-52.31330885715155
BLUR,LONG,2025-09-23 00:00:00+00:00,2025-10-23 00:00:00+00:00,0.075004,0.05129,0.0750790039999999,0.05123871,10.0,-0.3175360983744535,0.009,-3.1843609837445355,0.0614848795337375,-3.122876104210798,False,,0.0375395019999999,0.049253,-3.122876104210798,-55.43618496136234
AI16Z,SHORT,2025-09-23 00:00:00+00:00,2025-10-23 00:00:00+00:00,0.09312,0.05738,0.0930268799999999,0.0574373799999999,10.0,0.3825722199863093,0.009,3.816722199863093,0.0340448148038502,3.850767014666943,False,,0.1395403199999998,0.10269,3.850767014666943,-51.5854179466954
TST,SHORT,2025-09-23 00:00:00+00:00,2025-10-23 00:00:00+00:00,0.034121,0.019922,0.034086879,0.0199419219999999,10.0,0.4149677944994613,0.009,4.1406779449946125,0.1821965379020766,4.322874482896689,False,,0.0511303185,0.039674,4.322874482896689,-47.262543463798714
LAUNCHCOIN,SHORT,2025-09-23 00:00:00+00:00,2025-10-23 00:00:00+00:00,0.060477,0.072339,0.060416523,0.0724113389999999,10.0,-0.1985353576206295,0.009,-1.9943535762062956,0.6328811520046262,-1.3614724242016694,True,2025-09-30 19:00:00+00:00,0.0906247845,0.1287,-10.0,-57.262543463798714
AI16Z,SHORT,2025-09-24 00:00:00+00:00,2025-10-24 00:00:00+00:00,0.09346,0.05984,0.09336654,0.0598998399999999,12.0,0.3584442563685021,0.0108,4.290531076422026,0.0391975460104658,4.329728622432492,False,,0.14004981,0.10269,4.329728622432492,-52.93281484136622
ANIME,LONG,2025-09-24 00:00:00+00:00,2025-10-24 00:00:00+00:00,0.015156,0.009414,0.0151711559999999,0.009404586,12.0,-0.380100896727975,0.0108,-4.572010760735699,0.0179722444814884,-4.55403851625421,False,,0.0075855779999999,0.00891,-4.55403851625421,-57.48685335762043
MAV,SHORT,2025-09-24 00:00:00+00:00,2025-10-24 00:00:00+00:00,0.066031,0.038708,0.065964969,0.038746708,12.0,0.4126168997365861,0.0108,4.940602796839034,-0.4629648249666515,4.477637971872382,False,,0.0989474535,0.066031,4.477637971872382,-53.00921538574805
LTC,LONG,2025-09-24 00:00:00+00:00,2025-10-24 00:00:00+00:00,106.08,96.168,106.18608,96.071832,12.0,-0.0952502248882338,0.0108,-1.153802698658806,0.1154552037038188,-1.0383474949549871,False,,53.09304,90.498,-1.0383474949549871,-54.04756288070304
POLYX,LONG,2025-09-24 00:00:00+00:00,2025-10-24 00:00:00+00:00,0.12552,0.086695,0.1256455199999999,0.086608305,12.0,-0.3106932503443019,0.0108,-3.739119004131623,0.0294834907523069,-3.709635513379316,False,,0.0628227599999999,0.082822,-3.709635513379316,-57.75719839408236
XRP,LONG,2025-09-25 00:00:00+00:00,2025-10-25 00:00:00+00:00,2.7584,2.6036,2.7611584,2.6009964,12.0,-0.0580053647049005,0.0108,-0.7068643764588067,0.0615087741263232,-0.6453556023324836,False,,1.3805792,2.2959,-0.6453556023324836,-58.402553996414845
SUI,LONG,2025-09-25 00:00:00+00:00,2025-10-25 00:00:00+00:00,3.1694,2.5526,3.1725693999999995,2.5500474,12.0,-0.1962201362718809,0.0108,-2.365441635262572,0.0607562696177804,-2.304685365644791,False,,1.5862846999999998,2.4214,-2.304685365644791,-60.70723936205964
BTC,LONG,2025-09-25 00:00:00+00:00,2025-10-25 00:00:00+00:00,109306.0,111669.0,109415.30599999998,111557.331,12.0,0.0195770142067694,0.0108,0.224124170481233,0.1026437531979922,0.3267679236792253,False,,54707.65299999999,106421.0,0.3267679236792253,-60.38047143838041
FTT,SHORT,2025-09-25 00:00:00+00:00,2025-10-25 00:00:00+00:00,0.87236,0.8928,0.87148764,0.8936928,12.0,-0.0254796040480848,0.0108,-0.3165552485770186,0.1837348996078429,-0.1328203489691757,False,,1.30723146,1.0204,-0.1328203489691757,-60.51329178734959
OM,SHORT,2025-09-25 00:00:00+00:00,2025-10-25 00:00:00+00:00,0.16052,0.11705,0.16035948,0.11716705,12.0,0.2693475309348721,0.0108,3.2213703712184656,-1.7546609623666776,1.466709408851788,False,,0.24053922,0.17776,1.466709408851788,-59.046582378497796
MEME,SHORT,2025-09-26 00:00:00+00:00,2025-10-26 00:00:00+00:00,0.002324,0.001697,0.002321676,0.0016986969999999,10.0,0.2683315845966449,0.009,2.67431584596645,-0.0370984267860804,2.6372174191803692,False,,0.003482514,0.002609,2.6372174191803692,-56.40936495931743
SNX,SHORT,2025-09-26 00:00:00+00:00,2025-10-26 00:00:00+00:00,1.1066,1.2286,1.1054934,1.2298285999999998,10.0,-0.1124703232059094,0.009,-1.1337032320590943,0.2359326339039382,-0.8977705981551563,True,2025-10-12 19:00:00+00:00,1.6582401,2.3866,-10.0,-66.40936495931743
TST,SHORT,2025-09-26 00:00:00+00:00,2025-10-26 00:00:00+00:00,0.030947,0.020053,0.030916053,0.020073053,10.0,0.3507239426714658,0.009,3.4982394267146586,0.1959432395601404,3.694182666274799,False,,0.0463740795,0.039674,3.694182666274799,-62.71518229304263
POLYX,LONG,2025-09-26 00:00:00+00:00,2025-10-26 00:00:00+00:00,0.12011,0.088842,0.1202301099999999,0.088753158,10.0,-0.2618058987054074,0.009,-2.6270589870540744,0.0208940421955781,-2.606164944858496,False,,0.0601150549999999,0.082822,-2.606164944858496,-65.32134723790112
JUP,LONG,2025-09-26 00:00:00+00:00,2025-10-26 00:00:00+00:00,0.44192,0.42708,0.4423619199999999,0.42665292,10.0,-0.035511646210415,0.009,-0.3641164621041504,-0.0993108489156119,-0.4634273110197623,False,,0.2211809599999999,0.32843,-0.4634273110197623,-65.78477454892088
ANIME,LONG,2025-09-26 00:00:00+00:00,2025-10-26 00:00:00+00:00,0.014385,0.009909,0.0143993849999999,0.0098990909999999,10.0,-0.3125337644628573,0.009,-3.1343376446285727,0.0118974173975485,-3.122440227231024,False,,0.0071996924999999,0.00891,-3.122440227231024,-68.9072147761519
ADA,LONG,2025-09-27 00:00:00+00:00,2025-10-27 00:00:00+00:00,0.78155,0.67444,0.7823315499999999,0.67376556,12.0,-0.138772352974899,0.0108,-1.6760682356987886,0.0622915849551766,-1.613776650743612,False,,0.3911657749999999,0.62387,-1.613776650743612,-70.52099142689552
APT,LONG,2025-09-27 00:00:00+00:00,2025-10-27 00:00:00+00:00,4.1916,3.4812,4.1957916,3.4777188,12.0,-0.1711411977658756,0.0108,-2.064494373190508,-0.5982867300076677,-2.662781103198176,False,,2.0978958,3.1562,-2.662781103198176,-73.18377253009369
MINA,LONG,2025-09-27 00:00:00+00:00,2025-10-27 00:00:00+00:00,0.15708,0.10786,0.1572370799999999,0.10775214,12.0,-0.3147154602463998,0.0108,-3.787385522956798,0.0914932517406963,-3.6958922712161018,False,,0.0786185399999999,0.10201,-3.6958922712161018,-76.87966480130979
MAV,SHORT,2025-09-27 00:00:00+00:00,2025-10-27 00:00:00+00:00,0.059084,0.038108,0.059024916,0.038146108,12.0,0.3537287202577298,0.0108,4.233944643092758,-0.5015081915839678,3.73243645150879,False,,0.088537374,0.063461,3.73243645150879,-73.147228349801
PROMPT,SHORT,2025-09-27 00:00:00+00:00,2025-10-27 00:00:00+00:00,0.1291,0.090623,0.1289709,0.0907136229999999,12.0,0.2966349540865421,0.0108,3.548819449038506,0.0326191467301042,3.58143859576861,False,,0.19345635,0.15581,3.58143859576861,-69.56578975403238
BNB,LONG,2025-09-28 00:00:00+00:00,2025-10-28 00:00:00+00:00,977.45,1127.7,978.42745,1126.5723,12.0,0.1514111751464047,0.0108,1.8061341017568568,0.0385606695200466,1.8446947712769035,False,,489.213725,977.45,1.8446947712769035,-67.72109498275547
XRP,LONG,2025-09-28 00:00:00+00:00,2025-10-28 00:00:00+00:00,2.8275,2.6397,2.8303274999999997,2.6370603,12.0,-0.0682843946504423,0.0108,-0.8302127358053077,0.0591673535026459,-0.7710453823026618,False,,1.4151637499999998,2.2959,-0.7710453823026618,-68.49214036505813
POLYX,LONG,2025-09-28 00:00:00+00:00,2025-10-28 00:00:00+00:00,0.11787,0.085222,0.11798787,0.085136778,12.0,-0.2784277061701341,0.0108,-3.3519324740416097,0.0221996047790336,-3.329732869262576,False,,0.058993935,0.082822,-3.329732869262576,-71.8218732343207
AI16Z,SHORT,2025-09-28 00:00:00+00:00,2025-10-28 00:00:00+00:00,0.088,0.06701,0.0879119999999999,0.0670770099999999,12.0,0.2369982482482482,0.0108,2.833178978978979,0.0376918582844662,2.8708708372634453,False,,0.1318679999999998,0.10269,2.8708708372634453,-68.95100239705727
IP,SHORT,2025-09-28 00:00:00+00:00,2025-10-28 00:00:00+00:00,8.9407,5.1027,8.9317593,5.107802699999999,12.0,0.4281302788802202,0.0108,5.126763346562644,-0.4363680182485661,4.690395328314078,False,,13.39763895,10.118,4.690395328314078,-64.26060706874318
YGG,SHORT,2025-09-29 00:00:00+00:00,2025-10-29 00:00:00+00:00,0.16792,0.12947,0.16775208,0.12959947,12.0,0.2274344973844737,0.0108,2.7184139686136843,-0.3291301465055574,2.3892838221081267,False,,0.25162812,0.18182,2.3892838221081267,-61.87132324663506
SOL,LONG,2025-09-29 00:00:00+00:00,2025-10-29 00:00:00+00:00,212.85,192.75,213.06284999999997,192.55725,12.0,-0.0962420243604174,0.0108,-1.165704292325009,-0.0378825516906771,-1.203586844015686,False,,106.53142499999998,177.32,-1.203586844015686,-63.07491009065075
SNX,SHORT,2025-09-29 00:00:00+00:00,2025-10-29 00:00:00+00:00,1.1454,1.1621,1.1442546,1.1632621,12.0,-0.0166112506779521,0.0108,-0.2101350081354255,0.2452375852720505,0.0351025771366249,True,2025-10-13 19:00:00+00:00,1.7163819,2.3866,-12.0,-75.07491009065075
ETH,LONG,2025-09-29 00:00:00+00:00,2025-10-29 00:00:00+00:00,4186.5,3903.3,4190.6865,3899.3967,12.0,-0.069508850160946,0.0108,-0.844906201931353,0.0710170550365435,-0.7738891468948095,False,,2095.34325,3758.0,-0.7738891468948095,-75.84879923754555
XRP,LONG,2025-09-29 00:00:00+00:00,2025-10-29 00:00:00+00:00,2.8964,2.5862,2.899296399999999,2.5836137999999997,12.0,-0.1088824861093883,0.0108,-1.3173898333126606,0.0567191137664434,-1.260670719546217,False,,1.4496481999999995,2.2959,-1.260670719546217,-77.10946995709176
BTC,LONG,2025-09-30 00:00:00+00:00,2025-10-30 00:00:00+00:00,114330.0,106526.0,114444.33,106419.474,10.0,-0.0701201710910447,0.009,-0.7102017109104475,0.0876567746314037,-0.6225449362790437,False,,57222.165,106421.0,-0.6225449362790437,-77.7320148933708
XRP,LONG,2025-09-30 00:00:00+00:00,2025-10-30 00:00:00+00:00,2.8622,2.383,2.8650621999999997,2.380617,10.0,-0.1690871493121509,0.009,-1.6998714931215095,0.0461499735301034,-1.653721519591406,False,,1.4325310999999998,2.2959,-1.653721519591406,-79.3857364129622
SOL,LONG,2025-09-30 00:00:00+00:00,2025-10-30 00:00:00+00:00,208.92,179.02,209.12891999999997,178.84098,10.0,-0.1448290365579278,0.009,-1.4572903655792784,-0.0318698348685107,-1.489160200447789,False,,104.56445999999998,177.32,-1.489160200447789,-80.87489661340999
W,SHORT,2025-09-30 00:00:00+00:00,2025-10-30 00:00:00+00:00,0.10071,0.0607,0.1006092899999999,0.0607606999999999,10.0,0.3960726688360489,0.009,3.95172668836049,0.0412408403869066,3.992967528747396,False,,0.1509139349999998,0.13255,3.992967528747396,-76.88192908466259
IP,SHORT,2025-09-30 00:00:00+00:00,2025-10-30 00:00:00+00:00,8.6062,4.3295,8.5975938,4.3338295,10.0,0.4959253017978123,0.009,4.950253017978123,-0.4341381206144212,4.5161148973637015,False,,12.8963907,10.118,4.5161148973637015,-72.36581418729888
EIGEN,SHORT,2025-09-30 00:00:00+00:00,2025-10-30 00:00:00+00:00,1.4516,0.9251,1.4501484,0.9260251,10.0,0.361427354607294,0.009,3.6052735460729406,0.121086570276049,3.7263601163489897,False,,2.1752226,2.0242,3.7263601163489897,-68.6394540709499
LAYER,SHORT,2025-10-01 00:00:00+00:00,2025-10-31 00:00:00+00:00,0.42053,0.26062,0.42010947,0.26088062,10.0,0.379017521314147,0.009,3.781175213141471,-0.0731775330350682,3.7079976801064025,False,,0.630164205,0.42823,3.7079976801064025,-64.9314563908435
W,SHORT,2025-10-01 00:00:00+00:00,2025-10-31 00:00:00+00:00,0.11125,0.06521,0.11113875,0.06527521,10.0,0.4126692085343771,0.009,4.117692085343771,0.0342891560178605,4.151981241361631,False,,0.1667081249999999,0.13255,4.151981241361631,-60.77947514948186
TST,SHORT,2025-10-01 00:00:00+00:00,2025-10-31 00:00:00+00:00,0.03001,0.018091,0.0299799899999999,0.0181090909999999,10.0,0.395960739146344,0.009,3.95060739146344,0.1859925483015171,4.136599939764957,False,,0.0449699849999998,0.039674,4.136599939764957,-56.642875209716905
JUP,LONG,2025-10-01 00:00:00+00:00,2025-10-31 00:00:00+00:00,0.46237,0.40711,0.4628323699999999,0.40670289,10.0,-0.1212738858347351,0.009,-1.2217388583473516,-0.1897996682928638,-1.4115385266402154,False,,0.2314161849999999,0.32843,-1.4115385266402154,-58.05441373635712
ADA,LONG,2025-10-01 00:00:00+00:00,2025-10-31 00:00:00+00:00,0.84537,0.61069,0.8462153699999999,0.6100793099999999,10.0,-0.2790495993945371,0.009,-2.799495993945371,0.0334333448768012,-2.76606264906857,False,,0.4231076849999999,0.58825,-2.76606264906857,-60.82047638542569
APE,LONG,2025-10-01 00:00:00+00:00,2025-10-31 00:00:00+00:00,0.55572,0.4019,0.5562757199999999,0.4014980999999999,10.0,-0.2782390358507827,0.009,-2.7913903585078272,0.0701842798603002,-2.721206078647527,False,,0.2781378599999999,0.35676,-2.721206078647527,-63.54168246407322
ADA,LONG,2025-10-02 00:00:00+00:00,2025-11-01 00:00:00+00:00,0.87506,0.61304,0.8759350599999999,0.6124269600000001,12.0,-0.3008306346363164,0.0108,-3.620767615635797,0.0343660553407555,-3.5864015602950414,False,,0.4379675299999999,0.58825,-3.5864015602950414,-67.12808402436826
LTC,LONG,2025-10-02 00:00:00+00:00,2025-11-01 00:00:00+00:00,119.52,99.717,119.63951999999998,99.617283,12.0,-0.1673547085444674,0.0108,-2.019056502533609,0.1013885593239692,-1.9176679432096395,False,,59.81975999999999,90.498,-1.9176679432096395,-69.0457519675779
SUI,LONG,2025-10-02 00:00:00+00:00,2025-11-01 00:00:00+00:00,3.6155,2.384,3.619115499999999,2.3816159999999997,12.0,-0.3419342377992633,0.0108,-4.11401085359116,0.0465573898561347,-4.067453463735025,False,,1.8095577499999995,2.2125,-4.067453463735025,-73.11320543131292
PROMPT,SHORT,2025-10-02 00:00:00+00:00,2025-11-01 00:00:00+00:00,0.14421,0.079667,0.14406579,0.079746667,12.0,0.4464566015290653,0.0108,5.346679218348784,0.0160448153185679,5.3627240336673525,False,,0.216098685,0.15581,5.3627240336673525,-67.75048139764557
DOOD,SHORT,2025-10-02 00:00:00+00:00,2025-11-01 00:00:00+00:00,0.005678,0.007792,0.005672322,0.007799792,12.0,-0.3750615709051779,0.0108,-4.511538850862134,-5.857149928065651,-10.368688778927783,True,2025-10-07 19:00:00+00:00,0.0085084829999999,0.011716,-12.0,-79.75048139764557
RSR,SHORT,2025-10-03 00:00:00+00:00,2025-11-02 00:00:00+00:00,0.006786,0.005364,0.006779214,0.0053693639999999,10.0,0.2079665872769323,0.009,2.0706658727693235,-0.1049517932988986,1.9657140794704249,False,,0.010168821,0.006786,1.9657140794704249,-77.78476731817514
XRP,LONG,2025-10-03 00:00:00+00:00,2025-11-02 00:00:00+00:00,3.0373,2.4874,3.0403372999999996,2.4849126,10.0,-0.1826852237743489,0.009,-1.835852237743489,0.0354226095443423,-1.8004296281991463,False,,1.5201686499999998,2.2959,-1.8004296281991463,-79.58519694637428
ADA,LONG,2025-10-03 00:00:00+00:00,2025-11-02 00:00:00+00:00,0.87041,0.5965,0.8712804099999999,0.5959035,10.0,-0.3160600271042475,0.009,-3.169600271042475,0.023045827982291,-3.146554443060184,False,,0.4356402049999999,0.58825,-3.146554443060184,-82.73175138943446
LTC,LONG,2025-10-03 00:00:00+00:00,2025-11-02 00:00:00+00:00,122.51,98.2,122.63251,98.1018,10.0,-0.2000343139025695,0.009,-2.0093431390256957,0.0809581827065759,-1.92838495631912,False,,61.316255,90.498,-1.92838495631912,-84.66013634575359
STRK,SHORT,2025-10-03 00:00:00+00:00,2025-11-02 00:00:00+00:00,0.15195,0.117,0.15179805,0.117117,10.0,0.22846834988987,0.009,2.275683498898701,-0.1028943920783567,2.172789106820344,False,,0.2276970749999999,0.18829,2.172789106820344,-82.48734723893324
SNX,SHORT,2025-10-03 00:00:00+00:00,2025-11-02 00:00:00+00:00,1.2333,1.0108,1.2320667,1.0118108,10.0,0.1787694611014161,0.009,1.7786946110141617,0.1616926597289741,1.9403872707431356,True,2025-10-13 19:00:00+00:00,1.84810005,2.3866,-10.0,-92.48734723893324
AVNT,SHORT,2025-10-04 00:00:00+00:00,2025-11-03 00:00:00+00:00,1.1777,0.53935,1.1765223,0.5398893499999999,10.0,0.5411142228243359,0.009,5.402142228243358,-1.200537541396436,4.201604686846922,False,,1.76478345,1.1777,4.201604686846922,-88.28574255208632
TST,SHORT,2025-10-04 00:00:00+00:00,2025-11-03 00:00:00+00:00,0.032327,0.015224,0.032294673,0.0152392239999999,10.0,0.5281195756340374,0.009,5.272195756340374,0.1122927990387145,5.384488555379089,False,,0.0484420095,0.039674,5.384488555379089,-82.90125399670723
PROMPT,SHORT,2025-10-04 00:00:00+00:00,2025-11-03 00:00:00+00:00,0.14023,0.060131,0.14008977,0.0601911309999999,10.0,0.5703388548642775,0.009,5.694388548642775,-0.0043715328482015,5.690017015794573,False,,0.210134655,0.15581,5.690017015794573,-77.21123698091266
BNB,LONG,2025-10-04 00:00:00+00:00,2025-11-03 00:00:00+00:00,1147.6,995.63,1148.7475999999997,994.63437,10.0,-0.1341576078156766,0.009,-1.3505760781567655,0.0141760756703213,-1.3364000024864444,False,,574.3737999999998,1061.2,-1.3364000024864444,-78.5476369833991
XRP,LONG,2025-10-04 00:00:00+00:00,2025-11-03 00:00:00+00:00,2.9514,2.3223,2.9543513999999997,2.3199777,10.0,-0.2147252016127803,0.009,-2.1562520161278034,0.0289267224113556,-2.1273252937164475,False,,1.4771757,2.2959,-2.1273252937164475,-80.67496227711555
BTC,LONG,2025-10-04 00:00:00+00:00,2025-11-03 00:00:00+00:00,122038.0,107037.0,122160.038,106929.963,10.0,-0.1246731357434579,0.009,-1.2557313574345796,0.0823592486833051,-1.1733721087512743,False,,61080.019,106421.0,-1.1733721087512743,-81.84833438586683
BTC,LONG,2025-10-05 00:00:00+00:00,2025-11-04 00:00:00+00:00,122680.0,100506.0,122802.68,100405.494,10.0,-0.1823835277862013,0.009,-1.8328352778620132,0.0814488225252576,-1.7513864553367555,False,,61401.34,106421.0,-1.7513864553367555,-83.59972084120359
ORDI,LONG,2025-10-05 00:00:00+00:00,2025-11-04 00:00:00+00:00,8.181,3.8907,8.189180999999998,3.8868093,10.0,-0.5253726471548253,0.009,-5.262726471548254,0.0298960380994387,-5.2328304334488145,True,2025-11-03 19:00:00+00:00,4.094590499999999,4.0357,-10.0,-93.59972084120359
BIGTIME,LONG,2025-10-05 00:00:00+00:00,2025-11-04 00:00:00+00:00,0.047886,0.026067,0.0479338859999999,0.026040933,10.0,-0.4567322791229569,0.009,-4.57632279122957,0.0451825483794074,-4.531140242850163,False,,0.0239669429999999,0.026793,-4.531140242850163,-98.13086108405375
STRK,SHORT,2025-10-05 00:00:00+00:00,2025-11-04 00:00:00+00:00,0.14831,0.10124,0.1481616899999999,0.1013412399999999,10.0,0.3160091518934483,0.009,3.151091518934483,-0.1248842335436373,3.0262072853908455,False,,0.2222425349999998,0.18829,3.0262072853908455,-95.10465379866291
SNX,SHORT,2025-10-05 00:00:00+00:00,2025-11-04 00:00:00+00:00,1.1222,0.83656,1.1210778,0.8373965599999998,10.0,0.2530433124266668,0.009,2.5214331242666677,0.1560648084771458,2.6774979327438135,True,2025-10-13 19:00:00+00:00,1.6816166999999995,2.3866,-10.0,-105.10465379866291
WIF,SHORT,2025-10-05 00:00:00+00:00,2025-11-04 00:00:00+00:00,0.76381,0.39624,0.76304619,0.3966362399999999,10.0,0.4801936695339506,0.009,4.792936695339506,0.0176191506644833,4.8105558460039894,False,,1.144569285,0.80567,4.8105558460039894,-100.29409795265892
ENA,SHORT,2025-10-06 00:00:00+00:00,2025-11-05 00:00:00+00:00,0.60507,0.3369,0.60446493,0.3372368999999999,10.0,0.4420902135711993,0.009,4.411902135711993,-0.0873951281271189,4.324507007584875,False,,0.906697395,0.60507,4.324507007584875,-95.96959094507405
BTC,LONG,2025-10-06 00:00:00+00:00,2025-11-05 00:00:00+00:00,125503.0,104043.0,125628.50299999998,103938.957,10.0,-0.1726482882630543,0.009,-1.7354828826305435,0.0765463100207124,-1.658936572609831,False,,62814.25149999999,100506.0,-1.658936572609831,-97.62852751768388
XLM,LONG,2025-10-06 00:00:00+00:00,2025-11-05 00:00:00+00:00,0.40963,0.27986,0.4100396299999999,0.27958014,10.0,-0.3181631248667353,0.009,-3.1906312486673536,0.0290655261708728,-3.161565722496481,False,,0.2050198149999999,0.26239,-3.161565722496481,-100.79009324018035
XRP,LONG,2025-10-06 00:00:00+00:00,2025-11-05 00:00:00+00:00,3.0273,2.3211,3.0303272999999997,2.3187789,10.0,-0.2348090914139868,0.009,-2.357090914139868,0.0151493270459926,-2.3419415870938756,False,,1.51516365,2.169,-2.3419415870938756,-103.13203482727423
AVNT,SHORT,2025-10-06 00:00:00+00:00,2025-11-05 00:00:00+00:00,1.1115,0.54181,1.1103885,0.54235181,10.0,0.5115657177645482,0.009,5.106657177645482,-1.3218473180921002,3.7848098595533815,False,,1.66558275,1.1115,3.7848098595533815,-99.34722496772085
MAV,SHORT,2025-10-06 00:00:00+00:00,2025-11-05 00:00:00+00:00,0.05918,0.029319,0.05912082,0.0293483189999999,10.0,0.5035874164126953,0.009,5.026874164126953,-0.4669295967947162,4.559944567332237,False,,0.08868123,0.05918,4.559944567332237,-94.78728040038861
ENA,SHORT,2025-10-07 00:00:00+00:00,2025-11-06 00:00:00+00:00,0.55477,0.31338,0.55421523,0.3136933799999999,10.0,0.4339863594149154,0.009,4.330863594149154,-0.1008136902631311,4.230049903886022,False,,0.8313228449999999,0.57611,4.230049903886022,-90.55723049650258
BIO,SHORT,2025-10-07 00:00:00+00:00,2025-11-06 00:00:00+00:00,0.12684,0.075683,0.12671316,0.075758683,10.0,0.4021245859546081,0.009,4.0122458595460815,-2.1539836286462664,1.8582622308998151,False,,0.19006974,0.12818,1.8582622308998151,-88.69896826560277
AVNT,SHORT,2025-10-07 00:00:00+00:00,2025-11-06 00:00:00+00:00,0.96564,0.5034,0.96467436,0.5039033999999999,10.0,0.4776440414566426,0.009,4.767440414566425,-1.5442823091400606,3.2231581054263647,False,,1.44701154,0.96564,3.2231581054263647,-85.47581016017641
BTC,LONG,2025-10-07 00:00:00+00:00,2025-11-06 00:00:00+00:00,121677.0,101354.0,121798.67699999998,101252.646,10.0,-0.1686884579214271,0.009,-1.6958845792142712,0.074898006547723,-1.6209865726665482,False,,60899.33849999999,100506.0,-1.6209865726665482,-87.09679673284296
ADA,LONG,2025-10-07 00:00:00+00:00,2025-11-06 00:00:00+00:00,0.8256,0.52772,0.8264255999999999,0.52719228,10.0,-0.3620813779244011,0.009,-3.629813779244011,0.0115235310885577,-3.6182902481554535,False,,0.4132127999999999,0.5141,-3.6182902481554535,-90.71508698099842
HBAR,LONG,2025-10-07 00:00:00+00:00,2025-11-06 00:00:00+00:00,0.21772,0.16321,0.2179377199999999,0.16304679,10.0,-0.2518652117678389,0.009,-2.527652117678389,0.0096527537814472,-2.5179993638969416,False,,0.1089688599999999,0.16211,-2.5179993638969416,-93.23308634489537
BTC,LONG,2025-10-08 00:00:00+00:00,2025-11-07 00:00:00+00:00,123523.0,103380.0,123646.523,103276.62,10.0,-0.1647430312294345,0.009,-1.656430312294345,0.0722322116728506,-1.5841981006214942,False,,61823.2615,100506.0,-1.5841981006214942,-94.81728444551686
TRX,LONG,2025-10-08 00:00:00+00:00,2025-11-07 00:00:00+00:00,0.34187,0.29219,0.34221187,0.29189781,10.0,-0.1470260514341597,0.009,-1.4792605143415978,0.0032261267602728,-1.4760343875813249,False,,0.171105935,0.27978,-1.4760343875813249,-96.29331883309818
ONDO,LONG,2025-10-08 00:00:00+00:00,2025-11-07 00:00:00+00:00,0.92537,0.67535,0.92629537,0.67467465,10.0,-0.2716419925536278,0.009,-2.725419925536278,-0.0345162801469362,-2.759936205683214,False,,0.463147685,0.57761,-2.759936205683214,-99.0532550387814
CELO,SHORT,2025-10-08 00:00:00+00:00,2025-11-07 00:00:00+00:00,0.39482,0.25071,0.39442518,0.25096071,10.0,0.3637305052380277,0.009,3.628305052380277,-0.1126527310266043,3.515652321353673,False,,0.59163777,0.39482,3.515652321353673,-95.53760271742773
MAV,SHORT,2025-10-08 00:00:00+00:00,2025-11-07 00:00:00+00:00,0.052974,0.033076,0.052921026,0.0331090759999999,10.0,0.3743682142519309,0.009,3.7346821425193095,-0.5362832008319528,3.1983989416873566,False,,0.079381539,0.052974,3.1983989416873566,-92.33920377574037
XAI,SHORT,2025-10-08 00:00:00+00:00,2025-11-07 00:00:00+00:00,0.04223,0.02406,0.04218777,0.0240840599999999,10.0,0.4291222313954969,0.009,4.282222313954969,-0.2478172369769722,4.034405076977996,False,,0.0632816549999999,0.04223,4.034405076977996,-88.30479869876238
AVNT,SHORT,2025-10-09 00:00:00+00:00,2025-11-08 00:00:00+00:00,0.81797,0.52237,0.81715203,0.52289237,10.0,0.36010393316896,0.009,3.5920393316896004,-1.8506473783139223,1.741391953375678,False,,1.225728045,0.81958,1.741391953375678,-86.5634067453867
W,SHORT,2025-10-09 00:00:00+00:00,2025-11-08 00:00:00+00:00,0.11055,0.06244,0.11043945,0.0625024399999999,10.0,0.434056942514654,0.009,4.331569425146539,-0.0248745586501019,4.3066948664964375,False,,0.165659175,0.11055,4.3066948664964375,-82.25671187889026
PROMPT,SHORT,2025-10-09 00:00:00+00:00,2025-11-08 00:00:00+00:00,0.13391,0.088935,0.13377609,0.0890239349999999,10.0,0.3345302961089685,0.009,3.3363029610896855,-0.0952874578995543,3.2410155031901313,False,,0.2006641349999999,0.13391,3.2410155031901313,-79.01569637570013
TRX,LONG,2025-10-09 00:00:00+00:00,2025-11-08 00:00:00+00:00,0.33691,0.29046,0.3372469099999999,0.29016954,10.0,-0.1395931841154599,0.009,-1.4049318411545997,6.523491064751655e-05,-1.404866606243952,False,,0.1686234549999999,0.27978,-1.404866606243952,-80.42056298194409
BTC,LONG,2025-10-09 00:00:00+00:00,2025-11-08 00:00:00+00:00,120868.0,101943.0,120988.868,101841.057,10.0,-0.1582609319065617,0.009,-1.5916093190656175,0.0727009402292531,-1.5189083788363644,False,,60494.434,100506.0,-1.5189083788363644,-81.93947136078044
APE,LONG,2025-10-09 00:00:00+00:00,2025-11-08 00:00:00+00:00,0.55743,0.39447,0.55798743,0.39407553,10.0,-0.2937555421275349,0.009,-2.9465554212753493,0.0394338058138514,-2.907121615461498,False,,0.278993715,0.34823,-2.907121615461498,-84.84659297624194
LTC,LONG,2025-10-10 00:00:00+00:00,2025-11-09 00:00:00+00:00,126.73,109.64,126.85672999999998,109.53036,10.0,-0.1365821900028479,0.009,-1.3748219000284796,0.0427868264551435,-1.3320350735733362,False,,63.42836499999999,83.407,-1.3320350735733362,-86.17862804981527
TAO,LONG,2025-10-10 00:00:00+00:00,2025-11-09 00:00:00+00:00,368.92,387.89,369.28892,387.50211,10.0,0.0493196221538409,0.009,0.4841962215384095,0.0896841762820558,0.5738803978204653,False,,184.64446,293.36,0.5738803978204653,-85.60474765199481
BTC,LONG,2025-10-10 00:00:00+00:00,2025-11-09 00:00:00+00:00,116632.0,104813.0,116748.63199999998,104708.187,10.0,-0.1031313583186137,0.009,-1.0403135831861376,0.0741962717751759,-0.9661173114109616,False,,58374.31599999999,100506.0,-0.9661173114109616,-86.57086496340577
MAV,SHORT,2025-10-10 00:00:00+00:00,2025-11-09 00:00:00+00:00,0.046341,0.035165,0.046294659,0.035200165,10.0,0.2396495457499752,0.009,2.3874954574997527,-0.6308062540726349,1.7566892034271178,False,,0.0694419885,0.046505,1.7566892034271178,-84.81417575997865
AVNT,SHORT,2025-10-10 00:00:00+00:00,2025-11-09 00:00:00+00:00,0.79149,0.543,0.79069851,0.543543,10.0,0.3125786970308064,0.009,3.116786970308064,-1.922748764584671,1.194038205723393,False,,1.186047765,0.81958,1.194038205723393,-83.62013755425527
TST,SHORT,2025-10-10 00:00:00+00:00,2025-11-09 00:00:00+00:00,0.029842,0.018864,0.029812158,0.0188828639999999,10.0,0.3666052621886683,0.009,3.6570526218866832,0.0368072993913758,3.693859921278059,False,,0.0447182369999999,0.029842,3.693859921278059,-79.9262776329772
IMX,SHORT,2025-10-11 00:00:00+00:00,2025-11-10 00:00:00+00:00,0.48194,0.46025,0.4814580599999999,0.4607102499999999,10.0,0.0430937016611582,0.009,0.4219370166115826,-0.0801597693612814,0.3417772472503012,False,,0.7221870899999998,0.60598,0.3417772472503012,-79.5845003857269
AVNT,SHORT,2025-10-11 00:00:00+00:00,2025-11-10 00:00:00+00:00,0.5886,0.53336,0.5880114,0.5338933599999999,10.0,0.0920356986276118,0.009,0.911356986276118,-2.594284446119871,-1.682927459843753,False,,0.8820170999999999,0.81958,-1.682927459843753,-81.26742784557065
MAV,SHORT,2025-10-11 00:00:00+00:00,2025-11-10 00:00:00+00:00,0.039018,0.034468,0.0389789819999999,0.0345024679999999,10.0,0.1148443025012813,0.009,1.1394430250128138,-0.7836053651686954,0.3558376598441184,False,,0.0584684729999998,0.046505,0.3558376598441184,-80.91159018572654
BTC,LONG,2025-10-11 00:00:00+00:00,2025-11-10 00:00:00+00:00,111146.0,105838.0,111257.146,105732.162,10.0,-0.0496595877086402,0.009,-0.5055958770864027,0.0760793425814913,-0.4295165345049114,False,,55628.573,100506.0,-0.4295165345049114,-81.34110672023145
GRIFFAIN,LONG,2025-10-11 00:00:00+00:00,2025-11-10 00:00:00+00:00,0.020649,0.018621,0.020669649,0.018602379,10.0,-0.100014760773151,0.009,-1.0091476077315098,0.0880629680008596,-0.92108463973065,False,,0.0103348245,0.016149,-0.92108463973065,-82.2621913599621
SOL,LONG,2025-10-11 00:00:00+00:00,2025-11-10 00:00:00+00:00,177.32,167.11,177.49731999999997,166.94289,10.0,-0.059462475264415,0.009,-0.6036247526441508,-0.0386498944871393,-0.6422746471312901,False,,88.74865999999999,154.58,-0.6422746471312901,-82.90446600709339
W,SHORT,2025-10-12 00:00:00+00:00,2025-11-11 00:00:00+00:00,0.08206,0.06276,0.08197794,0.0628227599999999,10.0,0.2336626170406332,0.009,2.327626170406333,-0.0346349916072543,2.2929911787990784,False,,0.12296691,0.08841,2.2929911787990784,-80.6114748282943
IO,SHORT,2025-10-12 00:00:00+00:00,2025-11-11 00:00:00+00:00,0.37022,0.30092,0.36984978,0.30122092,10.0,0.1855587422547608,0.009,1.8465874225476089,-0.5395014229827579,1.307085999564851,False,,0.55477467,0.38011,1.307085999564851,-79.30438882872946
AVNT,SHORT,2025-10-12 00:00:00+00:00,2025-11-11 00:00:00+00:00,0.67737,0.51931,0.67669263,0.51982931,10.0,0.2318088199069052,0.009,2.309088199069052,-2.2040908884858403,0.1049973105832116,False,,1.015038945,0.81958,0.1049973105832116,-79.19939151814624
XRP,LONG,2025-10-12 00:00:00+00:00,2025-11-11 00:00:00+00:00,2.5466,2.4148,2.5491466,2.4123852,10.0,-0.0536498763939271,0.009,-0.5454987639392718,0.0231971433572317,-0.52230162058204,False,,1.2745733,2.169,-0.52230162058204,-79.72169313872828
BTC,LONG,2025-10-12 00:00:00+00:00,2025-11-11 00:00:00+00:00,114331.0,103095.0,114445.331,102991.905,10.0,-0.1000777043495115,0.009,-1.009777043495116,0.0742101034893944,-0.9355669400057216,False,,57222.6655,100506.0,-0.9355669400057216,-80.65726007873401
GAS,LONG,2025-10-12 00:00:00+00:00,2025-11-11 00:00:00+00:00,2.6967,2.4821,2.699396699999999,2.4796179,10.0,-0.0814177478990025,0.009,-0.8231774789900256,-0.0310571947600736,-0.8542346737500992,False,,1.3496983499999995,2.1866,-0.8542346737500992,-81.51149475248411
BNB,LONG,2025-10-13 00:00:00+00:00,2025-11-12 00:00:00+00:00,1269.4,948.41,1270.6694,947.46159,10.0,-0.2543602686898732,0.009,-2.552602686898732,-0.0156007552270952,-2.568203442125827,False,,635.3347,919.41,-2.568203442125827,-84.07969819460993
ETH,LONG,2025-10-13 00:00:00+00:00,2025-11-12 00:00:00+00:00,4248.8,3406.4,4253.0488,3402.9936,10.0,-0.1998696088321392,0.009,-2.007696088321393,0.0535324436748057,-1.9541636446465869,False,,2126.5244,3230.4,-1.9541636446465869,-86.03386183925652
BSV,LONG,2025-10-13 00:00:00+00:00,2025-11-12 00:00:00+00:00,23.652,23.196,23.675652,23.172804000000003,10.0,-0.0212390349376649,0.009,-0.2213903493766493,-0.6641758965947802,-0.8855662459714295,False,,11.837826,20.793,-0.8855662459714295,-86.91942808522795
AVNT,SHORT,2025-10-13 00:00:00+00:00,2025-11-12 00:00:00+00:00,0.64511,0.4837,0.64446489,0.4841836999999999,10.0,0.2487043010209602,0.009,2.4780430102096025,-2.2765767876056526,0.2014662226039498,False,,0.966697335,0.81958,0.2014662226039498,-86.717961862624
ETHFI,SHORT,2025-10-13 00:00:00+00:00,2025-11-12 00:00:00+00:00,1.3097,0.9214,1.3083903,0.9223213999999998,10.0,0.2950716617205128,0.009,2.941716617205128,0.0092491881583729,2.950965805363501,False,,1.9625854499999995,1.3097,2.950965805363501,-83.7669960572605
ZEREBRO,SHORT,2025-10-13 00:00:00+00:00,2025-11-12 00:00:00+00:00,0.043771,0.032752,0.043727229,0.032784752,10.0,0.2502440070007637,0.009,2.493440070007637,0.3106553283092784,2.8040953983169157,False,,0.0655908435,0.054429,2.8040953983169157,-80.96290065894358
ZEC,SHORT,2025-10-14 00:00:00+00:00,2025-11-13 00:00:00+00:00,234.16,505.46,233.92584,505.9654599999999,10.0,-1.1629310383153908,0.009,-11.638310383153907,-0.4926151617173629,-12.130925544871271,True,2025-10-31 19:00:00+00:00,350.88876,683.16,-10.0,-90.96290065894358
0G,SHORT,2025-10-14 00:00:00+00:00,2025-11-13 00:00:00+00:00,2.1923,1.2493,2.1901077,1.2505493,10.0,0.4290010030100347,0.009,4.281010030100346,-4.168198625502212,0.1128114045981343,False,,3.28516155,2.1923,0.1128114045981343,-90.85008925434545
AVNT,SHORT,2025-10-14 00:00:00+00:00,2025-11-13 00:00:00+00:00,0.61417,0.51612,0.61355583,0.5166361199999999,10.0,0.1579639623015237,0.009,1.5706396230152375,-2.364233173728721,-0.7935935507134837,False,,0.920333745,0.81958,-0.7935935507134837,-91.64368280505893
XRP,LONG,2025-10-14 00:00:00+00:00,2025-11-13 00:00:00+00:00,2.4825,2.3151,2.4849824999999996,2.3127849,10.0,-0.0692952968481667,0.009,-0.701952968481668,0.0275465256187518,-0.6744064428629162,False,,1.2424912499999998,2.169,-0.6744064428629162,-92.31808924792185
HBAR,LONG,2025-10-14 00:00:00+00:00,2025-11-13 00:00:00+00:00,0.18589,0.16453,0.1860758899999999,0.16436547,10.0,-0.1166750834834107,0.009,-1.1757508348341077,0.0113985828173655,-1.164352252016742,False,,0.0930379449999999,0.16211,-1.164352252016742,-93.48244149993859
SOL,LONG,2025-10-14 00:00:00+00:00,2025-11-13 00:00:00+00:00,198.41,142.67,198.60840999999996,142.52732999999998,10.0,-0.2823701171566702,0.009,-2.832701171566702,0.0200494573720216,-2.81265171419468,False,,99.30420499999998,152.95,-2.81265171419468,-96.29509321413327
SOL,LONG,2025-10-15 00:00:00+00:00,2025-11-14 00:00:00+00:00,194.58,143.1,194.77458,142.9569,10.0,-0.2660392336618054,0.009,-2.6693923366180536,0.0180192556558971,-2.6513730809621565,False,,97.38729,142.67,-2.6513730809621565,-98.94646629509543
COMP,LONG,2025-10-15 00:00:00+00:00,2025-11-14 00:00:00+00:00,35.045,33.016,35.080045,32.982983999999995,10.0,-0.0597793132819528,0.009,-0.6067931328195285,-0.1126715197019274,-0.719464652521456,False,,17.5400225,31.116,-0.719464652521456,-99.66593094761689
TAO,LONG,2025-10-15 00:00:00+00:00,2025-11-14 00:00:00+00:00,415.47,344.26,415.88547,343.91573999999997,10.0,-0.1730518019780783,0.009,-1.7395180197807831,0.0834375297578441,-1.656080490022939,False,,207.942735,335.78,-1.656080490022939,-101.32201143763983
SNX,SHORT,2025-10-15 00:00:00+00:00,2025-11-14 00:00:00+00:00,1.7681,0.74071,1.7663319,0.7414507099999998,10.0,0.5802313766738857,0.009,5.793313766738857,0.0376866739739683,5.831000440712825,False,,2.64949785,1.7681,5.831000440712825,-95.491010996927
FET,SHORT,2025-10-15 00:00:00+00:00,2025-11-14 00:00:00+00:00,0.29864,0.28154,0.29834136,0.28182154,10.0,0.0553722085332051,0.009,0.5447220853320511,0.0190344330495443,0.5637565183815955,False,,0.44751204,0.4,0.5637565183815955,-94.92725447854541
MAV,SHORT,2025-10-15 00:00:00+00:00,2025-11-14 00:00:00+00:00,0.041622,0.029739,0.041580378,0.029768739,10.0,0.2840676195872967,0.009,2.831676195872967,-0.4343663103442686,2.3973098855286983,False,,0.062370567,0.041622,2.3973098855286983,-92.52994459301671
ZEREBRO,SHORT,2025-10-16 00:00:00+00:00,2025-11-15 00:00:00+00:00,0.038,0.032416,0.0379619999999999,0.0324484159999999,10.0,0.1452395553448185,0.009,1.443395553448186,0.4758653139245298,1.919260867372716,False,,0.0569429999999998,0.054429,1.919260867372716,-90.610683725644
AVNT,SHORT,2025-10-16 00:00:00+00:00,2025-11-15 00:00:00+00:00,0.55089,0.50045,0.55033911,0.5009504499999999,10.0,0.0897422318395654,0.009,0.888422318395654,-2.7818396152514584,-1.8934172968558045,False,,0.8255086650000001,0.81958,-1.8934172968558045,-92.5041010224998
FET,SHORT,2025-10-16 00:00:00+00:00,2025-11-15 00:00:00+00:00,0.27376,0.29088,0.27348624,0.29117088,10.0,-0.0646637286029455,0.009,-0.6556372860294555,0.0178926830454066,-0.6377446029840489,False,,0.41022936,0.4,-0.6377446029840489,-93.14184562548384
POLYX,LONG,2025-10-16 00:00:00+00:00,2025-11-15 00:00:00+00:00,0.086819,0.073925,0.0869058189999999,0.073851075,10.0,-0.1502171448381377,0.009,-1.5111714483813772,-0.1549428008491813,-1.6661142492305585,False,,0.0434529094999999,0.066975,-1.6661142492305585,-94.8079598747144
POL,LONG,2025-10-16 00:00:00+00:00,2025-11-15 00:00:00+00:00,0.18706,0.15683,0.18724706,0.15667317,10.0,-0.1632810149328913,0.009,-1.6418101493289128,0.029679249433182,-1.6121308998957309,False,,0.09362353,0.15682,-1.6121308998957309,-96.42009077461013
TRX,LONG,2025-10-16 00:00:00+00:00,2025-11-15 00:00:00+00:00,0.31521,0.29287,0.3155252099999999,0.29257713,10.0,-0.0727297828278124,0.009,-0.736297828278125,-0.0022423643706948,-0.7385401926488198,False,,0.1577626049999999,0.27978,-0.7385401926488198,-97.15863096725894
BTC,LONG,2025-10-17 00:00:00+00:00,2025-11-16 00:00:00+00:00,106421.0,94045.0,106527.421,93950.955,10.0,-0.1180584856175199,0.009,-1.189584856175199,0.082118754031706,-1.1074661021434928,False,,53263.7105,95791.0,-1.1074661021434928,-98.26609706940243
ETH,LONG,2025-10-17 00:00:00+00:00,2025-11-16 00:00:00+00:00,3825.7,3092.1,3829.5256999999992,3089.0079,10.0,-0.1933706307284997,0.009,-1.9427063072849968,0.0579101869611163,-1.8847961203238808,False,,1914.7628499999996,3197.4,-1.8847961203238808,-100.15089318972632
XRP,LONG,2025-10-17 00:00:00+00:00,2025-11-16 00:00:00+00:00,2.2959,2.2169,2.2981958999999996,2.2146831,10.0,-0.0363384165814584,0.009,-0.3723841658145845,0.0400327579375196,-0.3323514078770649,False,,1.1490979499999998,2.169,-0.3323514078770649,-100.48324459760339
AVNT,SHORT,2025-10-17 00:00:00+00:00,2025-11-16 00:00:00+00:00,0.49532,0.45446,0.4948246799999999,0.4549144599999999,10.0,0.0806552737021929,0.009,0.7975527370219296,-3.164244503212249,-2.366691766190319,True,2025-10-24 19:00:00+00:00,0.7422370199999999,0.81958,-10.0,-110.48324459760339
MAV,SHORT,2025-10-17 00:00:00+00:00,2025-11-16 00:00:00+00:00,0.039174,0.02733,0.039134826,0.0273573299999999,10.0,0.3009466810967807,0.009,3.000466810967807,-0.3941354247922042,2.606331386175603,False,,0.0587022389999999,0.040816,2.606331386175603,-107.87691321142779
OM,SHORT,2025-10-17 00:00:00+00:00,2025-11-16 00:00:00+00:00,0.12109,0.08032,0.12096891,0.08040032,10.0,0.3353637723940804,0.009,3.3446377239408043,-1.4724969725884114,1.8721407513523929,False,,0.181453365,0.12408,1.8721407513523929,-106.0047724600754
SNX,SHORT,2025-10-18 00:00:00+00:00,2025-11-17 00:00:00+00:00,1.3744,0.67431,1.3730256,0.6749843099999999,10.0,0.5083964130020592,0.009,5.074964130020591,0.0381824105752653,5.1131465405958565,False,,2.0595384,1.6717,5.1131465405958565,-100.89162591947954
AVNT,SHORT,2025-10-18 00:00:00+00:00,2025-11-17 00:00:00+00:00,0.49632,0.41807,0.49582368,0.4184880699999999,10.0,0.1559740147949369,0.009,1.550740147949369,-3.2966598778422807,-1.7459197298929117,True,2025-10-24 19:00:00+00:00,0.74373552,0.81958,-10.0,-110.89162591947954
FET,SHORT,2025-10-18 00:00:00+00:00,2025-11-17 00:00:00+00:00,0.25987,0.2718,0.25961013,0.2720718,10.0,-0.0480014782165856,0.009,-0.4890147821658569,0.0173223200929794,-0.4716924620728775,True,2025-11-07 19:00:00+00:00,0.389415195,0.4,-10.0,-120.89162591947954
ETH,LONG,2025-10-18 00:00:00+00:00,2025-11-17 00:00:00+00:00,3892.2,2982.9,3896.0922,2979.9171,10.0,-0.2351523149272493,0.009,-2.360523149272493,0.0574183208868619,-2.303104828385631,False,,1948.0461,3092.1,-2.303104828385631,-123.19473074786517
BTC,LONG,2025-10-18 00:00:00+00:00,2025-11-17 00:00:00+00:00,107062.0,91745.0,107169.062,91653.255,10.0,-0.1447787888635247,0.009,-1.4567878886352468,0.0813045275858717,-1.375483361049375,False,,53584.531,94045.0,-1.375483361049375,-124.57021410891454
XLM,LONG,2025-10-18 00:00:00+00:00,2025-11-17 00:00:00+00:00,0.31637,0.24518,0.3166863699999999,0.24493482,10.0,-0.2265697446972535,0.009,-2.2746974469725347,0.0046991027306922,-2.2699983442418423,False,,0.1583431849999999,0.25347,-2.2699983442418423,-126.84021245315638
TRX,LONG,2025-10-19 00:00:00+00:00,2025-11-18 00:00:00+00:00,0.32025,0.29233,0.3205702499999999,0.2920376699999999,10.0,-0.0890057015583947,0.009,-0.899057015583947,0.0021678821642994,-0.8968891334196476,False,,0.1602851249999999,0.27978,-0.8968891334196476,-127.73710158657603
TON,LONG,2025-10-19 00:00:00+00:00,2025-11-18 00:00:00+00:00,2.2268,1.8237,2.2290268,1.8218763,10.0,-0.1826584139768978,0.009,-1.835584139768978,0.0593450221292539,-1.776239117639724,False,,1.1145134,1.7349,-1.776239117639724,-129.51334070421575
BNB,LONG,2025-10-19 00:00:00+00:00,2025-11-18 00:00:00+00:00,1116.1,935.4,1117.2161,934.4646,10.0,-0.163577574651851,0.009,-1.6447757465185104,-0.0043955767851626,-1.649171323303673,False,,558.60805,896.4,-1.649171323303673,-131.16251202751943
AVNT,SHORT,2025-10-19 00:00:00+00:00,2025-11-18 00:00:00+00:00,0.498,0.44781,0.497502,0.4482578099999999,10.0,0.0989828985612119,0.009,0.9808289856121196,-3.353740944075984,-2.372911958463864,True,2025-10-24 19:00:00+00:00,0.746253,0.81958,-10.0,-141.16251202751943
SNX,SHORT,2025-10-19 00:00:00+00:00,2025-11-18 00:00:00+00:00,1.6717,0.70227,1.6700283,0.7029722699999998,10.0,0.5790656541568787,0.009,5.781656541568787,0.0302377894650647,5.811894331033852,False,,2.50504245,1.6717,5.811894331033852,-135.35061769648559
FET,SHORT,2025-10-19 00:00:00+00:00,2025-11-18 00:00:00+00:00,0.29483,0.30452,0.2945351699999999,0.30482452,10.0,-0.0349341981808149,0.009,-0.3583419818081498,0.0154733600741806,-0.3428686217339692,False,,0.4418027549999999,0.4,-0.3428686217339692,-135.69348631821956
ZORA,SHORT,2025-10-20 00:00:00+00:00,2025-11-19 00:00:00+00:00,0.09244,0.048091,0.09234756,0.0481390909999999,10.0,0.4787183223898931,0.009,4.778183223898931,-1.0111827220965772,3.767000501802354,False,,0.13852134,0.10548,3.767000501802354,-131.9264858164172
AVNT,SHORT,2025-10-20 00:00:00+00:00,2025-11-19 00:00:00+00:00,0.6504,0.40808,0.6497495999999999,0.40848808,10.0,0.3713146110440083,0.009,3.704146110440083,-2.58460146518425,1.119544645255833,False,,0.9746244,0.81958,1.119544645255833,-130.80694117116136
STBL,SHORT,2025-10-20 00:00:00+00:00,2025-11-19 00:00:00+00:00,0.10796,0.067654,0.10785204,0.0677216539999999,10.0,0.372087407896967,0.009,3.7118740789696703,0.0703983810402195,3.7822724600098896,False,,0.16177806,0.13275,3.7822724600098896,-127.02466871115146
SAND,LONG,2025-10-20 00:00:00+00:00,2025-11-19 00:00:00+00:00,0.21361,0.16752,0.2138236099999999,0.16735248,10.0,-0.2173339511010967,0.009,-2.182339511010967,-0.1104156158220787,-2.292755126833046,False,,0.1069118049999999,0.17095,-2.292755126833046,-129.3174238379845
ADA,LONG,2025-10-20 00:00:00+00:00,2025-11-19 00:00:00+00:00,0.667,0.44109,0.667667,0.44064891,10.0,-0.3400169395821569,0.009,-3.409169395821569,0.0037255454193782,-3.405443850402191,False,,0.3338335,0.46065,-3.405443850402191,-132.72286768838669
SUSHI,LONG,2025-10-20 00:00:00+00:00,2025-11-19 00:00:00+00:00,0.56046,0.43785,0.5610204599999999,0.43741215,10.0,-0.2203276329708188,0.009,-2.2122763297081884,-0.0830133849231808,-2.2952897146313695,False,,0.2805102299999999,0.41583,-2.2952897146313695,-135.01815740301805
FET,SHORT,2025-10-21 00:00:00+00:00,2025-11-20 00:00:00+00:00,0.25608,0.3134,0.25582392,0.3137134,10.0,-0.2262864238809256,0.009,-2.271864238809256,0.0234269992103553,-2.2484372395989003,True,2025-11-07 19:00:00+00:00,0.38373588,0.4,-10.0,-145.01815740301805
FTT,SHORT,2025-10-21 00:00:00+00:00,2025-11-20 00:00:00+00:00,0.8032,0.6381,0.8023968,0.6387381,10.0,0.2039623039374035,0.009,2.030623039374036,0.0659300338470816,2.0965530732211177,False,,1.2035952,0.91222,2.0965530732211177,-142.92160432979693
ZEREBRO,SHORT,2025-10-21 00:00:00+00:00,2025-11-20 00:00:00+00:00,0.034824,0.024295,0.034789176,0.0243192949999999,10.0,0.3009522559545532,0.009,3.0005225595455327,0.6669426440085273,3.66746520355406,True,2025-11-04 19:00:00+00:00,0.0521837639999999,0.054429,-10.0,-152.92160432979693
XRP,LONG,2025-10-21 00:00:00+00:00,2025-11-20 00:00:00+00:00,2.4924,2.0084,2.4948923999999995,2.0063916,10.0,-0.1958003479428609,0.009,-1.967003479428609,0.0513120259487744,-1.9156914534798348,False,,1.2474461999999995,2.038,-1.9156914534798348,-154.83729578327677
BTC,LONG,2025-10-21 00:00:00+00:00,2025-11-20 00:00:00+00:00,111729.0,86936.0,111840.729,86849.064,10.0,-0.2234576367970562,0.009,-2.2435763679705625,0.0793951717631865,-2.164181196207376,False,,55920.3645,88888.0,-2.164181196207376,-157.00147697948415
ALGO,LONG,2025-10-21 00:00:00+00:00,2025-11-20 00:00:00+00:00,0.18972,0.14493,0.1899097199999999,0.14478507,10.0,-0.2376110606660889,0.009,-2.385110606660889,-0.0910812862589129,-2.476191892919802,False,,0.0949548599999999,0.14605,-2.476191892919802,-159.47766887240397
BTC,LONG,2025-10-22 00:00:00+00:00,2025-11-21 00:00:00+00:00,107840.0,84185.0,107947.83999999998,84100.815,10.0,-0.2209124795827316,0.009,-2.2181247958273165,0.084158492477478,-2.1339663033498386,False,,53973.91999999999,86936.0,-2.1339663033498386,-161.6116351757538
SOL,LONG,2025-10-22 00:00:00+00:00,2025-11-21 00:00:00+00:00,180.17,128.04,180.35016999999996,127.91196,10.0,-0.2907577519888114,0.009,-2.916577519888114,0.0205506477365671,-2.896026872151547,False,,90.17508499999998,129.6,-2.896026872151547,-164.50766204790534
BCH,LONG,2025-10-22 00:00:00+00:00,2025-11-21 00:00:00+00:00,474.87,510.78,475.34487,510.26922,10.0,0.0734716038904553,0.009,0.7257160389045538,-0.0556355570106604,0.6700804818938934,False,,237.672435,471.91,0.6700804818938934,-163.83758156601144
ZEREBRO,SHORT,2025-10-22 00:00:00+00:00,2025-11-21 00:00:00+00:00,0.030929,0.02382,0.030898071,0.0238438199999999,10.0,0.2283071651948758,0.009,2.2740716519487587,0.7566641845844356,3.0307358365331942,True,2025-10-31 19:00:00+00:00,0.0463471065,0.054429,-10.0,-173.83758156601144
UMA,SHORT,2025-10-22 00:00:00+00:00,2025-11-21 00:00:00+00:00,1.1162,0.83837,1.1150838,0.8392083699999998,10.0,0.247403316235067,0.009,2.4650331623506703,-0.0223630092584073,2.442670153092263,False,,1.6726257000000002,1.1852,2.442670153092263,-171.39491141291919
YGG,SHORT,2025-10-22 00:00:00+00:00,2025-11-21 00:00:00+00:00,0.13575,0.091638,0.13561425,0.0917296379999999,10.0,0.3235988253446819,0.009,3.226988253446819,-0.1711723442787317,3.055815909168087,False,,0.203421375,0.14207,3.055815909168087,-168.3390955037511
ZEN,SHORT,2025-10-23 00:00:00+00:00,2025-11-22 00:00:00+00:00,10.757,12.274,10.746243,12.286273999999995,10.0,-0.1433087824274955,0.009,-1.4420878242749555,-0.1530820870807593,-1.5951699113557147,True,2025-11-01 19:00:00+00:00,16.1193645,20.155,-10.0,-178.3390955037511
SNX,SHORT,2025-10-23 00:00:00+00:00,2025-11-22 00:00:00+00:00,1.2757,0.56758,1.2744243,0.5681475799999999,10.0,0.5541927598210424,0.009,5.532927598210424,0.0362567097285574,5.569184307938982,False,,1.91163645,1.2966,5.569184307938982,-172.76991119581214
EIGEN,SHORT,2025-10-23 00:00:00+00:00,2025-11-22 00:00:00+00:00,1.091,0.5573,1.089909,0.5578573,10.0,0.4881615804622221,0.009,4.87261580462222,0.027680544665105,4.900296349287325,False,,1.6348635,1.1807,4.900296349287325,-167.86961484652483
BTC,LONG,2025-10-23 00:00:00+00:00,2025-11-22 00:00:00+00:00,110233.0,84571.0,110343.233,84486.429,10.0,-0.2343306725479032,0.009,-2.3523067254790324,0.0821935477408478,-2.2701131777381844,False,,55171.6165,84185.0,-2.2701131777381844,-170.139728024263
TRX,LONG,2025-10-23 00:00:00+00:00,2025-11-22 00:00:00+00:00,0.31594,0.27348,0.3162559399999999,0.27320652,10.0,-0.1361220914933643,0.009,-1.3702209149336435,-0.0009696990462534,-1.3711906139798973,False,,0.1581279699999999,0.27582,-1.3711906139798973,-171.5109186382429
ALGO,LONG,2025-10-23 00:00:00+00:00,2025-11-22 00:00:00+00:00,0.18334,0.13436,0.1835233399999999,0.13422564,10.0,-0.2686181496042954,0.009,-2.695181496042954,-0.0952905057009642,-2.790472001743918,False,,0.0917616699999999,0.13728,-2.790472001743918,-174.30139063998683
SOL,LONG,2025-10-24 00:00:00+00:00,2025-11-23 00:00:00+00:00,192.96,132.31,193.15296,132.17769,10.0,-0.3156838497323571,0.009,-3.1658384973235707,0.0110507201279752,-3.154787777195595,False,,96.57648,127.1,-3.154787777195595,-177.45617841718243
BTC,LONG,2025-10-24 00:00:00+00:00,2025-11-23 00:00:00+00:00,110659.0,87289.0,110769.659,87201.711,10.0,-0.2127653746771938,0.009,-2.136653746771938,0.0808635049454111,-2.055790241826527,False,,55384.8295,84185.0,-2.055790241826527,-179.51196865900894
GAS,LONG,2025-10-24 00:00:00+00:00,2025-11-23 00:00:00+00:00,2.6122,2.1268,2.6148122,2.1246731999999997,10.0,-0.1874471137927229,0.009,-1.883471137927229,-0.1401004561880964,-2.0235715941153254,False,,1.3074061,2.0673,-2.0235715941153254,-181.53554025312428
SNX,SHORT,2025-10-24 00:00:00+00:00,2025-11-23 00:00:00+00:00,1.2966,0.60079,1.2953034,0.60139079,10.0,0.5357143430643353,0.009,5.348143430643352,0.0353145894504098,5.383458020093762,False,,1.9429551000000005,1.2966,5.383458020093762,-176.1520822330305
0G,SHORT,2025-10-24 00:00:00+00:00,2025-11-23 00:00:00+00:00,1.7609,1.2808,1.7591390999999998,1.2820807999999997,10.0,0.2711885035128832,0.009,2.702885035128832,-5.016768274567321,-2.3138832394384887,False,,2.63870865,1.7765,-2.3138832394384887,-178.465965472469
AVNT,SHORT,2025-10-24 00:00:00+00:00,2025-11-23 00:00:00+00:00,0.81958,0.38616,0.8187604199999999,0.3865461599999999,10.0,0.5278885611006942,0.009,5.269885611006941,-1.2543348331649449,4.015550777841996,False,,1.22814063,0.81958,4.015550777841996,-174.450414694627
GRASS,SHORT,2025-10-25 00:00:00+00:00,2025-11-24 00:00:00+00:00,0.441,0.38397,0.440559,0.3843539699999999,10.0,0.127576624243291,0.009,1.2667662424329102,-0.0363968707136161,1.230369371719294,False,,0.6608385,0.61222,1.230369371719294,-173.2200453229077
AVNT,SHORT,2025-10-25 00:00:00+00:00,2025-11-24 00:00:00+00:00,0.73887,0.39742,0.7381311300000001,0.39781742,10.0,0.4610477680300519,0.009,4.601477680300518,-1.2878669132864236,3.313610767014094,False,,1.107196695,0.77756,3.313610767014094,-169.9064345558936
BRETT,SHORT,2025-10-25 00:00:00+00:00,2025-11-24 00:00:00+00:00,0.027897,0.014894,0.027869103,0.0149088939999999,10.0,0.4650386128322825,0.009,4.641386128322825,-0.095698801162384,4.545687327160441,False,,0.0418036544999999,0.03169,4.545687327160441,-165.36074722873317
ETH,LONG,2025-10-25 00:00:00+00:00,2025-11-24 00:00:00+00:00,3957.6,2957.9,3961.5576,2954.9421,10.0,-0.254095888950346,0.009,-2.549958889503461,0.0586796784132332,-2.4912792110902275,False,,1980.7788,2749.1,-2.4912792110902275,-167.8520264398234
XRP,LONG,2025-10-25 00:00:00+00:00,2025-11-24 00:00:00+00:00,2.6036,2.2343,2.6062035999999997,2.2320657,10.0,-0.1435566661023719,0.009,-1.444566661023719,0.0556842065431879,-1.388882454480531,False,,1.3031018,1.9271,-1.388882454480531,-169.2409088943039
SOL,LONG,2025-10-25 00:00:00+00:00,2025-11-24 00:00:00+00:00,194.42,137.16,194.61441999999997,137.02284,10.0,-0.2959265813910396,0.009,-2.968265813910397,0.0078073773745542,-2.960458436535842,False,,97.30720999999998,127.1,-2.960458436535842,-172.20136733083976
0G,SHORT,2025-10-26 00:00:00+00:00,2025-11-25 00:00:00+00:00,1.7765,1.1889,1.7747235,1.1900889,10.0,0.3294229213733858,0.009,3.285229213733858,-5.1162273741882105,-1.8309981604543528,False,,2.6620852499999996,1.7765,-1.8309981604543528,-174.03236549129412
SNX,SHORT,2025-10-26 00:00:00+00:00,2025-11-25 00:00:00+00:00,1.2286,0.55476,1.2273714,0.55531476,10.0,0.5475576830289511,0.009,5.466576830289511,0.0433191227885381,5.509895953078049,False,,1.8410571,1.2286,5.509895953078049,-168.52246953821606
AVNT,SHORT,2025-10-26 00:00:00+00:00,2025-11-25 00:00:00+00:00,0.77756,0.39793,0.7767824400000001,0.3983279299999999,10.0,0.4872078596421413,0.009,4.863078596421413,-1.0468215029458956,3.816257093475518,False,,1.1651736600000002,0.77756,3.816257093475518,-164.70621244474054
BTC,LONG,2025-10-26 00:00:00+00:00,2025-11-25 00:00:00+00:00,113637.0,86854.0,113750.637,86767.146,10.0,-0.2372161748861239,0.009,-2.381161748861239,0.0750877974510683,-2.3060739514101707,False,,56875.3185,84185.0,-2.3060739514101707,-167.01228639615073
XLM,LONG,2025-10-26 00:00:00+00:00,2025-11-25 00:00:00+00:00,0.3282,0.24801,0.3285281999999999,0.24776199,10.0,-0.2458425486761865,0.009,-2.467425486761865,-0.0057178127021363,-2.4731432994640015,False,,0.1642640999999999,0.22867,-2.4731432994640015,-169.48542969561473
XRP,LONG,2025-10-26 00:00:00+00:00,2025-11-25 00:00:00+00:00,2.6132,2.1728,2.6158132,2.1706272,10.0,-0.1701902872880982,0.009,-1.7109028728809823,0.0554282688165194,-1.655474604064463,False,,1.3079066,1.9271,-1.655474604064463,-171.1409042996792
ETH,LONG,2025-10-27 00:00:00+00:00,2025-11-26 00:00:00+00:00,4194.4,3031.0,4198.594399999999,3027.969,10.0,-0.2788136429658457,0.009,-2.797136429658457,0.0536012182509699,-2.743535211407487,False,,2099.2971999999995,2749.1,-2.743535211407487,-173.88443951108667
HBAR,LONG,2025-10-27 00:00:00+00:00,2025-11-26 00:00:00+00:00,0.18234,0.14851,0.1825223399999999,0.14836149,10.0,-0.1871598293118528,0.009,-1.880598293118528,-0.0116767905656918,-1.89227508368422,False,,0.0912611699999999,0.13006,-1.89227508368422,-175.77671459477088
UNI,LONG,2025-10-27 00:00:00+00:00,2025-11-26 00:00:00+00:00,6.6034,6.3443,6.610003399999999,6.337955699999999,10.0,-0.041156968239986,0.009,-0.4205696823998607,0.1143707633467026,-0.306198919053158,False,,3.3050016999999996,4.9476,-0.306198919053158,-176.08291351382402
SNX,SHORT,2025-10-27 00:00:00+00:00,2025-11-26 00:00:00+00:00,1.1567,0.58688,1.1555433000000002,0.5874668799999999,10.0,0.491609808130946,0.009,4.90709808130946,0.0404658129390304,4.94756389424849,False,,1.7333149500000002,1.1621,4.94756389424849,-171.13534961957552
0G,SHORT,2025-10-27 00:00:00+00:00,2025-11-26 00:00:00+00:00,1.6007,1.2025,1.5990993,1.2037024999999997,10.0,0.2472621931608627,0.009,2.463621931608627,-5.733500861271286,-3.2698789296626587,False,,2.39864895,1.6263,-3.2698789296626587,-174.4052285492382
AVNT,SHORT,2025-10-27 00:00:00+00:00,2025-11-26 00:00:00+00:00,0.70704,0.40254,0.70633296,0.4029425399999999,10.0,0.4295289009308018,0.009,4.286289009308018,-0.9857543060485384,3.30053470325948,False,,1.05949944,0.70704,3.30053470325948,-171.10469384597872
SNX,SHORT,2025-10-28 00:00:00+00:00,2025-11-27 00:00:00+00:00,1.1229,0.58574,1.1217771,0.5863257399999999,10.0,0.4773242028206853,0.009,4.764242028206852,0.0399050574329338,4.804147085639786,False,,1.68266565,1.1621,4.804147085639786,-166.30054676033893
ZEREBRO,SHORT,2025-10-28 00:00:00+00:00,2025-11-27 00:00:00+00:00,0.033731,0.025343,0.0336972689999999,0.0253683429999999,10.0,0.247169169703337,0.009,2.4626916970333705,0.6207970684633821,3.0834887654967527,True,2025-11-04 19:00:00+00:00,0.0505459034999998,0.054429,-10.0,-176.30054676033893
TST,SHORT,2025-10-28 00:00:00+00:00,2025-11-27 00:00:00+00:00,0.020059,0.015484,0.020038941,0.0154994839999999,10.0,0.2265317812952293,0.009,2.256317812952293,0.0257706978275947,2.282088510779888,False,,0.0300584115,0.020059,2.282088510779888,-174.01845824955905
XRP,LONG,2025-10-28 00:00:00+00:00,2025-11-27 00:00:00+00:00,2.6397,2.2235,2.6423396999999995,2.2212765,10.0,-0.1593524102900166,0.009,-1.6025241029001664,0.0542907994229508,-1.5482333034772156,False,,1.3211698499999998,1.9271,-1.5482333034772156,-175.56669155303626
HBAR,LONG,2025-10-28 00:00:00+00:00,2025-11-27 00:00:00+00:00,0.19819,0.14699,0.19838819,0.14684301,10.0,-0.259819800765358,0.009,-2.6071980076535803,-0.0116483350171701,-2.6188463426707504,False,,0.099194095,0.13006,-2.6188463426707504,-178.18553789570703
BTC,LONG,2025-10-28 00:00:00+00:00,2025-11-27 00:00:00+00:00,113694.0,91489.0,113807.694,91397.511,10.0,-0.1969127236687529,0.009,-1.978127236687529,0.0697178410091149,-1.9084093956784145,False,,56903.847,84185.0,-1.9084093956784145,-180.09394729138543
BTC,LONG,2025-10-29 00:00:00+00:00,2025-11-28 00:00:00+00:00,110675.0,91103.0,110785.675,91011.897,10.0,-0.1784867763815131,0.009,-1.7938677638151317,0.0694220388268158,-1.7244457249883158,False,,55392.8375,84185.0,-1.7244457249883158,-181.81839301637376
XRP,LONG,2025-10-29 00:00:00+00:00,2025-11-28 00:00:00+00:00,2.5862,2.1869,2.5887861999999995,2.1847131,10.0,-0.1560859293826579,0.009,-1.5698592938265794,0.0556686062351924,-1.514190687591387,False,,1.2943930999999995,1.9271,-1.514190687591387,-183.33258370396516
TON,LONG,2025-10-29 00:00:00+00:00,2025-11-28 00:00:00+00:00,2.2376,1.5927,2.2398376,1.5911073,10.0,-0.2896327394450383,0.009,-2.905327394450383,0.0474960360359161,-2.8578313584144666,False,,1.1199188,1.4699,-2.8578313584144666,-186.19041506237963
YGG,SHORT,2025-10-29 00:00:00+00:00,2025-11-28 00:00:00+00:00,0.12947,0.088464,0.12934053,0.088552464,10.0,0.3153540966625079,0.009,3.1445409666250796,-0.1145838972213272,3.0299570694037525,False,,0.194010795,0.12947,3.0299570694037525,-183.16045799297586
LINEA,SHORT,2025-10-29 00:00:00+00:00,2025-11-28 00:00:00+00:00,0.013851,0.010235,0.013837149,0.0102452349999999,10.0,0.2595848321066718,0.009,2.5868483210667184,0.0074663041073706,2.594314625174089,False,,0.0207557235,0.01439,2.594314625174089,-180.56614336780177
SNX,SHORT,2025-10-29 00:00:00+00:00,2025-11-28 00:00:00+00:00,1.1621,0.56543,1.1609379,0.56599543,10.0,0.5124670923397368,0.009,5.115670923397367,0.0370946700529373,5.1527655934503045,False,,1.74140685,1.1621,5.1527655934503045,-175.41337777435146
IO,SHORT,2025-10-30 00:00:00+00:00,2025-11-29 00:00:00+00:00,0.28933,0.22111,0.28904067,0.2213311099999999,10.0,0.2342561688637105,0.009,2.3335616886371056,-0.4496129997249868,1.8839486889121184,False,,0.433561005,0.34001,1.8839486889121184,-173.52942908543935
SNX,SHORT,2025-10-30 00:00:00+00:00,2025-11-29 00:00:00+00:00,0.978,0.54878,0.977022,0.54932878,10.0,0.4377518827621077,0.009,4.368518827621077,0.0419640626343623,4.41048289025544,False,,1.465533,1.0108,4.41048289025544,-169.1189461951839
TST,SHORT,2025-10-30 00:00:00+00:00,2025-11-29 00:00:00+00:00,0.016949,0.014879,0.016932051,0.0148938789999999,10.0,0.1203736038829555,0.009,1.1947360388295554,0.0613993513556036,1.256135390185159,False,,0.0253980765,0.019279,1.256135390185159,-167.86281080499873
DOT,LONG,2025-10-30 00:00:00+00:00,2025-11-29 00:00:00+00:00,2.789,2.2406,2.7917889999999996,2.2383594,10.0,-0.1982347519816144,0.009,-1.9913475198161448,-0.0485219757335171,-2.0398694955496617,False,,1.3958944999999998,2.2615,-2.0398694955496617,-169.90268030054838
LTC,LONG,2025-10-30 00:00:00+00:00,2025-11-29 00:00:00+00:00,90.658,83.687,90.748658,83.603313,10.0,-0.0787377483863176,0.009,-0.7963774838631765,0.0712793537680414,-0.7250981300951351,False,,45.374329,82.055,-0.7250981300951351,-170.62777843064353
GAS,LONG,2025-10-30 00:00:00+00:00,2025-11-29 00:00:00+00:00,2.4198,2.2604,2.4222197999999997,2.2581396,10.0,-0.0677395998496913,0.009,-0.6863959984969137,-0.146496998977343,-0.8328929974742567,False,,1.2111099,2.0673,-0.8328929974742567,-171.4606714281178
BTC,LONG,2025-10-31 00:00:00+00:00,2025-11-30 00:00:00+00:00,109820.0,91419.0,109929.82,91327.581,10.0,-0.1692192255022339,0.009,-1.7011922550223395,0.0662202781342041,-1.6349719768881354,False,,54964.91,84185.0,-1.6349719768881354,-173.09564340500592
PENDLE,LONG,2025-10-31 00:00:00+00:00,2025-11-30 00:00:00+00:00,3.108,2.6843,3.111108,2.6816157,10.0,-0.1380512344798058,0.009,-1.3895123447980582,0.06539272361657,-1.324119621181488,False,,1.555554,2.1594,-1.324119621181488,-174.4197630261874
SOL,LONG,2025-10-31 00:00:00+00:00,2025-11-30 00:00:00+00:00,188.4,137.6,188.5884,137.4624,10.0,-0.2710983284231691,0.009,-2.719983284231691,-0.0129611519323563,-2.7329444361640474,False,,94.2942,127.1,-2.7329444361640474,-177.15270746235146
SNX,SHORT,2025-10-31 00:00:00+00:00,2025-11-30 00:00:00+00:00,1.0089,0.54873,1.0078911,0.5492787299999999,10.0,0.4550217478852626,0.009,4.541217478852626,0.0409096296439764,4.582127108496602,False,,1.5118366499999998,1.0108,4.582127108496602,-172.57058035385487
TST,SHORT,2025-10-31 00:00:00+00:00,2025-11-30 00:00:00+00:00,0.018091,0.016118,0.0180729089999999,0.016134118,10.0,0.1072760893113554,0.009,1.063760893113554,0.0673315426392065,1.1310924357527603,False,,0.0271093634999998,0.019279,1.1310924357527603,-171.43948791810212
YGG,SHORT,2025-10-31 00:00:00+00:00,2025-11-30 00:00:00+00:00,0.11992,0.084293,0.11980008,0.0843772929999999,10.0,0.2956824987095168,0.009,2.947824987095168,-0.1033073828491683,2.8445176042459996,False,,0.17970012,0.12202,2.8445176042459996,-168.59497031385612
ZK,SHORT,2025-11-01 00:00:00+00:00,2025-12-01 00:00:00+00:00,0.044869,0.03361,0.0448241309999999,0.03364361,10.0,0.2494308478618358,0.009,2.4853084786183586,-0.2453908711430903,2.2399176074752685,True,2025-11-05 19:00:00+00:00,0.0672361964999998,0.079957,-10.0,-178.59497031385612
BTC,LONG,2025-11-01 00:00:00+00:00,2025-12-01 00:00:00+00:00,110322.0,84990.0,110432.322,84905.01,10.0,-0.2311579756513676,0.009,-2.3205797565136765,0.0650793818730896,-2.255500374640587,False,,55216.161,84185.0,-2.255500374640587,-180.8504706884967
SOL,LONG,2025-11-01 00:00:00+00:00,2025-12-01 00:00:00+00:00,186.16,123.83,186.34615999999997,123.70617,10.0,-0.3361485420466941,0.009,-3.3704854204669408,-0.0142926554316439,-3.3847780758985846,False,,93.17307999999998,127.1,-3.3847780758985846,-184.2352487643953
XRP,LONG,2025-11-01 00:00:00+00:00,2025-12-01 00:00:00+00:00,2.5039,1.9938,2.5064038999999996,1.9918062,10.0,-0.2053131580269243,0.009,-2.0621315802692437,0.0609118550623864,-2.001219725206857,False,,1.2532019499999998,1.9271,-2.001219725206857,-186.23646848960215
SNX,SHORT,2025-11-01 00:00:00+00:00,2025-12-01 00:00:00+00:00,1.0056,0.50204,1.0045944,0.50254204,10.0,0.4997562797483242,0.009,4.988562797483242,0.039866474527889,5.028429272011131,False,,1.5068916,1.0108,5.028429272011131,-181.20803921759102
0G,SHORT,2025-11-01 00:00:00+00:00,2025-12-01 00:00:00+00:00,1.0679,1.0936,1.0668321,1.0946935999999998,10.0,-0.026116105805215,0.009,-0.2701610580521505,-8.448842816274379,-8.719003874326528,True,2025-11-09 19:00:00+00:00,1.60024815,1.6263,-10.0,-191.20803921759102
